2026-02-26 17:36:13 [main] INFO  c.u.l.payment.PaymentApplication - Starting PaymentApplication using Java 21 with PID 30124 (C:\Users\hiond\workspace\lunch-menu-recommender\payment-service\build\classes\java\main started by hiond in C:\Users\hiond\workspace\lunch-menu-recommender\payment-service)
2026-02-26 17:36:13 [main] DEBUG c.u.l.payment.PaymentApplication - Running with Spring Boot v3.4.1, Spring v6.2.1
2026-02-26 17:36:13 [main] INFO  c.u.l.payment.PaymentApplication - The following 1 profile is active: "dev"
2026-02-26 17:36:14 [main] INFO  o.s.d.r.c.RepositoryConfigurationDelegate - Multiple Spring Data modules found, entering strict repository configuration mode
2026-02-26 17:36:14 [main] INFO  o.s.d.r.c.RepositoryConfigurationDelegate - Bootstrapping Spring Data JPA repositories in DEFAULT mode.
2026-02-26 17:36:14 [main] INFO  o.s.d.r.c.RepositoryConfigurationDelegate - Finished Spring Data repository scanning in 64 ms. Found 2 JPA repository interfaces.
2026-02-26 17:36:14 [main] WARN  o.s.b.w.s.c.AnnotationConfigServletWebServerApplicationContext - Exception encountered during context initialization - cancelling refresh attempt: org.springframework.beans.factory.support.BeanDefinitionOverrideException: Invalid bean definition with name 'jpaAuditingHandler' defined in null: Cannot register bean definition [Root bean: class=org.springframework.data.auditing.AuditingHandler; scope=; abstract=false; lazyInit=null; autowireMode=2; dependencyCheck=0; autowireCandidate=true; primary=false; fallback=false; factoryBeanName=null; factoryMethodName=from; initMethodNames=null; destroyMethodNames=null] for bean 'jpaAuditingHandler' since there is already [Root bean: class=org.springframework.data.auditing.AuditingHandler; scope=; abstract=false; lazyInit=null; autowireMode=2; dependencyCheck=0; autowireCandidate=true; primary=false; fallback=false; factoryBeanName=null; factoryMethodName=from; initMethodNames=null; destroyMethodNames=null] bound.
2026-02-26 17:36:14 [main] INFO  o.s.b.a.l.ConditionEvaluationReportLogger - 

Error starting ApplicationContext. To display the condition evaluation report re-run your application with 'debug' enabled.
2026-02-26 17:36:14 [main] ERROR o.s.b.d.LoggingFailureAnalysisReporter - 

***************************
APPLICATION FAILED TO START
***************************

Description:

The bean 'jpaAuditingHandler' could not be registered. A bean with that name has already been defined and overriding is disabled.

Action:

Consider renaming one of the beans or enabling overriding by setting spring.main.allow-bean-definition-overriding=true

2026-02-26 17:41:56 [main] INFO  c.u.l.payment.PaymentApplication - Starting PaymentApplication using Java 21 with PID 32764 (C:\Users\hiond\workspace\lunch-menu-recommender\payment-service\build\classes\java\main started by hiond in C:\Users\hiond\workspace\lunch-menu-recommender\payment-service)
2026-02-26 17:41:56 [main] DEBUG c.u.l.payment.PaymentApplication - Running with Spring Boot v3.4.1, Spring v6.2.1
2026-02-26 17:41:56 [main] INFO  c.u.l.payment.PaymentApplication - The following 1 profile is active: "dev"
2026-02-26 17:41:56 [main] INFO  o.s.d.r.c.RepositoryConfigurationDelegate - Multiple Spring Data modules found, entering strict repository configuration mode
2026-02-26 17:41:56 [main] INFO  o.s.d.r.c.RepositoryConfigurationDelegate - Bootstrapping Spring Data JPA repositories in DEFAULT mode.
2026-02-26 17:41:57 [main] INFO  o.s.d.r.c.RepositoryConfigurationDelegate - Finished Spring Data repository scanning in 82 ms. Found 2 JPA repository interfaces.
2026-02-26 17:41:57 [main] INFO  o.s.d.r.c.RepositoryConfigurationDelegate - Multiple Spring Data modules found, entering strict repository configuration mode
2026-02-26 17:41:57 [main] INFO  o.s.d.r.c.RepositoryConfigurationDelegate - Bootstrapping Spring Data Redis repositories in DEFAULT mode.
2026-02-26 17:41:57 [main] INFO  o.s.d.r.c.RepositoryConfigurationExtensionSupport - Spring Data Redis - Could not safely identify store assignment for repository candidate interface com.unicorn.lunchpick.payment.repository.jpa.PaymentHistoryRepository; If you want this repository to be a Redis repository, consider annotating your entities with one of these annotations: org.springframework.data.redis.core.RedisHash (preferred), or consider extending one of the following types with your repository: org.springframework.data.keyvalue.repository.KeyValueRepository
2026-02-26 17:41:57 [main] INFO  o.s.d.r.c.RepositoryConfigurationExtensionSupport - Spring Data Redis - Could not safely identify store assignment for repository candidate interface com.unicorn.lunchpick.payment.repository.jpa.SubscriptionRepository; If you want this repository to be a Redis repository, consider annotating your entities with one of these annotations: org.springframework.data.redis.core.RedisHash (preferred), or consider extending one of the following types with your repository: org.springframework.data.keyvalue.repository.KeyValueRepository
2026-02-26 17:41:57 [main] INFO  o.s.d.r.c.RepositoryConfigurationDelegate - Finished Spring Data repository scanning in 5 ms. Found 0 Redis repository interfaces.
2026-02-26 17:41:57 [main] INFO  o.s.i.c.DefaultConfiguringBeanFactoryPostProcessor - No bean named 'errorChannel' has been explicitly defined. Therefore, a default PublishSubscribeChannel will be created.
2026-02-26 17:41:57 [main] INFO  o.s.i.c.DefaultConfiguringBeanFactoryPostProcessor - No bean named 'integrationHeaderChannelRegistry' has been explicitly defined. Therefore, a default DefaultHeaderChannelRegistry will be created.
2026-02-26 17:41:57 [main] INFO  o.s.cloud.context.scope.GenericScope - BeanFactory id=2ef3990b-9bba-303f-9b77-2d974e7eeecf
2026-02-26 17:41:58 [main] INFO  o.s.b.w.e.tomcat.TomcatWebServer - Tomcat initialized with port 8083 (http)
2026-02-26 17:41:58 [main] INFO  o.a.catalina.core.StandardService - Starting service [Tomcat]
2026-02-26 17:41:58 [main] INFO  o.a.catalina.core.StandardEngine - Starting Servlet engine: [Apache Tomcat/10.1.34]
2026-02-26 17:41:59 [main] INFO  o.a.c.c.C.[Tomcat].[localhost].[/] - Initializing Spring embedded WebApplicationContext
2026-02-26 17:41:59 [main] INFO  o.s.b.w.s.c.ServletWebServerApplicationContext - Root WebApplicationContext: initialization completed in 2711 ms
2026-02-26 17:42:00 [main] DEBUG c.u.l.p.c.j.JwtAuthenticationFilter - Filter 'jwtAuthenticationFilter' configured for use
2026-02-26 17:42:00 [main] INFO  o.h.jpa.internal.util.LogHelper - HHH000204: Processing PersistenceUnitInfo [name: default]
2026-02-26 17:42:01 [main] INFO  org.hibernate.Version - HHH000412: Hibernate ORM core version 6.6.4.Final
2026-02-26 17:42:01 [main] INFO  o.h.c.i.RegionFactoryInitiator - HHH000026: Second-level cache disabled
2026-02-26 17:42:01 [main] DEBUG o.hibernate.type.BasicTypeRegistry - Adding type registration boolean -> org.hibernate.type.BasicTypeReference@571c7572
2026-02-26 17:42:01 [main] DEBUG o.hibernate.type.BasicTypeRegistry - Adding type registration boolean -> org.hibernate.type.BasicTypeReference@571c7572
2026-02-26 17:42:01 [main] DEBUG o.hibernate.type.BasicTypeRegistry - Adding type registration java.lang.Boolean -> org.hibernate.type.BasicTypeReference@571c7572
2026-02-26 17:42:01 [main] DEBUG o.hibernate.type.BasicTypeRegistry - Adding type registration numeric_boolean -> org.hibernate.type.BasicTypeReference@c6a3f47
2026-02-26 17:42:01 [main] DEBUG o.hibernate.type.BasicTypeRegistry - Adding type registration org.hibernate.type.NumericBooleanConverter -> org.hibernate.type.BasicTypeReference@c6a3f47
2026-02-26 17:42:01 [main] DEBUG o.hibernate.type.BasicTypeRegistry - Adding type registration true_false -> org.hibernate.type.BasicTypeReference@15a0f9
2026-02-26 17:42:01 [main] DEBUG o.hibernate.type.BasicTypeRegistry - Adding type registration org.hibernate.type.TrueFalseConverter -> org.hibernate.type.BasicTypeReference@15a0f9
2026-02-26 17:42:01 [main] DEBUG o.hibernate.type.BasicTypeRegistry - Adding type registration yes_no -> org.hibernate.type.BasicTypeReference@4840ec68
2026-02-26 17:42:01 [main] DEBUG o.hibernate.type.BasicTypeRegistry - Adding type registration org.hibernate.type.YesNoConverter -> org.hibernate.type.BasicTypeReference@4840ec68
2026-02-26 17:42:01 [main] DEBUG o.hibernate.type.BasicTypeRegistry - Adding type registration byte -> org.hibernate.type.BasicTypeReference@7cc3a7f7
2026-02-26 17:42:01 [main] DEBUG o.hibernate.type.BasicTypeRegistry - Adding type registration byte -> org.hibernate.type.BasicTypeReference@7cc3a7f7
2026-02-26 17:42:01 [main] DEBUG o.hibernate.type.BasicTypeRegistry - Adding type registration java.lang.Byte -> org.hibernate.type.BasicTypeReference@7cc3a7f7
2026-02-26 17:42:01 [main] DEBUG o.hibernate.type.BasicTypeRegistry - Adding type registration binary -> org.hibernate.type.BasicTypeReference@210e2f2f
2026-02-26 17:42:01 [main] DEBUG o.hibernate.type.BasicTypeRegistry - Adding type registration byte[] -> org.hibernate.type.BasicTypeReference@210e2f2f
2026-02-26 17:42:01 [main] DEBUG o.hibernate.type.BasicTypeRegistry - Adding type registration [B -> org.hibernate.type.BasicTypeReference@210e2f2f
2026-02-26 17:42:01 [main] DEBUG o.hibernate.type.BasicTypeRegistry - Adding type registration binary_wrapper -> org.hibernate.type.BasicTypeReference@c31419f
2026-02-26 17:42:01 [main] DEBUG o.hibernate.type.BasicTypeRegistry - Adding type registration wrapper-binary -> org.hibernate.type.BasicTypeReference@c31419f
2026-02-26 17:42:01 [main] DEBUG o.hibernate.type.BasicTypeRegistry - Adding type registration image -> org.hibernate.type.BasicTypeReference@43dddfdd
2026-02-26 17:42:01 [main] DEBUG o.hibernate.type.BasicTypeRegistry - Adding type registration blob -> org.hibernate.type.BasicTypeReference@22c0344e
2026-02-26 17:42:01 [main] DEBUG o.hibernate.type.BasicTypeRegistry - Adding type registration java.sql.Blob -> org.hibernate.type.BasicTypeReference@22c0344e
2026-02-26 17:42:01 [main] DEBUG o.hibernate.type.BasicTypeRegistry - Adding type registration materialized_blob -> org.hibernate.type.BasicTypeReference@7267006e
2026-02-26 17:42:01 [main] DEBUG o.hibernate.type.BasicTypeRegistry - Adding type registration materialized_blob_wrapper -> org.hibernate.type.BasicTypeReference@745c8a04
2026-02-26 17:42:01 [main] DEBUG o.hibernate.type.BasicTypeRegistry - Adding type registration short -> org.hibernate.type.BasicTypeReference@59d29065
2026-02-26 17:42:01 [main] DEBUG o.hibernate.type.BasicTypeRegistry - Adding type registration short -> org.hibernate.type.BasicTypeReference@59d29065
2026-02-26 17:42:01 [main] DEBUG o.hibernate.type.BasicTypeRegistry - Adding type registration java.lang.Short -> org.hibernate.type.BasicTypeReference@59d29065
2026-02-26 17:42:01 [main] DEBUG o.hibernate.type.BasicTypeRegistry - Adding type registration integer -> org.hibernate.type.BasicTypeReference@7a13ad55
2026-02-26 17:42:01 [main] DEBUG o.hibernate.type.BasicTypeRegistry - Adding type registration int -> org.hibernate.type.BasicTypeReference@7a13ad55
2026-02-26 17:42:01 [main] DEBUG o.hibernate.type.BasicTypeRegistry - Adding type registration java.lang.Integer -> org.hibernate.type.BasicTypeReference@7a13ad55
2026-02-26 17:42:01 [main] DEBUG o.hibernate.type.BasicTypeRegistry - Adding type registration long -> org.hibernate.type.BasicTypeReference@303db609
2026-02-26 17:42:01 [main] DEBUG o.hibernate.type.BasicTypeRegistry - Adding type registration long -> org.hibernate.type.BasicTypeReference@303db609
2026-02-26 17:42:01 [main] DEBUG o.hibernate.type.BasicTypeRegistry - Adding type registration java.lang.Long -> org.hibernate.type.BasicTypeReference@303db609
2026-02-26 17:42:01 [main] DEBUG o.hibernate.type.BasicTypeRegistry - Adding type registration float -> org.hibernate.type.BasicTypeReference@20a116a0
2026-02-26 17:42:01 [main] DEBUG o.hibernate.type.BasicTypeRegistry - Adding type registration float -> org.hibernate.type.BasicTypeReference@20a116a0
2026-02-26 17:42:01 [main] DEBUG o.hibernate.type.BasicTypeRegistry - Adding type registration java.lang.Float -> org.hibernate.type.BasicTypeReference@20a116a0
2026-02-26 17:42:01 [main] DEBUG o.hibernate.type.BasicTypeRegistry - Adding type registration double -> org.hibernate.type.BasicTypeReference@6dbdeb69
2026-02-26 17:42:01 [main] DEBUG o.hibernate.type.BasicTypeRegistry - Adding type registration double -> org.hibernate.type.BasicTypeReference@6dbdeb69
2026-02-26 17:42:01 [main] DEBUG o.hibernate.type.BasicTypeRegistry - Adding type registration java.lang.Double -> org.hibernate.type.BasicTypeReference@6dbdeb69
2026-02-26 17:42:01 [main] DEBUG o.hibernate.type.BasicTypeRegistry - Adding type registration big_integer -> org.hibernate.type.BasicTypeReference@a238a8e
2026-02-26 17:42:01 [main] DEBUG o.hibernate.type.BasicTypeRegistry - Adding type registration java.math.BigInteger -> org.hibernate.type.BasicTypeReference@a238a8e
2026-02-26 17:42:01 [main] DEBUG o.hibernate.type.BasicTypeRegistry - Adding type registration big_decimal -> org.hibernate.type.BasicTypeReference@5773f83d
2026-02-26 17:42:01 [main] DEBUG o.hibernate.type.BasicTypeRegistry - Adding type registration java.math.BigDecimal -> org.hibernate.type.BasicTypeReference@5773f83d
2026-02-26 17:42:01 [main] DEBUG o.hibernate.type.BasicTypeRegistry - Adding type registration character -> org.hibernate.type.BasicTypeReference@7fcfe065
2026-02-26 17:42:01 [main] DEBUG o.hibernate.type.BasicTypeRegistry - Adding type registration char -> org.hibernate.type.BasicTypeReference@7fcfe065
2026-02-26 17:42:01 [main] DEBUG o.hibernate.type.BasicTypeRegistry - Adding type registration java.lang.Character -> org.hibernate.type.BasicTypeReference@7fcfe065
2026-02-26 17:42:01 [main] DEBUG o.hibernate.type.BasicTypeRegistry - Adding type registration character_nchar -> org.hibernate.type.BasicTypeReference@7d2baa56
2026-02-26 17:42:01 [main] DEBUG o.hibernate.type.BasicTypeRegistry - Adding type registration string -> org.hibernate.type.BasicTypeReference@6b4a2887
2026-02-26 17:42:01 [main] DEBUG o.hibernate.type.BasicTypeRegistry - Adding type registration java.lang.String -> org.hibernate.type.BasicTypeReference@6b4a2887
2026-02-26 17:42:01 [main] DEBUG o.hibernate.type.BasicTypeRegistry - Adding type registration nstring -> org.hibernate.type.BasicTypeReference@23b087c3
2026-02-26 17:42:01 [main] DEBUG o.hibernate.type.BasicTypeRegistry - Adding type registration characters -> org.hibernate.type.BasicTypeReference@237c8718
2026-02-26 17:42:01 [main] DEBUG o.hibernate.type.BasicTypeRegistry - Adding type registration char[] -> org.hibernate.type.BasicTypeReference@237c8718
2026-02-26 17:42:01 [main] DEBUG o.hibernate.type.BasicTypeRegistry - Adding type registration [C -> org.hibernate.type.BasicTypeReference@237c8718
2026-02-26 17:42:01 [main] DEBUG o.hibernate.type.BasicTypeRegistry - Adding type registration wrapper-characters -> org.hibernate.type.BasicTypeReference@325e03b
2026-02-26 17:42:01 [main] DEBUG o.hibernate.type.BasicTypeRegistry - Adding type registration text -> org.hibernate.type.BasicTypeReference@3911fec8
2026-02-26 17:42:01 [main] DEBUG o.hibernate.type.BasicTypeRegistry - Adding type registration ntext -> org.hibernate.type.BasicTypeReference@1e38e8b6
2026-02-26 17:42:01 [main] DEBUG o.hibernate.type.BasicTypeRegistry - Adding type registration clob -> org.hibernate.type.BasicTypeReference@59bbf82e
2026-02-26 17:42:01 [main] DEBUG o.hibernate.type.BasicTypeRegistry - Adding type registration java.sql.Clob -> org.hibernate.type.BasicTypeReference@59bbf82e
2026-02-26 17:42:01 [main] DEBUG o.hibernate.type.BasicTypeRegistry - Adding type registration nclob -> org.hibernate.type.BasicTypeReference@75b3ef1a
2026-02-26 17:42:01 [main] DEBUG o.hibernate.type.BasicTypeRegistry - Adding type registration java.sql.NClob -> org.hibernate.type.BasicTypeReference@75b3ef1a
2026-02-26 17:42:01 [main] DEBUG o.hibernate.type.BasicTypeRegistry - Adding type registration materialized_clob -> org.hibernate.type.BasicTypeReference@43e2b8da
2026-02-26 17:42:01 [main] DEBUG o.hibernate.type.BasicTypeRegistry - Adding type registration materialized_clob_char_array -> org.hibernate.type.BasicTypeReference@1ac68548
2026-02-26 17:42:01 [main] DEBUG o.hibernate.type.BasicTypeRegistry - Adding type registration materialized_clob_character_array -> org.hibernate.type.BasicTypeReference@1c3a64b6
2026-02-26 17:42:01 [main] DEBUG o.hibernate.type.BasicTypeRegistry - Adding type registration materialized_nclob -> org.hibernate.type.BasicTypeReference@761b9314
2026-02-26 17:42:01 [main] DEBUG o.hibernate.type.BasicTypeRegistry - Adding type registration materialized_nclob_character_array -> org.hibernate.type.BasicTypeReference@20e9c165
2026-02-26 17:42:01 [main] DEBUG o.hibernate.type.BasicTypeRegistry - Adding type registration materialized_nclob_char_array -> org.hibernate.type.BasicTypeReference@eabecf5
2026-02-26 17:42:01 [main] DEBUG o.hibernate.type.BasicTypeRegistry - Adding type registration Duration -> org.hibernate.type.BasicTypeReference@417b3642
2026-02-26 17:42:01 [main] DEBUG o.hibernate.type.BasicTypeRegistry - Adding type registration java.time.Duration -> org.hibernate.type.BasicTypeReference@417b3642
2026-02-26 17:42:01 [main] DEBUG o.hibernate.type.BasicTypeRegistry - Adding type registration LocalDateTime -> org.hibernate.type.BasicTypeReference@6bd28e4a
2026-02-26 17:42:01 [main] DEBUG o.hibernate.type.BasicTypeRegistry - Adding type registration java.time.LocalDateTime -> org.hibernate.type.BasicTypeReference@6bd28e4a
2026-02-26 17:42:01 [main] DEBUG o.hibernate.type.BasicTypeRegistry - Adding type registration LocalDate -> org.hibernate.type.BasicTypeReference@55e88bc
2026-02-26 17:42:01 [main] DEBUG o.hibernate.type.BasicTypeRegistry - Adding type registration java.time.LocalDate -> org.hibernate.type.BasicTypeReference@55e88bc
2026-02-26 17:42:01 [main] DEBUG o.hibernate.type.BasicTypeRegistry - Adding type registration LocalTime -> org.hibernate.type.BasicTypeReference@544300a6
2026-02-26 17:42:01 [main] DEBUG o.hibernate.type.BasicTypeRegistry - Adding type registration java.time.LocalTime -> org.hibernate.type.BasicTypeReference@544300a6
2026-02-26 17:42:01 [main] DEBUG o.hibernate.type.BasicTypeRegistry - Adding type registration OffsetDateTime -> org.hibernate.type.BasicTypeReference@4c12f54a
2026-02-26 17:42:01 [main] DEBUG o.hibernate.type.BasicTypeRegistry - Adding type registration java.time.OffsetDateTime -> org.hibernate.type.BasicTypeReference@4c12f54a
2026-02-26 17:42:01 [main] DEBUG o.hibernate.type.BasicTypeRegistry - Adding type registration OffsetDateTimeWithTimezone -> org.hibernate.type.BasicTypeReference@334d825c
2026-02-26 17:42:01 [main] DEBUG o.hibernate.type.BasicTypeRegistry - Adding type registration OffsetDateTimeWithoutTimezone -> org.hibernate.type.BasicTypeReference@42a7e7e1
2026-02-26 17:42:01 [main] DEBUG o.hibernate.type.BasicTypeRegistry - Adding type registration OffsetTime -> org.hibernate.type.BasicTypeReference@e2d9923
2026-02-26 17:42:01 [main] DEBUG o.hibernate.type.BasicTypeRegistry - Adding type registration java.time.OffsetTime -> org.hibernate.type.BasicTypeReference@e2d9923
2026-02-26 17:42:01 [main] DEBUG o.hibernate.type.BasicTypeRegistry - Adding type registration OffsetTimeUtc -> org.hibernate.type.BasicTypeReference@554e9509
2026-02-26 17:42:01 [main] DEBUG o.hibernate.type.BasicTypeRegistry - Adding type registration OffsetTimeWithTimezone -> org.hibernate.type.BasicTypeReference@acea29e
2026-02-26 17:42:01 [main] DEBUG o.hibernate.type.BasicTypeRegistry - Adding type registration OffsetTimeWithoutTimezone -> org.hibernate.type.BasicTypeReference@772bc4c9
2026-02-26 17:42:01 [main] DEBUG o.hibernate.type.BasicTypeRegistry - Adding type registration ZonedDateTime -> org.hibernate.type.BasicTypeReference@152dbf8e
2026-02-26 17:42:01 [main] DEBUG o.hibernate.type.BasicTypeRegistry - Adding type registration java.time.ZonedDateTime -> org.hibernate.type.BasicTypeReference@152dbf8e
2026-02-26 17:42:01 [main] DEBUG o.hibernate.type.BasicTypeRegistry - Adding type registration ZonedDateTimeWithTimezone -> org.hibernate.type.BasicTypeReference@34ea86ff
2026-02-26 17:42:01 [main] DEBUG o.hibernate.type.BasicTypeRegistry - Adding type registration ZonedDateTimeWithoutTimezone -> org.hibernate.type.BasicTypeReference@4bcf08ae
2026-02-26 17:42:01 [main] DEBUG o.hibernate.type.BasicTypeRegistry - Adding type registration date -> org.hibernate.type.BasicTypeReference@626b9092
2026-02-26 17:42:01 [main] DEBUG o.hibernate.type.BasicTypeRegistry - Adding type registration java.sql.Date -> org.hibernate.type.BasicTypeReference@626b9092
2026-02-26 17:42:01 [main] DEBUG o.hibernate.type.BasicTypeRegistry - Adding type registration time -> org.hibernate.type.BasicTypeReference@1ac2829e
2026-02-26 17:42:01 [main] DEBUG o.hibernate.type.BasicTypeRegistry - Adding type registration java.sql.Time -> org.hibernate.type.BasicTypeReference@1ac2829e
2026-02-26 17:42:01 [main] DEBUG o.hibernate.type.BasicTypeRegistry - Adding type registration timestamp -> org.hibernate.type.BasicTypeReference@7a7f2247
2026-02-26 17:42:01 [main] DEBUG o.hibernate.type.BasicTypeRegistry - Adding type registration java.sql.Timestamp -> org.hibernate.type.BasicTypeReference@7a7f2247
2026-02-26 17:42:01 [main] DEBUG o.hibernate.type.BasicTypeRegistry - Adding type registration java.util.Date -> org.hibernate.type.BasicTypeReference@7a7f2247
2026-02-26 17:42:01 [main] DEBUG o.hibernate.type.BasicTypeRegistry - Adding type registration calendar -> org.hibernate.type.BasicTypeReference@4946dfde
2026-02-26 17:42:01 [main] DEBUG o.hibernate.type.BasicTypeRegistry - Adding type registration java.util.Calendar -> org.hibernate.type.BasicTypeReference@4946dfde
2026-02-26 17:42:01 [main] DEBUG o.hibernate.type.BasicTypeRegistry - Adding type registration java.util.GregorianCalendar -> org.hibernate.type.BasicTypeReference@4946dfde
2026-02-26 17:42:01 [main] DEBUG o.hibernate.type.BasicTypeRegistry - Adding type registration calendar_date -> org.hibernate.type.BasicTypeReference@77972964
2026-02-26 17:42:01 [main] DEBUG o.hibernate.type.BasicTypeRegistry - Adding type registration calendar_time -> org.hibernate.type.BasicTypeReference@794f937a
2026-02-26 17:42:01 [main] DEBUG o.hibernate.type.BasicTypeRegistry - Adding type registration instant -> org.hibernate.type.BasicTypeReference@7aa1fb0e
2026-02-26 17:42:01 [main] DEBUG o.hibernate.type.BasicTypeRegistry - Adding type registration java.time.Instant -> org.hibernate.type.BasicTypeReference@7aa1fb0e
2026-02-26 17:42:01 [main] DEBUG o.hibernate.type.BasicTypeRegistry - Adding type registration uuid -> org.hibernate.type.BasicTypeReference@5e663ab
2026-02-26 17:42:01 [main] DEBUG o.hibernate.type.BasicTypeRegistry - Adding type registration java.util.UUID -> org.hibernate.type.BasicTypeReference@5e663ab
2026-02-26 17:42:01 [main] DEBUG o.hibernate.type.BasicTypeRegistry - Adding type registration pg-uuid -> org.hibernate.type.BasicTypeReference@5e663ab
2026-02-26 17:42:01 [main] DEBUG o.hibernate.type.BasicTypeRegistry - Adding type registration uuid-binary -> org.hibernate.type.BasicTypeReference@4b74a67a
2026-02-26 17:42:01 [main] DEBUG o.hibernate.type.BasicTypeRegistry - Adding type registration uuid-char -> org.hibernate.type.BasicTypeReference@4e25282d
2026-02-26 17:42:01 [main] DEBUG o.hibernate.type.BasicTypeRegistry - Adding type registration class -> org.hibernate.type.BasicTypeReference@3b29d36c
2026-02-26 17:42:01 [main] DEBUG o.hibernate.type.BasicTypeRegistry - Adding type registration java.lang.Class -> org.hibernate.type.BasicTypeReference@3b29d36c
2026-02-26 17:42:01 [main] DEBUG o.hibernate.type.BasicTypeRegistry - Adding type registration currency -> org.hibernate.type.BasicTypeReference@d641499
2026-02-26 17:42:01 [main] DEBUG o.hibernate.type.BasicTypeRegistry - Adding type registration Currency -> org.hibernate.type.BasicTypeReference@d641499
2026-02-26 17:42:01 [main] DEBUG o.hibernate.type.BasicTypeRegistry - Adding type registration java.util.Currency -> org.hibernate.type.BasicTypeReference@d641499
2026-02-26 17:42:01 [main] DEBUG o.hibernate.type.BasicTypeRegistry - Adding type registration locale -> org.hibernate.type.BasicTypeReference@634d3439
2026-02-26 17:42:01 [main] DEBUG o.hibernate.type.BasicTypeRegistry - Adding type registration java.util.Locale -> org.hibernate.type.BasicTypeReference@634d3439
2026-02-26 17:42:01 [main] DEBUG o.hibernate.type.BasicTypeRegistry - Adding type registration serializable -> org.hibernate.type.BasicTypeReference@44e0c3d
2026-02-26 17:42:01 [main] DEBUG o.hibernate.type.BasicTypeRegistry - Adding type registration java.io.Serializable -> org.hibernate.type.BasicTypeReference@44e0c3d
2026-02-26 17:42:01 [main] DEBUG o.hibernate.type.BasicTypeRegistry - Adding type registration timezone -> org.hibernate.type.BasicTypeReference@71891d6b
2026-02-26 17:42:01 [main] DEBUG o.hibernate.type.BasicTypeRegistry - Adding type registration java.util.TimeZone -> org.hibernate.type.BasicTypeReference@71891d6b
2026-02-26 17:42:01 [main] DEBUG o.hibernate.type.BasicTypeRegistry - Adding type registration ZoneOffset -> org.hibernate.type.BasicTypeReference@5ce41f1f
2026-02-26 17:42:01 [main] DEBUG o.hibernate.type.BasicTypeRegistry - Adding type registration java.time.ZoneOffset -> org.hibernate.type.BasicTypeReference@5ce41f1f
2026-02-26 17:42:01 [main] DEBUG o.hibernate.type.BasicTypeRegistry - Adding type registration url -> org.hibernate.type.BasicTypeReference@56820446
2026-02-26 17:42:01 [main] DEBUG o.hibernate.type.BasicTypeRegistry - Adding type registration java.net.URL -> org.hibernate.type.BasicTypeReference@56820446
2026-02-26 17:42:01 [main] DEBUG o.hibernate.type.BasicTypeRegistry - Adding type registration vector -> org.hibernate.type.BasicTypeReference@2259d54f
2026-02-26 17:42:01 [main] DEBUG o.hibernate.type.BasicTypeRegistry - Adding type registration float_vector -> org.hibernate.type.BasicTypeReference@1b82f62a
2026-02-26 17:42:01 [main] DEBUG o.hibernate.type.BasicTypeRegistry - Adding type registration double_vector -> org.hibernate.type.BasicTypeReference@67e21ea2
2026-02-26 17:42:01 [main] DEBUG o.hibernate.type.BasicTypeRegistry - Adding type registration byte_vector -> org.hibernate.type.BasicTypeReference@2184962c
2026-02-26 17:42:01 [main] DEBUG o.hibernate.type.BasicTypeRegistry - Adding type registration row_version -> org.hibernate.type.BasicTypeReference@4d9bccfe
2026-02-26 17:42:01 [main] DEBUG o.hibernate.type.BasicTypeRegistry - Adding type registration object -> org.hibernate.type.JavaObjectType@24ee6faa
2026-02-26 17:42:01 [main] DEBUG o.hibernate.type.BasicTypeRegistry - Adding type registration java.lang.Object -> org.hibernate.type.JavaObjectType@24ee6faa
2026-02-26 17:42:01 [main] DEBUG o.hibernate.type.BasicTypeRegistry - Adding type registration null -> org.hibernate.type.NullType@3f838072
2026-02-26 17:42:01 [main] DEBUG o.hibernate.type.BasicTypeRegistry - Adding type registration imm_date -> org.hibernate.type.BasicTypeReference@46c9ee28
2026-02-26 17:42:01 [main] DEBUG o.hibernate.type.BasicTypeRegistry - Adding type registration imm_time -> org.hibernate.type.BasicTypeReference@31f5ffb9
2026-02-26 17:42:01 [main] DEBUG o.hibernate.type.BasicTypeRegistry - Adding type registration imm_timestamp -> org.hibernate.type.BasicTypeReference@19b3d3a4
2026-02-26 17:42:01 [main] DEBUG o.hibernate.type.BasicTypeRegistry - Adding type registration imm_calendar -> org.hibernate.type.BasicTypeReference@3a9040f0
2026-02-26 17:42:01 [main] DEBUG o.hibernate.type.BasicTypeRegistry - Adding type registration imm_calendar_date -> org.hibernate.type.BasicTypeReference@33214124
2026-02-26 17:42:01 [main] DEBUG o.hibernate.type.BasicTypeRegistry - Adding type registration imm_calendar_time -> org.hibernate.type.BasicTypeReference@2d3768ce
2026-02-26 17:42:01 [main] DEBUG o.hibernate.type.BasicTypeRegistry - Adding type registration imm_binary -> org.hibernate.type.BasicTypeReference@2a9ea03f
2026-02-26 17:42:01 [main] DEBUG o.hibernate.type.BasicTypeRegistry - Adding type registration imm_serializable -> org.hibernate.type.BasicTypeReference@1231f25c
2026-02-26 17:42:01 [main] INFO  o.s.o.j.p.SpringPersistenceUnitInfo - No LoadTimeWeaver setup: ignoring JPA class transformer
2026-02-26 17:42:02 [main] INFO  com.zaxxer.hikari.HikariDataSource - HikariPool-1 - Starting...
2026-02-26 17:42:02 [main] INFO  com.zaxxer.hikari.pool.HikariPool - HikariPool-1 - Added connection org.postgresql.jdbc.PgConnection@58701e8c
2026-02-26 17:42:02 [main] INFO  com.zaxxer.hikari.HikariDataSource - HikariPool-1 - Start completed.
2026-02-26 17:42:02 [main] INFO  o.hibernate.orm.connections.pooling - HHH10001005: Database info:
	Database JDBC URL [Connecting through datasource 'HikariDataSource (HikariPool-1)']
	Database driver: undefined/unknown
	Database version: 16.12
	Autocommit mode: undefined/unknown
	Isolation level: undefined/unknown
	Minimum pool size: undefined/unknown
	Maximum pool size: undefined/unknown
2026-02-26 17:42:02 [main] DEBUG o.h.t.d.sql.spi.DdlTypeRegistry - addDescriptor(2003, org.hibernate.type.descriptor.sql.internal.ArrayDdlTypeImpl@4eb3b690) replaced previous registration(org.hibernate.type.descriptor.sql.internal.ArrayDdlTypeImpl@1d01fa0c)
2026-02-26 17:42:02 [main] DEBUG o.h.t.d.sql.spi.DdlTypeRegistry - addDescriptor(6, org.hibernate.type.descriptor.sql.internal.CapacityDependentDdlType@44bd7f24) replaced previous registration(org.hibernate.type.descriptor.sql.internal.DdlTypeImpl@6e3acd7)
2026-02-26 17:42:02 [main] DEBUG o.h.t.d.jdbc.spi.JdbcTypeRegistry - addDescriptor(2004, BlobTypeDescriptor(BLOB_BINDING)) replaced previous registration(BlobTypeDescriptor(DEFAULT))
2026-02-26 17:42:02 [main] DEBUG o.h.t.d.jdbc.spi.JdbcTypeRegistry - addDescriptor(2005, ClobTypeDescriptor(CLOB_BINDING)) replaced previous registration(ClobTypeDescriptor(DEFAULT))
2026-02-26 17:42:02 [main] DEBUG o.hibernate.type.BasicTypeRegistry - Adding type registration JAVA_OBJECT -> org.hibernate.type.JavaObjectType@6fe33512
2026-02-26 17:42:02 [main] DEBUG o.hibernate.type.BasicTypeRegistry - Adding type registration java.lang.Object -> org.hibernate.type.JavaObjectType@6fe33512
2026-02-26 17:42:02 [main] DEBUG o.hibernate.type.BasicTypeRegistry - Type registration key [java.lang.Object] overrode previous entry : `org.hibernate.type.JavaObjectType@24ee6faa`
2026-02-26 17:42:02 [main] DEBUG o.hibernate.type.BasicTypeRegistry - Adding type registration org.hibernate.type.DurationType -> basicType@1(java.time.Duration,3015)
2026-02-26 17:42:02 [main] DEBUG o.hibernate.type.BasicTypeRegistry - Adding type registration Duration -> basicType@1(java.time.Duration,3015)
2026-02-26 17:42:02 [main] DEBUG o.hibernate.type.BasicTypeRegistry - Adding type registration java.time.Duration -> basicType@1(java.time.Duration,3015)
2026-02-26 17:42:02 [main] DEBUG o.hibernate.type.BasicTypeRegistry - Adding type registration org.hibernate.type.OffsetDateTimeType -> basicType@2(java.time.OffsetDateTime,3003)
2026-02-26 17:42:02 [main] DEBUG o.hibernate.type.BasicTypeRegistry - Adding type registration OffsetDateTime -> basicType@2(java.time.OffsetDateTime,3003)
2026-02-26 17:42:02 [main] DEBUG o.hibernate.type.BasicTypeRegistry - Adding type registration java.time.OffsetDateTime -> basicType@2(java.time.OffsetDateTime,3003)
2026-02-26 17:42:02 [main] DEBUG o.hibernate.type.BasicTypeRegistry - Adding type registration org.hibernate.type.ZonedDateTimeType -> basicType@3(java.time.ZonedDateTime,3003)
2026-02-26 17:42:02 [main] DEBUG o.hibernate.type.BasicTypeRegistry - Adding type registration ZonedDateTime -> basicType@3(java.time.ZonedDateTime,3003)
2026-02-26 17:42:02 [main] DEBUG o.hibernate.type.BasicTypeRegistry - Adding type registration java.time.ZonedDateTime -> basicType@3(java.time.ZonedDateTime,3003)
2026-02-26 17:42:02 [main] DEBUG o.hibernate.type.BasicTypeRegistry - Adding type registration org.hibernate.type.OffsetTimeType -> basicType@4(java.time.OffsetTime,3007)
2026-02-26 17:42:02 [main] DEBUG o.hibernate.type.BasicTypeRegistry - Adding type registration OffsetTime -> basicType@4(java.time.OffsetTime,3007)
2026-02-26 17:42:02 [main] DEBUG o.hibernate.type.BasicTypeRegistry - Adding type registration java.time.OffsetTime -> basicType@4(java.time.OffsetTime,3007)
2026-02-26 17:42:02 [main] DEBUG o.h.type.spi.TypeConfiguration$Scope - Scoping TypeConfiguration [org.hibernate.type.spi.TypeConfiguration@1b84d03d] to MetadataBuildingContext [org.hibernate.boot.internal.MetadataBuildingContextRootImpl@41d8ac75]
2026-02-26 17:42:05 [main] INFO  o.h.e.t.j.p.i.JtaPlatformInitiator - HHH000489: No JTA platform available (set 'hibernate.transaction.jta.platform' to enable JTA platform integration)
2026-02-26 17:42:05 [main] DEBUG o.h.type.spi.TypeConfiguration$Scope - Scoping TypeConfiguration [org.hibernate.type.spi.TypeConfiguration@1b84d03d] to SessionFactoryImplementor [org.hibernate.internal.SessionFactoryImpl@5e756b8d]
2026-02-26 17:42:05 [main] DEBUG org.hibernate.SQL - 
    create table lunchpick_payment.payment_history (
        id bigint generated by default as identity,
        amount integer not null,
        approved_at timestamp(6),
        auto_renewal_agreed boolean not null,
        created_at timestamp(6) not null,
        error_code varchar(50),
        member_id varchar(36) not null,
        payment_id varchar(36) not null,
        pg_transaction_id varchar(100),
        plan_id varchar(30) not null,
        requested_at timestamp(6) not null,
        status varchar(20) not null,
        subscription_id varchar(36) not null,
        withdrawal_deadline timestamp(6),
        withdrawal_right_acknowledged boolean not null,
        primary key (id)
    )
2026-02-26 17:42:05 [main] WARN  o.h.t.s.i.ExceptionHandlerLoggedImpl - GenerationTarget encountered exception accepting command : Error executing DDL "
    create table lunchpick_payment.payment_history (
        id bigint generated by default as identity,
        amount integer not null,
        approved_at timestamp(6),
        auto_renewal_agreed boolean not null,
        created_at timestamp(6) not null,
        error_code varchar(50),
        member_id varchar(36) not null,
        payment_id varchar(36) not null,
        pg_transaction_id varchar(100),
        plan_id varchar(30) not null,
        requested_at timestamp(6) not null,
        status varchar(20) not null,
        subscription_id varchar(36) not null,
        withdrawal_deadline timestamp(6),
        withdrawal_right_acknowledged boolean not null,
        primary key (id)
    )" via JDBC [ERROR: schema "lunchpick_payment" does not exist
  Position: 20]
org.hibernate.tool.schema.spi.CommandAcceptanceException: Error executing DDL "
    create table lunchpick_payment.payment_history (
        id bigint generated by default as identity,
        amount integer not null,
        approved_at timestamp(6),
        auto_renewal_agreed boolean not null,
        created_at timestamp(6) not null,
        error_code varchar(50),
        member_id varchar(36) not null,
        payment_id varchar(36) not null,
        pg_transaction_id varchar(100),
        plan_id varchar(30) not null,
        requested_at timestamp(6) not null,
        status varchar(20) not null,
        subscription_id varchar(36) not null,
        withdrawal_deadline timestamp(6),
        withdrawal_right_acknowledged boolean not null,
        primary key (id)
    )" via JDBC [ERROR: schema "lunchpick_payment" does not exist
  Position: 20]
	at org.hibernate.tool.schema.internal.exec.GenerationTargetToDatabase.accept(GenerationTargetToDatabase.java:94)
	at org.hibernate.tool.schema.internal.AbstractSchemaMigrator.applySqlString(AbstractSchemaMigrator.java:576)
	at org.hibernate.tool.schema.internal.AbstractSchemaMigrator.applySqlStrings(AbstractSchemaMigrator.java:516)
	at org.hibernate.tool.schema.internal.AbstractSchemaMigrator.createTable(AbstractSchemaMigrator.java:316)
	at org.hibernate.tool.schema.internal.GroupedSchemaMigratorImpl.performTablesMigration(GroupedSchemaMigratorImpl.java:80)
	at org.hibernate.tool.schema.internal.AbstractSchemaMigrator.performMigration(AbstractSchemaMigrator.java:233)
	at org.hibernate.tool.schema.internal.AbstractSchemaMigrator.doMigration(AbstractSchemaMigrator.java:112)
	at org.hibernate.tool.schema.spi.SchemaManagementToolCoordinator.performDatabaseAction(SchemaManagementToolCoordinator.java:280)
	at org.hibernate.tool.schema.spi.SchemaManagementToolCoordinator.lambda$process$5(SchemaManagementToolCoordinator.java:144)
	at java.base/java.util.HashMap.forEach(HashMap.java:1429)
	at org.hibernate.tool.schema.spi.SchemaManagementToolCoordinator.process(SchemaManagementToolCoordinator.java:141)
	at org.hibernate.boot.internal.SessionFactoryObserverForSchemaExport.sessionFactoryCreated(SessionFactoryObserverForSchemaExport.java:37)
	at org.hibernate.internal.SessionFactoryObserverChain.sessionFactoryCreated(SessionFactoryObserverChain.java:35)
	at org.hibernate.internal.SessionFactoryImpl.<init>(SessionFactoryImpl.java:324)
	at org.hibernate.boot.internal.SessionFactoryBuilderImpl.build(SessionFactoryBuilderImpl.java:463)
	at org.hibernate.jpa.boot.internal.EntityManagerFactoryBuilderImpl.build(EntityManagerFactoryBuilderImpl.java:1506)
	at org.springframework.orm.jpa.vendor.SpringHibernateJpaPersistenceProvider.createContainerEntityManagerFactory(SpringHibernateJpaPersistenceProvider.java:66)
	at org.springframework.orm.jpa.LocalContainerEntityManagerFactoryBean.createNativeEntityManagerFactory(LocalContainerEntityManagerFactoryBean.java:390)
	at org.springframework.orm.jpa.AbstractEntityManagerFactoryBean.buildNativeEntityManagerFactory(AbstractEntityManagerFactoryBean.java:419)
	at org.springframework.orm.jpa.AbstractEntityManagerFactoryBean.afterPropertiesSet(AbstractEntityManagerFactoryBean.java:400)
	at org.springframework.orm.jpa.LocalContainerEntityManagerFactoryBean.afterPropertiesSet(LocalContainerEntityManagerFactoryBean.java:366)
	at org.springframework.beans.factory.support.AbstractAutowireCapableBeanFactory.invokeInitMethods(AbstractAutowireCapableBeanFactory.java:1855)
	at org.springframework.beans.factory.support.AbstractAutowireCapableBeanFactory.initializeBean(AbstractAutowireCapableBeanFactory.java:1804)
	at org.springframework.beans.factory.support.AbstractAutowireCapableBeanFactory.doCreateBean(AbstractAutowireCapableBeanFactory.java:601)
	at org.springframework.beans.factory.support.AbstractAutowireCapableBeanFactory.createBean(AbstractAutowireCapableBeanFactory.java:523)
	at org.springframework.beans.factory.support.AbstractBeanFactory.lambda$doGetBean$0(AbstractBeanFactory.java:336)
	at org.springframework.beans.factory.support.DefaultSingletonBeanRegistry.getSingleton(DefaultSingletonBeanRegistry.java:289)
	at org.springframework.beans.factory.support.AbstractBeanFactory.doGetBean(AbstractBeanFactory.java:334)
	at org.springframework.beans.factory.support.AbstractBeanFactory.getBean(AbstractBeanFactory.java:204)
	at org.springframework.context.support.AbstractApplicationContext.finishBeanFactoryInitialization(AbstractApplicationContext.java:970)
	at org.springframework.context.support.AbstractApplicationContext.refresh(AbstractApplicationContext.java:627)
	at org.springframework.boot.web.servlet.context.ServletWebServerApplicationContext.refresh(ServletWebServerApplicationContext.java:146)
	at org.springframework.boot.SpringApplication.refresh(SpringApplication.java:752)
	at org.springframework.boot.SpringApplication.refreshContext(SpringApplication.java:439)
	at org.springframework.boot.SpringApplication.run(SpringApplication.java:318)
	at org.springframework.boot.SpringApplication.run(SpringApplication.java:1361)
	at org.springframework.boot.SpringApplication.run(SpringApplication.java:1350)
	at com.unicorn.lunchpick.payment.PaymentApplication.main(PaymentApplication.java:27)
Caused by: org.postgresql.util.PSQLException: ERROR: schema "lunchpick_payment" does not exist
  Position: 20
	at org.postgresql.core.v3.QueryExecutorImpl.receiveErrorResponse(QueryExecutorImpl.java:2733)
	at org.postgresql.core.v3.QueryExecutorImpl.processResults(QueryExecutorImpl.java:2420)
	at org.postgresql.core.v3.QueryExecutorImpl.execute(QueryExecutorImpl.java:372)
	at org.postgresql.jdbc.PgStatement.executeInternal(PgStatement.java:517)
	at org.postgresql.jdbc.PgStatement.execute(PgStatement.java:434)
	at org.postgresql.jdbc.PgStatement.executeWithFlags(PgStatement.java:356)
	at org.postgresql.jdbc.PgStatement.executeCachedSql(PgStatement.java:341)
	at org.postgresql.jdbc.PgStatement.executeWithFlags(PgStatement.java:317)
	at org.postgresql.jdbc.PgStatement.execute(PgStatement.java:312)
	at com.zaxxer.hikari.pool.ProxyStatement.execute(ProxyStatement.java:94)
	at com.zaxxer.hikari.pool.HikariProxyStatement.execute(HikariProxyStatement.java)
	at org.hibernate.tool.schema.internal.exec.GenerationTargetToDatabase.accept(GenerationTargetToDatabase.java:80)
	... 37 common frames omitted
2026-02-26 17:42:05 [main] DEBUG org.hibernate.SQL - 
    create table lunchpick_payment.subscription (
        id bigint generated by default as identity,
        cancel_reason varchar(20),
        cancel_reason_detail varchar(500),
        cancelled_at timestamp(6),
        created_at timestamp(6) not null,
        current_period_ends_at timestamp(6),
        member_id varchar(36) not null,
        next_billing_at timestamp(6),
        plan_id varchar(30) not null,
        started_at timestamp(6) not null,
        status varchar(20) not null,
        subscription_id varchar(36) not null,
        trial_extension_used boolean not null,
        updated_at timestamp(6) not null,
        primary key (id)
    )
2026-02-26 17:42:05 [main] WARN  o.h.t.s.i.ExceptionHandlerLoggedImpl - GenerationTarget encountered exception accepting command : Error executing DDL "
    create table lunchpick_payment.subscription (
        id bigint generated by default as identity,
        cancel_reason varchar(20),
        cancel_reason_detail varchar(500),
        cancelled_at timestamp(6),
        created_at timestamp(6) not null,
        current_period_ends_at timestamp(6),
        member_id varchar(36) not null,
        next_billing_at timestamp(6),
        plan_id varchar(30) not null,
        started_at timestamp(6) not null,
        status varchar(20) not null,
        subscription_id varchar(36) not null,
        trial_extension_used boolean not null,
        updated_at timestamp(6) not null,
        primary key (id)
    )" via JDBC [ERROR: schema "lunchpick_payment" does not exist
  Position: 20]
org.hibernate.tool.schema.spi.CommandAcceptanceException: Error executing DDL "
    create table lunchpick_payment.subscription (
        id bigint generated by default as identity,
        cancel_reason varchar(20),
        cancel_reason_detail varchar(500),
        cancelled_at timestamp(6),
        created_at timestamp(6) not null,
        current_period_ends_at timestamp(6),
        member_id varchar(36) not null,
        next_billing_at timestamp(6),
        plan_id varchar(30) not null,
        started_at timestamp(6) not null,
        status varchar(20) not null,
        subscription_id varchar(36) not null,
        trial_extension_used boolean not null,
        updated_at timestamp(6) not null,
        primary key (id)
    )" via JDBC [ERROR: schema "lunchpick_payment" does not exist
  Position: 20]
	at org.hibernate.tool.schema.internal.exec.GenerationTargetToDatabase.accept(GenerationTargetToDatabase.java:94)
	at org.hibernate.tool.schema.internal.AbstractSchemaMigrator.applySqlString(AbstractSchemaMigrator.java:576)
	at org.hibernate.tool.schema.internal.AbstractSchemaMigrator.applySqlStrings(AbstractSchemaMigrator.java:516)
	at org.hibernate.tool.schema.internal.AbstractSchemaMigrator.createTable(AbstractSchemaMigrator.java:316)
	at org.hibernate.tool.schema.internal.GroupedSchemaMigratorImpl.performTablesMigration(GroupedSchemaMigratorImpl.java:80)
	at org.hibernate.tool.schema.internal.AbstractSchemaMigrator.performMigration(AbstractSchemaMigrator.java:233)
	at org.hibernate.tool.schema.internal.AbstractSchemaMigrator.doMigration(AbstractSchemaMigrator.java:112)
	at org.hibernate.tool.schema.spi.SchemaManagementToolCoordinator.performDatabaseAction(SchemaManagementToolCoordinator.java:280)
	at org.hibernate.tool.schema.spi.SchemaManagementToolCoordinator.lambda$process$5(SchemaManagementToolCoordinator.java:144)
	at java.base/java.util.HashMap.forEach(HashMap.java:1429)
	at org.hibernate.tool.schema.spi.SchemaManagementToolCoordinator.process(SchemaManagementToolCoordinator.java:141)
	at org.hibernate.boot.internal.SessionFactoryObserverForSchemaExport.sessionFactoryCreated(SessionFactoryObserverForSchemaExport.java:37)
	at org.hibernate.internal.SessionFactoryObserverChain.sessionFactoryCreated(SessionFactoryObserverChain.java:35)
	at org.hibernate.internal.SessionFactoryImpl.<init>(SessionFactoryImpl.java:324)
	at org.hibernate.boot.internal.SessionFactoryBuilderImpl.build(SessionFactoryBuilderImpl.java:463)
	at org.hibernate.jpa.boot.internal.EntityManagerFactoryBuilderImpl.build(EntityManagerFactoryBuilderImpl.java:1506)
	at org.springframework.orm.jpa.vendor.SpringHibernateJpaPersistenceProvider.createContainerEntityManagerFactory(SpringHibernateJpaPersistenceProvider.java:66)
	at org.springframework.orm.jpa.LocalContainerEntityManagerFactoryBean.createNativeEntityManagerFactory(LocalContainerEntityManagerFactoryBean.java:390)
	at org.springframework.orm.jpa.AbstractEntityManagerFactoryBean.buildNativeEntityManagerFactory(AbstractEntityManagerFactoryBean.java:419)
	at org.springframework.orm.jpa.AbstractEntityManagerFactoryBean.afterPropertiesSet(AbstractEntityManagerFactoryBean.java:400)
	at org.springframework.orm.jpa.LocalContainerEntityManagerFactoryBean.afterPropertiesSet(LocalContainerEntityManagerFactoryBean.java:366)
	at org.springframework.beans.factory.support.AbstractAutowireCapableBeanFactory.invokeInitMethods(AbstractAutowireCapableBeanFactory.java:1855)
	at org.springframework.beans.factory.support.AbstractAutowireCapableBeanFactory.initializeBean(AbstractAutowireCapableBeanFactory.java:1804)
	at org.springframework.beans.factory.support.AbstractAutowireCapableBeanFactory.doCreateBean(AbstractAutowireCapableBeanFactory.java:601)
	at org.springframework.beans.factory.support.AbstractAutowireCapableBeanFactory.createBean(AbstractAutowireCapableBeanFactory.java:523)
	at org.springframework.beans.factory.support.AbstractBeanFactory.lambda$doGetBean$0(AbstractBeanFactory.java:336)
	at org.springframework.beans.factory.support.DefaultSingletonBeanRegistry.getSingleton(DefaultSingletonBeanRegistry.java:289)
	at org.springframework.beans.factory.support.AbstractBeanFactory.doGetBean(AbstractBeanFactory.java:334)
	at org.springframework.beans.factory.support.AbstractBeanFactory.getBean(AbstractBeanFactory.java:204)
	at org.springframework.context.support.AbstractApplicationContext.finishBeanFactoryInitialization(AbstractApplicationContext.java:970)
	at org.springframework.context.support.AbstractApplicationContext.refresh(AbstractApplicationContext.java:627)
	at org.springframework.boot.web.servlet.context.ServletWebServerApplicationContext.refresh(ServletWebServerApplicationContext.java:146)
	at org.springframework.boot.SpringApplication.refresh(SpringApplication.java:752)
	at org.springframework.boot.SpringApplication.refreshContext(SpringApplication.java:439)
	at org.springframework.boot.SpringApplication.run(SpringApplication.java:318)
	at org.springframework.boot.SpringApplication.run(SpringApplication.java:1361)
	at org.springframework.boot.SpringApplication.run(SpringApplication.java:1350)
	at com.unicorn.lunchpick.payment.PaymentApplication.main(PaymentApplication.java:27)
Caused by: org.postgresql.util.PSQLException: ERROR: schema "lunchpick_payment" does not exist
  Position: 20
	at org.postgresql.core.v3.QueryExecutorImpl.receiveErrorResponse(QueryExecutorImpl.java:2733)
	at org.postgresql.core.v3.QueryExecutorImpl.processResults(QueryExecutorImpl.java:2420)
	at org.postgresql.core.v3.QueryExecutorImpl.execute(QueryExecutorImpl.java:372)
	at org.postgresql.jdbc.PgStatement.executeInternal(PgStatement.java:517)
	at org.postgresql.jdbc.PgStatement.execute(PgStatement.java:434)
	at org.postgresql.jdbc.PgStatement.executeWithFlags(PgStatement.java:356)
	at org.postgresql.jdbc.PgStatement.executeCachedSql(PgStatement.java:341)
	at org.postgresql.jdbc.PgStatement.executeWithFlags(PgStatement.java:317)
	at org.postgresql.jdbc.PgStatement.execute(PgStatement.java:312)
	at com.zaxxer.hikari.pool.ProxyStatement.execute(ProxyStatement.java:94)
	at com.zaxxer.hikari.pool.HikariProxyStatement.execute(HikariProxyStatement.java)
	at org.hibernate.tool.schema.internal.exec.GenerationTargetToDatabase.accept(GenerationTargetToDatabase.java:80)
	... 37 common frames omitted
2026-02-26 17:42:05 [main] DEBUG org.hibernate.SQL - 
    create index idx_payment_member_requested 
       on lunchpick_payment.payment_history (member_id, requested_at desc)
2026-02-26 17:42:05 [main] WARN  o.h.t.s.i.ExceptionHandlerLoggedImpl - GenerationTarget encountered exception accepting command : Error executing DDL "
    create index idx_payment_member_requested 
       on lunchpick_payment.payment_history (member_id, requested_at desc)" via JDBC [ERROR: schema "lunchpick_payment" does not exist]
org.hibernate.tool.schema.spi.CommandAcceptanceException: Error executing DDL "
    create index idx_payment_member_requested 
       on lunchpick_payment.payment_history (member_id, requested_at desc)" via JDBC [ERROR: schema "lunchpick_payment" does not exist]
	at org.hibernate.tool.schema.internal.exec.GenerationTargetToDatabase.accept(GenerationTargetToDatabase.java:94)
	at org.hibernate.tool.schema.internal.AbstractSchemaMigrator.applySqlString(AbstractSchemaMigrator.java:576)
	at org.hibernate.tool.schema.internal.AbstractSchemaMigrator.applySqlStrings(AbstractSchemaMigrator.java:516)
	at org.hibernate.tool.schema.internal.AbstractSchemaMigrator.applyIndexes(AbstractSchemaMigrator.java:361)
	at org.hibernate.tool.schema.internal.GroupedSchemaMigratorImpl.performTablesMigration(GroupedSchemaMigratorImpl.java:96)
	at org.hibernate.tool.schema.internal.AbstractSchemaMigrator.performMigration(AbstractSchemaMigrator.java:233)
	at org.hibernate.tool.schema.internal.AbstractSchemaMigrator.doMigration(AbstractSchemaMigrator.java:112)
	at org.hibernate.tool.schema.spi.SchemaManagementToolCoordinator.performDatabaseAction(SchemaManagementToolCoordinator.java:280)
	at org.hibernate.tool.schema.spi.SchemaManagementToolCoordinator.lambda$process$5(SchemaManagementToolCoordinator.java:144)
	at java.base/java.util.HashMap.forEach(HashMap.java:1429)
	at org.hibernate.tool.schema.spi.SchemaManagementToolCoordinator.process(SchemaManagementToolCoordinator.java:141)
	at org.hibernate.boot.internal.SessionFactoryObserverForSchemaExport.sessionFactoryCreated(SessionFactoryObserverForSchemaExport.java:37)
	at org.hibernate.internal.SessionFactoryObserverChain.sessionFactoryCreated(SessionFactoryObserverChain.java:35)
	at org.hibernate.internal.SessionFactoryImpl.<init>(SessionFactoryImpl.java:324)
	at org.hibernate.boot.internal.SessionFactoryBuilderImpl.build(SessionFactoryBuilderImpl.java:463)
	at org.hibernate.jpa.boot.internal.EntityManagerFactoryBuilderImpl.build(EntityManagerFactoryBuilderImpl.java:1506)
	at org.springframework.orm.jpa.vendor.SpringHibernateJpaPersistenceProvider.createContainerEntityManagerFactory(SpringHibernateJpaPersistenceProvider.java:66)
	at org.springframework.orm.jpa.LocalContainerEntityManagerFactoryBean.createNativeEntityManagerFactory(LocalContainerEntityManagerFactoryBean.java:390)
	at org.springframework.orm.jpa.AbstractEntityManagerFactoryBean.buildNativeEntityManagerFactory(AbstractEntityManagerFactoryBean.java:419)
	at org.springframework.orm.jpa.AbstractEntityManagerFactoryBean.afterPropertiesSet(AbstractEntityManagerFactoryBean.java:400)
	at org.springframework.orm.jpa.LocalContainerEntityManagerFactoryBean.afterPropertiesSet(LocalContainerEntityManagerFactoryBean.java:366)
	at org.springframework.beans.factory.support.AbstractAutowireCapableBeanFactory.invokeInitMethods(AbstractAutowireCapableBeanFactory.java:1855)
	at org.springframework.beans.factory.support.AbstractAutowireCapableBeanFactory.initializeBean(AbstractAutowireCapableBeanFactory.java:1804)
	at org.springframework.beans.factory.support.AbstractAutowireCapableBeanFactory.doCreateBean(AbstractAutowireCapableBeanFactory.java:601)
	at org.springframework.beans.factory.support.AbstractAutowireCapableBeanFactory.createBean(AbstractAutowireCapableBeanFactory.java:523)
	at org.springframework.beans.factory.support.AbstractBeanFactory.lambda$doGetBean$0(AbstractBeanFactory.java:336)
	at org.springframework.beans.factory.support.DefaultSingletonBeanRegistry.getSingleton(DefaultSingletonBeanRegistry.java:289)
	at org.springframework.beans.factory.support.AbstractBeanFactory.doGetBean(AbstractBeanFactory.java:334)
	at org.springframework.beans.factory.support.AbstractBeanFactory.getBean(AbstractBeanFactory.java:204)
	at org.springframework.context.support.AbstractApplicationContext.finishBeanFactoryInitialization(AbstractApplicationContext.java:970)
	at org.springframework.context.support.AbstractApplicationContext.refresh(AbstractApplicationContext.java:627)
	at org.springframework.boot.web.servlet.context.ServletWebServerApplicationContext.refresh(ServletWebServerApplicationContext.java:146)
	at org.springframework.boot.SpringApplication.refresh(SpringApplication.java:752)
	at org.springframework.boot.SpringApplication.refreshContext(SpringApplication.java:439)
	at org.springframework.boot.SpringApplication.run(SpringApplication.java:318)
	at org.springframework.boot.SpringApplication.run(SpringApplication.java:1361)
	at org.springframework.boot.SpringApplication.run(SpringApplication.java:1350)
	at com.unicorn.lunchpick.payment.PaymentApplication.main(PaymentApplication.java:27)
Caused by: org.postgresql.util.PSQLException: ERROR: schema "lunchpick_payment" does not exist
	at org.postgresql.core.v3.QueryExecutorImpl.receiveErrorResponse(QueryExecutorImpl.java:2733)
	at org.postgresql.core.v3.QueryExecutorImpl.processResults(QueryExecutorImpl.java:2420)
	at org.postgresql.core.v3.QueryExecutorImpl.execute(QueryExecutorImpl.java:372)
	at org.postgresql.jdbc.PgStatement.executeInternal(PgStatement.java:517)
	at org.postgresql.jdbc.PgStatement.execute(PgStatement.java:434)
	at org.postgresql.jdbc.PgStatement.executeWithFlags(PgStatement.java:356)
	at org.postgresql.jdbc.PgStatement.executeCachedSql(PgStatement.java:341)
	at org.postgresql.jdbc.PgStatement.executeWithFlags(PgStatement.java:317)
	at org.postgresql.jdbc.PgStatement.execute(PgStatement.java:312)
	at com.zaxxer.hikari.pool.ProxyStatement.execute(ProxyStatement.java:94)
	at com.zaxxer.hikari.pool.HikariProxyStatement.execute(HikariProxyStatement.java)
	at org.hibernate.tool.schema.internal.exec.GenerationTargetToDatabase.accept(GenerationTargetToDatabase.java:80)
	... 37 common frames omitted
2026-02-26 17:42:05 [main] DEBUG org.hibernate.SQL - 
    create index idx_payment_subscription 
       on lunchpick_payment.payment_history (subscription_id)
2026-02-26 17:42:05 [main] WARN  o.h.t.s.i.ExceptionHandlerLoggedImpl - GenerationTarget encountered exception accepting command : Error executing DDL "
    create index idx_payment_subscription 
       on lunchpick_payment.payment_history (subscription_id)" via JDBC [ERROR: schema "lunchpick_payment" does not exist]
org.hibernate.tool.schema.spi.CommandAcceptanceException: Error executing DDL "
    create index idx_payment_subscription 
       on lunchpick_payment.payment_history (subscription_id)" via JDBC [ERROR: schema "lunchpick_payment" does not exist]
	at org.hibernate.tool.schema.internal.exec.GenerationTargetToDatabase.accept(GenerationTargetToDatabase.java:94)
	at org.hibernate.tool.schema.internal.AbstractSchemaMigrator.applySqlString(AbstractSchemaMigrator.java:576)
	at org.hibernate.tool.schema.internal.AbstractSchemaMigrator.applySqlStrings(AbstractSchemaMigrator.java:516)
	at org.hibernate.tool.schema.internal.AbstractSchemaMigrator.applyIndexes(AbstractSchemaMigrator.java:361)
	at org.hibernate.tool.schema.internal.GroupedSchemaMigratorImpl.performTablesMigration(GroupedSchemaMigratorImpl.java:96)
	at org.hibernate.tool.schema.internal.AbstractSchemaMigrator.performMigration(AbstractSchemaMigrator.java:233)
	at org.hibernate.tool.schema.internal.AbstractSchemaMigrator.doMigration(AbstractSchemaMigrator.java:112)
	at org.hibernate.tool.schema.spi.SchemaManagementToolCoordinator.performDatabaseAction(SchemaManagementToolCoordinator.java:280)
	at org.hibernate.tool.schema.spi.SchemaManagementToolCoordinator.lambda$process$5(SchemaManagementToolCoordinator.java:144)
	at java.base/java.util.HashMap.forEach(HashMap.java:1429)
	at org.hibernate.tool.schema.spi.SchemaManagementToolCoordinator.process(SchemaManagementToolCoordinator.java:141)
	at org.hibernate.boot.internal.SessionFactoryObserverForSchemaExport.sessionFactoryCreated(SessionFactoryObserverForSchemaExport.java:37)
	at org.hibernate.internal.SessionFactoryObserverChain.sessionFactoryCreated(SessionFactoryObserverChain.java:35)
	at org.hibernate.internal.SessionFactoryImpl.<init>(SessionFactoryImpl.java:324)
	at org.hibernate.boot.internal.SessionFactoryBuilderImpl.build(SessionFactoryBuilderImpl.java:463)
	at org.hibernate.jpa.boot.internal.EntityManagerFactoryBuilderImpl.build(EntityManagerFactoryBuilderImpl.java:1506)
	at org.springframework.orm.jpa.vendor.SpringHibernateJpaPersistenceProvider.createContainerEntityManagerFactory(SpringHibernateJpaPersistenceProvider.java:66)
	at org.springframework.orm.jpa.LocalContainerEntityManagerFactoryBean.createNativeEntityManagerFactory(LocalContainerEntityManagerFactoryBean.java:390)
	at org.springframework.orm.jpa.AbstractEntityManagerFactoryBean.buildNativeEntityManagerFactory(AbstractEntityManagerFactoryBean.java:419)
	at org.springframework.orm.jpa.AbstractEntityManagerFactoryBean.afterPropertiesSet(AbstractEntityManagerFactoryBean.java:400)
	at org.springframework.orm.jpa.LocalContainerEntityManagerFactoryBean.afterPropertiesSet(LocalContainerEntityManagerFactoryBean.java:366)
	at org.springframework.beans.factory.support.AbstractAutowireCapableBeanFactory.invokeInitMethods(AbstractAutowireCapableBeanFactory.java:1855)
	at org.springframework.beans.factory.support.AbstractAutowireCapableBeanFactory.initializeBean(AbstractAutowireCapableBeanFactory.java:1804)
	at org.springframework.beans.factory.support.AbstractAutowireCapableBeanFactory.doCreateBean(AbstractAutowireCapableBeanFactory.java:601)
	at org.springframework.beans.factory.support.AbstractAutowireCapableBeanFactory.createBean(AbstractAutowireCapableBeanFactory.java:523)
	at org.springframework.beans.factory.support.AbstractBeanFactory.lambda$doGetBean$0(AbstractBeanFactory.java:336)
	at org.springframework.beans.factory.support.DefaultSingletonBeanRegistry.getSingleton(DefaultSingletonBeanRegistry.java:289)
	at org.springframework.beans.factory.support.AbstractBeanFactory.doGetBean(AbstractBeanFactory.java:334)
	at org.springframework.beans.factory.support.AbstractBeanFactory.getBean(AbstractBeanFactory.java:204)
	at org.springframework.context.support.AbstractApplicationContext.finishBeanFactoryInitialization(AbstractApplicationContext.java:970)
	at org.springframework.context.support.AbstractApplicationContext.refresh(AbstractApplicationContext.java:627)
	at org.springframework.boot.web.servlet.context.ServletWebServerApplicationContext.refresh(ServletWebServerApplicationContext.java:146)
	at org.springframework.boot.SpringApplication.refresh(SpringApplication.java:752)
	at org.springframework.boot.SpringApplication.refreshContext(SpringApplication.java:439)
	at org.springframework.boot.SpringApplication.run(SpringApplication.java:318)
	at org.springframework.boot.SpringApplication.run(SpringApplication.java:1361)
	at org.springframework.boot.SpringApplication.run(SpringApplication.java:1350)
	at com.unicorn.lunchpick.payment.PaymentApplication.main(PaymentApplication.java:27)
Caused by: org.postgresql.util.PSQLException: ERROR: schema "lunchpick_payment" does not exist
	at org.postgresql.core.v3.QueryExecutorImpl.receiveErrorResponse(QueryExecutorImpl.java:2733)
	at org.postgresql.core.v3.QueryExecutorImpl.processResults(QueryExecutorImpl.java:2420)
	at org.postgresql.core.v3.QueryExecutorImpl.execute(QueryExecutorImpl.java:372)
	at org.postgresql.jdbc.PgStatement.executeInternal(PgStatement.java:517)
	at org.postgresql.jdbc.PgStatement.execute(PgStatement.java:434)
	at org.postgresql.jdbc.PgStatement.executeWithFlags(PgStatement.java:356)
	at org.postgresql.jdbc.PgStatement.executeCachedSql(PgStatement.java:341)
	at org.postgresql.jdbc.PgStatement.executeWithFlags(PgStatement.java:317)
	at org.postgresql.jdbc.PgStatement.execute(PgStatement.java:312)
	at com.zaxxer.hikari.pool.ProxyStatement.execute(ProxyStatement.java:94)
	at com.zaxxer.hikari.pool.HikariProxyStatement.execute(HikariProxyStatement.java)
	at org.hibernate.tool.schema.internal.exec.GenerationTargetToDatabase.accept(GenerationTargetToDatabase.java:80)
	... 37 common frames omitted
2026-02-26 17:42:05 [main] DEBUG org.hibernate.SQL - 
    create index idx_payment_status_requested 
       on lunchpick_payment.payment_history (status, requested_at)
2026-02-26 17:42:05 [main] WARN  o.h.t.s.i.ExceptionHandlerLoggedImpl - GenerationTarget encountered exception accepting command : Error executing DDL "
    create index idx_payment_status_requested 
       on lunchpick_payment.payment_history (status, requested_at)" via JDBC [ERROR: schema "lunchpick_payment" does not exist]
org.hibernate.tool.schema.spi.CommandAcceptanceException: Error executing DDL "
    create index idx_payment_status_requested 
       on lunchpick_payment.payment_history (status, requested_at)" via JDBC [ERROR: schema "lunchpick_payment" does not exist]
	at org.hibernate.tool.schema.internal.exec.GenerationTargetToDatabase.accept(GenerationTargetToDatabase.java:94)
	at org.hibernate.tool.schema.internal.AbstractSchemaMigrator.applySqlString(AbstractSchemaMigrator.java:576)
	at org.hibernate.tool.schema.internal.AbstractSchemaMigrator.applySqlStrings(AbstractSchemaMigrator.java:516)
	at org.hibernate.tool.schema.internal.AbstractSchemaMigrator.applyIndexes(AbstractSchemaMigrator.java:361)
	at org.hibernate.tool.schema.internal.GroupedSchemaMigratorImpl.performTablesMigration(GroupedSchemaMigratorImpl.java:96)
	at org.hibernate.tool.schema.internal.AbstractSchemaMigrator.performMigration(AbstractSchemaMigrator.java:233)
	at org.hibernate.tool.schema.internal.AbstractSchemaMigrator.doMigration(AbstractSchemaMigrator.java:112)
	at org.hibernate.tool.schema.spi.SchemaManagementToolCoordinator.performDatabaseAction(SchemaManagementToolCoordinator.java:280)
	at org.hibernate.tool.schema.spi.SchemaManagementToolCoordinator.lambda$process$5(SchemaManagementToolCoordinator.java:144)
	at java.base/java.util.HashMap.forEach(HashMap.java:1429)
	at org.hibernate.tool.schema.spi.SchemaManagementToolCoordinator.process(SchemaManagementToolCoordinator.java:141)
	at org.hibernate.boot.internal.SessionFactoryObserverForSchemaExport.sessionFactoryCreated(SessionFactoryObserverForSchemaExport.java:37)
	at org.hibernate.internal.SessionFactoryObserverChain.sessionFactoryCreated(SessionFactoryObserverChain.java:35)
	at org.hibernate.internal.SessionFactoryImpl.<init>(SessionFactoryImpl.java:324)
	at org.hibernate.boot.internal.SessionFactoryBuilderImpl.build(SessionFactoryBuilderImpl.java:463)
	at org.hibernate.jpa.boot.internal.EntityManagerFactoryBuilderImpl.build(EntityManagerFactoryBuilderImpl.java:1506)
	at org.springframework.orm.jpa.vendor.SpringHibernateJpaPersistenceProvider.createContainerEntityManagerFactory(SpringHibernateJpaPersistenceProvider.java:66)
	at org.springframework.orm.jpa.LocalContainerEntityManagerFactoryBean.createNativeEntityManagerFactory(LocalContainerEntityManagerFactoryBean.java:390)
	at org.springframework.orm.jpa.AbstractEntityManagerFactoryBean.buildNativeEntityManagerFactory(AbstractEntityManagerFactoryBean.java:419)
	at org.springframework.orm.jpa.AbstractEntityManagerFactoryBean.afterPropertiesSet(AbstractEntityManagerFactoryBean.java:400)
	at org.springframework.orm.jpa.LocalContainerEntityManagerFactoryBean.afterPropertiesSet(LocalContainerEntityManagerFactoryBean.java:366)
	at org.springframework.beans.factory.support.AbstractAutowireCapableBeanFactory.invokeInitMethods(AbstractAutowireCapableBeanFactory.java:1855)
	at org.springframework.beans.factory.support.AbstractAutowireCapableBeanFactory.initializeBean(AbstractAutowireCapableBeanFactory.java:1804)
	at org.springframework.beans.factory.support.AbstractAutowireCapableBeanFactory.doCreateBean(AbstractAutowireCapableBeanFactory.java:601)
	at org.springframework.beans.factory.support.AbstractAutowireCapableBeanFactory.createBean(AbstractAutowireCapableBeanFactory.java:523)
	at org.springframework.beans.factory.support.AbstractBeanFactory.lambda$doGetBean$0(AbstractBeanFactory.java:336)
	at org.springframework.beans.factory.support.DefaultSingletonBeanRegistry.getSingleton(DefaultSingletonBeanRegistry.java:289)
	at org.springframework.beans.factory.support.AbstractBeanFactory.doGetBean(AbstractBeanFactory.java:334)
	at org.springframework.beans.factory.support.AbstractBeanFactory.getBean(AbstractBeanFactory.java:204)
	at org.springframework.context.support.AbstractApplicationContext.finishBeanFactoryInitialization(AbstractApplicationContext.java:970)
	at org.springframework.context.support.AbstractApplicationContext.refresh(AbstractApplicationContext.java:627)
	at org.springframework.boot.web.servlet.context.ServletWebServerApplicationContext.refresh(ServletWebServerApplicationContext.java:146)
	at org.springframework.boot.SpringApplication.refresh(SpringApplication.java:752)
	at org.springframework.boot.SpringApplication.refreshContext(SpringApplication.java:439)
	at org.springframework.boot.SpringApplication.run(SpringApplication.java:318)
	at org.springframework.boot.SpringApplication.run(SpringApplication.java:1361)
	at org.springframework.boot.SpringApplication.run(SpringApplication.java:1350)
	at com.unicorn.lunchpick.payment.PaymentApplication.main(PaymentApplication.java:27)
Caused by: org.postgresql.util.PSQLException: ERROR: schema "lunchpick_payment" does not exist
	at org.postgresql.core.v3.QueryExecutorImpl.receiveErrorResponse(QueryExecutorImpl.java:2733)
	at org.postgresql.core.v3.QueryExecutorImpl.processResults(QueryExecutorImpl.java:2420)
	at org.postgresql.core.v3.QueryExecutorImpl.execute(QueryExecutorImpl.java:372)
	at org.postgresql.jdbc.PgStatement.executeInternal(PgStatement.java:517)
	at org.postgresql.jdbc.PgStatement.execute(PgStatement.java:434)
	at org.postgresql.jdbc.PgStatement.executeWithFlags(PgStatement.java:356)
	at org.postgresql.jdbc.PgStatement.executeCachedSql(PgStatement.java:341)
	at org.postgresql.jdbc.PgStatement.executeWithFlags(PgStatement.java:317)
	at org.postgresql.jdbc.PgStatement.execute(PgStatement.java:312)
	at com.zaxxer.hikari.pool.ProxyStatement.execute(ProxyStatement.java:94)
	at com.zaxxer.hikari.pool.HikariProxyStatement.execute(HikariProxyStatement.java)
	at org.hibernate.tool.schema.internal.exec.GenerationTargetToDatabase.accept(GenerationTargetToDatabase.java:80)
	... 37 common frames omitted
2026-02-26 17:42:05 [main] DEBUG org.hibernate.SQL - 
    alter table if exists lunchpick_payment.payment_history 
       drop constraint if exists UK2q479f1b6k3gbwl1oaoakhi53
2026-02-26 17:42:05 [main] WARN  o.h.e.jdbc.spi.SqlExceptionHelper - SQL Warning Code: 0, SQLState: 00000
2026-02-26 17:42:05 [main] WARN  o.h.e.jdbc.spi.SqlExceptionHelper - relation "payment_history" does not exist, skipping
2026-02-26 17:42:05 [main] DEBUG org.hibernate.SQL - 
    alter table if exists lunchpick_payment.payment_history 
       add constraint UK2q479f1b6k3gbwl1oaoakhi53 unique (payment_id)
2026-02-26 17:42:05 [main] WARN  o.h.e.jdbc.spi.SqlExceptionHelper - SQL Warning Code: 0, SQLState: 00000
2026-02-26 17:42:05 [main] WARN  o.h.e.jdbc.spi.SqlExceptionHelper - relation "payment_history" does not exist, skipping
2026-02-26 17:42:05 [main] DEBUG org.hibernate.SQL - 
    create index idx_subscription_member_status 
       on lunchpick_payment.subscription (member_id, status)
2026-02-26 17:42:05 [main] WARN  o.h.t.s.i.ExceptionHandlerLoggedImpl - GenerationTarget encountered exception accepting command : Error executing DDL "
    create index idx_subscription_member_status 
       on lunchpick_payment.subscription (member_id, status)" via JDBC [ERROR: schema "lunchpick_payment" does not exist]
org.hibernate.tool.schema.spi.CommandAcceptanceException: Error executing DDL "
    create index idx_subscription_member_status 
       on lunchpick_payment.subscription (member_id, status)" via JDBC [ERROR: schema "lunchpick_payment" does not exist]
	at org.hibernate.tool.schema.internal.exec.GenerationTargetToDatabase.accept(GenerationTargetToDatabase.java:94)
	at org.hibernate.tool.schema.internal.AbstractSchemaMigrator.applySqlString(AbstractSchemaMigrator.java:576)
	at org.hibernate.tool.schema.internal.AbstractSchemaMigrator.applySqlStrings(AbstractSchemaMigrator.java:516)
	at org.hibernate.tool.schema.internal.AbstractSchemaMigrator.applyIndexes(AbstractSchemaMigrator.java:361)
	at org.hibernate.tool.schema.internal.GroupedSchemaMigratorImpl.performTablesMigration(GroupedSchemaMigratorImpl.java:96)
	at org.hibernate.tool.schema.internal.AbstractSchemaMigrator.performMigration(AbstractSchemaMigrator.java:233)
	at org.hibernate.tool.schema.internal.AbstractSchemaMigrator.doMigration(AbstractSchemaMigrator.java:112)
	at org.hibernate.tool.schema.spi.SchemaManagementToolCoordinator.performDatabaseAction(SchemaManagementToolCoordinator.java:280)
	at org.hibernate.tool.schema.spi.SchemaManagementToolCoordinator.lambda$process$5(SchemaManagementToolCoordinator.java:144)
	at java.base/java.util.HashMap.forEach(HashMap.java:1429)
	at org.hibernate.tool.schema.spi.SchemaManagementToolCoordinator.process(SchemaManagementToolCoordinator.java:141)
	at org.hibernate.boot.internal.SessionFactoryObserverForSchemaExport.sessionFactoryCreated(SessionFactoryObserverForSchemaExport.java:37)
	at org.hibernate.internal.SessionFactoryObserverChain.sessionFactoryCreated(SessionFactoryObserverChain.java:35)
	at org.hibernate.internal.SessionFactoryImpl.<init>(SessionFactoryImpl.java:324)
	at org.hibernate.boot.internal.SessionFactoryBuilderImpl.build(SessionFactoryBuilderImpl.java:463)
	at org.hibernate.jpa.boot.internal.EntityManagerFactoryBuilderImpl.build(EntityManagerFactoryBuilderImpl.java:1506)
	at org.springframework.orm.jpa.vendor.SpringHibernateJpaPersistenceProvider.createContainerEntityManagerFactory(SpringHibernateJpaPersistenceProvider.java:66)
	at org.springframework.orm.jpa.LocalContainerEntityManagerFactoryBean.createNativeEntityManagerFactory(LocalContainerEntityManagerFactoryBean.java:390)
	at org.springframework.orm.jpa.AbstractEntityManagerFactoryBean.buildNativeEntityManagerFactory(AbstractEntityManagerFactoryBean.java:419)
	at org.springframework.orm.jpa.AbstractEntityManagerFactoryBean.afterPropertiesSet(AbstractEntityManagerFactoryBean.java:400)
	at org.springframework.orm.jpa.LocalContainerEntityManagerFactoryBean.afterPropertiesSet(LocalContainerEntityManagerFactoryBean.java:366)
	at org.springframework.beans.factory.support.AbstractAutowireCapableBeanFactory.invokeInitMethods(AbstractAutowireCapableBeanFactory.java:1855)
	at org.springframework.beans.factory.support.AbstractAutowireCapableBeanFactory.initializeBean(AbstractAutowireCapableBeanFactory.java:1804)
	at org.springframework.beans.factory.support.AbstractAutowireCapableBeanFactory.doCreateBean(AbstractAutowireCapableBeanFactory.java:601)
	at org.springframework.beans.factory.support.AbstractAutowireCapableBeanFactory.createBean(AbstractAutowireCapableBeanFactory.java:523)
	at org.springframework.beans.factory.support.AbstractBeanFactory.lambda$doGetBean$0(AbstractBeanFactory.java:336)
	at org.springframework.beans.factory.support.DefaultSingletonBeanRegistry.getSingleton(DefaultSingletonBeanRegistry.java:289)
	at org.springframework.beans.factory.support.AbstractBeanFactory.doGetBean(AbstractBeanFactory.java:334)
	at org.springframework.beans.factory.support.AbstractBeanFactory.getBean(AbstractBeanFactory.java:204)
	at org.springframework.context.support.AbstractApplicationContext.finishBeanFactoryInitialization(AbstractApplicationContext.java:970)
	at org.springframework.context.support.AbstractApplicationContext.refresh(AbstractApplicationContext.java:627)
	at org.springframework.boot.web.servlet.context.ServletWebServerApplicationContext.refresh(ServletWebServerApplicationContext.java:146)
	at org.springframework.boot.SpringApplication.refresh(SpringApplication.java:752)
	at org.springframework.boot.SpringApplication.refreshContext(SpringApplication.java:439)
	at org.springframework.boot.SpringApplication.run(SpringApplication.java:318)
	at org.springframework.boot.SpringApplication.run(SpringApplication.java:1361)
	at org.springframework.boot.SpringApplication.run(SpringApplication.java:1350)
	at com.unicorn.lunchpick.payment.PaymentApplication.main(PaymentApplication.java:27)
Caused by: org.postgresql.util.PSQLException: ERROR: schema "lunchpick_payment" does not exist
	at org.postgresql.core.v3.QueryExecutorImpl.receiveErrorResponse(QueryExecutorImpl.java:2733)
	at org.postgresql.core.v3.QueryExecutorImpl.processResults(QueryExecutorImpl.java:2420)
	at org.postgresql.core.v3.QueryExecutorImpl.execute(QueryExecutorImpl.java:372)
	at org.postgresql.jdbc.PgStatement.executeInternal(PgStatement.java:517)
	at org.postgresql.jdbc.PgStatement.execute(PgStatement.java:434)
	at org.postgresql.jdbc.PgStatement.executeWithFlags(PgStatement.java:356)
	at org.postgresql.jdbc.PgStatement.executeCachedSql(PgStatement.java:341)
	at org.postgresql.jdbc.PgStatement.executeWithFlags(PgStatement.java:317)
	at org.postgresql.jdbc.PgStatement.execute(PgStatement.java:312)
	at com.zaxxer.hikari.pool.ProxyStatement.execute(ProxyStatement.java:94)
	at com.zaxxer.hikari.pool.HikariProxyStatement.execute(HikariProxyStatement.java)
	at org.hibernate.tool.schema.internal.exec.GenerationTargetToDatabase.accept(GenerationTargetToDatabase.java:80)
	... 37 common frames omitted
2026-02-26 17:42:05 [main] DEBUG org.hibernate.SQL - 
    create index idx_subscription_status_billing 
       on lunchpick_payment.subscription (status, next_billing_at)
2026-02-26 17:42:05 [main] WARN  o.h.t.s.i.ExceptionHandlerLoggedImpl - GenerationTarget encountered exception accepting command : Error executing DDL "
    create index idx_subscription_status_billing 
       on lunchpick_payment.subscription (status, next_billing_at)" via JDBC [ERROR: schema "lunchpick_payment" does not exist]
org.hibernate.tool.schema.spi.CommandAcceptanceException: Error executing DDL "
    create index idx_subscription_status_billing 
       on lunchpick_payment.subscription (status, next_billing_at)" via JDBC [ERROR: schema "lunchpick_payment" does not exist]
	at org.hibernate.tool.schema.internal.exec.GenerationTargetToDatabase.accept(GenerationTargetToDatabase.java:94)
	at org.hibernate.tool.schema.internal.AbstractSchemaMigrator.applySqlString(AbstractSchemaMigrator.java:576)
	at org.hibernate.tool.schema.internal.AbstractSchemaMigrator.applySqlStrings(AbstractSchemaMigrator.java:516)
	at org.hibernate.tool.schema.internal.AbstractSchemaMigrator.applyIndexes(AbstractSchemaMigrator.java:361)
	at org.hibernate.tool.schema.internal.GroupedSchemaMigratorImpl.performTablesMigration(GroupedSchemaMigratorImpl.java:96)
	at org.hibernate.tool.schema.internal.AbstractSchemaMigrator.performMigration(AbstractSchemaMigrator.java:233)
	at org.hibernate.tool.schema.internal.AbstractSchemaMigrator.doMigration(AbstractSchemaMigrator.java:112)
	at org.hibernate.tool.schema.spi.SchemaManagementToolCoordinator.performDatabaseAction(SchemaManagementToolCoordinator.java:280)
	at org.hibernate.tool.schema.spi.SchemaManagementToolCoordinator.lambda$process$5(SchemaManagementToolCoordinator.java:144)
	at java.base/java.util.HashMap.forEach(HashMap.java:1429)
	at org.hibernate.tool.schema.spi.SchemaManagementToolCoordinator.process(SchemaManagementToolCoordinator.java:141)
	at org.hibernate.boot.internal.SessionFactoryObserverForSchemaExport.sessionFactoryCreated(SessionFactoryObserverForSchemaExport.java:37)
	at org.hibernate.internal.SessionFactoryObserverChain.sessionFactoryCreated(SessionFactoryObserverChain.java:35)
	at org.hibernate.internal.SessionFactoryImpl.<init>(SessionFactoryImpl.java:324)
	at org.hibernate.boot.internal.SessionFactoryBuilderImpl.build(SessionFactoryBuilderImpl.java:463)
	at org.hibernate.jpa.boot.internal.EntityManagerFactoryBuilderImpl.build(EntityManagerFactoryBuilderImpl.java:1506)
	at org.springframework.orm.jpa.vendor.SpringHibernateJpaPersistenceProvider.createContainerEntityManagerFactory(SpringHibernateJpaPersistenceProvider.java:66)
	at org.springframework.orm.jpa.LocalContainerEntityManagerFactoryBean.createNativeEntityManagerFactory(LocalContainerEntityManagerFactoryBean.java:390)
	at org.springframework.orm.jpa.AbstractEntityManagerFactoryBean.buildNativeEntityManagerFactory(AbstractEntityManagerFactoryBean.java:419)
	at org.springframework.orm.jpa.AbstractEntityManagerFactoryBean.afterPropertiesSet(AbstractEntityManagerFactoryBean.java:400)
	at org.springframework.orm.jpa.LocalContainerEntityManagerFactoryBean.afterPropertiesSet(LocalContainerEntityManagerFactoryBean.java:366)
	at org.springframework.beans.factory.support.AbstractAutowireCapableBeanFactory.invokeInitMethods(AbstractAutowireCapableBeanFactory.java:1855)
	at org.springframework.beans.factory.support.AbstractAutowireCapableBeanFactory.initializeBean(AbstractAutowireCapableBeanFactory.java:1804)
	at org.springframework.beans.factory.support.AbstractAutowireCapableBeanFactory.doCreateBean(AbstractAutowireCapableBeanFactory.java:601)
	at org.springframework.beans.factory.support.AbstractAutowireCapableBeanFactory.createBean(AbstractAutowireCapableBeanFactory.java:523)
	at org.springframework.beans.factory.support.AbstractBeanFactory.lambda$doGetBean$0(AbstractBeanFactory.java:336)
	at org.springframework.beans.factory.support.DefaultSingletonBeanRegistry.getSingleton(DefaultSingletonBeanRegistry.java:289)
	at org.springframework.beans.factory.support.AbstractBeanFactory.doGetBean(AbstractBeanFactory.java:334)
	at org.springframework.beans.factory.support.AbstractBeanFactory.getBean(AbstractBeanFactory.java:204)
	at org.springframework.context.support.AbstractApplicationContext.finishBeanFactoryInitialization(AbstractApplicationContext.java:970)
	at org.springframework.context.support.AbstractApplicationContext.refresh(AbstractApplicationContext.java:627)
	at org.springframework.boot.web.servlet.context.ServletWebServerApplicationContext.refresh(ServletWebServerApplicationContext.java:146)
	at org.springframework.boot.SpringApplication.refresh(SpringApplication.java:752)
	at org.springframework.boot.SpringApplication.refreshContext(SpringApplication.java:439)
	at org.springframework.boot.SpringApplication.run(SpringApplication.java:318)
	at org.springframework.boot.SpringApplication.run(SpringApplication.java:1361)
	at org.springframework.boot.SpringApplication.run(SpringApplication.java:1350)
	at com.unicorn.lunchpick.payment.PaymentApplication.main(PaymentApplication.java:27)
Caused by: org.postgresql.util.PSQLException: ERROR: schema "lunchpick_payment" does not exist
	at org.postgresql.core.v3.QueryExecutorImpl.receiveErrorResponse(QueryExecutorImpl.java:2733)
	at org.postgresql.core.v3.QueryExecutorImpl.processResults(QueryExecutorImpl.java:2420)
	at org.postgresql.core.v3.QueryExecutorImpl.execute(QueryExecutorImpl.java:372)
	at org.postgresql.jdbc.PgStatement.executeInternal(PgStatement.java:517)
	at org.postgresql.jdbc.PgStatement.execute(PgStatement.java:434)
	at org.postgresql.jdbc.PgStatement.executeWithFlags(PgStatement.java:356)
	at org.postgresql.jdbc.PgStatement.executeCachedSql(PgStatement.java:341)
	at org.postgresql.jdbc.PgStatement.executeWithFlags(PgStatement.java:317)
	at org.postgresql.jdbc.PgStatement.execute(PgStatement.java:312)
	at com.zaxxer.hikari.pool.ProxyStatement.execute(ProxyStatement.java:94)
	at com.zaxxer.hikari.pool.HikariProxyStatement.execute(HikariProxyStatement.java)
	at org.hibernate.tool.schema.internal.exec.GenerationTargetToDatabase.accept(GenerationTargetToDatabase.java:80)
	... 37 common frames omitted
2026-02-26 17:42:05 [main] DEBUG org.hibernate.SQL - 
    alter table if exists lunchpick_payment.subscription 
       drop constraint if exists UKhwb6l4fypf0hw0ka72bi2malc
2026-02-26 17:42:05 [main] WARN  o.h.e.jdbc.spi.SqlExceptionHelper - SQL Warning Code: 0, SQLState: 00000
2026-02-26 17:42:05 [main] WARN  o.h.e.jdbc.spi.SqlExceptionHelper - relation "subscription" does not exist, skipping
2026-02-26 17:42:05 [main] DEBUG org.hibernate.SQL - 
    alter table if exists lunchpick_payment.subscription 
       add constraint UKhwb6l4fypf0hw0ka72bi2malc unique (subscription_id)
2026-02-26 17:42:05 [main] WARN  o.h.e.jdbc.spi.SqlExceptionHelper - SQL Warning Code: 0, SQLState: 00000
2026-02-26 17:42:05 [main] WARN  o.h.e.jdbc.spi.SqlExceptionHelper - relation "subscription" does not exist, skipping
2026-02-26 17:42:05 [main] TRACE o.h.type.spi.TypeConfiguration$Scope - Handling #sessionFactoryCreated from [org.hibernate.internal.SessionFactoryImpl@5e756b8d] for TypeConfiguration
2026-02-26 17:42:05 [main] INFO  o.s.o.j.LocalContainerEntityManagerFactoryBean - Initialized JPA EntityManagerFactory for persistence unit 'default'
2026-02-26 17:42:07 [main] WARN  o.s.b.w.s.c.AnnotationConfigServletWebServerApplicationContext - Exception encountered during context initialization - cancelling refresh attempt: org.springframework.beans.factory.UnsatisfiedDependencyException: Error creating bean with name 'subscriptionController' defined in file [C:\Users\hiond\workspace\lunch-menu-recommender\payment-service\build\classes\java\main\com\unicorn\lunchpick\payment\controller\SubscriptionController.class]: Unsatisfied dependency expressed through constructor parameter 0: Error creating bean with name 'subscriptionServiceImpl' defined in file [C:\Users\hiond\workspace\lunch-menu-recommender\payment-service\build\classes\java\main\com\unicorn\lunchpick\payment\service\impl\SubscriptionServiceImpl.class]: Unsatisfied dependency expressed through constructor parameter 4: Error creating bean with name 'subscriptionEventPublisher' defined in file [C:\Users\hiond\workspace\lunch-menu-recommender\payment-service\build\classes\java\main\com\unicorn\lunchpick\payment\messaging\SubscriptionEventPublisher.class]: Unsatisfied dependency expressed through constructor parameter 0: Error creating bean with name 'streamBridgeUtils' defined in class path resource [org/springframework/cloud/stream/function/FunctionConfiguration.class]: Failed to instantiate [org.springframework.cloud.stream.function.StreamBridge]: Factory method 'streamBridgeUtils' threw exception with message: No qualifying bean of type 'org.springframework.cloud.stream.binding.BindingService' available
2026-02-26 17:42:07 [main] INFO  o.s.o.j.LocalContainerEntityManagerFactoryBean - Closing JPA EntityManagerFactory for persistence unit 'default'
2026-02-26 17:42:07 [main] TRACE o.h.type.spi.TypeConfiguration$Scope - Handling #sessionFactoryClosed from [org.hibernate.internal.SessionFactoryImpl@5e756b8d] for TypeConfiguration
2026-02-26 17:42:07 [main] DEBUG o.h.type.spi.TypeConfiguration$Scope - Un-scoping TypeConfiguration [org.hibernate.type.spi.TypeConfiguration$Scope@3cc3914a] from SessionFactory [org.hibernate.internal.SessionFactoryImpl@5e756b8d]
2026-02-26 17:42:07 [main] INFO  com.zaxxer.hikari.HikariDataSource - HikariPool-1 - Shutdown initiated...
2026-02-26 17:42:07 [main] INFO  com.zaxxer.hikari.HikariDataSource - HikariPool-1 - Shutdown completed.
2026-02-26 17:42:07 [main] INFO  o.a.catalina.core.StandardService - Stopping service [Tomcat]
2026-02-26 17:42:07 [main] INFO  o.s.b.a.l.ConditionEvaluationReportLogger - 

Error starting ApplicationContext. To display the condition evaluation report re-run your application with 'debug' enabled.
2026-02-26 17:42:07 [main] ERROR o.s.b.d.LoggingFailureAnalysisReporter - 

***************************
APPLICATION FAILED TO START
***************************

Description:

Parameter 0 of constructor in com.unicorn.lunchpick.payment.messaging.SubscriptionEventPublisher required a bean of type 'org.springframework.cloud.stream.binding.BindingService' that could not be found.


Action:

Consider defining a bean of type 'org.springframework.cloud.stream.binding.BindingService' in your configuration.

2026-02-26 17:51:49 [main] INFO  c.u.l.payment.PaymentApplication - Starting PaymentApplication using Java 21 with PID 2912 (C:\Users\hiond\workspace\lunch-menu-recommender\payment-service\build\classes\java\main started by hiond in C:\Users\hiond\workspace\lunch-menu-recommender\payment-service)
2026-02-26 17:51:49 [main] DEBUG c.u.l.payment.PaymentApplication - Running with Spring Boot v3.4.1, Spring v6.2.1
2026-02-26 17:51:49 [main] INFO  c.u.l.payment.PaymentApplication - No active profile set, falling back to 1 default profile: "default"
2026-02-26 17:51:49 [main] INFO  o.s.d.r.c.RepositoryConfigurationDelegate - Multiple Spring Data modules found, entering strict repository configuration mode
2026-02-26 17:51:49 [main] INFO  o.s.d.r.c.RepositoryConfigurationDelegate - Bootstrapping Spring Data JPA repositories in DEFAULT mode.
2026-02-26 17:51:49 [main] INFO  o.s.d.r.c.RepositoryConfigurationDelegate - Finished Spring Data repository scanning in 81 ms. Found 2 JPA repository interfaces.
2026-02-26 17:51:50 [main] INFO  o.s.d.r.c.RepositoryConfigurationDelegate - Multiple Spring Data modules found, entering strict repository configuration mode
2026-02-26 17:51:50 [main] INFO  o.s.d.r.c.RepositoryConfigurationDelegate - Bootstrapping Spring Data Redis repositories in DEFAULT mode.
2026-02-26 17:51:50 [main] INFO  o.s.d.r.c.RepositoryConfigurationExtensionSupport - Spring Data Redis - Could not safely identify store assignment for repository candidate interface com.unicorn.lunchpick.payment.repository.jpa.PaymentHistoryRepository; If you want this repository to be a Redis repository, consider annotating your entities with one of these annotations: org.springframework.data.redis.core.RedisHash (preferred), or consider extending one of the following types with your repository: org.springframework.data.keyvalue.repository.KeyValueRepository
2026-02-26 17:51:50 [main] INFO  o.s.d.r.c.RepositoryConfigurationExtensionSupport - Spring Data Redis - Could not safely identify store assignment for repository candidate interface com.unicorn.lunchpick.payment.repository.jpa.SubscriptionRepository; If you want this repository to be a Redis repository, consider annotating your entities with one of these annotations: org.springframework.data.redis.core.RedisHash (preferred), or consider extending one of the following types with your repository: org.springframework.data.keyvalue.repository.KeyValueRepository
2026-02-26 17:51:50 [main] INFO  o.s.d.r.c.RepositoryConfigurationDelegate - Finished Spring Data repository scanning in 13 ms. Found 0 Redis repository interfaces.
2026-02-26 17:51:50 [main] INFO  o.s.cloud.context.scope.GenericScope - BeanFactory id=664e8d25-7764-3b88-bbec-5024517dc2cc
2026-02-26 17:51:51 [main] INFO  o.s.b.w.e.tomcat.TomcatWebServer - Tomcat initialized with port 8083 (http)
2026-02-26 17:51:51 [main] INFO  o.a.catalina.core.StandardService - Starting service [Tomcat]
2026-02-26 17:51:51 [main] INFO  o.a.catalina.core.StandardEngine - Starting Servlet engine: [Apache Tomcat/10.1.34]
2026-02-26 17:51:52 [main] INFO  o.a.c.c.C.[Tomcat].[localhost].[/] - Initializing Spring embedded WebApplicationContext
2026-02-26 17:51:52 [main] INFO  o.s.b.w.s.c.ServletWebServerApplicationContext - Root WebApplicationContext: initialization completed in 2999 ms
2026-02-26 17:51:52 [main] DEBUG c.u.l.p.c.j.JwtAuthenticationFilter - Filter 'jwtAuthenticationFilter' configured for use
2026-02-26 17:51:53 [main] INFO  o.h.jpa.internal.util.LogHelper - HHH000204: Processing PersistenceUnitInfo [name: default]
2026-02-26 17:51:53 [main] INFO  org.hibernate.Version - HHH000412: Hibernate ORM core version 6.6.4.Final
2026-02-26 17:51:53 [main] INFO  o.h.c.i.RegionFactoryInitiator - HHH000026: Second-level cache disabled
2026-02-26 17:51:54 [main] INFO  o.s.o.j.p.SpringPersistenceUnitInfo - No LoadTimeWeaver setup: ignoring JPA class transformer
2026-02-26 17:51:54 [main] INFO  com.zaxxer.hikari.HikariDataSource - HikariPool-1 - Starting...
2026-02-26 17:51:54 [main] INFO  com.zaxxer.hikari.pool.HikariPool - HikariPool-1 - Added connection org.postgresql.jdbc.PgConnection@22f7bf36
2026-02-26 17:51:54 [main] INFO  com.zaxxer.hikari.HikariDataSource - HikariPool-1 - Start completed.
2026-02-26 17:51:54 [main] INFO  o.hibernate.orm.connections.pooling - HHH10001005: Database info:
	Database JDBC URL [Connecting through datasource 'HikariDataSource (HikariPool-1)']
	Database driver: undefined/unknown
	Database version: 16.12
	Autocommit mode: undefined/unknown
	Isolation level: undefined/unknown
	Minimum pool size: undefined/unknown
	Maximum pool size: undefined/unknown
2026-02-26 17:51:57 [main] INFO  o.h.e.t.j.p.i.JtaPlatformInitiator - HHH000489: No JTA platform available (set 'hibernate.transaction.jta.platform' to enable JTA platform integration)
2026-02-26 17:51:57 [main] WARN  o.h.e.jdbc.spi.SqlExceptionHelper - SQL Warning Code: 0, SQLState: 00000
2026-02-26 17:51:57 [main] WARN  o.h.e.jdbc.spi.SqlExceptionHelper - constraint "uk2q479f1b6k3gbwl1oaoakhi53" of relation "payment_history" does not exist, skipping
2026-02-26 17:51:57 [main] WARN  o.h.e.jdbc.spi.SqlExceptionHelper - SQL Warning Code: 0, SQLState: 00000
2026-02-26 17:51:57 [main] WARN  o.h.e.jdbc.spi.SqlExceptionHelper - constraint "ukhwb6l4fypf0hw0ka72bi2malc" of relation "subscription" does not exist, skipping
2026-02-26 17:51:57 [main] INFO  o.s.o.j.LocalContainerEntityManagerFactoryBean - Initialized JPA EntityManagerFactory for persistence unit 'default'
2026-02-26 17:52:00 [main] WARN  o.s.b.a.o.j.JpaBaseConfiguration$JpaWebConfiguration - spring.jpa.open-in-view is enabled by default. Therefore, database queries may be performed during view rendering. Explicitly configure spring.jpa.open-in-view to disable this warning
2026-02-26 17:52:00 [main] WARN  o.s.b.a.s.s.UserDetailsServiceAutoConfiguration - 

Using generated security password: 7819d5a8-12c9-4294-a4d0-e5ca5e1db48b

This generated password is for development use only. Your security configuration must be updated before running your application in production.

2026-02-26 17:52:00 [main] INFO  o.s.s.c.a.a.c.InitializeUserDetailsBeanManagerConfigurer$InitializeUserDetailsManagerConfigurer - Global AuthenticationManager configured with UserDetailsService bean with name inMemoryUserDetailsManager
2026-02-26 17:52:01 [main] INFO  o.s.b.a.e.web.EndpointLinksResolver - Exposing 3 endpoints beneath base path '/actuator'
2026-02-26 17:52:06 [main] INFO  o.s.cloud.commons.util.InetUtils - Cannot determine local hostname
2026-02-26 17:52:06 [main] INFO  o.s.b.w.e.tomcat.TomcatWebServer - Tomcat started on port 8083 (http) with context path '/'
2026-02-26 17:52:07 [main] INFO  o.s.cloud.commons.util.InetUtils - Cannot determine local hostname
2026-02-26 17:52:07 [main] INFO  c.u.l.payment.PaymentApplication - Started PaymentApplication in 19.825 seconds (process running for 20.186)
2026-02-26 17:53:48 [main] INFO  c.u.l.payment.PaymentApplication - Starting PaymentApplication using Java 21 with PID 36600 (C:\Users\hiond\workspace\lunch-menu-recommender\payment-service\build\classes\java\main started by hiond in C:\Users\hiond\workspace\lunch-menu-recommender\payment-service)
2026-02-26 17:53:48 [main] DEBUG c.u.l.payment.PaymentApplication - Running with Spring Boot v3.4.1, Spring v6.2.1
2026-02-26 17:53:48 [main] INFO  c.u.l.payment.PaymentApplication - No active profile set, falling back to 1 default profile: "default"
2026-02-26 17:53:49 [main] INFO  o.s.d.r.c.RepositoryConfigurationDelegate - Multiple Spring Data modules found, entering strict repository configuration mode
2026-02-26 17:53:49 [main] INFO  o.s.d.r.c.RepositoryConfigurationDelegate - Bootstrapping Spring Data JPA repositories in DEFAULT mode.
2026-02-26 17:53:49 [main] INFO  o.s.d.r.c.RepositoryConfigurationDelegate - Finished Spring Data repository scanning in 61 ms. Found 2 JPA repository interfaces.
2026-02-26 17:53:49 [main] INFO  o.s.d.r.c.RepositoryConfigurationDelegate - Multiple Spring Data modules found, entering strict repository configuration mode
2026-02-26 17:53:49 [main] INFO  o.s.d.r.c.RepositoryConfigurationDelegate - Bootstrapping Spring Data Redis repositories in DEFAULT mode.
2026-02-26 17:53:49 [main] INFO  o.s.d.r.c.RepositoryConfigurationExtensionSupport - Spring Data Redis - Could not safely identify store assignment for repository candidate interface com.unicorn.lunchpick.payment.repository.jpa.PaymentHistoryRepository; If you want this repository to be a Redis repository, consider annotating your entities with one of these annotations: org.springframework.data.redis.core.RedisHash (preferred), or consider extending one of the following types with your repository: org.springframework.data.keyvalue.repository.KeyValueRepository
2026-02-26 17:53:49 [main] INFO  o.s.d.r.c.RepositoryConfigurationExtensionSupport - Spring Data Redis - Could not safely identify store assignment for repository candidate interface com.unicorn.lunchpick.payment.repository.jpa.SubscriptionRepository; If you want this repository to be a Redis repository, consider annotating your entities with one of these annotations: org.springframework.data.redis.core.RedisHash (preferred), or consider extending one of the following types with your repository: org.springframework.data.keyvalue.repository.KeyValueRepository
2026-02-26 17:53:49 [main] INFO  o.s.d.r.c.RepositoryConfigurationDelegate - Finished Spring Data repository scanning in 11 ms. Found 0 Redis repository interfaces.
2026-02-26 17:53:49 [main] INFO  o.s.cloud.context.scope.GenericScope - BeanFactory id=664e8d25-7764-3b88-bbec-5024517dc2cc
2026-02-26 17:53:49 [main] INFO  o.s.b.w.e.tomcat.TomcatWebServer - Tomcat initialized with port 8083 (http)
2026-02-26 17:53:49 [main] INFO  o.a.catalina.core.StandardService - Starting service [Tomcat]
2026-02-26 17:53:49 [main] INFO  o.a.catalina.core.StandardEngine - Starting Servlet engine: [Apache Tomcat/10.1.34]
2026-02-26 17:53:49 [main] INFO  o.a.c.c.C.[Tomcat].[localhost].[/] - Initializing Spring embedded WebApplicationContext
2026-02-26 17:53:49 [main] INFO  o.s.b.w.s.c.ServletWebServerApplicationContext - Root WebApplicationContext: initialization completed in 1330 ms
2026-02-26 17:53:50 [main] DEBUG c.u.l.p.c.j.JwtAuthenticationFilter - Filter 'jwtAuthenticationFilter' configured for use
2026-02-26 17:53:51 [main] INFO  o.h.jpa.internal.util.LogHelper - HHH000204: Processing PersistenceUnitInfo [name: default]
2026-02-26 17:53:51 [main] INFO  org.hibernate.Version - HHH000412: Hibernate ORM core version 6.6.4.Final
2026-02-26 17:53:51 [main] INFO  o.h.c.i.RegionFactoryInitiator - HHH000026: Second-level cache disabled
2026-02-26 17:53:52 [main] INFO  o.s.o.j.p.SpringPersistenceUnitInfo - No LoadTimeWeaver setup: ignoring JPA class transformer
2026-02-26 17:53:52 [main] INFO  com.zaxxer.hikari.HikariDataSource - HikariPool-1 - Starting...
2026-02-26 17:53:52 [main] INFO  com.zaxxer.hikari.pool.HikariPool - HikariPool-1 - Added connection org.postgresql.jdbc.PgConnection@6a6e410c
2026-02-26 17:53:52 [main] INFO  com.zaxxer.hikari.HikariDataSource - HikariPool-1 - Start completed.
2026-02-26 17:53:52 [main] INFO  o.hibernate.orm.connections.pooling - HHH10001005: Database info:
	Database JDBC URL [Connecting through datasource 'HikariDataSource (HikariPool-1)']
	Database driver: undefined/unknown
	Database version: 16.12
	Autocommit mode: undefined/unknown
	Isolation level: undefined/unknown
	Minimum pool size: undefined/unknown
	Maximum pool size: undefined/unknown
2026-02-26 17:53:54 [main] INFO  o.h.e.t.j.p.i.JtaPlatformInitiator - HHH000489: No JTA platform available (set 'hibernate.transaction.jta.platform' to enable JTA platform integration)
2026-02-26 17:53:55 [main] INFO  o.s.o.j.LocalContainerEntityManagerFactoryBean - Initialized JPA EntityManagerFactory for persistence unit 'default'
2026-02-26 17:53:57 [main] WARN  o.s.b.a.o.j.JpaBaseConfiguration$JpaWebConfiguration - spring.jpa.open-in-view is enabled by default. Therefore, database queries may be performed during view rendering. Explicitly configure spring.jpa.open-in-view to disable this warning
2026-02-26 17:53:58 [main] WARN  o.s.b.a.s.s.UserDetailsServiceAutoConfiguration - 

Using generated security password: 6006fd10-7192-43ca-83b7-a4b696c3cac3

This generated password is for development use only. Your security configuration must be updated before running your application in production.

2026-02-26 17:53:58 [main] INFO  o.s.s.c.a.a.c.InitializeUserDetailsBeanManagerConfigurer$InitializeUserDetailsManagerConfigurer - Global AuthenticationManager configured with UserDetailsService bean with name inMemoryUserDetailsManager
2026-02-26 17:53:59 [main] INFO  o.s.b.a.e.web.EndpointLinksResolver - Exposing 3 endpoints beneath base path '/actuator'
2026-02-26 17:54:04 [main] INFO  o.s.cloud.commons.util.InetUtils - Cannot determine local hostname
2026-02-26 17:54:04 [main] WARN  o.s.b.w.s.c.AnnotationConfigServletWebServerApplicationContext - Exception encountered during context initialization - cancelling refresh attempt: org.springframework.context.ApplicationContextException: Failed to start bean 'webServerStartStop'
2026-02-26 17:54:04 [main] INFO  o.s.o.j.LocalContainerEntityManagerFactoryBean - Closing JPA EntityManagerFactory for persistence unit 'default'
2026-02-26 17:54:04 [main] INFO  com.zaxxer.hikari.HikariDataSource - HikariPool-1 - Shutdown initiated...
2026-02-26 17:54:04 [main] INFO  com.zaxxer.hikari.HikariDataSource - HikariPool-1 - Shutdown completed.
2026-02-26 17:54:04 [main] INFO  o.s.b.a.l.ConditionEvaluationReportLogger - 

Error starting ApplicationContext. To display the condition evaluation report re-run your application with 'debug' enabled.
2026-02-26 17:54:04 [main] ERROR o.s.b.d.LoggingFailureAnalysisReporter - 

***************************
APPLICATION FAILED TO START
***************************

Description:

Web server failed to start. Port 8083 was already in use.

Action:

Identify and stop the process that's listening on port 8083 or configure this application to listen on another port.

2026-02-26 17:54:27 [http-nio-8083-exec-1] INFO  o.a.c.c.C.[Tomcat].[localhost].[/] - Initializing Spring DispatcherServlet 'dispatcherServlet'
2026-02-26 17:54:27 [http-nio-8083-exec-1] INFO  o.s.web.servlet.DispatcherServlet - Initializing Servlet 'dispatcherServlet'
2026-02-26 17:54:27 [http-nio-8083-exec-1] INFO  o.s.web.servlet.DispatcherServlet - Completed initialization in 3 ms
2026-02-26 18:03:55 [http-nio-8083-exec-2] DEBUG c.u.l.p.c.j.JwtAuthenticationFilter - JWT 인증 완료 — memberId: 4d80b045-3a04-450f-a440-94fee21918fd
2026-02-26 18:03:55 [http-nio-8083-exec-2] DEBUG c.u.l.p.s.i.SubscriptionServiceImpl - 구독 플랜 조회 완료 — memberId: 4d80b045-3a04-450f-a440-94fee21918fd, currentPlan: FREE
2026-02-26 18:03:56 [http-nio-8083-exec-4] DEBUG c.u.l.p.c.j.JwtAuthenticationFilter - JWT 인증 완료 — memberId: 4d80b045-3a04-450f-a440-94fee21918fd
2026-02-26 18:03:56 [http-nio-8083-exec-4] WARN  c.u.l.p.e.GlobalExceptionHandler - 입력값 유효성 오류: 결제 수단은 필수입니다.
2026-02-26 18:03:56 [http-nio-8083-exec-5] DEBUG c.u.l.p.c.j.JwtAuthenticationFilter - JWT 인증 완료 — memberId: 4d80b045-3a04-450f-a440-94fee21918fd
2026-02-26 18:03:56 [http-nio-8083-exec-5] WARN  c.u.l.p.e.GlobalExceptionHandler - 비즈니스 예외 발생 — errorCode: SUBSCRIPTION_NOT_FOUND, message: 활성 구독 정보를 찾을 수 없습니다.
2026-02-26 18:11:10 [http-nio-8083-exec-9] DEBUG c.u.l.p.c.j.JwtAuthenticationFilter - JWT 인증 완료 — memberId: 3bf01aa0-6f9e-42d0-a091-c9072a4971a8
2026-02-26 18:11:10 [http-nio-8083-exec-9] DEBUG c.u.l.p.s.i.SubscriptionServiceImpl - 구독 플랜 캐시 히트
2026-02-26 18:11:10 [http-nio-8083-exec-10] DEBUG c.u.l.p.c.j.JwtAuthenticationFilter - JWT 인증 완료 — memberId: 3bf01aa0-6f9e-42d0-a091-c9072a4971a8
2026-02-26 18:11:10 [http-nio-8083-exec-10] WARN  c.u.l.p.e.GlobalExceptionHandler - 입력값 유효성 오류: 카드 번호 형식이 올바르지 않습니다.
2026-02-26 18:11:10 [http-nio-8083-exec-1] DEBUG c.u.l.p.c.j.JwtAuthenticationFilter - JWT 인증 완료 — memberId: 3bf01aa0-6f9e-42d0-a091-c9072a4971a8
2026-02-26 18:11:10 [http-nio-8083-exec-1] WARN  c.u.l.p.e.GlobalExceptionHandler - 비즈니스 예외 발생 — errorCode: SUBSCRIPTION_NOT_FOUND, message: 활성 구독 정보를 찾을 수 없습니다.
2026-02-26 18:13:25 [http-nio-8083-exec-5] DEBUG c.u.l.p.c.j.JwtAuthenticationFilter - JWT 인증 완료 — memberId: c1db656f-00cd-460e-8cc0-9380ae8b7d30
2026-02-26 18:13:25 [http-nio-8083-exec-5] DEBUG c.u.l.p.s.i.SubscriptionServiceImpl - 구독 플랜 캐시 히트
2026-02-26 18:13:25 [http-nio-8083-exec-3] DEBUG c.u.l.p.c.j.JwtAuthenticationFilter - JWT 인증 완료 — memberId: c1db656f-00cd-460e-8cc0-9380ae8b7d30
2026-02-26 18:13:26 [http-nio-8083-exec-3] INFO  c.u.l.p.s.i.SubscriptionServiceImpl - PG 결제 요청 — memberId: c1db656f-00cd-460e-8cc0-9380ae8b7d30, planId: PREMIUM_MONTHLY, amount: 4900
2026-02-26 18:13:26 [http-nio-8083-exec-3] INFO  c.u.l.p.m.SubscriptionEventPublisher - 구독 이벤트 발행 완료 — eventType: SUBSCRIPTION_ACTIVATED, memberId: c1db656f-00cd-460e-8cc0-9380ae8b7d30
2026-02-26 18:13:26 [http-nio-8083-exec-3] INFO  c.u.l.p.s.i.SubscriptionServiceImpl - 구독 결제 완료 — memberId: c1db656f-00cd-460e-8cc0-9380ae8b7d30, subscriptionId: 9c7fcf1c-c32c-4953-a6ad-bf7dbefbb682, planId: PREMIUM_MONTHLY
2026-02-26 18:13:26 [http-nio-8083-exec-9] DEBUG c.u.l.p.c.j.JwtAuthenticationFilter - JWT 인증 완료 — memberId: c1db656f-00cd-460e-8cc0-9380ae8b7d30
2026-02-26 18:13:26 [http-nio-8083-exec-9] INFO  c.u.l.p.m.SubscriptionEventPublisher - 구독 이벤트 발행 완료 — eventType: SUBSCRIPTION_TRIAL_EXTENDED, memberId: c1db656f-00cd-460e-8cc0-9380ae8b7d30
2026-02-26 18:13:26 [http-nio-8083-exec-9] INFO  c.u.l.p.s.i.SubscriptionServiceImpl - 7일 무료 연장 완료 — memberId: c1db656f-00cd-460e-8cc0-9380ae8b7d30, newExpiresAt: 2026-04-02T18:13:26.039418
2026-02-26 18:14:09 [http-nio-8083-exec-2] DEBUG c.u.l.p.c.j.JwtAuthenticationFilter - JWT 인증 완료 — memberId: 8c99cdcf-b409-48e7-88d7-1cbee99594fd
2026-02-26 18:14:09 [http-nio-8083-exec-2] DEBUG c.u.l.p.s.i.SubscriptionServiceImpl - 구독 플랜 캐시 히트
2026-02-26 18:14:09 [http-nio-8083-exec-4] DEBUG c.u.l.p.c.j.JwtAuthenticationFilter - JWT 인증 완료 — memberId: 8c99cdcf-b409-48e7-88d7-1cbee99594fd
2026-02-26 18:14:09 [http-nio-8083-exec-4] INFO  c.u.l.p.s.i.SubscriptionServiceImpl - PG 결제 요청 — memberId: 8c99cdcf-b409-48e7-88d7-1cbee99594fd, planId: PREMIUM_MONTHLY, amount: 4900
2026-02-26 18:14:09 [http-nio-8083-exec-4] INFO  c.u.l.p.m.SubscriptionEventPublisher - 구독 이벤트 발행 완료 — eventType: SUBSCRIPTION_ACTIVATED, memberId: 8c99cdcf-b409-48e7-88d7-1cbee99594fd
2026-02-26 18:14:09 [http-nio-8083-exec-4] INFO  c.u.l.p.s.i.SubscriptionServiceImpl - 구독 결제 완료 — memberId: 8c99cdcf-b409-48e7-88d7-1cbee99594fd, subscriptionId: 12761ebf-0767-414a-ae09-a9a79f645e65, planId: PREMIUM_MONTHLY
2026-02-26 18:14:09 [http-nio-8083-exec-7] DEBUG c.u.l.p.c.j.JwtAuthenticationFilter - JWT 인증 완료 — memberId: 8c99cdcf-b409-48e7-88d7-1cbee99594fd
2026-02-26 18:14:09 [http-nio-8083-exec-7] INFO  c.u.l.p.m.SubscriptionEventPublisher - 구독 이벤트 발행 완료 — eventType: SUBSCRIPTION_TRIAL_EXTENDED, memberId: 8c99cdcf-b409-48e7-88d7-1cbee99594fd
2026-02-26 18:14:09 [http-nio-8083-exec-7] INFO  c.u.l.p.s.i.SubscriptionServiceImpl - 7일 무료 연장 완료 — memberId: 8c99cdcf-b409-48e7-88d7-1cbee99594fd, newExpiresAt: 2026-04-02T18:14:09.464744
2026-02-26 18:23:25 [lettuce-eventExecutorLoop-1-1] INFO  i.l.core.protocol.ConnectionWatchdog - Reconnecting, last destination was localhost/127.0.0.1:16379
2026-02-26 18:23:25 [lettuce-eventExecutorLoop-1-2] INFO  i.l.core.protocol.ConnectionWatchdog - Reconnecting, last destination was localhost/127.0.0.1:16379
2026-02-26 18:23:25 [lettuce-nioEventLoop-4-4] WARN  i.l.core.protocol.ConnectionWatchdog - Cannot reconnect to [localhost/<unresolved>:16379]: Connection closed prematurely
io.lettuce.core.RedisConnectionException: Connection closed prematurely
	at io.lettuce.core.protocol.RedisHandshakeHandler.channelInactive(RedisHandshakeHandler.java:76)
	at io.netty.channel.AbstractChannelHandlerContext.invokeChannelInactive(AbstractChannelHandlerContext.java:303)
	at io.netty.channel.AbstractChannelHandlerContext.invokeChannelInactive(AbstractChannelHandlerContext.java:281)
	at io.netty.channel.AbstractChannelHandlerContext.fireChannelInactive(AbstractChannelHandlerContext.java:274)
	at io.netty.channel.ChannelInboundHandlerAdapter.channelInactive(ChannelInboundHandlerAdapter.java:81)
	at io.lettuce.core.ChannelGroupListener.channelInactive(ChannelGroupListener.java:54)
	at io.netty.channel.AbstractChannelHandlerContext.invokeChannelInactive(AbstractChannelHandlerContext.java:303)
	at io.netty.channel.AbstractChannelHandlerContext.invokeChannelInactive(AbstractChannelHandlerContext.java:281)
	at io.netty.channel.AbstractChannelHandlerContext.fireChannelInactive(AbstractChannelHandlerContext.java:274)
	at io.netty.channel.DefaultChannelPipeline$HeadContext.channelInactive(DefaultChannelPipeline.java:1352)
	at io.netty.channel.AbstractChannelHandlerContext.invokeChannelInactive(AbstractChannelHandlerContext.java:301)
	at io.netty.channel.AbstractChannelHandlerContext.invokeChannelInactive(AbstractChannelHandlerContext.java:281)
	at io.netty.channel.DefaultChannelPipeline.fireChannelInactive(DefaultChannelPipeline.java:850)
	at io.netty.channel.AbstractChannel$AbstractUnsafe$7.run(AbstractChannel.java:811)
	at io.netty.util.concurrent.AbstractEventExecutor.runTask(AbstractEventExecutor.java:173)
	at io.netty.util.concurrent.AbstractEventExecutor.safeExecute(AbstractEventExecutor.java:166)
	at io.netty.util.concurrent.SingleThreadEventExecutor.runAllTasks(SingleThreadEventExecutor.java:472)
	at io.netty.channel.nio.NioEventLoop.run(NioEventLoop.java:566)
	at io.netty.util.concurrent.SingleThreadEventExecutor$4.run(SingleThreadEventExecutor.java:997)
	at io.netty.util.internal.ThreadExecutorMap$2.run(ThreadExecutorMap.java:74)
	at io.netty.util.concurrent.FastThreadLocalRunnable.run(FastThreadLocalRunnable.java:30)
	at java.base/java.lang.Thread.run(Thread.java:1583)
2026-02-26 18:23:25 [lettuce-nioEventLoop-4-3] WARN  i.l.core.protocol.ConnectionWatchdog - Cannot reconnect to [localhost/<unresolved>:16379]: Connection closed prematurely
io.lettuce.core.RedisConnectionException: Connection closed prematurely
	at io.lettuce.core.protocol.RedisHandshakeHandler.channelInactive(RedisHandshakeHandler.java:76)
	at io.netty.channel.AbstractChannelHandlerContext.invokeChannelInactive(AbstractChannelHandlerContext.java:303)
	at io.netty.channel.AbstractChannelHandlerContext.invokeChannelInactive(AbstractChannelHandlerContext.java:281)
	at io.netty.channel.AbstractChannelHandlerContext.fireChannelInactive(AbstractChannelHandlerContext.java:274)
	at io.netty.channel.ChannelInboundHandlerAdapter.channelInactive(ChannelInboundHandlerAdapter.java:81)
	at io.lettuce.core.ChannelGroupListener.channelInactive(ChannelGroupListener.java:54)
	at io.netty.channel.AbstractChannelHandlerContext.invokeChannelInactive(AbstractChannelHandlerContext.java:303)
	at io.netty.channel.AbstractChannelHandlerContext.invokeChannelInactive(AbstractChannelHandlerContext.java:281)
	at io.netty.channel.AbstractChannelHandlerContext.fireChannelInactive(AbstractChannelHandlerContext.java:274)
	at io.netty.channel.DefaultChannelPipeline$HeadContext.channelInactive(DefaultChannelPipeline.java:1352)
	at io.netty.channel.AbstractChannelHandlerContext.invokeChannelInactive(AbstractChannelHandlerContext.java:301)
	at io.netty.channel.AbstractChannelHandlerContext.invokeChannelInactive(AbstractChannelHandlerContext.java:281)
	at io.netty.channel.DefaultChannelPipeline.fireChannelInactive(DefaultChannelPipeline.java:850)
	at io.netty.channel.AbstractChannel$AbstractUnsafe$7.run(AbstractChannel.java:811)
	at io.netty.util.concurrent.AbstractEventExecutor.runTask(AbstractEventExecutor.java:173)
	at io.netty.util.concurrent.AbstractEventExecutor.safeExecute(AbstractEventExecutor.java:166)
	at io.netty.util.concurrent.SingleThreadEventExecutor.runAllTasks(SingleThreadEventExecutor.java:472)
	at io.netty.channel.nio.NioEventLoop.run(NioEventLoop.java:566)
	at io.netty.util.concurrent.SingleThreadEventExecutor$4.run(SingleThreadEventExecutor.java:997)
	at io.netty.util.internal.ThreadExecutorMap$2.run(ThreadExecutorMap.java:74)
	at io.netty.util.concurrent.FastThreadLocalRunnable.run(FastThreadLocalRunnable.java:30)
	at java.base/java.lang.Thread.run(Thread.java:1583)
2026-02-26 18:23:34 [lettuce-eventExecutorLoop-1-18] INFO  i.l.core.protocol.ConnectionWatchdog - Reconnecting, last destination was localhost/<unresolved>:16379
2026-02-26 18:23:34 [lettuce-eventExecutorLoop-1-17] INFO  i.l.core.protocol.ConnectionWatchdog - Reconnecting, last destination was localhost/<unresolved>:16379
2026-02-26 18:23:34 [lettuce-nioEventLoop-4-28] WARN  i.l.core.protocol.ConnectionWatchdog - Cannot reconnect to [localhost/<unresolved>:16379]: Connection refused: no further information: localhost/127.0.0.1:16379
2026-02-26 18:23:34 [lettuce-nioEventLoop-4-27] WARN  i.l.core.protocol.ConnectionWatchdog - Cannot reconnect to [localhost/<unresolved>:16379]: Connection refused: no further information: localhost/127.0.0.1:16379
2026-02-26 18:23:42 [lettuce-eventExecutorLoop-1-22] INFO  i.l.core.protocol.ConnectionWatchdog - Reconnecting, last destination was localhost/<unresolved>:16379
2026-02-26 18:23:42 [lettuce-eventExecutorLoop-1-21] INFO  i.l.core.protocol.ConnectionWatchdog - Reconnecting, last destination was localhost/<unresolved>:16379
2026-02-26 18:23:42 [lettuce-nioEventLoop-4-30] WARN  i.l.core.protocol.ConnectionWatchdog - Cannot reconnect to [localhost/<unresolved>:16379]: Connection refused: no further information: localhost/127.0.0.1:16379
2026-02-26 18:23:42 [lettuce-nioEventLoop-4-29] WARN  i.l.core.protocol.ConnectionWatchdog - Cannot reconnect to [localhost/<unresolved>:16379]: Connection refused: no further information: localhost/127.0.0.1:16379
2026-02-26 18:23:59 [lettuce-eventExecutorLoop-1-26] INFO  i.l.core.protocol.ConnectionWatchdog - Reconnecting, last destination was localhost/<unresolved>:16379
2026-02-26 18:23:59 [lettuce-eventExecutorLoop-1-25] INFO  i.l.core.protocol.ConnectionWatchdog - Reconnecting, last destination was localhost/<unresolved>:16379
2026-02-26 18:23:59 [lettuce-nioEventLoop-4-31] WARN  i.l.core.protocol.ConnectionWatchdog - Cannot reconnect to [localhost/<unresolved>:16379]: Connection refused: no further information: localhost/127.0.0.1:16379
2026-02-26 18:23:59 [lettuce-nioEventLoop-4-32] WARN  i.l.core.protocol.ConnectionWatchdog - Cannot reconnect to [localhost/<unresolved>:16379]: Connection refused: no further information: localhost/127.0.0.1:16379
2026-02-26 18:24:29 [lettuce-eventExecutorLoop-1-29] INFO  i.l.core.protocol.ConnectionWatchdog - Reconnecting, last destination was localhost/<unresolved>:16379
2026-02-26 18:24:29 [lettuce-eventExecutorLoop-1-30] INFO  i.l.core.protocol.ConnectionWatchdog - Reconnecting, last destination was localhost/<unresolved>:16379
2026-02-26 18:24:29 [lettuce-nioEventLoop-4-2] WARN  i.l.core.protocol.ConnectionWatchdog - Cannot reconnect to [localhost/<unresolved>:16379]: Connection refused: no further information: localhost/127.0.0.1:16379
2026-02-26 18:24:29 [lettuce-nioEventLoop-4-1] WARN  i.l.core.protocol.ConnectionWatchdog - Cannot reconnect to [localhost/<unresolved>:16379]: Connection refused: no further information: localhost/127.0.0.1:16379
2026-02-26 18:24:59 [lettuce-eventExecutorLoop-1-2] INFO  i.l.core.protocol.ConnectionWatchdog - Reconnecting, last destination was localhost/<unresolved>:16379
2026-02-26 18:24:59 [lettuce-eventExecutorLoop-1-1] INFO  i.l.core.protocol.ConnectionWatchdog - Reconnecting, last destination was localhost/<unresolved>:16379
2026-02-26 18:24:59 [lettuce-nioEventLoop-4-3] WARN  i.l.core.protocol.ConnectionWatchdog - Cannot reconnect to [localhost/<unresolved>:16379]: Connection refused: no further information: localhost/127.0.0.1:16379
2026-02-26 18:24:59 [lettuce-nioEventLoop-4-4] WARN  i.l.core.protocol.ConnectionWatchdog - Cannot reconnect to [localhost/<unresolved>:16379]: Connection refused: no further information: localhost/127.0.0.1:16379
2026-02-26 18:25:29 [lettuce-eventExecutorLoop-1-6] INFO  i.l.core.protocol.ConnectionWatchdog - Reconnecting, last destination was localhost/<unresolved>:16379
2026-02-26 18:25:29 [lettuce-eventExecutorLoop-1-5] INFO  i.l.core.protocol.ConnectionWatchdog - Reconnecting, last destination was localhost/<unresolved>:16379
2026-02-26 18:25:29 [lettuce-nioEventLoop-4-6] WARN  i.l.core.protocol.ConnectionWatchdog - Cannot reconnect to [localhost/<unresolved>:16379]: Connection refused: no further information: localhost/127.0.0.1:16379
2026-02-26 18:25:29 [lettuce-nioEventLoop-4-5] WARN  i.l.core.protocol.ConnectionWatchdog - Cannot reconnect to [localhost/<unresolved>:16379]: Connection refused: no further information: localhost/127.0.0.1:16379
2026-02-26 18:25:59 [lettuce-eventExecutorLoop-1-9] INFO  i.l.core.protocol.ConnectionWatchdog - Reconnecting, last destination was localhost/<unresolved>:16379
2026-02-26 18:25:59 [lettuce-eventExecutorLoop-1-10] INFO  i.l.core.protocol.ConnectionWatchdog - Reconnecting, last destination was localhost/<unresolved>:16379
2026-02-26 18:25:59 [lettuce-nioEventLoop-4-8] WARN  i.l.core.protocol.ConnectionWatchdog - Cannot reconnect to [localhost/<unresolved>:16379]: Connection refused: no further information: localhost/127.0.0.1:16379
2026-02-26 18:25:59 [lettuce-nioEventLoop-4-7] WARN  i.l.core.protocol.ConnectionWatchdog - Cannot reconnect to [localhost/<unresolved>:16379]: Connection refused: no further information: localhost/127.0.0.1:16379
2026-02-26 18:26:29 [lettuce-eventExecutorLoop-1-13] INFO  i.l.core.protocol.ConnectionWatchdog - Reconnecting, last destination was localhost/<unresolved>:16379
2026-02-26 18:26:29 [lettuce-eventExecutorLoop-1-14] INFO  i.l.core.protocol.ConnectionWatchdog - Reconnecting, last destination was localhost/<unresolved>:16379
2026-02-26 18:26:29 [lettuce-nioEventLoop-4-10] WARN  i.l.core.protocol.ConnectionWatchdog - Cannot reconnect to [localhost/<unresolved>:16379]: Connection refused: no further information: localhost/127.0.0.1:16379
2026-02-26 18:26:29 [lettuce-nioEventLoop-4-9] WARN  i.l.core.protocol.ConnectionWatchdog - Cannot reconnect to [localhost/<unresolved>:16379]: Connection refused: no further information: localhost/127.0.0.1:16379
2026-02-26 18:26:59 [lettuce-eventExecutorLoop-1-17] INFO  i.l.core.protocol.ConnectionWatchdog - Reconnecting, last destination was localhost/<unresolved>:16379
2026-02-26 18:26:59 [lettuce-eventExecutorLoop-1-18] INFO  i.l.core.protocol.ConnectionWatchdog - Reconnecting, last destination was localhost/<unresolved>:16379
2026-02-26 18:26:59 [lettuce-nioEventLoop-4-12] WARN  i.l.core.protocol.ConnectionWatchdog - Cannot reconnect to [localhost/<unresolved>:16379]: Connection refused: no further information: localhost/127.0.0.1:16379
2026-02-26 18:26:59 [lettuce-nioEventLoop-4-11] WARN  i.l.core.protocol.ConnectionWatchdog - Cannot reconnect to [localhost/<unresolved>:16379]: Connection refused: no further information: localhost/127.0.0.1:16379
2026-02-26 18:27:30 [lettuce-eventExecutorLoop-1-22] INFO  i.l.core.protocol.ConnectionWatchdog - Reconnecting, last destination was localhost/<unresolved>:16379
2026-02-26 18:27:30 [lettuce-eventExecutorLoop-1-21] INFO  i.l.core.protocol.ConnectionWatchdog - Reconnecting, last destination was localhost/<unresolved>:16379
2026-02-26 18:27:30 [lettuce-nioEventLoop-4-14] WARN  i.l.core.protocol.ConnectionWatchdog - Cannot reconnect to [localhost/<unresolved>:16379]: Connection refused: no further information: localhost/127.0.0.1:16379
2026-02-26 18:27:30 [lettuce-nioEventLoop-4-13] WARN  i.l.core.protocol.ConnectionWatchdog - Cannot reconnect to [localhost/<unresolved>:16379]: Connection refused: no further information: localhost/127.0.0.1:16379
2026-02-26 18:28:00 [lettuce-eventExecutorLoop-1-25] INFO  i.l.core.protocol.ConnectionWatchdog - Reconnecting, last destination was localhost/<unresolved>:16379
2026-02-26 18:28:00 [lettuce-eventExecutorLoop-1-26] INFO  i.l.core.protocol.ConnectionWatchdog - Reconnecting, last destination was localhost/<unresolved>:16379
2026-02-26 18:28:00 [lettuce-nioEventLoop-4-16] WARN  i.l.core.protocol.ConnectionWatchdog - Cannot reconnect to [localhost/<unresolved>:16379]: Connection refused: no further information: localhost/127.0.0.1:16379
2026-02-26 18:28:00 [lettuce-nioEventLoop-4-15] WARN  i.l.core.protocol.ConnectionWatchdog - Cannot reconnect to [localhost/<unresolved>:16379]: Connection refused: no further information: localhost/127.0.0.1:16379
2026-02-26 18:28:30 [lettuce-eventExecutorLoop-1-29] INFO  i.l.core.protocol.ConnectionWatchdog - Reconnecting, last destination was localhost/<unresolved>:16379
2026-02-26 18:28:30 [lettuce-eventExecutorLoop-1-30] INFO  i.l.core.protocol.ConnectionWatchdog - Reconnecting, last destination was localhost/<unresolved>:16379
2026-02-26 18:28:30 [lettuce-nioEventLoop-4-18] WARN  i.l.core.protocol.ConnectionWatchdog - Cannot reconnect to [localhost/<unresolved>:16379]: Connection refused: no further information: localhost/127.0.0.1:16379
2026-02-26 18:28:30 [lettuce-nioEventLoop-4-17] WARN  i.l.core.protocol.ConnectionWatchdog - Cannot reconnect to [localhost/<unresolved>:16379]: Connection refused: no further information: localhost/127.0.0.1:16379
2026-02-26 18:29:00 [lettuce-eventExecutorLoop-1-2] INFO  i.l.core.protocol.ConnectionWatchdog - Reconnecting, last destination was localhost/<unresolved>:16379
2026-02-26 18:29:00 [lettuce-eventExecutorLoop-1-1] INFO  i.l.core.protocol.ConnectionWatchdog - Reconnecting, last destination was localhost/<unresolved>:16379
2026-02-26 18:29:00 [lettuce-nioEventLoop-4-20] WARN  i.l.core.protocol.ConnectionWatchdog - Cannot reconnect to [localhost/<unresolved>:16379]: Connection refused: no further information: localhost/127.0.0.1:16379
2026-02-26 18:29:00 [lettuce-nioEventLoop-4-19] WARN  i.l.core.protocol.ConnectionWatchdog - Cannot reconnect to [localhost/<unresolved>:16379]: Connection refused: no further information: localhost/127.0.0.1:16379
2026-02-26 18:29:30 [lettuce-eventExecutorLoop-1-6] INFO  i.l.core.protocol.ConnectionWatchdog - Reconnecting, last destination was localhost/<unresolved>:16379
2026-02-26 18:29:30 [lettuce-eventExecutorLoop-1-5] INFO  i.l.core.protocol.ConnectionWatchdog - Reconnecting, last destination was localhost/<unresolved>:16379
2026-02-26 18:29:30 [lettuce-nioEventLoop-4-22] WARN  i.l.core.protocol.ConnectionWatchdog - Cannot reconnect to [localhost/<unresolved>:16379]: Connection refused: no further information: localhost/127.0.0.1:16379
2026-02-26 18:29:30 [lettuce-nioEventLoop-4-21] WARN  i.l.core.protocol.ConnectionWatchdog - Cannot reconnect to [localhost/<unresolved>:16379]: Connection refused: no further information: localhost/127.0.0.1:16379
2026-02-26 18:30:00 [lettuce-eventExecutorLoop-1-9] INFO  i.l.core.protocol.ConnectionWatchdog - Reconnecting, last destination was localhost/<unresolved>:16379
2026-02-26 18:30:00 [lettuce-eventExecutorLoop-1-10] INFO  i.l.core.protocol.ConnectionWatchdog - Reconnecting, last destination was localhost/<unresolved>:16379
2026-02-26 18:30:00 [lettuce-nioEventLoop-4-24] WARN  i.l.core.protocol.ConnectionWatchdog - Cannot reconnect to [localhost/<unresolved>:16379]: Connection refused: no further information: localhost/127.0.0.1:16379
2026-02-26 18:30:00 [lettuce-nioEventLoop-4-23] WARN  i.l.core.protocol.ConnectionWatchdog - Cannot reconnect to [localhost/<unresolved>:16379]: Connection refused: no further information: localhost/127.0.0.1:16379
2026-02-26 18:30:30 [lettuce-eventExecutorLoop-1-13] INFO  i.l.core.protocol.ConnectionWatchdog - Reconnecting, last destination was localhost/<unresolved>:16379
2026-02-26 18:30:30 [lettuce-eventExecutorLoop-1-14] INFO  i.l.core.protocol.ConnectionWatchdog - Reconnecting, last destination was localhost/<unresolved>:16379
2026-02-26 18:30:30 [lettuce-nioEventLoop-4-26] WARN  i.l.core.protocol.ConnectionWatchdog - Cannot reconnect to [localhost/<unresolved>:16379]: Connection refused: no further information: localhost/127.0.0.1:16379
2026-02-26 18:30:30 [lettuce-nioEventLoop-4-25] WARN  i.l.core.protocol.ConnectionWatchdog - Cannot reconnect to [localhost/<unresolved>:16379]: Connection refused: no further information: localhost/127.0.0.1:16379
2026-02-26 18:31:00 [lettuce-eventExecutorLoop-1-18] INFO  i.l.core.protocol.ConnectionWatchdog - Reconnecting, last destination was localhost/<unresolved>:16379
2026-02-26 18:31:00 [lettuce-eventExecutorLoop-1-17] INFO  i.l.core.protocol.ConnectionWatchdog - Reconnecting, last destination was localhost/<unresolved>:16379
2026-02-26 18:31:00 [lettuce-nioEventLoop-4-27] WARN  i.l.core.protocol.ConnectionWatchdog - Cannot reconnect to [localhost/<unresolved>:16379]: Connection refused: no further information: localhost/127.0.0.1:16379
2026-02-26 18:31:00 [lettuce-nioEventLoop-4-28] WARN  i.l.core.protocol.ConnectionWatchdog - Cannot reconnect to [localhost/<unresolved>:16379]: Connection refused: no further information: localhost/127.0.0.1:16379
2026-02-26 18:31:30 [lettuce-eventExecutorLoop-1-21] INFO  i.l.core.protocol.ConnectionWatchdog - Reconnecting, last destination was localhost/<unresolved>:16379
2026-02-26 18:31:30 [lettuce-eventExecutorLoop-1-22] INFO  i.l.core.protocol.ConnectionWatchdog - Reconnecting, last destination was localhost/<unresolved>:16379
2026-02-26 18:31:30 [lettuce-nioEventLoop-4-29] WARN  i.l.core.protocol.ConnectionWatchdog - Cannot reconnect to [localhost/<unresolved>:16379]: Connection refused: no further information: localhost/127.0.0.1:16379
2026-02-26 18:31:30 [lettuce-nioEventLoop-4-30] WARN  i.l.core.protocol.ConnectionWatchdog - Cannot reconnect to [localhost/<unresolved>:16379]: Connection refused: no further information: localhost/127.0.0.1:16379
2026-02-26 18:32:00 [lettuce-eventExecutorLoop-1-25] INFO  i.l.core.protocol.ConnectionWatchdog - Reconnecting, last destination was localhost/<unresolved>:16379
2026-02-26 18:32:00 [lettuce-eventExecutorLoop-1-26] INFO  i.l.core.protocol.ConnectionWatchdog - Reconnecting, last destination was localhost/<unresolved>:16379
2026-02-26 18:32:00 [lettuce-nioEventLoop-4-31] WARN  i.l.core.protocol.ConnectionWatchdog - Cannot reconnect to [localhost/<unresolved>:16379]: Connection refused: no further information: localhost/127.0.0.1:16379
2026-02-26 18:32:00 [lettuce-nioEventLoop-4-32] WARN  i.l.core.protocol.ConnectionWatchdog - Cannot reconnect to [localhost/<unresolved>:16379]: Connection refused: no further information: localhost/127.0.0.1:16379
2026-02-26 18:32:31 [lettuce-eventExecutorLoop-1-30] INFO  i.l.core.protocol.ConnectionWatchdog - Reconnecting, last destination was localhost/<unresolved>:16379
2026-02-26 18:32:31 [lettuce-eventExecutorLoop-1-29] INFO  i.l.core.protocol.ConnectionWatchdog - Reconnecting, last destination was localhost/<unresolved>:16379
2026-02-26 18:32:31 [lettuce-nioEventLoop-4-2] WARN  i.l.core.protocol.ConnectionWatchdog - Cannot reconnect to [localhost/<unresolved>:16379]: Connection refused: no further information: localhost/127.0.0.1:16379
2026-02-26 18:32:31 [lettuce-nioEventLoop-4-1] WARN  i.l.core.protocol.ConnectionWatchdog - Cannot reconnect to [localhost/<unresolved>:16379]: Connection refused: no further information: localhost/127.0.0.1:16379
2026-02-26 18:33:01 [lettuce-eventExecutorLoop-1-1] INFO  i.l.core.protocol.ConnectionWatchdog - Reconnecting, last destination was localhost/<unresolved>:16379
2026-02-26 18:33:01 [lettuce-eventExecutorLoop-1-2] INFO  i.l.core.protocol.ConnectionWatchdog - Reconnecting, last destination was localhost/<unresolved>:16379
2026-02-26 18:33:01 [lettuce-nioEventLoop-4-4] WARN  i.l.core.protocol.ConnectionWatchdog - Cannot reconnect to [localhost/<unresolved>:16379]: Connection refused: no further information: localhost/127.0.0.1:16379
2026-02-26 18:33:01 [lettuce-nioEventLoop-4-3] WARN  i.l.core.protocol.ConnectionWatchdog - Cannot reconnect to [localhost/<unresolved>:16379]: Connection refused: no further information: localhost/127.0.0.1:16379
2026-02-26 18:33:31 [lettuce-eventExecutorLoop-1-5] INFO  i.l.core.protocol.ConnectionWatchdog - Reconnecting, last destination was localhost/<unresolved>:16379
2026-02-26 18:33:31 [lettuce-eventExecutorLoop-1-6] INFO  i.l.core.protocol.ConnectionWatchdog - Reconnecting, last destination was localhost/<unresolved>:16379
2026-02-26 18:33:31 [lettuce-nioEventLoop-4-6] WARN  i.l.core.protocol.ConnectionWatchdog - Cannot reconnect to [localhost/<unresolved>:16379]: Connection refused: no further information: localhost/127.0.0.1:16379
2026-02-26 18:33:31 [lettuce-nioEventLoop-4-5] WARN  i.l.core.protocol.ConnectionWatchdog - Cannot reconnect to [localhost/<unresolved>:16379]: Connection refused: no further information: localhost/127.0.0.1:16379
2026-02-26 18:34:01 [lettuce-eventExecutorLoop-1-10] INFO  i.l.core.protocol.ConnectionWatchdog - Reconnecting, last destination was localhost/<unresolved>:16379
2026-02-26 18:34:01 [lettuce-eventExecutorLoop-1-9] INFO  i.l.core.protocol.ConnectionWatchdog - Reconnecting, last destination was localhost/<unresolved>:16379
2026-02-26 18:34:01 [lettuce-nioEventLoop-4-8] WARN  i.l.core.protocol.ConnectionWatchdog - Cannot reconnect to [localhost/<unresolved>:16379]: Connection refused: no further information: localhost/127.0.0.1:16379
2026-02-26 18:34:01 [lettuce-nioEventLoop-4-7] WARN  i.l.core.protocol.ConnectionWatchdog - Cannot reconnect to [localhost/<unresolved>:16379]: Connection refused: no further information: localhost/127.0.0.1:16379
2026-02-26 18:34:31 [lettuce-eventExecutorLoop-1-13] INFO  i.l.core.protocol.ConnectionWatchdog - Reconnecting, last destination was localhost/<unresolved>:16379
2026-02-26 18:34:31 [lettuce-eventExecutorLoop-1-14] INFO  i.l.core.protocol.ConnectionWatchdog - Reconnecting, last destination was localhost/<unresolved>:16379
2026-02-26 18:34:31 [lettuce-nioEventLoop-4-9] WARN  i.l.core.protocol.ConnectionWatchdog - Cannot reconnect to [localhost/<unresolved>:16379]: Connection refused: no further information: localhost/127.0.0.1:16379
2026-02-26 18:34:31 [lettuce-nioEventLoop-4-10] WARN  i.l.core.protocol.ConnectionWatchdog - Cannot reconnect to [localhost/<unresolved>:16379]: Connection refused: no further information: localhost/127.0.0.1:16379
2026-02-26 18:35:01 [lettuce-eventExecutorLoop-1-17] INFO  i.l.core.protocol.ConnectionWatchdog - Reconnecting, last destination was localhost/<unresolved>:16379
2026-02-26 18:35:01 [lettuce-eventExecutorLoop-1-18] INFO  i.l.core.protocol.ConnectionWatchdog - Reconnecting, last destination was localhost/<unresolved>:16379
2026-02-26 18:35:01 [lettuce-nioEventLoop-4-12] WARN  i.l.core.protocol.ConnectionWatchdog - Cannot reconnect to [localhost/<unresolved>:16379]: Connection refused: no further information: localhost/127.0.0.1:16379
2026-02-26 18:35:01 [lettuce-nioEventLoop-4-11] WARN  i.l.core.protocol.ConnectionWatchdog - Cannot reconnect to [localhost/<unresolved>:16379]: Connection refused: no further information: localhost/127.0.0.1:16379
2026-02-26 18:35:31 [lettuce-eventExecutorLoop-1-21] INFO  i.l.core.protocol.ConnectionWatchdog - Reconnecting, last destination was localhost/<unresolved>:16379
2026-02-26 18:35:31 [lettuce-eventExecutorLoop-1-22] INFO  i.l.core.protocol.ConnectionWatchdog - Reconnecting, last destination was localhost/<unresolved>:16379
2026-02-26 18:35:31 [lettuce-nioEventLoop-4-13] WARN  i.l.core.protocol.ConnectionWatchdog - Cannot reconnect to [localhost/<unresolved>:16379]: Connection refused: no further information: localhost/127.0.0.1:16379
2026-02-26 18:35:31 [lettuce-nioEventLoop-4-14] WARN  i.l.core.protocol.ConnectionWatchdog - Cannot reconnect to [localhost/<unresolved>:16379]: Connection refused: no further information: localhost/127.0.0.1:16379
2026-02-26 18:36:01 [lettuce-eventExecutorLoop-1-26] INFO  i.l.core.protocol.ConnectionWatchdog - Reconnecting, last destination was localhost/<unresolved>:16379
2026-02-26 18:36:01 [lettuce-eventExecutorLoop-1-25] INFO  i.l.core.protocol.ConnectionWatchdog - Reconnecting, last destination was localhost/<unresolved>:16379
2026-02-26 18:36:01 [lettuce-nioEventLoop-4-16] WARN  i.l.core.protocol.ConnectionWatchdog - Cannot reconnect to [localhost/<unresolved>:16379]: Connection refused: no further information: localhost/127.0.0.1:16379
2026-02-26 18:36:01 [lettuce-nioEventLoop-4-15] WARN  i.l.core.protocol.ConnectionWatchdog - Cannot reconnect to [localhost/<unresolved>:16379]: Connection refused: no further information: localhost/127.0.0.1:16379
2026-02-26 18:36:31 [lettuce-eventExecutorLoop-1-30] INFO  i.l.core.protocol.ConnectionWatchdog - Reconnecting, last destination was localhost/<unresolved>:16379
2026-02-26 18:36:31 [lettuce-eventExecutorLoop-1-29] INFO  i.l.core.protocol.ConnectionWatchdog - Reconnecting, last destination was localhost/<unresolved>:16379
2026-02-26 18:36:31 [lettuce-nioEventLoop-4-18] WARN  i.l.core.protocol.ConnectionWatchdog - Cannot reconnect to [localhost/<unresolved>:16379]: Connection refused: no further information: localhost/127.0.0.1:16379
2026-02-26 18:36:31 [lettuce-nioEventLoop-4-17] WARN  i.l.core.protocol.ConnectionWatchdog - Cannot reconnect to [localhost/<unresolved>:16379]: Connection refused: no further information: localhost/127.0.0.1:16379
2026-02-26 18:37:01 [lettuce-eventExecutorLoop-1-1] INFO  i.l.core.protocol.ConnectionWatchdog - Reconnecting, last destination was localhost/<unresolved>:16379
2026-02-26 18:37:01 [lettuce-eventExecutorLoop-1-2] INFO  i.l.core.protocol.ConnectionWatchdog - Reconnecting, last destination was localhost/<unresolved>:16379
2026-02-26 18:37:01 [lettuce-nioEventLoop-4-20] WARN  i.l.core.protocol.ConnectionWatchdog - Cannot reconnect to [localhost/<unresolved>:16379]: Connection refused: no further information: localhost/127.0.0.1:16379
2026-02-26 18:37:01 [lettuce-nioEventLoop-4-19] WARN  i.l.core.protocol.ConnectionWatchdog - Cannot reconnect to [localhost/<unresolved>:16379]: Connection refused: no further information: localhost/127.0.0.1:16379
2026-02-26 18:37:32 [lettuce-eventExecutorLoop-1-5] INFO  i.l.core.protocol.ConnectionWatchdog - Reconnecting, last destination was localhost/<unresolved>:16379
2026-02-26 18:37:32 [lettuce-eventExecutorLoop-1-6] INFO  i.l.core.protocol.ConnectionWatchdog - Reconnecting, last destination was localhost/<unresolved>:16379
2026-02-26 18:37:32 [lettuce-nioEventLoop-4-21] WARN  i.l.core.protocol.ConnectionWatchdog - Cannot reconnect to [localhost/<unresolved>:16379]: Connection refused: no further information: localhost/127.0.0.1:16379
2026-02-26 18:37:32 [lettuce-nioEventLoop-4-22] WARN  i.l.core.protocol.ConnectionWatchdog - Cannot reconnect to [localhost/<unresolved>:16379]: Connection refused: no further information: localhost/127.0.0.1:16379
2026-02-26 18:38:02 [lettuce-eventExecutorLoop-1-10] INFO  i.l.core.protocol.ConnectionWatchdog - Reconnecting, last destination was localhost/<unresolved>:16379
2026-02-26 18:38:02 [lettuce-eventExecutorLoop-1-9] INFO  i.l.core.protocol.ConnectionWatchdog - Reconnecting, last destination was localhost/<unresolved>:16379
2026-02-26 18:38:02 [lettuce-nioEventLoop-4-24] WARN  i.l.core.protocol.ConnectionWatchdog - Cannot reconnect to [localhost/<unresolved>:16379]: Connection refused: no further information: localhost/127.0.0.1:16379
2026-02-26 18:38:02 [lettuce-nioEventLoop-4-23] WARN  i.l.core.protocol.ConnectionWatchdog - Cannot reconnect to [localhost/<unresolved>:16379]: Connection refused: no further information: localhost/127.0.0.1:16379
2026-02-26 18:38:32 [lettuce-eventExecutorLoop-1-13] INFO  i.l.core.protocol.ConnectionWatchdog - Reconnecting, last destination was localhost/<unresolved>:16379
2026-02-26 18:38:32 [lettuce-eventExecutorLoop-1-14] INFO  i.l.core.protocol.ConnectionWatchdog - Reconnecting, last destination was localhost/<unresolved>:16379
2026-02-26 18:38:32 [lettuce-nioEventLoop-4-25] WARN  i.l.core.protocol.ConnectionWatchdog - Cannot reconnect to [localhost/<unresolved>:16379]: Connection refused: no further information: localhost/127.0.0.1:16379
2026-02-26 18:38:32 [lettuce-nioEventLoop-4-26] WARN  i.l.core.protocol.ConnectionWatchdog - Cannot reconnect to [localhost/<unresolved>:16379]: Connection refused: no further information: localhost/127.0.0.1:16379
2026-02-26 18:39:02 [lettuce-eventExecutorLoop-1-17] INFO  i.l.core.protocol.ConnectionWatchdog - Reconnecting, last destination was localhost/<unresolved>:16379
2026-02-26 18:39:02 [lettuce-nioEventLoop-4-28] WARN  i.l.core.protocol.ConnectionWatchdog - Cannot reconnect to [localhost/<unresolved>:16379]: Connection refused: no further information: localhost/127.0.0.1:16379
2026-02-26 18:39:02 [lettuce-eventExecutorLoop-1-18] INFO  i.l.core.protocol.ConnectionWatchdog - Reconnecting, last destination was localhost/<unresolved>:16379
2026-02-26 18:39:02 [lettuce-nioEventLoop-4-27] WARN  i.l.core.protocol.ConnectionWatchdog - Cannot reconnect to [localhost/<unresolved>:16379]: Connection refused: no further information: localhost/127.0.0.1:16379
2026-02-26 18:39:32 [lettuce-eventExecutorLoop-1-21] INFO  i.l.core.protocol.ConnectionWatchdog - Reconnecting, last destination was localhost/<unresolved>:16379
2026-02-26 18:39:32 [lettuce-eventExecutorLoop-1-22] INFO  i.l.core.protocol.ConnectionWatchdog - Reconnecting, last destination was localhost/<unresolved>:16379
2026-02-26 18:39:32 [lettuce-nioEventLoop-4-29] WARN  i.l.core.protocol.ConnectionWatchdog - Cannot reconnect to [localhost/<unresolved>:16379]: Connection refused: no further information: localhost/127.0.0.1:16379
2026-02-26 18:39:32 [lettuce-nioEventLoop-4-30] WARN  i.l.core.protocol.ConnectionWatchdog - Cannot reconnect to [localhost/<unresolved>:16379]: Connection refused: no further information: localhost/127.0.0.1:16379
2026-02-26 18:40:02 [lettuce-eventExecutorLoop-1-26] INFO  i.l.core.protocol.ConnectionWatchdog - Reconnecting, last destination was localhost/<unresolved>:16379
2026-02-26 18:40:02 [lettuce-eventExecutorLoop-1-25] INFO  i.l.core.protocol.ConnectionWatchdog - Reconnecting, last destination was localhost/<unresolved>:16379
2026-02-26 18:40:02 [lettuce-nioEventLoop-4-31] WARN  i.l.core.protocol.ConnectionWatchdog - Cannot reconnect to [localhost/<unresolved>:16379]: Connection refused: no further information: localhost/127.0.0.1:16379
2026-02-26 18:40:02 [lettuce-nioEventLoop-4-32] WARN  i.l.core.protocol.ConnectionWatchdog - Cannot reconnect to [localhost/<unresolved>:16379]: Connection refused: no further information: localhost/127.0.0.1:16379
2026-02-26 18:40:32 [lettuce-eventExecutorLoop-1-30] INFO  i.l.core.protocol.ConnectionWatchdog - Reconnecting, last destination was localhost/<unresolved>:16379
2026-02-26 18:40:32 [lettuce-eventExecutorLoop-1-29] INFO  i.l.core.protocol.ConnectionWatchdog - Reconnecting, last destination was localhost/<unresolved>:16379
2026-02-26 18:40:32 [lettuce-nioEventLoop-4-1] WARN  i.l.core.protocol.ConnectionWatchdog - Cannot reconnect to [localhost/<unresolved>:16379]: Connection refused: no further information: localhost/127.0.0.1:16379
2026-02-26 18:40:32 [lettuce-nioEventLoop-4-2] WARN  i.l.core.protocol.ConnectionWatchdog - Cannot reconnect to [localhost/<unresolved>:16379]: Connection refused: no further information: localhost/127.0.0.1:16379
2026-02-26 18:41:02 [lettuce-eventExecutorLoop-1-1] INFO  i.l.core.protocol.ConnectionWatchdog - Reconnecting, last destination was localhost/<unresolved>:16379
2026-02-26 18:41:02 [lettuce-eventExecutorLoop-1-2] INFO  i.l.core.protocol.ConnectionWatchdog - Reconnecting, last destination was localhost/<unresolved>:16379
2026-02-26 18:41:02 [lettuce-nioEventLoop-4-3] WARN  i.l.core.protocol.ConnectionWatchdog - Cannot reconnect to [localhost/<unresolved>:16379]: Connection refused: no further information: localhost/127.0.0.1:16379
2026-02-26 18:41:02 [lettuce-nioEventLoop-4-4] WARN  i.l.core.protocol.ConnectionWatchdog - Cannot reconnect to [localhost/<unresolved>:16379]: Connection refused: no further information: localhost/127.0.0.1:16379
2026-02-26 18:41:32 [lettuce-eventExecutorLoop-1-5] INFO  i.l.core.protocol.ConnectionWatchdog - Reconnecting, last destination was localhost/<unresolved>:16379
2026-02-26 18:41:32 [lettuce-eventExecutorLoop-1-6] INFO  i.l.core.protocol.ConnectionWatchdog - Reconnecting, last destination was localhost/<unresolved>:16379
2026-02-26 18:41:32 [lettuce-nioEventLoop-4-5] WARN  i.l.core.protocol.ConnectionWatchdog - Cannot reconnect to [localhost/<unresolved>:16379]: Connection refused: no further information: localhost/127.0.0.1:16379
2026-02-26 18:41:32 [lettuce-nioEventLoop-4-6] WARN  i.l.core.protocol.ConnectionWatchdog - Cannot reconnect to [localhost/<unresolved>:16379]: Connection refused: no further information: localhost/127.0.0.1:16379
2026-02-26 18:42:02 [lettuce-eventExecutorLoop-1-10] INFO  i.l.core.protocol.ConnectionWatchdog - Reconnecting, last destination was localhost/<unresolved>:16379
2026-02-26 18:42:02 [lettuce-eventExecutorLoop-1-9] INFO  i.l.core.protocol.ConnectionWatchdog - Reconnecting, last destination was localhost/<unresolved>:16379
2026-02-26 18:42:02 [lettuce-nioEventLoop-4-8] WARN  i.l.core.protocol.ConnectionWatchdog - Cannot reconnect to [localhost/<unresolved>:16379]: Connection refused: no further information: localhost/127.0.0.1:16379
2026-02-26 18:42:02 [lettuce-nioEventLoop-4-7] WARN  i.l.core.protocol.ConnectionWatchdog - Cannot reconnect to [localhost/<unresolved>:16379]: Connection refused: no further information: localhost/127.0.0.1:16379
2026-02-26 18:42:33 [lettuce-eventExecutorLoop-1-14] INFO  i.l.core.protocol.ConnectionWatchdog - Reconnecting, last destination was localhost/<unresolved>:16379
2026-02-26 18:42:33 [lettuce-eventExecutorLoop-1-13] INFO  i.l.core.protocol.ConnectionWatchdog - Reconnecting, last destination was localhost/<unresolved>:16379
2026-02-26 18:42:33 [lettuce-nioEventLoop-4-9] WARN  i.l.core.protocol.ConnectionWatchdog - Cannot reconnect to [localhost/<unresolved>:16379]: Connection refused: no further information: localhost/127.0.0.1:16379
2026-02-26 18:42:33 [lettuce-nioEventLoop-4-10] WARN  i.l.core.protocol.ConnectionWatchdog - Cannot reconnect to [localhost/<unresolved>:16379]: Connection refused: no further information: localhost/127.0.0.1:16379
2026-02-26 18:43:03 [lettuce-eventExecutorLoop-1-18] INFO  i.l.core.protocol.ConnectionWatchdog - Reconnecting, last destination was localhost/<unresolved>:16379
2026-02-26 18:43:03 [lettuce-eventExecutorLoop-1-17] INFO  i.l.core.protocol.ConnectionWatchdog - Reconnecting, last destination was localhost/<unresolved>:16379
2026-02-26 18:43:03 [lettuce-nioEventLoop-4-12] WARN  i.l.core.protocol.ConnectionWatchdog - Cannot reconnect to [localhost/<unresolved>:16379]: Connection refused: no further information: localhost/127.0.0.1:16379
2026-02-26 18:43:03 [lettuce-nioEventLoop-4-11] WARN  i.l.core.protocol.ConnectionWatchdog - Cannot reconnect to [localhost/<unresolved>:16379]: Connection refused: no further information: localhost/127.0.0.1:16379
2026-02-26 18:43:33 [lettuce-eventExecutorLoop-1-22] INFO  i.l.core.protocol.ConnectionWatchdog - Reconnecting, last destination was localhost/<unresolved>:16379
2026-02-26 18:43:33 [lettuce-eventExecutorLoop-1-21] INFO  i.l.core.protocol.ConnectionWatchdog - Reconnecting, last destination was localhost/<unresolved>:16379
2026-02-26 18:43:33 [lettuce-nioEventLoop-4-14] WARN  i.l.core.protocol.ConnectionWatchdog - Cannot reconnect to [localhost/<unresolved>:16379]: Connection refused: no further information: localhost/127.0.0.1:16379
2026-02-26 18:43:33 [lettuce-nioEventLoop-4-13] WARN  i.l.core.protocol.ConnectionWatchdog - Cannot reconnect to [localhost/<unresolved>:16379]: Connection refused: no further information: localhost/127.0.0.1:16379
2026-02-26 18:44:03 [lettuce-eventExecutorLoop-1-26] INFO  i.l.core.protocol.ConnectionWatchdog - Reconnecting, last destination was localhost/<unresolved>:16379
2026-02-26 18:44:03 [lettuce-eventExecutorLoop-1-25] INFO  i.l.core.protocol.ConnectionWatchdog - Reconnecting, last destination was localhost/<unresolved>:16379
2026-02-26 18:44:03 [lettuce-nioEventLoop-4-16] WARN  i.l.core.protocol.ConnectionWatchdog - Cannot reconnect to [localhost/<unresolved>:16379]: Connection refused: no further information: localhost/127.0.0.1:16379
2026-02-26 18:44:03 [lettuce-nioEventLoop-4-15] WARN  i.l.core.protocol.ConnectionWatchdog - Cannot reconnect to [localhost/<unresolved>:16379]: Connection refused: no further information: localhost/127.0.0.1:16379
2026-02-26 18:44:33 [lettuce-eventExecutorLoop-1-30] INFO  i.l.core.protocol.ConnectionWatchdog - Reconnecting, last destination was localhost/<unresolved>:16379
2026-02-26 18:44:33 [lettuce-eventExecutorLoop-1-29] INFO  i.l.core.protocol.ConnectionWatchdog - Reconnecting, last destination was localhost/<unresolved>:16379
2026-02-26 18:44:33 [lettuce-nioEventLoop-4-18] WARN  i.l.core.protocol.ConnectionWatchdog - Cannot reconnect to [localhost/<unresolved>:16379]: Connection refused: no further information: localhost/127.0.0.1:16379
2026-02-26 18:44:33 [lettuce-nioEventLoop-4-17] WARN  i.l.core.protocol.ConnectionWatchdog - Cannot reconnect to [localhost/<unresolved>:16379]: Connection refused: no further information: localhost/127.0.0.1:16379
2026-02-26 18:45:03 [lettuce-eventExecutorLoop-1-1] INFO  i.l.core.protocol.ConnectionWatchdog - Reconnecting, last destination was localhost/<unresolved>:16379
2026-02-26 18:45:03 [lettuce-eventExecutorLoop-1-2] INFO  i.l.core.protocol.ConnectionWatchdog - Reconnecting, last destination was localhost/<unresolved>:16379
2026-02-26 18:45:03 [lettuce-nioEventLoop-4-19] WARN  i.l.core.protocol.ConnectionWatchdog - Cannot reconnect to [localhost/<unresolved>:16379]: Connection refused: no further information: localhost/127.0.0.1:16379
2026-02-26 18:45:03 [lettuce-nioEventLoop-4-20] WARN  i.l.core.protocol.ConnectionWatchdog - Cannot reconnect to [localhost/<unresolved>:16379]: Connection refused: no further information: localhost/127.0.0.1:16379
2026-02-26 18:45:33 [lettuce-eventExecutorLoop-1-5] INFO  i.l.core.protocol.ConnectionWatchdog - Reconnecting, last destination was localhost/<unresolved>:16379
2026-02-26 18:45:33 [lettuce-eventExecutorLoop-1-6] INFO  i.l.core.protocol.ConnectionWatchdog - Reconnecting, last destination was localhost/<unresolved>:16379
2026-02-26 18:45:33 [lettuce-nioEventLoop-4-21] WARN  i.l.core.protocol.ConnectionWatchdog - Cannot reconnect to [localhost/<unresolved>:16379]: Connection refused: no further information: localhost/127.0.0.1:16379
2026-02-26 18:45:33 [lettuce-nioEventLoop-4-22] WARN  i.l.core.protocol.ConnectionWatchdog - Cannot reconnect to [localhost/<unresolved>:16379]: Connection refused: no further information: localhost/127.0.0.1:16379
2026-02-26 18:46:03 [lettuce-eventExecutorLoop-1-9] INFO  i.l.core.protocol.ConnectionWatchdog - Reconnecting, last destination was localhost/<unresolved>:16379
2026-02-26 18:46:03 [lettuce-eventExecutorLoop-1-10] INFO  i.l.core.protocol.ConnectionWatchdog - Reconnecting, last destination was localhost/<unresolved>:16379
2026-02-26 18:46:03 [lettuce-nioEventLoop-4-24] WARN  i.l.core.protocol.ConnectionWatchdog - Cannot reconnect to [localhost/<unresolved>:16379]: Connection refused: no further information: localhost/127.0.0.1:16379
2026-02-26 18:46:03 [lettuce-nioEventLoop-4-23] WARN  i.l.core.protocol.ConnectionWatchdog - Cannot reconnect to [localhost/<unresolved>:16379]: Connection refused: no further information: localhost/127.0.0.1:16379
2026-02-26 18:46:33 [lettuce-eventExecutorLoop-1-14] INFO  i.l.core.protocol.ConnectionWatchdog - Reconnecting, last destination was localhost/<unresolved>:16379
2026-02-26 18:46:33 [lettuce-eventExecutorLoop-1-13] INFO  i.l.core.protocol.ConnectionWatchdog - Reconnecting, last destination was localhost/<unresolved>:16379
2026-02-26 18:46:33 [lettuce-nioEventLoop-4-26] WARN  i.l.core.protocol.ConnectionWatchdog - Cannot reconnect to [localhost/<unresolved>:16379]: Connection refused: no further information: localhost/127.0.0.1:16379
2026-02-26 18:46:33 [lettuce-nioEventLoop-4-25] WARN  i.l.core.protocol.ConnectionWatchdog - Cannot reconnect to [localhost/<unresolved>:16379]: Connection refused: no further information: localhost/127.0.0.1:16379
2026-02-26 18:47:03 [lettuce-eventExecutorLoop-1-17] INFO  i.l.core.protocol.ConnectionWatchdog - Reconnecting, last destination was localhost/<unresolved>:16379
2026-02-26 18:47:03 [lettuce-eventExecutorLoop-1-18] INFO  i.l.core.protocol.ConnectionWatchdog - Reconnecting, last destination was localhost/<unresolved>:16379
2026-02-26 18:47:03 [lettuce-nioEventLoop-4-27] WARN  i.l.core.protocol.ConnectionWatchdog - Cannot reconnect to [localhost/<unresolved>:16379]: Connection refused: no further information: localhost/127.0.0.1:16379
2026-02-26 18:47:03 [lettuce-nioEventLoop-4-28] WARN  i.l.core.protocol.ConnectionWatchdog - Cannot reconnect to [localhost/<unresolved>:16379]: Connection refused: no further information: localhost/127.0.0.1:16379
2026-02-26 18:47:34 [lettuce-eventExecutorLoop-1-22] INFO  i.l.core.protocol.ConnectionWatchdog - Reconnecting, last destination was localhost/<unresolved>:16379
2026-02-26 18:47:34 [lettuce-eventExecutorLoop-1-21] INFO  i.l.core.protocol.ConnectionWatchdog - Reconnecting, last destination was localhost/<unresolved>:16379
2026-02-26 18:47:34 [lettuce-nioEventLoop-4-29] WARN  i.l.core.protocol.ConnectionWatchdog - Cannot reconnect to [localhost/<unresolved>:16379]: Connection refused: no further information: localhost/127.0.0.1:16379
2026-02-26 18:47:34 [lettuce-nioEventLoop-4-30] WARN  i.l.core.protocol.ConnectionWatchdog - Cannot reconnect to [localhost/<unresolved>:16379]: Connection refused: no further information: localhost/127.0.0.1:16379
2026-02-26 18:48:04 [lettuce-eventExecutorLoop-1-26] INFO  i.l.core.protocol.ConnectionWatchdog - Reconnecting, last destination was localhost/<unresolved>:16379
2026-02-26 18:48:04 [lettuce-eventExecutorLoop-1-25] INFO  i.l.core.protocol.ConnectionWatchdog - Reconnecting, last destination was localhost/<unresolved>:16379
2026-02-26 18:48:04 [lettuce-nioEventLoop-4-32] WARN  i.l.core.protocol.ConnectionWatchdog - Cannot reconnect to [localhost/<unresolved>:16379]: Connection refused: no further information: localhost/127.0.0.1:16379
2026-02-26 18:48:04 [lettuce-nioEventLoop-4-31] WARN  i.l.core.protocol.ConnectionWatchdog - Cannot reconnect to [localhost/<unresolved>:16379]: Connection refused: no further information: localhost/127.0.0.1:16379
2026-02-26 18:48:34 [lettuce-eventExecutorLoop-1-30] INFO  i.l.core.protocol.ConnectionWatchdog - Reconnecting, last destination was localhost/<unresolved>:16379
2026-02-26 18:48:34 [lettuce-eventExecutorLoop-1-29] INFO  i.l.core.protocol.ConnectionWatchdog - Reconnecting, last destination was localhost/<unresolved>:16379
2026-02-26 18:48:34 [lettuce-nioEventLoop-4-2] WARN  i.l.core.protocol.ConnectionWatchdog - Cannot reconnect to [localhost/<unresolved>:16379]: Connection refused: no further information: localhost/127.0.0.1:16379
2026-02-26 18:48:34 [lettuce-nioEventLoop-4-1] WARN  i.l.core.protocol.ConnectionWatchdog - Cannot reconnect to [localhost/<unresolved>:16379]: Connection refused: no further information: localhost/127.0.0.1:16379
2026-02-26 18:49:04 [lettuce-eventExecutorLoop-1-1] INFO  i.l.core.protocol.ConnectionWatchdog - Reconnecting, last destination was localhost/<unresolved>:16379
2026-02-26 18:49:04 [lettuce-eventExecutorLoop-1-2] INFO  i.l.core.protocol.ConnectionWatchdog - Reconnecting, last destination was localhost/<unresolved>:16379
2026-02-26 18:49:04 [lettuce-nioEventLoop-4-4] WARN  i.l.core.protocol.ConnectionWatchdog - Cannot reconnect to [localhost/<unresolved>:16379]: Connection refused: no further information: localhost/127.0.0.1:16379
2026-02-26 18:49:04 [lettuce-nioEventLoop-4-3] WARN  i.l.core.protocol.ConnectionWatchdog - Cannot reconnect to [localhost/<unresolved>:16379]: Connection refused: no further information: localhost/127.0.0.1:16379
2026-02-26 18:49:34 [lettuce-eventExecutorLoop-1-6] INFO  i.l.core.protocol.ConnectionWatchdog - Reconnecting, last destination was localhost/<unresolved>:16379
2026-02-26 18:49:34 [lettuce-eventExecutorLoop-1-5] INFO  i.l.core.protocol.ConnectionWatchdog - Reconnecting, last destination was localhost/<unresolved>:16379
2026-02-26 18:49:34 [lettuce-nioEventLoop-4-5] WARN  i.l.core.protocol.ConnectionWatchdog - Cannot reconnect to [localhost/<unresolved>:16379]: Connection refused: no further information: localhost/127.0.0.1:16379
2026-02-26 18:49:34 [lettuce-nioEventLoop-4-6] WARN  i.l.core.protocol.ConnectionWatchdog - Cannot reconnect to [localhost/<unresolved>:16379]: Connection refused: no further information: localhost/127.0.0.1:16379
2026-02-26 18:50:04 [lettuce-eventExecutorLoop-1-9] INFO  i.l.core.protocol.ConnectionWatchdog - Reconnecting, last destination was localhost/<unresolved>:16379
2026-02-26 18:50:04 [lettuce-eventExecutorLoop-1-10] INFO  i.l.core.protocol.ConnectionWatchdog - Reconnecting, last destination was localhost/<unresolved>:16379
2026-02-26 18:50:04 [lettuce-nioEventLoop-4-7] WARN  i.l.core.protocol.ConnectionWatchdog - Cannot reconnect to [localhost/<unresolved>:16379]: Connection refused: no further information: localhost/127.0.0.1:16379
2026-02-26 18:50:04 [lettuce-nioEventLoop-4-8] WARN  i.l.core.protocol.ConnectionWatchdog - Cannot reconnect to [localhost/<unresolved>:16379]: Connection refused: no further information: localhost/127.0.0.1:16379
2026-02-26 18:50:34 [lettuce-eventExecutorLoop-1-14] INFO  i.l.core.protocol.ConnectionWatchdog - Reconnecting, last destination was localhost/<unresolved>:16379
2026-02-26 18:50:34 [lettuce-eventExecutorLoop-1-13] INFO  i.l.core.protocol.ConnectionWatchdog - Reconnecting, last destination was localhost/<unresolved>:16379
2026-02-26 18:50:34 [lettuce-nioEventLoop-4-10] WARN  i.l.core.protocol.ConnectionWatchdog - Cannot reconnect to [localhost/<unresolved>:16379]: Connection refused: no further information: localhost/127.0.0.1:16379
2026-02-26 18:50:34 [lettuce-nioEventLoop-4-9] WARN  i.l.core.protocol.ConnectionWatchdog - Cannot reconnect to [localhost/<unresolved>:16379]: Connection refused: no further information: localhost/127.0.0.1:16379
2026-02-26 18:51:04 [lettuce-eventExecutorLoop-1-18] INFO  i.l.core.protocol.ConnectionWatchdog - Reconnecting, last destination was localhost/<unresolved>:16379
2026-02-26 18:51:04 [lettuce-eventExecutorLoop-1-17] INFO  i.l.core.protocol.ConnectionWatchdog - Reconnecting, last destination was localhost/<unresolved>:16379
2026-02-26 18:51:04 [lettuce-nioEventLoop-4-12] WARN  i.l.core.protocol.ConnectionWatchdog - Cannot reconnect to [localhost/<unresolved>:16379]: Connection refused: no further information: localhost/127.0.0.1:16379
2026-02-26 18:51:04 [lettuce-nioEventLoop-4-11] WARN  i.l.core.protocol.ConnectionWatchdog - Cannot reconnect to [localhost/<unresolved>:16379]: Connection refused: no further information: localhost/127.0.0.1:16379
2026-02-26 18:51:34 [lettuce-eventExecutorLoop-1-21] INFO  i.l.core.protocol.ConnectionWatchdog - Reconnecting, last destination was localhost/<unresolved>:16379
2026-02-26 18:51:34 [lettuce-eventExecutorLoop-1-22] INFO  i.l.core.protocol.ConnectionWatchdog - Reconnecting, last destination was localhost/<unresolved>:16379
2026-02-26 18:51:34 [lettuce-nioEventLoop-4-13] WARN  i.l.core.protocol.ConnectionWatchdog - Cannot reconnect to [localhost/<unresolved>:16379]: Connection refused: no further information: localhost/127.0.0.1:16379
2026-02-26 18:51:34 [lettuce-nioEventLoop-4-14] WARN  i.l.core.protocol.ConnectionWatchdog - Cannot reconnect to [localhost/<unresolved>:16379]: Connection refused: no further information: localhost/127.0.0.1:16379
2026-02-26 18:52:04 [lettuce-eventExecutorLoop-1-25] INFO  i.l.core.protocol.ConnectionWatchdog - Reconnecting, last destination was localhost/<unresolved>:16379
2026-02-26 18:52:04 [lettuce-eventExecutorLoop-1-26] INFO  i.l.core.protocol.ConnectionWatchdog - Reconnecting, last destination was localhost/<unresolved>:16379
2026-02-26 18:52:04 [lettuce-nioEventLoop-4-15] WARN  i.l.core.protocol.ConnectionWatchdog - Cannot reconnect to [localhost/<unresolved>:16379]: Connection refused: no further information: localhost/127.0.0.1:16379
2026-02-26 18:52:04 [lettuce-nioEventLoop-4-16] WARN  i.l.core.protocol.ConnectionWatchdog - Cannot reconnect to [localhost/<unresolved>:16379]: Connection refused: no further information: localhost/127.0.0.1:16379
2026-02-26 18:52:35 [lettuce-eventExecutorLoop-1-29] INFO  i.l.core.protocol.ConnectionWatchdog - Reconnecting, last destination was localhost/<unresolved>:16379
2026-02-26 18:52:35 [lettuce-eventExecutorLoop-1-30] INFO  i.l.core.protocol.ConnectionWatchdog - Reconnecting, last destination was localhost/<unresolved>:16379
2026-02-26 18:52:35 [lettuce-nioEventLoop-4-18] WARN  i.l.core.protocol.ConnectionWatchdog - Cannot reconnect to [localhost/<unresolved>:16379]: Connection refused: no further information: localhost/127.0.0.1:16379
2026-02-26 18:52:35 [lettuce-nioEventLoop-4-17] WARN  i.l.core.protocol.ConnectionWatchdog - Cannot reconnect to [localhost/<unresolved>:16379]: Connection refused: no further information: localhost/127.0.0.1:16379
2026-02-26 18:53:05 [lettuce-eventExecutorLoop-1-2] INFO  i.l.core.protocol.ConnectionWatchdog - Reconnecting, last destination was localhost/<unresolved>:16379
2026-02-26 18:53:05 [lettuce-eventExecutorLoop-1-1] INFO  i.l.core.protocol.ConnectionWatchdog - Reconnecting, last destination was localhost/<unresolved>:16379
2026-02-26 18:53:05 [lettuce-nioEventLoop-4-20] WARN  i.l.core.protocol.ConnectionWatchdog - Cannot reconnect to [localhost/<unresolved>:16379]: Connection refused: no further information: localhost/127.0.0.1:16379
2026-02-26 18:53:05 [lettuce-nioEventLoop-4-19] WARN  i.l.core.protocol.ConnectionWatchdog - Cannot reconnect to [localhost/<unresolved>:16379]: Connection refused: no further information: localhost/127.0.0.1:16379
2026-02-26 18:53:35 [lettuce-eventExecutorLoop-1-6] INFO  i.l.core.protocol.ConnectionWatchdog - Reconnecting, last destination was localhost/<unresolved>:16379
2026-02-26 18:53:35 [lettuce-eventExecutorLoop-1-5] INFO  i.l.core.protocol.ConnectionWatchdog - Reconnecting, last destination was localhost/<unresolved>:16379
2026-02-26 18:53:35 [lettuce-nioEventLoop-4-21] WARN  i.l.core.protocol.ConnectionWatchdog - Cannot reconnect to [localhost/<unresolved>:16379]: Connection refused: no further information: localhost/127.0.0.1:16379
2026-02-26 18:53:35 [lettuce-nioEventLoop-4-22] WARN  i.l.core.protocol.ConnectionWatchdog - Cannot reconnect to [localhost/<unresolved>:16379]: Connection refused: no further information: localhost/127.0.0.1:16379
2026-02-26 18:54:05 [lettuce-eventExecutorLoop-1-9] INFO  i.l.core.protocol.ConnectionWatchdog - Reconnecting, last destination was localhost/<unresolved>:16379
2026-02-26 18:54:05 [lettuce-eventExecutorLoop-1-10] INFO  i.l.core.protocol.ConnectionWatchdog - Reconnecting, last destination was localhost/<unresolved>:16379
2026-02-26 18:54:05 [lettuce-nioEventLoop-4-24] WARN  i.l.core.protocol.ConnectionWatchdog - Cannot reconnect to [localhost/<unresolved>:16379]: Connection refused: no further information: localhost/127.0.0.1:16379
2026-02-26 18:54:05 [lettuce-nioEventLoop-4-23] WARN  i.l.core.protocol.ConnectionWatchdog - Cannot reconnect to [localhost/<unresolved>:16379]: Connection refused: no further information: localhost/127.0.0.1:16379
2026-02-26 18:54:35 [lettuce-eventExecutorLoop-1-13] INFO  i.l.core.protocol.ConnectionWatchdog - Reconnecting, last destination was localhost/<unresolved>:16379
2026-02-26 18:54:35 [lettuce-eventExecutorLoop-1-14] INFO  i.l.core.protocol.ConnectionWatchdog - Reconnecting, last destination was localhost/<unresolved>:16379
2026-02-26 18:54:35 [lettuce-nioEventLoop-4-25] WARN  i.l.core.protocol.ConnectionWatchdog - Cannot reconnect to [localhost/<unresolved>:16379]: Connection refused: no further information: localhost/127.0.0.1:16379
2026-02-26 18:54:35 [lettuce-nioEventLoop-4-26] WARN  i.l.core.protocol.ConnectionWatchdog - Cannot reconnect to [localhost/<unresolved>:16379]: Connection refused: no further information: localhost/127.0.0.1:16379
2026-02-26 18:55:05 [lettuce-eventExecutorLoop-1-17] INFO  i.l.core.protocol.ConnectionWatchdog - Reconnecting, last destination was localhost/<unresolved>:16379
2026-02-26 18:55:05 [lettuce-eventExecutorLoop-1-18] INFO  i.l.core.protocol.ConnectionWatchdog - Reconnecting, last destination was localhost/<unresolved>:16379
2026-02-26 18:55:05 [lettuce-nioEventLoop-4-28] WARN  i.l.core.protocol.ConnectionWatchdog - Cannot reconnect to [localhost/<unresolved>:16379]: Connection refused: no further information: localhost/127.0.0.1:16379
2026-02-26 18:55:05 [lettuce-nioEventLoop-4-27] WARN  i.l.core.protocol.ConnectionWatchdog - Cannot reconnect to [localhost/<unresolved>:16379]: Connection refused: no further information: localhost/127.0.0.1:16379
2026-02-26 18:55:35 [lettuce-eventExecutorLoop-1-21] INFO  i.l.core.protocol.ConnectionWatchdog - Reconnecting, last destination was localhost/<unresolved>:16379
2026-02-26 18:55:35 [lettuce-eventExecutorLoop-1-22] INFO  i.l.core.protocol.ConnectionWatchdog - Reconnecting, last destination was localhost/<unresolved>:16379
2026-02-26 18:55:35 [lettuce-nioEventLoop-4-30] WARN  i.l.core.protocol.ConnectionWatchdog - Cannot reconnect to [localhost/<unresolved>:16379]: Connection refused: no further information: localhost/127.0.0.1:16379
2026-02-26 18:55:35 [lettuce-nioEventLoop-4-29] WARN  i.l.core.protocol.ConnectionWatchdog - Cannot reconnect to [localhost/<unresolved>:16379]: Connection refused: no further information: localhost/127.0.0.1:16379
2026-02-26 18:56:05 [lettuce-eventExecutorLoop-1-26] INFO  i.l.core.protocol.ConnectionWatchdog - Reconnecting, last destination was localhost/<unresolved>:16379
2026-02-26 18:56:05 [lettuce-eventExecutorLoop-1-25] INFO  i.l.core.protocol.ConnectionWatchdog - Reconnecting, last destination was localhost/<unresolved>:16379
2026-02-26 18:56:05 [lettuce-nioEventLoop-4-32] WARN  i.l.core.protocol.ConnectionWatchdog - Cannot reconnect to [localhost/<unresolved>:16379]: Connection refused: no further information: localhost/127.0.0.1:16379
2026-02-26 18:56:05 [lettuce-nioEventLoop-4-31] WARN  i.l.core.protocol.ConnectionWatchdog - Cannot reconnect to [localhost/<unresolved>:16379]: Connection refused: no further information: localhost/127.0.0.1:16379
2026-02-26 18:56:35 [lettuce-eventExecutorLoop-1-29] INFO  i.l.core.protocol.ConnectionWatchdog - Reconnecting, last destination was localhost/<unresolved>:16379
2026-02-26 18:56:35 [lettuce-eventExecutorLoop-1-30] INFO  i.l.core.protocol.ConnectionWatchdog - Reconnecting, last destination was localhost/<unresolved>:16379
2026-02-26 18:56:35 [lettuce-nioEventLoop-4-1] WARN  i.l.core.protocol.ConnectionWatchdog - Cannot reconnect to [localhost/<unresolved>:16379]: Connection refused: no further information: localhost/127.0.0.1:16379
2026-02-26 18:56:35 [lettuce-nioEventLoop-4-2] WARN  i.l.core.protocol.ConnectionWatchdog - Cannot reconnect to [localhost/<unresolved>:16379]: Connection refused: no further information: localhost/127.0.0.1:16379
2026-02-26 18:57:05 [lettuce-eventExecutorLoop-1-2] INFO  i.l.core.protocol.ConnectionWatchdog - Reconnecting, last destination was localhost/<unresolved>:16379
2026-02-26 18:57:05 [lettuce-eventExecutorLoop-1-1] INFO  i.l.core.protocol.ConnectionWatchdog - Reconnecting, last destination was localhost/<unresolved>:16379
2026-02-26 18:57:05 [lettuce-nioEventLoop-4-3] WARN  i.l.core.protocol.ConnectionWatchdog - Cannot reconnect to [localhost/<unresolved>:16379]: Connection refused: no further information: localhost/127.0.0.1:16379
2026-02-26 18:57:05 [lettuce-nioEventLoop-4-4] WARN  i.l.core.protocol.ConnectionWatchdog - Cannot reconnect to [localhost/<unresolved>:16379]: Connection refused: no further information: localhost/127.0.0.1:16379
2026-02-26 18:57:36 [lettuce-eventExecutorLoop-1-6] INFO  i.l.core.protocol.ConnectionWatchdog - Reconnecting, last destination was localhost/<unresolved>:16379
2026-02-26 18:57:36 [lettuce-eventExecutorLoop-1-5] INFO  i.l.core.protocol.ConnectionWatchdog - Reconnecting, last destination was localhost/<unresolved>:16379
2026-02-26 18:57:36 [lettuce-nioEventLoop-4-6] WARN  i.l.core.protocol.ConnectionWatchdog - Cannot reconnect to [localhost/<unresolved>:16379]: Connection refused: no further information: localhost/127.0.0.1:16379
2026-02-26 18:57:36 [lettuce-nioEventLoop-4-5] WARN  i.l.core.protocol.ConnectionWatchdog - Cannot reconnect to [localhost/<unresolved>:16379]: Connection refused: no further information: localhost/127.0.0.1:16379
2026-02-26 18:58:06 [lettuce-eventExecutorLoop-1-9] INFO  i.l.core.protocol.ConnectionWatchdog - Reconnecting, last destination was localhost/<unresolved>:16379
2026-02-26 18:58:06 [lettuce-eventExecutorLoop-1-10] INFO  i.l.core.protocol.ConnectionWatchdog - Reconnecting, last destination was localhost/<unresolved>:16379
2026-02-26 18:58:06 [lettuce-nioEventLoop-4-8] WARN  i.l.core.protocol.ConnectionWatchdog - Cannot reconnect to [localhost/<unresolved>:16379]: Connection refused: no further information: localhost/127.0.0.1:16379
2026-02-26 18:58:06 [lettuce-nioEventLoop-4-7] WARN  i.l.core.protocol.ConnectionWatchdog - Cannot reconnect to [localhost/<unresolved>:16379]: Connection refused: no further information: localhost/127.0.0.1:16379
2026-02-26 18:58:36 [lettuce-eventExecutorLoop-1-13] INFO  i.l.core.protocol.ConnectionWatchdog - Reconnecting, last destination was localhost/<unresolved>:16379
2026-02-26 18:58:36 [lettuce-eventExecutorLoop-1-14] INFO  i.l.core.protocol.ConnectionWatchdog - Reconnecting, last destination was localhost/<unresolved>:16379
2026-02-26 18:58:36 [lettuce-nioEventLoop-4-10] WARN  i.l.core.protocol.ConnectionWatchdog - Cannot reconnect to [localhost/<unresolved>:16379]: Connection refused: no further information: localhost/127.0.0.1:16379
2026-02-26 18:58:36 [lettuce-nioEventLoop-4-9] WARN  i.l.core.protocol.ConnectionWatchdog - Cannot reconnect to [localhost/<unresolved>:16379]: Connection refused: no further information: localhost/127.0.0.1:16379
2026-02-26 18:59:06 [lettuce-eventExecutorLoop-1-18] INFO  i.l.core.protocol.ConnectionWatchdog - Reconnecting, last destination was localhost/<unresolved>:16379
2026-02-26 18:59:06 [lettuce-eventExecutorLoop-1-17] INFO  i.l.core.protocol.ConnectionWatchdog - Reconnecting, last destination was localhost/<unresolved>:16379
2026-02-26 18:59:06 [lettuce-nioEventLoop-4-12] WARN  i.l.core.protocol.ConnectionWatchdog - Cannot reconnect to [localhost/<unresolved>:16379]: Connection refused: no further information: localhost/127.0.0.1:16379
2026-02-26 18:59:06 [lettuce-nioEventLoop-4-11] WARN  i.l.core.protocol.ConnectionWatchdog - Cannot reconnect to [localhost/<unresolved>:16379]: Connection refused: no further information: localhost/127.0.0.1:16379
2026-02-26 18:59:36 [lettuce-eventExecutorLoop-1-21] INFO  i.l.core.protocol.ConnectionWatchdog - Reconnecting, last destination was localhost/<unresolved>:16379
2026-02-26 18:59:36 [lettuce-eventExecutorLoop-1-22] INFO  i.l.core.protocol.ConnectionWatchdog - Reconnecting, last destination was localhost/<unresolved>:16379
2026-02-26 18:59:36 [lettuce-nioEventLoop-4-13] WARN  i.l.core.protocol.ConnectionWatchdog - Cannot reconnect to [localhost/<unresolved>:16379]: Connection refused: no further information: localhost/127.0.0.1:16379
2026-02-26 18:59:36 [lettuce-nioEventLoop-4-14] WARN  i.l.core.protocol.ConnectionWatchdog - Cannot reconnect to [localhost/<unresolved>:16379]: Connection refused: no further information: localhost/127.0.0.1:16379
2026-02-26 19:00:06 [lettuce-eventExecutorLoop-1-25] INFO  i.l.core.protocol.ConnectionWatchdog - Reconnecting, last destination was localhost/<unresolved>:16379
2026-02-26 19:00:06 [lettuce-eventExecutorLoop-1-26] INFO  i.l.core.protocol.ConnectionWatchdog - Reconnecting, last destination was localhost/<unresolved>:16379
2026-02-26 19:00:06 [lettuce-nioEventLoop-4-15] WARN  i.l.core.protocol.ConnectionWatchdog - Cannot reconnect to [localhost/<unresolved>:16379]: Connection refused: no further information: localhost/127.0.0.1:16379
2026-02-26 19:00:06 [lettuce-nioEventLoop-4-16] WARN  i.l.core.protocol.ConnectionWatchdog - Cannot reconnect to [localhost/<unresolved>:16379]: Connection refused: no further information: localhost/127.0.0.1:16379
2026-02-26 19:00:36 [lettuce-eventExecutorLoop-1-29] INFO  i.l.core.protocol.ConnectionWatchdog - Reconnecting, last destination was localhost/<unresolved>:16379
2026-02-26 19:00:36 [lettuce-eventExecutorLoop-1-30] INFO  i.l.core.protocol.ConnectionWatchdog - Reconnecting, last destination was localhost/<unresolved>:16379
2026-02-26 19:00:36 [lettuce-nioEventLoop-4-18] WARN  i.l.core.protocol.ConnectionWatchdog - Cannot reconnect to [localhost/<unresolved>:16379]: Connection refused: no further information: localhost/127.0.0.1:16379
2026-02-26 19:00:36 [lettuce-nioEventLoop-4-17] WARN  i.l.core.protocol.ConnectionWatchdog - Cannot reconnect to [localhost/<unresolved>:16379]: Connection refused: no further information: localhost/127.0.0.1:16379
2026-02-26 19:01:06 [lettuce-eventExecutorLoop-1-1] INFO  i.l.core.protocol.ConnectionWatchdog - Reconnecting, last destination was localhost/<unresolved>:16379
2026-02-26 19:01:06 [lettuce-eventExecutorLoop-1-2] INFO  i.l.core.protocol.ConnectionWatchdog - Reconnecting, last destination was localhost/<unresolved>:16379
2026-02-26 19:01:06 [lettuce-nioEventLoop-4-19] WARN  i.l.core.protocol.ConnectionWatchdog - Cannot reconnect to [localhost/<unresolved>:16379]: Connection refused: no further information: localhost/127.0.0.1:16379
2026-02-26 19:01:06 [lettuce-nioEventLoop-4-20] WARN  i.l.core.protocol.ConnectionWatchdog - Cannot reconnect to [localhost/<unresolved>:16379]: Connection refused: no further information: localhost/127.0.0.1:16379
2026-02-26 19:01:36 [lettuce-eventExecutorLoop-1-5] INFO  i.l.core.protocol.ConnectionWatchdog - Reconnecting, last destination was localhost/<unresolved>:16379
2026-02-26 19:01:36 [lettuce-eventExecutorLoop-1-6] INFO  i.l.core.protocol.ConnectionWatchdog - Reconnecting, last destination was localhost/<unresolved>:16379
2026-02-26 19:01:36 [lettuce-nioEventLoop-4-21] WARN  i.l.core.protocol.ConnectionWatchdog - Cannot reconnect to [localhost/<unresolved>:16379]: Connection refused: no further information: localhost/127.0.0.1:16379
2026-02-26 19:01:36 [lettuce-nioEventLoop-4-22] WARN  i.l.core.protocol.ConnectionWatchdog - Cannot reconnect to [localhost/<unresolved>:16379]: Connection refused: no further information: localhost/127.0.0.1:16379
2026-02-26 19:02:06 [lettuce-eventExecutorLoop-1-9] INFO  i.l.core.protocol.ConnectionWatchdog - Reconnecting, last destination was localhost/<unresolved>:16379
2026-02-26 19:02:06 [lettuce-eventExecutorLoop-1-10] INFO  i.l.core.protocol.ConnectionWatchdog - Reconnecting, last destination was localhost/<unresolved>:16379
2026-02-26 19:02:06 [lettuce-nioEventLoop-4-23] WARN  i.l.core.protocol.ConnectionWatchdog - Cannot reconnect to [localhost/<unresolved>:16379]: Connection refused: no further information: localhost/127.0.0.1:16379
2026-02-26 19:02:06 [lettuce-nioEventLoop-4-24] WARN  i.l.core.protocol.ConnectionWatchdog - Cannot reconnect to [localhost/<unresolved>:16379]: Connection refused: no further information: localhost/127.0.0.1:16379
2026-02-26 19:02:37 [lettuce-eventExecutorLoop-1-13] INFO  i.l.core.protocol.ConnectionWatchdog - Reconnecting, last destination was localhost/<unresolved>:16379
2026-02-26 19:02:37 [lettuce-eventExecutorLoop-1-14] INFO  i.l.core.protocol.ConnectionWatchdog - Reconnecting, last destination was localhost/<unresolved>:16379
2026-02-26 19:02:37 [lettuce-nioEventLoop-4-25] WARN  i.l.core.protocol.ConnectionWatchdog - Cannot reconnect to [localhost/<unresolved>:16379]: Connection refused: no further information: localhost/127.0.0.1:16379
2026-02-26 19:02:37 [lettuce-nioEventLoop-4-26] WARN  i.l.core.protocol.ConnectionWatchdog - Cannot reconnect to [localhost/<unresolved>:16379]: Connection refused: no further information: localhost/127.0.0.1:16379
2026-02-26 19:03:07 [lettuce-eventExecutorLoop-1-17] INFO  i.l.core.protocol.ConnectionWatchdog - Reconnecting, last destination was localhost/<unresolved>:16379
2026-02-26 19:03:07 [lettuce-eventExecutorLoop-1-18] INFO  i.l.core.protocol.ConnectionWatchdog - Reconnecting, last destination was localhost/<unresolved>:16379
2026-02-26 19:03:07 [lettuce-nioEventLoop-4-28] WARN  i.l.core.protocol.ConnectionWatchdog - Cannot reconnect to [localhost/<unresolved>:16379]: Connection refused: no further information: localhost/127.0.0.1:16379
2026-02-26 19:03:07 [lettuce-nioEventLoop-4-27] WARN  i.l.core.protocol.ConnectionWatchdog - Cannot reconnect to [localhost/<unresolved>:16379]: Connection refused: no further information: localhost/127.0.0.1:16379
2026-02-26 19:03:37 [lettuce-eventExecutorLoop-1-21] INFO  i.l.core.protocol.ConnectionWatchdog - Reconnecting, last destination was localhost/<unresolved>:16379
2026-02-26 19:03:37 [lettuce-eventExecutorLoop-1-22] INFO  i.l.core.protocol.ConnectionWatchdog - Reconnecting, last destination was localhost/<unresolved>:16379
2026-02-26 19:03:37 [lettuce-nioEventLoop-4-29] WARN  i.l.core.protocol.ConnectionWatchdog - Cannot reconnect to [localhost/<unresolved>:16379]: Connection refused: no further information: localhost/127.0.0.1:16379
2026-02-26 19:03:37 [lettuce-nioEventLoop-4-30] WARN  i.l.core.protocol.ConnectionWatchdog - Cannot reconnect to [localhost/<unresolved>:16379]: Connection refused: no further information: localhost/127.0.0.1:16379
2026-02-26 19:04:07 [lettuce-eventExecutorLoop-1-26] INFO  i.l.core.protocol.ConnectionWatchdog - Reconnecting, last destination was localhost/<unresolved>:16379
2026-02-26 19:04:07 [lettuce-eventExecutorLoop-1-25] INFO  i.l.core.protocol.ConnectionWatchdog - Reconnecting, last destination was localhost/<unresolved>:16379
2026-02-26 19:04:07 [lettuce-nioEventLoop-4-32] WARN  i.l.core.protocol.ConnectionWatchdog - Cannot reconnect to [localhost/<unresolved>:16379]: Connection refused: no further information: localhost/127.0.0.1:16379
2026-02-26 19:04:07 [lettuce-nioEventLoop-4-31] WARN  i.l.core.protocol.ConnectionWatchdog - Cannot reconnect to [localhost/<unresolved>:16379]: Connection refused: no further information: localhost/127.0.0.1:16379
2026-02-26 19:04:37 [lettuce-eventExecutorLoop-1-29] INFO  i.l.core.protocol.ConnectionWatchdog - Reconnecting, last destination was localhost/<unresolved>:16379
2026-02-26 19:04:37 [lettuce-nioEventLoop-4-1] WARN  i.l.core.protocol.ConnectionWatchdog - Cannot reconnect to [localhost/<unresolved>:16379]: Connection refused: no further information: localhost/127.0.0.1:16379
2026-02-26 19:04:37 [lettuce-eventExecutorLoop-1-30] INFO  i.l.core.protocol.ConnectionWatchdog - Reconnecting, last destination was localhost/<unresolved>:16379
2026-02-26 19:04:37 [lettuce-nioEventLoop-4-2] WARN  i.l.core.protocol.ConnectionWatchdog - Cannot reconnect to [localhost/<unresolved>:16379]: Connection refused: no further information: localhost/127.0.0.1:16379
2026-02-26 19:05:07 [lettuce-eventExecutorLoop-1-2] INFO  i.l.core.protocol.ConnectionWatchdog - Reconnecting, last destination was localhost/<unresolved>:16379
2026-02-26 19:05:07 [lettuce-eventExecutorLoop-1-1] INFO  i.l.core.protocol.ConnectionWatchdog - Reconnecting, last destination was localhost/<unresolved>:16379
2026-02-26 19:05:07 [lettuce-nioEventLoop-4-3] WARN  i.l.core.protocol.ConnectionWatchdog - Cannot reconnect to [localhost/<unresolved>:16379]: Connection refused: no further information: localhost/127.0.0.1:16379
2026-02-26 19:05:07 [lettuce-nioEventLoop-4-4] WARN  i.l.core.protocol.ConnectionWatchdog - Cannot reconnect to [localhost/<unresolved>:16379]: Connection refused: no further information: localhost/127.0.0.1:16379
2026-02-26 19:05:37 [lettuce-eventExecutorLoop-1-6] INFO  i.l.core.protocol.ConnectionWatchdog - Reconnecting, last destination was localhost/<unresolved>:16379
2026-02-26 19:05:37 [lettuce-eventExecutorLoop-1-5] INFO  i.l.core.protocol.ConnectionWatchdog - Reconnecting, last destination was localhost/<unresolved>:16379
2026-02-26 19:05:37 [lettuce-nioEventLoop-4-6] WARN  i.l.core.protocol.ConnectionWatchdog - Cannot reconnect to [localhost/<unresolved>:16379]: Connection refused: no further information: localhost/127.0.0.1:16379
2026-02-26 19:05:37 [lettuce-nioEventLoop-4-5] WARN  i.l.core.protocol.ConnectionWatchdog - Cannot reconnect to [localhost/<unresolved>:16379]: Connection refused: no further information: localhost/127.0.0.1:16379
2026-02-26 19:06:07 [lettuce-eventExecutorLoop-1-10] INFO  i.l.core.protocol.ConnectionWatchdog - Reconnecting, last destination was localhost/<unresolved>:16379
2026-02-26 19:06:07 [lettuce-eventExecutorLoop-1-9] INFO  i.l.core.protocol.ConnectionWatchdog - Reconnecting, last destination was localhost/<unresolved>:16379
2026-02-26 19:06:07 [lettuce-nioEventLoop-4-7] WARN  i.l.core.protocol.ConnectionWatchdog - Cannot reconnect to [localhost/<unresolved>:16379]: Connection refused: no further information: localhost/127.0.0.1:16379
2026-02-26 19:06:07 [lettuce-nioEventLoop-4-8] WARN  i.l.core.protocol.ConnectionWatchdog - Cannot reconnect to [localhost/<unresolved>:16379]: Connection refused: no further information: localhost/127.0.0.1:16379
2026-02-26 19:06:37 [lettuce-eventExecutorLoop-1-13] INFO  i.l.core.protocol.ConnectionWatchdog - Reconnecting, last destination was localhost/<unresolved>:16379
2026-02-26 19:06:37 [lettuce-eventExecutorLoop-1-14] INFO  i.l.core.protocol.ConnectionWatchdog - Reconnecting, last destination was localhost/<unresolved>:16379
2026-02-26 19:06:37 [lettuce-nioEventLoop-4-10] WARN  i.l.core.protocol.ConnectionWatchdog - Cannot reconnect to [localhost/<unresolved>:16379]: Connection refused: no further information: localhost/127.0.0.1:16379
2026-02-26 19:06:37 [lettuce-nioEventLoop-4-9] WARN  i.l.core.protocol.ConnectionWatchdog - Cannot reconnect to [localhost/<unresolved>:16379]: Connection refused: no further information: localhost/127.0.0.1:16379
2026-02-26 19:07:07 [lettuce-eventExecutorLoop-1-17] INFO  i.l.core.protocol.ConnectionWatchdog - Reconnecting, last destination was localhost/<unresolved>:16379
2026-02-26 19:07:07 [lettuce-eventExecutorLoop-1-18] INFO  i.l.core.protocol.ConnectionWatchdog - Reconnecting, last destination was localhost/<unresolved>:16379
2026-02-26 19:07:07 [lettuce-nioEventLoop-4-11] WARN  i.l.core.protocol.ConnectionWatchdog - Cannot reconnect to [localhost/<unresolved>:16379]: Connection refused: no further information: localhost/127.0.0.1:16379
2026-02-26 19:07:07 [lettuce-nioEventLoop-4-12] WARN  i.l.core.protocol.ConnectionWatchdog - Cannot reconnect to [localhost/<unresolved>:16379]: Connection refused: no further information: localhost/127.0.0.1:16379
2026-02-26 19:07:38 [lettuce-eventExecutorLoop-1-21] INFO  i.l.core.protocol.ConnectionWatchdog - Reconnecting, last destination was localhost/<unresolved>:16379
2026-02-26 19:07:38 [lettuce-eventExecutorLoop-1-22] INFO  i.l.core.protocol.ConnectionWatchdog - Reconnecting, last destination was localhost/<unresolved>:16379
2026-02-26 19:07:38 [lettuce-nioEventLoop-4-13] WARN  i.l.core.protocol.ConnectionWatchdog - Cannot reconnect to [localhost/<unresolved>:16379]: Connection refused: no further information: localhost/127.0.0.1:16379
2026-02-26 19:07:38 [lettuce-nioEventLoop-4-14] WARN  i.l.core.protocol.ConnectionWatchdog - Cannot reconnect to [localhost/<unresolved>:16379]: Connection refused: no further information: localhost/127.0.0.1:16379
2026-02-26 19:08:08 [lettuce-eventExecutorLoop-1-26] INFO  i.l.core.protocol.ConnectionWatchdog - Reconnecting, last destination was localhost/<unresolved>:16379
2026-02-26 19:08:08 [lettuce-eventExecutorLoop-1-25] INFO  i.l.core.protocol.ConnectionWatchdog - Reconnecting, last destination was localhost/<unresolved>:16379
2026-02-26 19:08:08 [lettuce-nioEventLoop-4-15] WARN  i.l.core.protocol.ConnectionWatchdog - Cannot reconnect to [localhost/<unresolved>:16379]: Connection refused: no further information: localhost/127.0.0.1:16379
2026-02-26 19:08:08 [lettuce-nioEventLoop-4-16] WARN  i.l.core.protocol.ConnectionWatchdog - Cannot reconnect to [localhost/<unresolved>:16379]: Connection refused: no further information: localhost/127.0.0.1:16379
2026-02-26 19:08:38 [lettuce-eventExecutorLoop-1-29] INFO  i.l.core.protocol.ConnectionWatchdog - Reconnecting, last destination was localhost/<unresolved>:16379
2026-02-26 19:08:38 [lettuce-eventExecutorLoop-1-30] INFO  i.l.core.protocol.ConnectionWatchdog - Reconnecting, last destination was localhost/<unresolved>:16379
2026-02-26 19:08:38 [lettuce-nioEventLoop-4-18] WARN  i.l.core.protocol.ConnectionWatchdog - Cannot reconnect to [localhost/<unresolved>:16379]: Connection refused: no further information: localhost/127.0.0.1:16379
2026-02-26 19:08:38 [lettuce-nioEventLoop-4-17] WARN  i.l.core.protocol.ConnectionWatchdog - Cannot reconnect to [localhost/<unresolved>:16379]: Connection refused: no further information: localhost/127.0.0.1:16379
2026-02-26 19:09:08 [lettuce-eventExecutorLoop-1-2] INFO  i.l.core.protocol.ConnectionWatchdog - Reconnecting, last destination was localhost/<unresolved>:16379
2026-02-26 19:09:08 [lettuce-eventExecutorLoop-1-1] INFO  i.l.core.protocol.ConnectionWatchdog - Reconnecting, last destination was localhost/<unresolved>:16379
2026-02-26 19:09:08 [lettuce-nioEventLoop-4-19] WARN  i.l.core.protocol.ConnectionWatchdog - Cannot reconnect to [localhost/<unresolved>:16379]: Connection refused: no further information: localhost/127.0.0.1:16379
2026-02-26 19:09:08 [lettuce-nioEventLoop-4-20] WARN  i.l.core.protocol.ConnectionWatchdog - Cannot reconnect to [localhost/<unresolved>:16379]: Connection refused: no further information: localhost/127.0.0.1:16379
2026-02-26 19:09:38 [lettuce-eventExecutorLoop-1-5] INFO  i.l.core.protocol.ConnectionWatchdog - Reconnecting, last destination was localhost/<unresolved>:16379
2026-02-26 19:09:38 [lettuce-eventExecutorLoop-1-6] INFO  i.l.core.protocol.ConnectionWatchdog - Reconnecting, last destination was localhost/<unresolved>:16379
2026-02-26 19:09:38 [lettuce-nioEventLoop-4-22] WARN  i.l.core.protocol.ConnectionWatchdog - Cannot reconnect to [localhost/<unresolved>:16379]: Connection refused: no further information: localhost/127.0.0.1:16379
2026-02-26 19:09:38 [lettuce-nioEventLoop-4-21] WARN  i.l.core.protocol.ConnectionWatchdog - Cannot reconnect to [localhost/<unresolved>:16379]: Connection refused: no further information: localhost/127.0.0.1:16379
2026-02-26 19:10:08 [lettuce-eventExecutorLoop-1-9] INFO  i.l.core.protocol.ConnectionWatchdog - Reconnecting, last destination was localhost/<unresolved>:16379
2026-02-26 19:10:08 [lettuce-eventExecutorLoop-1-10] INFO  i.l.core.protocol.ConnectionWatchdog - Reconnecting, last destination was localhost/<unresolved>:16379
2026-02-26 19:10:08 [lettuce-nioEventLoop-4-23] WARN  i.l.core.protocol.ConnectionWatchdog - Cannot reconnect to [localhost/<unresolved>:16379]: Connection refused: no further information: localhost/127.0.0.1:16379
2026-02-26 19:10:08 [lettuce-nioEventLoop-4-24] WARN  i.l.core.protocol.ConnectionWatchdog - Cannot reconnect to [localhost/<unresolved>:16379]: Connection refused: no further information: localhost/127.0.0.1:16379
2026-02-26 19:10:38 [lettuce-eventExecutorLoop-1-13] INFO  i.l.core.protocol.ConnectionWatchdog - Reconnecting, last destination was localhost/<unresolved>:16379
2026-02-26 19:10:38 [lettuce-eventExecutorLoop-1-14] INFO  i.l.core.protocol.ConnectionWatchdog - Reconnecting, last destination was localhost/<unresolved>:16379
2026-02-26 19:10:38 [lettuce-nioEventLoop-4-26] WARN  i.l.core.protocol.ConnectionWatchdog - Cannot reconnect to [localhost/<unresolved>:16379]: Connection refused: no further information: localhost/127.0.0.1:16379
2026-02-26 19:10:38 [lettuce-nioEventLoop-4-25] WARN  i.l.core.protocol.ConnectionWatchdog - Cannot reconnect to [localhost/<unresolved>:16379]: Connection refused: no further information: localhost/127.0.0.1:16379
2026-02-26 19:11:08 [lettuce-eventExecutorLoop-1-18] INFO  i.l.core.protocol.ConnectionWatchdog - Reconnecting, last destination was localhost/<unresolved>:16379
2026-02-26 19:11:08 [lettuce-eventExecutorLoop-1-17] INFO  i.l.core.protocol.ConnectionWatchdog - Reconnecting, last destination was localhost/<unresolved>:16379
2026-02-26 19:11:08 [lettuce-nioEventLoop-4-28] WARN  i.l.core.protocol.ConnectionWatchdog - Cannot reconnect to [localhost/<unresolved>:16379]: Connection refused: no further information: localhost/127.0.0.1:16379
2026-02-26 19:11:08 [lettuce-nioEventLoop-4-27] WARN  i.l.core.protocol.ConnectionWatchdog - Cannot reconnect to [localhost/<unresolved>:16379]: Connection refused: no further information: localhost/127.0.0.1:16379
2026-02-26 19:11:38 [lettuce-eventExecutorLoop-1-22] INFO  i.l.core.protocol.ConnectionWatchdog - Reconnecting, last destination was localhost/<unresolved>:16379
2026-02-26 19:11:38 [lettuce-eventExecutorLoop-1-21] INFO  i.l.core.protocol.ConnectionWatchdog - Reconnecting, last destination was localhost/<unresolved>:16379
2026-02-26 19:11:38 [lettuce-nioEventLoop-4-30] WARN  i.l.core.protocol.ConnectionWatchdog - Cannot reconnect to [localhost/<unresolved>:16379]: Connection refused: no further information: localhost/127.0.0.1:16379
2026-02-26 19:11:38 [lettuce-nioEventLoop-4-29] WARN  i.l.core.protocol.ConnectionWatchdog - Cannot reconnect to [localhost/<unresolved>:16379]: Connection refused: no further information: localhost/127.0.0.1:16379
2026-02-26 19:12:08 [lettuce-eventExecutorLoop-1-25] INFO  i.l.core.protocol.ConnectionWatchdog - Reconnecting, last destination was localhost/<unresolved>:16379
2026-02-26 19:12:08 [lettuce-eventExecutorLoop-1-26] INFO  i.l.core.protocol.ConnectionWatchdog - Reconnecting, last destination was localhost/<unresolved>:16379
2026-02-26 19:12:08 [lettuce-nioEventLoop-4-32] WARN  i.l.core.protocol.ConnectionWatchdog - Cannot reconnect to [localhost/<unresolved>:16379]: Connection refused: no further information: localhost/127.0.0.1:16379
2026-02-26 19:12:08 [lettuce-nioEventLoop-4-31] WARN  i.l.core.protocol.ConnectionWatchdog - Cannot reconnect to [localhost/<unresolved>:16379]: Connection refused: no further information: localhost/127.0.0.1:16379
2026-02-26 19:12:39 [lettuce-eventExecutorLoop-1-29] INFO  i.l.core.protocol.ConnectionWatchdog - Reconnecting, last destination was localhost/<unresolved>:16379
2026-02-26 19:12:39 [lettuce-eventExecutorLoop-1-30] INFO  i.l.core.protocol.ConnectionWatchdog - Reconnecting, last destination was localhost/<unresolved>:16379
2026-02-26 19:12:39 [lettuce-nioEventLoop-4-1] WARN  i.l.core.protocol.ConnectionWatchdog - Cannot reconnect to [localhost/<unresolved>:16379]: Connection refused: no further information: localhost/127.0.0.1:16379
2026-02-26 19:12:39 [lettuce-nioEventLoop-4-2] WARN  i.l.core.protocol.ConnectionWatchdog - Cannot reconnect to [localhost/<unresolved>:16379]: Connection refused: no further information: localhost/127.0.0.1:16379
2026-02-26 19:13:09 [lettuce-eventExecutorLoop-1-2] INFO  i.l.core.protocol.ConnectionWatchdog - Reconnecting, last destination was localhost/<unresolved>:16379
2026-02-26 19:13:09 [lettuce-eventExecutorLoop-1-1] INFO  i.l.core.protocol.ConnectionWatchdog - Reconnecting, last destination was localhost/<unresolved>:16379
2026-02-26 19:13:09 [lettuce-nioEventLoop-4-4] WARN  i.l.core.protocol.ConnectionWatchdog - Cannot reconnect to [localhost/<unresolved>:16379]: Connection refused: no further information: localhost/127.0.0.1:16379
2026-02-26 19:13:09 [lettuce-nioEventLoop-4-3] WARN  i.l.core.protocol.ConnectionWatchdog - Cannot reconnect to [localhost/<unresolved>:16379]: Connection refused: no further information: localhost/127.0.0.1:16379
2026-02-26 19:13:39 [lettuce-eventExecutorLoop-1-5] INFO  i.l.core.protocol.ConnectionWatchdog - Reconnecting, last destination was localhost/<unresolved>:16379
2026-02-26 19:13:39 [lettuce-eventExecutorLoop-1-6] INFO  i.l.core.protocol.ConnectionWatchdog - Reconnecting, last destination was localhost/<unresolved>:16379
2026-02-26 19:13:39 [lettuce-nioEventLoop-4-5] WARN  i.l.core.protocol.ConnectionWatchdog - Cannot reconnect to [localhost/<unresolved>:16379]: Connection refused: no further information: localhost/127.0.0.1:16379
2026-02-26 19:13:39 [lettuce-nioEventLoop-4-6] WARN  i.l.core.protocol.ConnectionWatchdog - Cannot reconnect to [localhost/<unresolved>:16379]: Connection refused: no further information: localhost/127.0.0.1:16379
2026-02-26 19:14:09 [lettuce-eventExecutorLoop-1-9] INFO  i.l.core.protocol.ConnectionWatchdog - Reconnecting, last destination was localhost/<unresolved>:16379
2026-02-26 19:14:09 [lettuce-eventExecutorLoop-1-10] INFO  i.l.core.protocol.ConnectionWatchdog - Reconnecting, last destination was localhost/<unresolved>:16379
2026-02-26 19:14:09 [lettuce-nioEventLoop-4-8] WARN  i.l.core.protocol.ConnectionWatchdog - Cannot reconnect to [localhost/<unresolved>:16379]: Connection refused: no further information: localhost/127.0.0.1:16379
2026-02-26 19:14:09 [lettuce-nioEventLoop-4-7] WARN  i.l.core.protocol.ConnectionWatchdog - Cannot reconnect to [localhost/<unresolved>:16379]: Connection refused: no further information: localhost/127.0.0.1:16379
2026-02-26 19:14:39 [lettuce-eventExecutorLoop-1-14] INFO  i.l.core.protocol.ConnectionWatchdog - Reconnecting, last destination was localhost/<unresolved>:16379
2026-02-26 19:14:39 [lettuce-eventExecutorLoop-1-13] INFO  i.l.core.protocol.ConnectionWatchdog - Reconnecting, last destination was localhost/<unresolved>:16379
2026-02-26 19:14:39 [lettuce-nioEventLoop-4-10] WARN  i.l.core.protocol.ConnectionWatchdog - Cannot reconnect to [localhost/<unresolved>:16379]: Connection refused: no further information: localhost/127.0.0.1:16379
2026-02-26 19:14:39 [lettuce-nioEventLoop-4-9] WARN  i.l.core.protocol.ConnectionWatchdog - Cannot reconnect to [localhost/<unresolved>:16379]: Connection refused: no further information: localhost/127.0.0.1:16379
2026-02-26 19:15:09 [lettuce-eventExecutorLoop-1-17] INFO  i.l.core.protocol.ConnectionWatchdog - Reconnecting, last destination was localhost/<unresolved>:16379
2026-02-26 19:15:09 [lettuce-eventExecutorLoop-1-18] INFO  i.l.core.protocol.ConnectionWatchdog - Reconnecting, last destination was localhost/<unresolved>:16379
2026-02-26 19:15:09 [lettuce-nioEventLoop-4-12] WARN  i.l.core.protocol.ConnectionWatchdog - Cannot reconnect to [localhost/<unresolved>:16379]: Connection refused: no further information: localhost/127.0.0.1:16379
2026-02-26 19:15:09 [lettuce-nioEventLoop-4-11] WARN  i.l.core.protocol.ConnectionWatchdog - Cannot reconnect to [localhost/<unresolved>:16379]: Connection refused: no further information: localhost/127.0.0.1:16379
2026-02-26 19:15:39 [lettuce-eventExecutorLoop-1-21] INFO  i.l.core.protocol.ConnectionWatchdog - Reconnecting, last destination was localhost/<unresolved>:16379
2026-02-26 19:15:39 [lettuce-eventExecutorLoop-1-22] INFO  i.l.core.protocol.ConnectionWatchdog - Reconnecting, last destination was localhost/<unresolved>:16379
2026-02-26 19:15:39 [lettuce-nioEventLoop-4-13] WARN  i.l.core.protocol.ConnectionWatchdog - Cannot reconnect to [localhost/<unresolved>:16379]: Connection refused: no further information: localhost/127.0.0.1:16379
2026-02-26 19:15:39 [lettuce-nioEventLoop-4-14] WARN  i.l.core.protocol.ConnectionWatchdog - Cannot reconnect to [localhost/<unresolved>:16379]: Connection refused: no further information: localhost/127.0.0.1:16379
2026-02-26 19:16:09 [lettuce-eventExecutorLoop-1-26] INFO  i.l.core.protocol.ConnectionWatchdog - Reconnecting, last destination was localhost/<unresolved>:16379
2026-02-26 19:16:09 [lettuce-eventExecutorLoop-1-25] INFO  i.l.core.protocol.ConnectionWatchdog - Reconnecting, last destination was localhost/<unresolved>:16379
2026-02-26 19:16:09 [lettuce-nioEventLoop-4-15] WARN  i.l.core.protocol.ConnectionWatchdog - Cannot reconnect to [localhost/<unresolved>:16379]: Connection refused: no further information: localhost/127.0.0.1:16379
2026-02-26 19:16:09 [lettuce-nioEventLoop-4-16] WARN  i.l.core.protocol.ConnectionWatchdog - Cannot reconnect to [localhost/<unresolved>:16379]: Connection refused: no further information: localhost/127.0.0.1:16379
2026-02-26 19:16:39 [lettuce-eventExecutorLoop-1-30] INFO  i.l.core.protocol.ConnectionWatchdog - Reconnecting, last destination was localhost/<unresolved>:16379
2026-02-26 19:16:39 [lettuce-eventExecutorLoop-1-29] INFO  i.l.core.protocol.ConnectionWatchdog - Reconnecting, last destination was localhost/<unresolved>:16379
2026-02-26 19:16:39 [lettuce-nioEventLoop-4-17] WARN  i.l.core.protocol.ConnectionWatchdog - Cannot reconnect to [localhost/<unresolved>:16379]: Connection refused: no further information: localhost/127.0.0.1:16379
2026-02-26 19:16:39 [lettuce-eventExecutorLoop-1-29] WARN  i.l.core.protocol.ConnectionWatchdog - Cannot reconnect to [localhost/<unresolved>:16379]: Connection refused: no further information: localhost/127.0.0.1:16379
2026-02-26 19:17:09 [lettuce-eventExecutorLoop-1-1] INFO  i.l.core.protocol.ConnectionWatchdog - Reconnecting, last destination was localhost/<unresolved>:16379
2026-02-26 19:17:09 [lettuce-eventExecutorLoop-1-2] INFO  i.l.core.protocol.ConnectionWatchdog - Reconnecting, last destination was localhost/<unresolved>:16379
2026-02-26 19:17:09 [lettuce-nioEventLoop-4-19] WARN  i.l.core.protocol.ConnectionWatchdog - Cannot reconnect to [localhost/<unresolved>:16379]: Connection refused: no further information: localhost/127.0.0.1:16379
2026-02-26 19:17:09 [lettuce-nioEventLoop-4-20] WARN  i.l.core.protocol.ConnectionWatchdog - Cannot reconnect to [localhost/<unresolved>:16379]: Connection refused: no further information: localhost/127.0.0.1:16379
2026-02-26 19:17:40 [lettuce-eventExecutorLoop-1-5] INFO  i.l.core.protocol.ConnectionWatchdog - Reconnecting, last destination was localhost/<unresolved>:16379
2026-02-26 19:17:40 [lettuce-eventExecutorLoop-1-6] INFO  i.l.core.protocol.ConnectionWatchdog - Reconnecting, last destination was localhost/<unresolved>:16379
2026-02-26 19:17:40 [lettuce-nioEventLoop-4-21] WARN  i.l.core.protocol.ConnectionWatchdog - Cannot reconnect to [localhost/<unresolved>:16379]: Connection refused: no further information: localhost/127.0.0.1:16379
2026-02-26 19:17:40 [lettuce-nioEventLoop-4-22] WARN  i.l.core.protocol.ConnectionWatchdog - Cannot reconnect to [localhost/<unresolved>:16379]: Connection refused: no further information: localhost/127.0.0.1:16379
2026-02-26 19:18:10 [lettuce-eventExecutorLoop-1-9] INFO  i.l.core.protocol.ConnectionWatchdog - Reconnecting, last destination was localhost/<unresolved>:16379
2026-02-26 19:18:10 [lettuce-eventExecutorLoop-1-10] INFO  i.l.core.protocol.ConnectionWatchdog - Reconnecting, last destination was localhost/<unresolved>:16379
2026-02-26 19:18:10 [lettuce-nioEventLoop-4-23] WARN  i.l.core.protocol.ConnectionWatchdog - Cannot reconnect to [localhost/<unresolved>:16379]: Connection refused: no further information: localhost/127.0.0.1:16379
2026-02-26 19:18:10 [lettuce-nioEventLoop-4-24] WARN  i.l.core.protocol.ConnectionWatchdog - Cannot reconnect to [localhost/<unresolved>:16379]: Connection refused: no further information: localhost/127.0.0.1:16379
2026-02-26 19:18:40 [lettuce-eventExecutorLoop-1-13] INFO  i.l.core.protocol.ConnectionWatchdog - Reconnecting, last destination was localhost/<unresolved>:16379
2026-02-26 19:18:40 [lettuce-eventExecutorLoop-1-14] INFO  i.l.core.protocol.ConnectionWatchdog - Reconnecting, last destination was localhost/<unresolved>:16379
2026-02-26 19:18:40 [lettuce-nioEventLoop-4-26] WARN  i.l.core.protocol.ConnectionWatchdog - Cannot reconnect to [localhost/<unresolved>:16379]: Connection refused: no further information: localhost/127.0.0.1:16379
2026-02-26 19:18:40 [lettuce-nioEventLoop-4-25] WARN  i.l.core.protocol.ConnectionWatchdog - Cannot reconnect to [localhost/<unresolved>:16379]: Connection refused: no further information: localhost/127.0.0.1:16379
2026-02-26 19:19:10 [lettuce-eventExecutorLoop-1-18] INFO  i.l.core.protocol.ConnectionWatchdog - Reconnecting, last destination was localhost/<unresolved>:16379
2026-02-26 19:19:10 [lettuce-eventExecutorLoop-1-17] INFO  i.l.core.protocol.ConnectionWatchdog - Reconnecting, last destination was localhost/<unresolved>:16379
2026-02-26 19:19:10 [lettuce-nioEventLoop-4-27] WARN  i.l.core.protocol.ConnectionWatchdog - Cannot reconnect to [localhost/<unresolved>:16379]: Connection refused: no further information: localhost/127.0.0.1:16379
2026-02-26 19:19:10 [lettuce-nioEventLoop-4-28] WARN  i.l.core.protocol.ConnectionWatchdog - Cannot reconnect to [localhost/<unresolved>:16379]: Connection refused: no further information: localhost/127.0.0.1:16379
2026-02-26 19:19:40 [lettuce-eventExecutorLoop-1-21] INFO  i.l.core.protocol.ConnectionWatchdog - Reconnecting, last destination was localhost/<unresolved>:16379
2026-02-26 19:19:40 [lettuce-eventExecutorLoop-1-22] INFO  i.l.core.protocol.ConnectionWatchdog - Reconnecting, last destination was localhost/<unresolved>:16379
2026-02-26 19:19:40 [lettuce-nioEventLoop-4-29] WARN  i.l.core.protocol.ConnectionWatchdog - Cannot reconnect to [localhost/<unresolved>:16379]: Connection refused: no further information: localhost/127.0.0.1:16379
2026-02-26 19:19:40 [lettuce-nioEventLoop-4-30] WARN  i.l.core.protocol.ConnectionWatchdog - Cannot reconnect to [localhost/<unresolved>:16379]: Connection refused: no further information: localhost/127.0.0.1:16379
2026-02-26 19:20:10 [lettuce-eventExecutorLoop-1-26] INFO  i.l.core.protocol.ConnectionWatchdog - Reconnecting, last destination was localhost/<unresolved>:16379
2026-02-26 19:20:10 [lettuce-eventExecutorLoop-1-25] INFO  i.l.core.protocol.ConnectionWatchdog - Reconnecting, last destination was localhost/<unresolved>:16379
2026-02-26 19:20:10 [lettuce-nioEventLoop-4-32] WARN  i.l.core.protocol.ConnectionWatchdog - Cannot reconnect to [localhost/<unresolved>:16379]: Connection refused: no further information: localhost/127.0.0.1:16379
2026-02-26 19:20:10 [lettuce-nioEventLoop-4-31] WARN  i.l.core.protocol.ConnectionWatchdog - Cannot reconnect to [localhost/<unresolved>:16379]: Connection refused: no further information: localhost/127.0.0.1:16379
2026-02-26 19:20:40 [lettuce-eventExecutorLoop-1-29] INFO  i.l.core.protocol.ConnectionWatchdog - Reconnecting, last destination was localhost/<unresolved>:16379
2026-02-26 19:20:40 [lettuce-eventExecutorLoop-1-30] INFO  i.l.core.protocol.ConnectionWatchdog - Reconnecting, last destination was localhost/<unresolved>:16379
2026-02-26 19:20:40 [lettuce-nioEventLoop-4-1] WARN  i.l.core.protocol.ConnectionWatchdog - Cannot reconnect to [localhost/<unresolved>:16379]: Connection refused: no further information: localhost/127.0.0.1:16379
2026-02-26 19:20:40 [lettuce-nioEventLoop-4-2] WARN  i.l.core.protocol.ConnectionWatchdog - Cannot reconnect to [localhost/<unresolved>:16379]: Connection refused: no further information: localhost/127.0.0.1:16379
2026-02-26 19:21:10 [lettuce-eventExecutorLoop-1-1] INFO  i.l.core.protocol.ConnectionWatchdog - Reconnecting, last destination was localhost/<unresolved>:16379
2026-02-26 19:21:10 [lettuce-eventExecutorLoop-1-2] INFO  i.l.core.protocol.ConnectionWatchdog - Reconnecting, last destination was localhost/<unresolved>:16379
2026-02-26 19:21:10 [lettuce-nioEventLoop-4-3] WARN  i.l.core.protocol.ConnectionWatchdog - Cannot reconnect to [localhost/<unresolved>:16379]: Connection refused: no further information: localhost/127.0.0.1:16379
2026-02-26 19:21:10 [lettuce-nioEventLoop-4-4] WARN  i.l.core.protocol.ConnectionWatchdog - Cannot reconnect to [localhost/<unresolved>:16379]: Connection refused: no further information: localhost/127.0.0.1:16379
2026-02-26 19:21:40 [lettuce-eventExecutorLoop-1-6] INFO  i.l.core.protocol.ConnectionWatchdog - Reconnecting, last destination was localhost/<unresolved>:16379
2026-02-26 19:21:40 [lettuce-nioEventLoop-4-5] WARN  i.l.core.protocol.ConnectionWatchdog - Cannot reconnect to [localhost/<unresolved>:16379]: Connection refused: no further information: localhost/127.0.0.1:16379
2026-02-26 19:21:40 [lettuce-eventExecutorLoop-1-5] INFO  i.l.core.protocol.ConnectionWatchdog - Reconnecting, last destination was localhost/<unresolved>:16379
2026-02-26 19:21:40 [lettuce-nioEventLoop-4-6] WARN  i.l.core.protocol.ConnectionWatchdog - Cannot reconnect to [localhost/<unresolved>:16379]: Connection refused: no further information: localhost/127.0.0.1:16379
2026-02-26 19:22:10 [lettuce-eventExecutorLoop-1-10] INFO  i.l.core.protocol.ConnectionWatchdog - Reconnecting, last destination was localhost/<unresolved>:16379
2026-02-26 19:22:10 [lettuce-eventExecutorLoop-1-9] INFO  i.l.core.protocol.ConnectionWatchdog - Reconnecting, last destination was localhost/<unresolved>:16379
2026-02-26 19:22:10 [lettuce-nioEventLoop-4-8] WARN  i.l.core.protocol.ConnectionWatchdog - Cannot reconnect to [localhost/<unresolved>:16379]: Connection refused: no further information: localhost/127.0.0.1:16379
2026-02-26 19:22:10 [lettuce-nioEventLoop-4-7] WARN  i.l.core.protocol.ConnectionWatchdog - Cannot reconnect to [localhost/<unresolved>:16379]: Connection refused: no further information: localhost/127.0.0.1:16379
2026-02-26 19:22:41 [lettuce-eventExecutorLoop-1-13] INFO  i.l.core.protocol.ConnectionWatchdog - Reconnecting, last destination was localhost/<unresolved>:16379
2026-02-26 19:22:41 [lettuce-eventExecutorLoop-1-14] INFO  i.l.core.protocol.ConnectionWatchdog - Reconnecting, last destination was localhost/<unresolved>:16379
2026-02-26 19:22:41 [lettuce-nioEventLoop-4-9] WARN  i.l.core.protocol.ConnectionWatchdog - Cannot reconnect to [localhost/<unresolved>:16379]: Connection refused: no further information: localhost/127.0.0.1:16379
2026-02-26 19:22:41 [lettuce-nioEventLoop-4-10] WARN  i.l.core.protocol.ConnectionWatchdog - Cannot reconnect to [localhost/<unresolved>:16379]: Connection refused: no further information: localhost/127.0.0.1:16379
2026-02-26 19:23:11 [lettuce-eventExecutorLoop-1-18] INFO  i.l.core.protocol.ConnectionWatchdog - Reconnecting, last destination was localhost/<unresolved>:16379
2026-02-26 19:23:11 [lettuce-eventExecutorLoop-1-17] INFO  i.l.core.protocol.ConnectionWatchdog - Reconnecting, last destination was localhost/<unresolved>:16379
2026-02-26 19:23:11 [lettuce-nioEventLoop-4-11] WARN  i.l.core.protocol.ConnectionWatchdog - Cannot reconnect to [localhost/<unresolved>:16379]: Connection refused: no further information: localhost/127.0.0.1:16379
2026-02-26 19:23:11 [lettuce-nioEventLoop-4-12] WARN  i.l.core.protocol.ConnectionWatchdog - Cannot reconnect to [localhost/<unresolved>:16379]: Connection refused: no further information: localhost/127.0.0.1:16379
2026-02-26 19:23:41 [lettuce-eventExecutorLoop-1-22] INFO  i.l.core.protocol.ConnectionWatchdog - Reconnecting, last destination was localhost/<unresolved>:16379
2026-02-26 19:23:41 [lettuce-eventExecutorLoop-1-21] INFO  i.l.core.protocol.ConnectionWatchdog - Reconnecting, last destination was localhost/<unresolved>:16379
2026-02-26 19:23:41 [lettuce-nioEventLoop-4-13] WARN  i.l.core.protocol.ConnectionWatchdog - Cannot reconnect to [localhost/<unresolved>:16379]: Connection refused: no further information: localhost/127.0.0.1:16379
2026-02-26 19:23:41 [lettuce-nioEventLoop-4-14] WARN  i.l.core.protocol.ConnectionWatchdog - Cannot reconnect to [localhost/<unresolved>:16379]: Connection refused: no further information: localhost/127.0.0.1:16379
2026-02-26 19:24:11 [lettuce-eventExecutorLoop-1-25] INFO  i.l.core.protocol.ConnectionWatchdog - Reconnecting, last destination was localhost/<unresolved>:16379
2026-02-26 19:24:11 [lettuce-eventExecutorLoop-1-26] INFO  i.l.core.protocol.ConnectionWatchdog - Reconnecting, last destination was localhost/<unresolved>:16379
2026-02-26 19:24:11 [lettuce-nioEventLoop-4-15] WARN  i.l.core.protocol.ConnectionWatchdog - Cannot reconnect to [localhost/<unresolved>:16379]: Connection refused: no further information: localhost/127.0.0.1:16379
2026-02-26 19:24:11 [lettuce-nioEventLoop-4-16] WARN  i.l.core.protocol.ConnectionWatchdog - Cannot reconnect to [localhost/<unresolved>:16379]: Connection refused: no further information: localhost/127.0.0.1:16379
2026-02-26 19:24:41 [lettuce-eventExecutorLoop-1-29] INFO  i.l.core.protocol.ConnectionWatchdog - Reconnecting, last destination was localhost/<unresolved>:16379
2026-02-26 19:24:41 [lettuce-eventExecutorLoop-1-30] INFO  i.l.core.protocol.ConnectionWatchdog - Reconnecting, last destination was localhost/<unresolved>:16379
2026-02-26 19:24:41 [lettuce-nioEventLoop-4-17] WARN  i.l.core.protocol.ConnectionWatchdog - Cannot reconnect to [localhost/<unresolved>:16379]: Connection refused: no further information: localhost/127.0.0.1:16379
2026-02-26 19:24:41 [lettuce-nioEventLoop-4-18] WARN  i.l.core.protocol.ConnectionWatchdog - Cannot reconnect to [localhost/<unresolved>:16379]: Connection refused: no further information: localhost/127.0.0.1:16379
2026-02-26 19:25:11 [lettuce-eventExecutorLoop-1-1] INFO  i.l.core.protocol.ConnectionWatchdog - Reconnecting, last destination was localhost/<unresolved>:16379
2026-02-26 19:25:11 [lettuce-eventExecutorLoop-1-2] INFO  i.l.core.protocol.ConnectionWatchdog - Reconnecting, last destination was localhost/<unresolved>:16379
2026-02-26 19:25:11 [lettuce-nioEventLoop-4-20] WARN  i.l.core.protocol.ConnectionWatchdog - Cannot reconnect to [localhost/<unresolved>:16379]: Connection refused: no further information: localhost/127.0.0.1:16379
2026-02-26 19:25:11 [lettuce-nioEventLoop-4-19] WARN  i.l.core.protocol.ConnectionWatchdog - Cannot reconnect to [localhost/<unresolved>:16379]: Connection refused: no further information: localhost/127.0.0.1:16379
2026-02-26 19:25:41 [lettuce-eventExecutorLoop-1-5] INFO  i.l.core.protocol.ConnectionWatchdog - Reconnecting, last destination was localhost/<unresolved>:16379
2026-02-26 19:25:41 [lettuce-eventExecutorLoop-1-6] INFO  i.l.core.protocol.ConnectionWatchdog - Reconnecting, last destination was localhost/<unresolved>:16379
2026-02-26 19:25:41 [lettuce-nioEventLoop-4-21] WARN  i.l.core.protocol.ConnectionWatchdog - Cannot reconnect to [localhost/<unresolved>:16379]: Connection refused: no further information: localhost/127.0.0.1:16379
2026-02-26 19:25:41 [lettuce-nioEventLoop-4-22] WARN  i.l.core.protocol.ConnectionWatchdog - Cannot reconnect to [localhost/<unresolved>:16379]: Connection refused: no further information: localhost/127.0.0.1:16379
2026-02-26 19:26:11 [lettuce-eventExecutorLoop-1-9] INFO  i.l.core.protocol.ConnectionWatchdog - Reconnecting, last destination was localhost/<unresolved>:16379
2026-02-26 19:26:11 [lettuce-eventExecutorLoop-1-10] INFO  i.l.core.protocol.ConnectionWatchdog - Reconnecting, last destination was localhost/<unresolved>:16379
2026-02-26 19:26:11 [lettuce-nioEventLoop-4-23] WARN  i.l.core.protocol.ConnectionWatchdog - Cannot reconnect to [localhost/<unresolved>:16379]: Connection refused: no further information: localhost/127.0.0.1:16379
2026-02-26 19:26:11 [lettuce-nioEventLoop-4-24] WARN  i.l.core.protocol.ConnectionWatchdog - Cannot reconnect to [localhost/<unresolved>:16379]: Connection refused: no further information: localhost/127.0.0.1:16379
2026-02-26 19:26:41 [lettuce-eventExecutorLoop-1-13] INFO  i.l.core.protocol.ConnectionWatchdog - Reconnecting, last destination was localhost/<unresolved>:16379
2026-02-26 19:26:41 [lettuce-eventExecutorLoop-1-14] INFO  i.l.core.protocol.ConnectionWatchdog - Reconnecting, last destination was localhost/<unresolved>:16379
2026-02-26 19:26:41 [lettuce-nioEventLoop-4-25] WARN  i.l.core.protocol.ConnectionWatchdog - Cannot reconnect to [localhost/<unresolved>:16379]: Connection refused: no further information: localhost/127.0.0.1:16379
2026-02-26 19:26:41 [lettuce-nioEventLoop-4-26] WARN  i.l.core.protocol.ConnectionWatchdog - Cannot reconnect to [localhost/<unresolved>:16379]: Connection refused: no further information: localhost/127.0.0.1:16379
2026-02-26 19:27:11 [lettuce-eventExecutorLoop-1-17] INFO  i.l.core.protocol.ConnectionWatchdog - Reconnecting, last destination was localhost/<unresolved>:16379
2026-02-26 19:27:11 [lettuce-eventExecutorLoop-1-18] INFO  i.l.core.protocol.ConnectionWatchdog - Reconnecting, last destination was localhost/<unresolved>:16379
2026-02-26 19:27:11 [lettuce-nioEventLoop-4-28] WARN  i.l.core.protocol.ConnectionWatchdog - Cannot reconnect to [localhost/<unresolved>:16379]: Connection refused: no further information: localhost/127.0.0.1:16379
2026-02-26 19:27:11 [lettuce-nioEventLoop-4-27] WARN  i.l.core.protocol.ConnectionWatchdog - Cannot reconnect to [localhost/<unresolved>:16379]: Connection refused: no further information: localhost/127.0.0.1:16379
2026-02-26 19:27:42 [lettuce-eventExecutorLoop-1-22] INFO  i.l.core.protocol.ConnectionWatchdog - Reconnecting, last destination was localhost/<unresolved>:16379
2026-02-26 19:27:42 [lettuce-eventExecutorLoop-1-21] INFO  i.l.core.protocol.ConnectionWatchdog - Reconnecting, last destination was localhost/<unresolved>:16379
2026-02-26 19:27:42 [lettuce-nioEventLoop-4-30] WARN  i.l.core.protocol.ConnectionWatchdog - Cannot reconnect to [localhost/<unresolved>:16379]: Connection refused: no further information: localhost/127.0.0.1:16379
2026-02-26 19:27:42 [lettuce-nioEventLoop-4-29] WARN  i.l.core.protocol.ConnectionWatchdog - Cannot reconnect to [localhost/<unresolved>:16379]: Connection refused: no further information: localhost/127.0.0.1:16379
2026-02-26 19:28:12 [lettuce-eventExecutorLoop-1-26] INFO  i.l.core.protocol.ConnectionWatchdog - Reconnecting, last destination was localhost/<unresolved>:16379
2026-02-26 19:28:12 [lettuce-eventExecutorLoop-1-25] INFO  i.l.core.protocol.ConnectionWatchdog - Reconnecting, last destination was localhost/<unresolved>:16379
2026-02-26 19:28:12 [lettuce-nioEventLoop-4-32] WARN  i.l.core.protocol.ConnectionWatchdog - Cannot reconnect to [localhost/<unresolved>:16379]: Connection refused: no further information: localhost/127.0.0.1:16379
2026-02-26 19:28:12 [lettuce-nioEventLoop-4-31] WARN  i.l.core.protocol.ConnectionWatchdog - Cannot reconnect to [localhost/<unresolved>:16379]: Connection refused: no further information: localhost/127.0.0.1:16379
2026-02-26 19:28:42 [lettuce-eventExecutorLoop-1-30] INFO  i.l.core.protocol.ConnectionWatchdog - Reconnecting, last destination was localhost/<unresolved>:16379
2026-02-26 19:28:42 [lettuce-eventExecutorLoop-1-29] INFO  i.l.core.protocol.ConnectionWatchdog - Reconnecting, last destination was localhost/<unresolved>:16379
2026-02-26 19:28:42 [lettuce-nioEventLoop-4-1] WARN  i.l.core.protocol.ConnectionWatchdog - Cannot reconnect to [localhost/<unresolved>:16379]: Connection refused: no further information: localhost/127.0.0.1:16379
2026-02-26 19:28:42 [lettuce-nioEventLoop-4-2] WARN  i.l.core.protocol.ConnectionWatchdog - Cannot reconnect to [localhost/<unresolved>:16379]: Connection refused: no further information: localhost/127.0.0.1:16379
2026-02-26 19:29:12 [lettuce-eventExecutorLoop-1-1] INFO  i.l.core.protocol.ConnectionWatchdog - Reconnecting, last destination was localhost/<unresolved>:16379
2026-02-26 19:29:12 [lettuce-eventExecutorLoop-1-2] INFO  i.l.core.protocol.ConnectionWatchdog - Reconnecting, last destination was localhost/<unresolved>:16379
2026-02-26 19:29:12 [lettuce-nioEventLoop-4-3] WARN  i.l.core.protocol.ConnectionWatchdog - Cannot reconnect to [localhost/<unresolved>:16379]: Connection refused: no further information: localhost/127.0.0.1:16379
2026-02-26 19:29:12 [lettuce-nioEventLoop-4-4] WARN  i.l.core.protocol.ConnectionWatchdog - Cannot reconnect to [localhost/<unresolved>:16379]: Connection refused: no further information: localhost/127.0.0.1:16379
2026-02-26 19:29:42 [lettuce-eventExecutorLoop-1-5] INFO  i.l.core.protocol.ConnectionWatchdog - Reconnecting, last destination was localhost/<unresolved>:16379
2026-02-26 19:29:42 [lettuce-eventExecutorLoop-1-5] WARN  i.l.core.protocol.ConnectionWatchdog - Cannot reconnect to [localhost/<unresolved>:16379]: Connection refused: no further information: localhost/127.0.0.1:16379
2026-02-26 19:29:42 [lettuce-eventExecutorLoop-1-6] INFO  i.l.core.protocol.ConnectionWatchdog - Reconnecting, last destination was localhost/<unresolved>:16379
2026-02-26 19:29:42 [lettuce-eventExecutorLoop-1-6] WARN  i.l.core.protocol.ConnectionWatchdog - Cannot reconnect to [localhost/<unresolved>:16379]: Connection refused: no further information: localhost/127.0.0.1:16379
2026-02-26 19:30:12 [lettuce-eventExecutorLoop-1-9] INFO  i.l.core.protocol.ConnectionWatchdog - Reconnecting, last destination was localhost/<unresolved>:16379
2026-02-26 19:30:12 [lettuce-eventExecutorLoop-1-10] INFO  i.l.core.protocol.ConnectionWatchdog - Reconnecting, last destination was localhost/<unresolved>:16379
2026-02-26 19:30:12 [lettuce-nioEventLoop-4-7] WARN  i.l.core.protocol.ConnectionWatchdog - Cannot reconnect to [localhost/<unresolved>:16379]: Connection refused: no further information: localhost/127.0.0.1:16379
2026-02-26 19:30:12 [lettuce-nioEventLoop-4-8] WARN  i.l.core.protocol.ConnectionWatchdog - Cannot reconnect to [localhost/<unresolved>:16379]: Connection refused: no further information: localhost/127.0.0.1:16379
2026-02-26 19:30:42 [lettuce-eventExecutorLoop-1-13] INFO  i.l.core.protocol.ConnectionWatchdog - Reconnecting, last destination was localhost/<unresolved>:16379
2026-02-26 19:30:42 [lettuce-eventExecutorLoop-1-14] INFO  i.l.core.protocol.ConnectionWatchdog - Reconnecting, last destination was localhost/<unresolved>:16379
2026-02-26 19:30:42 [lettuce-nioEventLoop-4-10] WARN  i.l.core.protocol.ConnectionWatchdog - Cannot reconnect to [localhost/<unresolved>:16379]: Connection refused: no further information: localhost/127.0.0.1:16379
2026-02-26 19:30:42 [lettuce-nioEventLoop-4-9] WARN  i.l.core.protocol.ConnectionWatchdog - Cannot reconnect to [localhost/<unresolved>:16379]: Connection refused: no further information: localhost/127.0.0.1:16379
2026-02-26 19:31:12 [lettuce-eventExecutorLoop-1-18] INFO  i.l.core.protocol.ConnectionWatchdog - Reconnecting, last destination was localhost/<unresolved>:16379
2026-02-26 19:31:12 [lettuce-eventExecutorLoop-1-17] INFO  i.l.core.protocol.ConnectionWatchdog - Reconnecting, last destination was localhost/<unresolved>:16379
2026-02-26 19:31:12 [lettuce-nioEventLoop-4-11] WARN  i.l.core.protocol.ConnectionWatchdog - Cannot reconnect to [localhost/<unresolved>:16379]: Connection refused: no further information: localhost/127.0.0.1:16379
2026-02-26 19:31:12 [lettuce-nioEventLoop-4-12] WARN  i.l.core.protocol.ConnectionWatchdog - Cannot reconnect to [localhost/<unresolved>:16379]: Connection refused: no further information: localhost/127.0.0.1:16379
2026-02-26 19:31:42 [lettuce-eventExecutorLoop-1-21] INFO  i.l.core.protocol.ConnectionWatchdog - Reconnecting, last destination was localhost/<unresolved>:16379
2026-02-26 19:31:42 [lettuce-eventExecutorLoop-1-22] INFO  i.l.core.protocol.ConnectionWatchdog - Reconnecting, last destination was localhost/<unresolved>:16379
2026-02-26 19:31:42 [lettuce-nioEventLoop-4-13] WARN  i.l.core.protocol.ConnectionWatchdog - Cannot reconnect to [localhost/<unresolved>:16379]: Connection refused: no further information: localhost/127.0.0.1:16379
2026-02-26 19:31:42 [lettuce-nioEventLoop-4-14] WARN  i.l.core.protocol.ConnectionWatchdog - Cannot reconnect to [localhost/<unresolved>:16379]: Connection refused: no further information: localhost/127.0.0.1:16379
2026-02-26 19:32:12 [lettuce-eventExecutorLoop-1-26] INFO  i.l.core.protocol.ConnectionWatchdog - Reconnecting, last destination was localhost/<unresolved>:16379
2026-02-26 19:32:12 [lettuce-eventExecutorLoop-1-25] INFO  i.l.core.protocol.ConnectionWatchdog - Reconnecting, last destination was localhost/<unresolved>:16379
2026-02-26 19:32:12 [lettuce-nioEventLoop-4-15] WARN  i.l.core.protocol.ConnectionWatchdog - Cannot reconnect to [localhost/<unresolved>:16379]: Connection refused: no further information: localhost/127.0.0.1:16379
2026-02-26 19:32:12 [lettuce-nioEventLoop-4-16] WARN  i.l.core.protocol.ConnectionWatchdog - Cannot reconnect to [localhost/<unresolved>:16379]: Connection refused: no further information: localhost/127.0.0.1:16379
2026-02-26 19:32:43 [lettuce-eventExecutorLoop-1-30] INFO  i.l.core.protocol.ConnectionWatchdog - Reconnecting, last destination was localhost/<unresolved>:16379
2026-02-26 19:32:43 [lettuce-eventExecutorLoop-1-29] INFO  i.l.core.protocol.ConnectionWatchdog - Reconnecting, last destination was localhost/<unresolved>:16379
2026-02-26 19:32:43 [lettuce-nioEventLoop-4-17] WARN  i.l.core.protocol.ConnectionWatchdog - Cannot reconnect to [localhost/<unresolved>:16379]: Connection refused: no further information: localhost/127.0.0.1:16379
2026-02-26 19:32:43 [lettuce-nioEventLoop-4-18] WARN  i.l.core.protocol.ConnectionWatchdog - Cannot reconnect to [localhost/<unresolved>:16379]: Connection refused: no further information: localhost/127.0.0.1:16379
2026-02-26 19:33:13 [lettuce-eventExecutorLoop-1-2] INFO  i.l.core.protocol.ConnectionWatchdog - Reconnecting, last destination was localhost/<unresolved>:16379
2026-02-26 19:33:13 [lettuce-eventExecutorLoop-1-1] INFO  i.l.core.protocol.ConnectionWatchdog - Reconnecting, last destination was localhost/<unresolved>:16379
2026-02-26 19:33:13 [lettuce-nioEventLoop-4-19] WARN  i.l.core.protocol.ConnectionWatchdog - Cannot reconnect to [localhost/<unresolved>:16379]: Connection refused: no further information: localhost/127.0.0.1:16379
2026-02-26 19:33:13 [lettuce-nioEventLoop-4-20] WARN  i.l.core.protocol.ConnectionWatchdog - Cannot reconnect to [localhost/<unresolved>:16379]: Connection refused: no further information: localhost/127.0.0.1:16379
2026-02-26 19:33:43 [lettuce-eventExecutorLoop-1-5] INFO  i.l.core.protocol.ConnectionWatchdog - Reconnecting, last destination was localhost/<unresolved>:16379
2026-02-26 19:33:43 [lettuce-eventExecutorLoop-1-6] INFO  i.l.core.protocol.ConnectionWatchdog - Reconnecting, last destination was localhost/<unresolved>:16379
2026-02-26 19:33:43 [lettuce-nioEventLoop-4-21] WARN  i.l.core.protocol.ConnectionWatchdog - Cannot reconnect to [localhost/<unresolved>:16379]: Connection refused: no further information: localhost/127.0.0.1:16379
2026-02-26 19:33:43 [lettuce-nioEventLoop-4-22] WARN  i.l.core.protocol.ConnectionWatchdog - Cannot reconnect to [localhost/<unresolved>:16379]: Connection refused: no further information: localhost/127.0.0.1:16379
2026-02-26 19:34:13 [lettuce-eventExecutorLoop-1-9] INFO  i.l.core.protocol.ConnectionWatchdog - Reconnecting, last destination was localhost/<unresolved>:16379
2026-02-26 19:34:13 [lettuce-eventExecutorLoop-1-10] INFO  i.l.core.protocol.ConnectionWatchdog - Reconnecting, last destination was localhost/<unresolved>:16379
2026-02-26 19:34:13 [lettuce-nioEventLoop-4-23] WARN  i.l.core.protocol.ConnectionWatchdog - Cannot reconnect to [localhost/<unresolved>:16379]: Connection refused: no further information: localhost/127.0.0.1:16379
2026-02-26 19:34:13 [lettuce-nioEventLoop-4-24] WARN  i.l.core.protocol.ConnectionWatchdog - Cannot reconnect to [localhost/<unresolved>:16379]: Connection refused: no further information: localhost/127.0.0.1:16379
2026-02-26 19:34:43 [lettuce-eventExecutorLoop-1-13] INFO  i.l.core.protocol.ConnectionWatchdog - Reconnecting, last destination was localhost/<unresolved>:16379
2026-02-26 19:34:43 [lettuce-eventExecutorLoop-1-14] INFO  i.l.core.protocol.ConnectionWatchdog - Reconnecting, last destination was localhost/<unresolved>:16379
2026-02-26 19:34:43 [lettuce-nioEventLoop-4-26] WARN  i.l.core.protocol.ConnectionWatchdog - Cannot reconnect to [localhost/<unresolved>:16379]: Connection refused: no further information: localhost/127.0.0.1:16379
2026-02-26 19:34:43 [lettuce-nioEventLoop-4-25] WARN  i.l.core.protocol.ConnectionWatchdog - Cannot reconnect to [localhost/<unresolved>:16379]: Connection refused: no further information: localhost/127.0.0.1:16379
2026-02-26 19:35:13 [lettuce-eventExecutorLoop-1-17] INFO  i.l.core.protocol.ConnectionWatchdog - Reconnecting, last destination was localhost/<unresolved>:16379
2026-02-26 19:35:13 [lettuce-eventExecutorLoop-1-17] WARN  i.l.core.protocol.ConnectionWatchdog - Cannot reconnect to [localhost/<unresolved>:16379]: Connection refused: no further information: localhost/127.0.0.1:16379
2026-02-26 19:35:13 [lettuce-eventExecutorLoop-1-18] INFO  i.l.core.protocol.ConnectionWatchdog - Reconnecting, last destination was localhost/<unresolved>:16379
2026-02-26 19:35:13 [lettuce-eventExecutorLoop-1-18] WARN  i.l.core.protocol.ConnectionWatchdog - Cannot reconnect to [localhost/<unresolved>:16379]: Connection refused: no further information: localhost/127.0.0.1:16379
2026-02-26 19:35:43 [lettuce-eventExecutorLoop-1-21] INFO  i.l.core.protocol.ConnectionWatchdog - Reconnecting, last destination was localhost/<unresolved>:16379
2026-02-26 19:35:43 [lettuce-eventExecutorLoop-1-22] INFO  i.l.core.protocol.ConnectionWatchdog - Reconnecting, last destination was localhost/<unresolved>:16379
2026-02-26 19:35:43 [lettuce-nioEventLoop-4-30] WARN  i.l.core.protocol.ConnectionWatchdog - Cannot reconnect to [localhost/<unresolved>:16379]: Connection refused: no further information: localhost/127.0.0.1:16379
2026-02-26 19:35:43 [lettuce-nioEventLoop-4-29] WARN  i.l.core.protocol.ConnectionWatchdog - Cannot reconnect to [localhost/<unresolved>:16379]: Connection refused: no further information: localhost/127.0.0.1:16379
2026-02-26 19:36:13 [lettuce-eventExecutorLoop-1-25] INFO  i.l.core.protocol.ConnectionWatchdog - Reconnecting, last destination was localhost/<unresolved>:16379
2026-02-26 19:36:13 [lettuce-eventExecutorLoop-1-26] INFO  i.l.core.protocol.ConnectionWatchdog - Reconnecting, last destination was localhost/<unresolved>:16379
2026-02-26 19:36:13 [lettuce-nioEventLoop-4-32] WARN  i.l.core.protocol.ConnectionWatchdog - Cannot reconnect to [localhost/<unresolved>:16379]: Connection refused: no further information: localhost/127.0.0.1:16379
2026-02-26 19:36:13 [lettuce-nioEventLoop-4-31] WARN  i.l.core.protocol.ConnectionWatchdog - Cannot reconnect to [localhost/<unresolved>:16379]: Connection refused: no further information: localhost/127.0.0.1:16379
2026-02-26 19:36:43 [lettuce-eventExecutorLoop-1-30] INFO  i.l.core.protocol.ConnectionWatchdog - Reconnecting, last destination was localhost/<unresolved>:16379
2026-02-26 19:36:43 [lettuce-eventExecutorLoop-1-30] WARN  i.l.core.protocol.ConnectionWatchdog - Cannot reconnect to [localhost/<unresolved>:16379]: Connection refused: no further information: localhost/127.0.0.1:16379
2026-02-26 19:36:43 [lettuce-eventExecutorLoop-1-29] INFO  i.l.core.protocol.ConnectionWatchdog - Reconnecting, last destination was localhost/<unresolved>:16379
2026-02-26 19:36:43 [lettuce-eventExecutorLoop-1-29] WARN  i.l.core.protocol.ConnectionWatchdog - Cannot reconnect to [localhost/<unresolved>:16379]: Connection refused: no further information: localhost/127.0.0.1:16379
2026-02-26 19:37:13 [lettuce-eventExecutorLoop-1-1] INFO  i.l.core.protocol.ConnectionWatchdog - Reconnecting, last destination was localhost/<unresolved>:16379
2026-02-26 19:37:13 [lettuce-eventExecutorLoop-1-1] WARN  i.l.core.protocol.ConnectionWatchdog - Cannot reconnect to [localhost/<unresolved>:16379]: Connection refused: no further information: localhost/127.0.0.1:16379
2026-02-26 19:37:13 [lettuce-eventExecutorLoop-1-2] INFO  i.l.core.protocol.ConnectionWatchdog - Reconnecting, last destination was localhost/<unresolved>:16379
2026-02-26 19:37:13 [lettuce-eventExecutorLoop-1-2] WARN  i.l.core.protocol.ConnectionWatchdog - Cannot reconnect to [localhost/<unresolved>:16379]: Connection refused: no further information: localhost/127.0.0.1:16379
2026-02-26 19:37:44 [lettuce-eventExecutorLoop-1-6] INFO  i.l.core.protocol.ConnectionWatchdog - Reconnecting, last destination was localhost/<unresolved>:16379
2026-02-26 19:37:44 [lettuce-eventExecutorLoop-1-5] INFO  i.l.core.protocol.ConnectionWatchdog - Reconnecting, last destination was localhost/<unresolved>:16379
2026-02-26 19:37:44 [lettuce-nioEventLoop-4-5] WARN  i.l.core.protocol.ConnectionWatchdog - Cannot reconnect to [localhost/<unresolved>:16379]: Connection refused: no further information: localhost/127.0.0.1:16379
2026-02-26 19:37:44 [lettuce-nioEventLoop-4-6] WARN  i.l.core.protocol.ConnectionWatchdog - Cannot reconnect to [localhost/<unresolved>:16379]: Connection refused: no further information: localhost/127.0.0.1:16379
2026-02-26 19:38:14 [lettuce-eventExecutorLoop-1-9] INFO  i.l.core.protocol.ConnectionWatchdog - Reconnecting, last destination was localhost/<unresolved>:16379
2026-02-26 19:38:14 [lettuce-eventExecutorLoop-1-10] INFO  i.l.core.protocol.ConnectionWatchdog - Reconnecting, last destination was localhost/<unresolved>:16379
2026-02-26 19:38:14 [lettuce-nioEventLoop-4-8] WARN  i.l.core.protocol.ConnectionWatchdog - Cannot reconnect to [localhost/<unresolved>:16379]: Connection refused: no further information: localhost/127.0.0.1:16379
2026-02-26 19:38:14 [lettuce-nioEventLoop-4-7] WARN  i.l.core.protocol.ConnectionWatchdog - Cannot reconnect to [localhost/<unresolved>:16379]: Connection refused: no further information: localhost/127.0.0.1:16379
2026-02-26 19:38:44 [lettuce-eventExecutorLoop-1-13] INFO  i.l.core.protocol.ConnectionWatchdog - Reconnecting, last destination was localhost/<unresolved>:16379
2026-02-26 19:38:44 [lettuce-eventExecutorLoop-1-14] INFO  i.l.core.protocol.ConnectionWatchdog - Reconnecting, last destination was localhost/<unresolved>:16379
2026-02-26 19:38:44 [lettuce-nioEventLoop-4-9] WARN  i.l.core.protocol.ConnectionWatchdog - Cannot reconnect to [localhost/<unresolved>:16379]: Connection refused: no further information: localhost/127.0.0.1:16379
2026-02-26 19:38:44 [lettuce-nioEventLoop-4-10] WARN  i.l.core.protocol.ConnectionWatchdog - Cannot reconnect to [localhost/<unresolved>:16379]: Connection refused: no further information: localhost/127.0.0.1:16379
2026-02-26 19:39:14 [lettuce-eventExecutorLoop-1-17] INFO  i.l.core.protocol.ConnectionWatchdog - Reconnecting, last destination was localhost/<unresolved>:16379
2026-02-26 19:39:14 [lettuce-eventExecutorLoop-1-18] INFO  i.l.core.protocol.ConnectionWatchdog - Reconnecting, last destination was localhost/<unresolved>:16379
2026-02-26 19:39:14 [lettuce-nioEventLoop-4-11] WARN  i.l.core.protocol.ConnectionWatchdog - Cannot reconnect to [localhost/<unresolved>:16379]: Connection refused: no further information: localhost/127.0.0.1:16379
2026-02-26 19:39:14 [lettuce-nioEventLoop-4-12] WARN  i.l.core.protocol.ConnectionWatchdog - Cannot reconnect to [localhost/<unresolved>:16379]: Connection refused: no further information: localhost/127.0.0.1:16379
2026-02-26 19:39:44 [lettuce-eventExecutorLoop-1-21] INFO  i.l.core.protocol.ConnectionWatchdog - Reconnecting, last destination was localhost/<unresolved>:16379
2026-02-26 19:39:44 [lettuce-eventExecutorLoop-1-22] INFO  i.l.core.protocol.ConnectionWatchdog - Reconnecting, last destination was localhost/<unresolved>:16379
2026-02-26 19:39:44 [lettuce-nioEventLoop-4-13] WARN  i.l.core.protocol.ConnectionWatchdog - Cannot reconnect to [localhost/<unresolved>:16379]: Connection refused: no further information: localhost/127.0.0.1:16379
2026-02-26 19:39:44 [lettuce-nioEventLoop-4-14] WARN  i.l.core.protocol.ConnectionWatchdog - Cannot reconnect to [localhost/<unresolved>:16379]: Connection refused: no further information: localhost/127.0.0.1:16379
2026-02-26 19:40:14 [lettuce-eventExecutorLoop-1-26] INFO  i.l.core.protocol.ConnectionWatchdog - Reconnecting, last destination was localhost/<unresolved>:16379
2026-02-26 19:40:14 [lettuce-eventExecutorLoop-1-25] INFO  i.l.core.protocol.ConnectionWatchdog - Reconnecting, last destination was localhost/<unresolved>:16379
2026-02-26 19:40:14 [lettuce-nioEventLoop-4-15] WARN  i.l.core.protocol.ConnectionWatchdog - Cannot reconnect to [localhost/<unresolved>:16379]: Connection refused: no further information: localhost/127.0.0.1:16379
2026-02-26 19:40:14 [lettuce-nioEventLoop-4-16] WARN  i.l.core.protocol.ConnectionWatchdog - Cannot reconnect to [localhost/<unresolved>:16379]: Connection refused: no further information: localhost/127.0.0.1:16379
2026-02-26 19:40:44 [lettuce-eventExecutorLoop-1-29] INFO  i.l.core.protocol.ConnectionWatchdog - Reconnecting, last destination was localhost/<unresolved>:16379
2026-02-26 19:40:44 [lettuce-nioEventLoop-4-17] WARN  i.l.core.protocol.ConnectionWatchdog - Cannot reconnect to [localhost/<unresolved>:16379]: Connection refused: no further information: localhost/127.0.0.1:16379
2026-02-26 19:40:44 [lettuce-eventExecutorLoop-1-30] INFO  i.l.core.protocol.ConnectionWatchdog - Reconnecting, last destination was localhost/<unresolved>:16379
2026-02-26 19:40:44 [lettuce-nioEventLoop-4-18] WARN  i.l.core.protocol.ConnectionWatchdog - Cannot reconnect to [localhost/<unresolved>:16379]: Connection refused: no further information: localhost/127.0.0.1:16379
2026-02-26 19:41:14 [lettuce-eventExecutorLoop-1-1] INFO  i.l.core.protocol.ConnectionWatchdog - Reconnecting, last destination was localhost/<unresolved>:16379
2026-02-26 19:41:14 [lettuce-eventExecutorLoop-1-2] INFO  i.l.core.protocol.ConnectionWatchdog - Reconnecting, last destination was localhost/<unresolved>:16379
2026-02-26 19:41:14 [lettuce-nioEventLoop-4-19] WARN  i.l.core.protocol.ConnectionWatchdog - Cannot reconnect to [localhost/<unresolved>:16379]: Connection refused: no further information: localhost/127.0.0.1:16379
2026-02-26 19:41:14 [lettuce-nioEventLoop-4-20] WARN  i.l.core.protocol.ConnectionWatchdog - Cannot reconnect to [localhost/<unresolved>:16379]: Connection refused: no further information: localhost/127.0.0.1:16379
2026-02-26 20:27:05 [lettuce-eventExecutorLoop-1-5] INFO  i.l.core.protocol.ConnectionWatchdog - Reconnecting, last destination was localhost/<unresolved>:16379
2026-02-26 20:27:05 [lettuce-eventExecutorLoop-1-6] INFO  i.l.core.protocol.ConnectionWatchdog - Reconnecting, last destination was localhost/<unresolved>:16379
2026-02-26 20:27:05 [lettuce-nioEventLoop-4-21] WARN  i.l.core.protocol.ConnectionWatchdog - Cannot reconnect to [localhost/<unresolved>:16379]: Connection refused: no further information: localhost/127.0.0.1:16379
2026-02-26 20:27:05 [lettuce-nioEventLoop-4-22] WARN  i.l.core.protocol.ConnectionWatchdog - Cannot reconnect to [localhost/<unresolved>:16379]: Connection refused: no further information: localhost/127.0.0.1:16379
2026-02-26 20:27:17 [HikariPool-1 housekeeper] WARN  com.zaxxer.hikari.pool.HikariPool - HikariPool-1 - Thread starvation or clock leap detected (housekeeper delta=45m50s995ms36µs300ns).
2026-02-26 20:27:36 [lettuce-eventExecutorLoop-1-9] INFO  i.l.core.protocol.ConnectionWatchdog - Reconnecting, last destination was localhost/<unresolved>:16379
2026-02-26 20:27:36 [lettuce-eventExecutorLoop-1-10] INFO  i.l.core.protocol.ConnectionWatchdog - Reconnecting, last destination was localhost/<unresolved>:16379
2026-02-26 20:27:36 [lettuce-nioEventLoop-4-24] WARN  i.l.core.protocol.ConnectionWatchdog - Cannot reconnect to [localhost/<unresolved>:16379]: Connection refused: no further information: localhost/127.0.0.1:16379
2026-02-26 20:27:36 [lettuce-nioEventLoop-4-23] WARN  i.l.core.protocol.ConnectionWatchdog - Cannot reconnect to [localhost/<unresolved>:16379]: Connection refused: no further information: localhost/127.0.0.1:16379
2026-02-26 20:28:06 [lettuce-eventExecutorLoop-1-13] INFO  i.l.core.protocol.ConnectionWatchdog - Reconnecting, last destination was localhost/<unresolved>:16379
2026-02-26 20:28:06 [lettuce-eventExecutorLoop-1-14] INFO  i.l.core.protocol.ConnectionWatchdog - Reconnecting, last destination was localhost/<unresolved>:16379
2026-02-26 20:28:06 [lettuce-nioEventLoop-4-26] WARN  i.l.core.protocol.ConnectionWatchdog - Cannot reconnect to [localhost/<unresolved>:16379]: Connection refused: no further information: localhost/127.0.0.1:16379
2026-02-26 20:28:06 [lettuce-nioEventLoop-4-25] WARN  i.l.core.protocol.ConnectionWatchdog - Cannot reconnect to [localhost/<unresolved>:16379]: Connection refused: no further information: localhost/127.0.0.1:16379
2026-02-26 20:28:36 [lettuce-eventExecutorLoop-1-17] INFO  i.l.core.protocol.ConnectionWatchdog - Reconnecting, last destination was localhost/<unresolved>:16379
2026-02-26 20:28:36 [lettuce-eventExecutorLoop-1-18] INFO  i.l.core.protocol.ConnectionWatchdog - Reconnecting, last destination was localhost/<unresolved>:16379
2026-02-26 20:28:36 [lettuce-nioEventLoop-4-27] WARN  i.l.core.protocol.ConnectionWatchdog - Cannot reconnect to [localhost/<unresolved>:16379]: Connection refused: no further information: localhost/127.0.0.1:16379
2026-02-26 20:28:36 [lettuce-nioEventLoop-4-28] WARN  i.l.core.protocol.ConnectionWatchdog - Cannot reconnect to [localhost/<unresolved>:16379]: Connection refused: no further information: localhost/127.0.0.1:16379
2026-02-26 20:29:06 [lettuce-eventExecutorLoop-1-21] INFO  i.l.core.protocol.ConnectionWatchdog - Reconnecting, last destination was localhost/<unresolved>:16379
2026-02-26 20:29:06 [lettuce-eventExecutorLoop-1-22] INFO  i.l.core.protocol.ConnectionWatchdog - Reconnecting, last destination was localhost/<unresolved>:16379
2026-02-26 20:29:06 [lettuce-nioEventLoop-4-30] WARN  i.l.core.protocol.ConnectionWatchdog - Cannot reconnect to [localhost/<unresolved>:16379]: Connection refused: no further information: localhost/127.0.0.1:16379
2026-02-26 20:29:06 [lettuce-nioEventLoop-4-29] WARN  i.l.core.protocol.ConnectionWatchdog - Cannot reconnect to [localhost/<unresolved>:16379]: Connection refused: no further information: localhost/127.0.0.1:16379
2026-02-26 20:29:36 [lettuce-eventExecutorLoop-1-25] INFO  i.l.core.protocol.ConnectionWatchdog - Reconnecting, last destination was localhost/<unresolved>:16379
2026-02-26 20:29:36 [lettuce-eventExecutorLoop-1-26] INFO  i.l.core.protocol.ConnectionWatchdog - Reconnecting, last destination was localhost/<unresolved>:16379
2026-02-26 20:29:36 [lettuce-nioEventLoop-4-32] WARN  i.l.core.protocol.ConnectionWatchdog - Cannot reconnect to [localhost/<unresolved>:16379]: Connection refused: no further information: localhost/127.0.0.1:16379
2026-02-26 20:29:36 [lettuce-nioEventLoop-4-31] WARN  i.l.core.protocol.ConnectionWatchdog - Cannot reconnect to [localhost/<unresolved>:16379]: Connection refused: no further information: localhost/127.0.0.1:16379
2026-02-26 20:30:06 [lettuce-eventExecutorLoop-1-30] INFO  i.l.core.protocol.ConnectionWatchdog - Reconnecting, last destination was localhost/<unresolved>:16379
2026-02-26 20:30:06 [lettuce-nioEventLoop-4-1] WARN  i.l.core.protocol.ConnectionWatchdog - Cannot reconnect to [localhost/<unresolved>:16379]: Connection refused: no further information: localhost/127.0.0.1:16379
2026-02-26 20:30:06 [lettuce-eventExecutorLoop-1-29] INFO  i.l.core.protocol.ConnectionWatchdog - Reconnecting, last destination was localhost/<unresolved>:16379
2026-02-26 20:30:06 [lettuce-nioEventLoop-4-2] WARN  i.l.core.protocol.ConnectionWatchdog - Cannot reconnect to [localhost/<unresolved>:16379]: Connection refused: no further information: localhost/127.0.0.1:16379
2026-02-26 20:30:33 [main] INFO  c.u.l.payment.PaymentApplication - Starting PaymentApplication using Java 21 with PID 19384 (C:\Users\hiond\workspace\lunch-menu-recommender\payment-service\build\classes\java\main started by hiond in C:\Users\hiond\workspace\lunch-menu-recommender\payment-service)
2026-02-26 20:30:33 [main] DEBUG c.u.l.payment.PaymentApplication - Running with Spring Boot v3.4.1, Spring v6.2.1
2026-02-26 20:30:33 [main] INFO  c.u.l.payment.PaymentApplication - The following 1 profile is active: "dev"
2026-02-26 20:30:33 [main] INFO  o.s.d.r.c.RepositoryConfigurationDelegate - Multiple Spring Data modules found, entering strict repository configuration mode
2026-02-26 20:30:33 [main] INFO  o.s.d.r.c.RepositoryConfigurationDelegate - Bootstrapping Spring Data JPA repositories in DEFAULT mode.
2026-02-26 20:30:33 [main] INFO  o.s.d.r.c.RepositoryConfigurationDelegate - Finished Spring Data repository scanning in 56 ms. Found 2 JPA repository interfaces.
2026-02-26 20:30:33 [main] INFO  o.s.d.r.c.RepositoryConfigurationDelegate - Multiple Spring Data modules found, entering strict repository configuration mode
2026-02-26 20:30:33 [main] INFO  o.s.d.r.c.RepositoryConfigurationDelegate - Bootstrapping Spring Data Redis repositories in DEFAULT mode.
2026-02-26 20:30:33 [main] INFO  o.s.d.r.c.RepositoryConfigurationExtensionSupport - Spring Data Redis - Could not safely identify store assignment for repository candidate interface com.unicorn.lunchpick.payment.repository.jpa.PaymentHistoryRepository; If you want this repository to be a Redis repository, consider annotating your entities with one of these annotations: org.springframework.data.redis.core.RedisHash (preferred), or consider extending one of the following types with your repository: org.springframework.data.keyvalue.repository.KeyValueRepository
2026-02-26 20:30:33 [main] INFO  o.s.d.r.c.RepositoryConfigurationExtensionSupport - Spring Data Redis - Could not safely identify store assignment for repository candidate interface com.unicorn.lunchpick.payment.repository.jpa.SubscriptionRepository; If you want this repository to be a Redis repository, consider annotating your entities with one of these annotations: org.springframework.data.redis.core.RedisHash (preferred), or consider extending one of the following types with your repository: org.springframework.data.keyvalue.repository.KeyValueRepository
2026-02-26 20:30:33 [main] INFO  o.s.d.r.c.RepositoryConfigurationDelegate - Finished Spring Data repository scanning in 9 ms. Found 0 Redis repository interfaces.
2026-02-26 20:30:34 [main] INFO  o.s.cloud.context.scope.GenericScope - BeanFactory id=664e8d25-7764-3b88-bbec-5024517dc2cc
2026-02-26 20:30:34 [main] INFO  o.s.b.w.e.tomcat.TomcatWebServer - Tomcat initialized with port 8083 (http)
2026-02-26 20:30:34 [main] INFO  o.a.catalina.core.StandardService - Starting service [Tomcat]
2026-02-26 20:30:34 [main] INFO  o.a.catalina.core.StandardEngine - Starting Servlet engine: [Apache Tomcat/10.1.34]
2026-02-26 20:30:34 [main] INFO  o.a.c.c.C.[Tomcat].[localhost].[/] - Initializing Spring embedded WebApplicationContext
2026-02-26 20:30:34 [main] INFO  o.s.b.w.s.c.ServletWebServerApplicationContext - Root WebApplicationContext: initialization completed in 1305 ms
2026-02-26 20:30:34 [main] DEBUG c.u.l.p.c.j.JwtAuthenticationFilter - Filter 'jwtAuthenticationFilter' configured for use
2026-02-26 20:30:34 [main] INFO  o.h.jpa.internal.util.LogHelper - HHH000204: Processing PersistenceUnitInfo [name: default]
2026-02-26 20:30:34 [main] INFO  org.hibernate.Version - HHH000412: Hibernate ORM core version 6.6.4.Final
2026-02-26 20:30:34 [main] INFO  o.h.c.i.RegionFactoryInitiator - HHH000026: Second-level cache disabled
2026-02-26 20:30:34 [main] DEBUG o.hibernate.type.BasicTypeRegistry - Adding type registration boolean -> org.hibernate.type.BasicTypeReference@4fbbd98c
2026-02-26 20:30:34 [main] DEBUG o.hibernate.type.BasicTypeRegistry - Adding type registration boolean -> org.hibernate.type.BasicTypeReference@4fbbd98c
2026-02-26 20:30:34 [main] DEBUG o.hibernate.type.BasicTypeRegistry - Adding type registration java.lang.Boolean -> org.hibernate.type.BasicTypeReference@4fbbd98c
2026-02-26 20:30:34 [main] DEBUG o.hibernate.type.BasicTypeRegistry - Adding type registration numeric_boolean -> org.hibernate.type.BasicTypeReference@5dd227b7
2026-02-26 20:30:34 [main] DEBUG o.hibernate.type.BasicTypeRegistry - Adding type registration org.hibernate.type.NumericBooleanConverter -> org.hibernate.type.BasicTypeReference@5dd227b7
2026-02-26 20:30:34 [main] DEBUG o.hibernate.type.BasicTypeRegistry - Adding type registration true_false -> org.hibernate.type.BasicTypeReference@3d3b852e
2026-02-26 20:30:34 [main] DEBUG o.hibernate.type.BasicTypeRegistry - Adding type registration org.hibernate.type.TrueFalseConverter -> org.hibernate.type.BasicTypeReference@3d3b852e
2026-02-26 20:30:34 [main] DEBUG o.hibernate.type.BasicTypeRegistry - Adding type registration yes_no -> org.hibernate.type.BasicTypeReference@14ba7f15
2026-02-26 20:30:34 [main] DEBUG o.hibernate.type.BasicTypeRegistry - Adding type registration org.hibernate.type.YesNoConverter -> org.hibernate.type.BasicTypeReference@14ba7f15
2026-02-26 20:30:34 [main] DEBUG o.hibernate.type.BasicTypeRegistry - Adding type registration byte -> org.hibernate.type.BasicTypeReference@55cb3b7
2026-02-26 20:30:34 [main] DEBUG o.hibernate.type.BasicTypeRegistry - Adding type registration byte -> org.hibernate.type.BasicTypeReference@55cb3b7
2026-02-26 20:30:34 [main] DEBUG o.hibernate.type.BasicTypeRegistry - Adding type registration java.lang.Byte -> org.hibernate.type.BasicTypeReference@55cb3b7
2026-02-26 20:30:34 [main] DEBUG o.hibernate.type.BasicTypeRegistry - Adding type registration binary -> org.hibernate.type.BasicTypeReference@497fd334
2026-02-26 20:30:34 [main] DEBUG o.hibernate.type.BasicTypeRegistry - Adding type registration byte[] -> org.hibernate.type.BasicTypeReference@497fd334
2026-02-26 20:30:34 [main] DEBUG o.hibernate.type.BasicTypeRegistry - Adding type registration [B -> org.hibernate.type.BasicTypeReference@497fd334
2026-02-26 20:30:34 [main] DEBUG o.hibernate.type.BasicTypeRegistry - Adding type registration binary_wrapper -> org.hibernate.type.BasicTypeReference@280c3dc0
2026-02-26 20:30:34 [main] DEBUG o.hibernate.type.BasicTypeRegistry - Adding type registration wrapper-binary -> org.hibernate.type.BasicTypeReference@280c3dc0
2026-02-26 20:30:34 [main] DEBUG o.hibernate.type.BasicTypeRegistry - Adding type registration image -> org.hibernate.type.BasicTypeReference@6f89ad03
2026-02-26 20:30:34 [main] DEBUG o.hibernate.type.BasicTypeRegistry - Adding type registration blob -> org.hibernate.type.BasicTypeReference@f287a4e
2026-02-26 20:30:34 [main] DEBUG o.hibernate.type.BasicTypeRegistry - Adding type registration java.sql.Blob -> org.hibernate.type.BasicTypeReference@f287a4e
2026-02-26 20:30:34 [main] DEBUG o.hibernate.type.BasicTypeRegistry - Adding type registration materialized_blob -> org.hibernate.type.BasicTypeReference@3879feec
2026-02-26 20:30:34 [main] DEBUG o.hibernate.type.BasicTypeRegistry - Adding type registration materialized_blob_wrapper -> org.hibernate.type.BasicTypeReference@71d2261e
2026-02-26 20:30:34 [main] DEBUG o.hibernate.type.BasicTypeRegistry - Adding type registration short -> org.hibernate.type.BasicTypeReference@53917c92
2026-02-26 20:30:34 [main] DEBUG o.hibernate.type.BasicTypeRegistry - Adding type registration short -> org.hibernate.type.BasicTypeReference@53917c92
2026-02-26 20:30:34 [main] DEBUG o.hibernate.type.BasicTypeRegistry - Adding type registration java.lang.Short -> org.hibernate.type.BasicTypeReference@53917c92
2026-02-26 20:30:34 [main] DEBUG o.hibernate.type.BasicTypeRegistry - Adding type registration integer -> org.hibernate.type.BasicTypeReference@1fa796a4
2026-02-26 20:30:34 [main] DEBUG o.hibernate.type.BasicTypeRegistry - Adding type registration int -> org.hibernate.type.BasicTypeReference@1fa796a4
2026-02-26 20:30:34 [main] DEBUG o.hibernate.type.BasicTypeRegistry - Adding type registration java.lang.Integer -> org.hibernate.type.BasicTypeReference@1fa796a4
2026-02-26 20:30:34 [main] DEBUG o.hibernate.type.BasicTypeRegistry - Adding type registration long -> org.hibernate.type.BasicTypeReference@68de8522
2026-02-26 20:30:34 [main] DEBUG o.hibernate.type.BasicTypeRegistry - Adding type registration long -> org.hibernate.type.BasicTypeReference@68de8522
2026-02-26 20:30:34 [main] DEBUG o.hibernate.type.BasicTypeRegistry - Adding type registration java.lang.Long -> org.hibernate.type.BasicTypeReference@68de8522
2026-02-26 20:30:34 [main] DEBUG o.hibernate.type.BasicTypeRegistry - Adding type registration float -> org.hibernate.type.BasicTypeReference@8dcacf1
2026-02-26 20:30:34 [main] DEBUG o.hibernate.type.BasicTypeRegistry - Adding type registration float -> org.hibernate.type.BasicTypeReference@8dcacf1
2026-02-26 20:30:34 [main] DEBUG o.hibernate.type.BasicTypeRegistry - Adding type registration java.lang.Float -> org.hibernate.type.BasicTypeReference@8dcacf1
2026-02-26 20:30:34 [main] DEBUG o.hibernate.type.BasicTypeRegistry - Adding type registration double -> org.hibernate.type.BasicTypeReference@50f13494
2026-02-26 20:30:34 [main] DEBUG o.hibernate.type.BasicTypeRegistry - Adding type registration double -> org.hibernate.type.BasicTypeReference@50f13494
2026-02-26 20:30:34 [main] DEBUG o.hibernate.type.BasicTypeRegistry - Adding type registration java.lang.Double -> org.hibernate.type.BasicTypeReference@50f13494
2026-02-26 20:30:34 [main] DEBUG o.hibernate.type.BasicTypeRegistry - Adding type registration big_integer -> org.hibernate.type.BasicTypeReference@73c09a98
2026-02-26 20:30:34 [main] DEBUG o.hibernate.type.BasicTypeRegistry - Adding type registration java.math.BigInteger -> org.hibernate.type.BasicTypeReference@73c09a98
2026-02-26 20:30:34 [main] DEBUG o.hibernate.type.BasicTypeRegistry - Adding type registration big_decimal -> org.hibernate.type.BasicTypeReference@6f2bf657
2026-02-26 20:30:34 [main] DEBUG o.hibernate.type.BasicTypeRegistry - Adding type registration java.math.BigDecimal -> org.hibernate.type.BasicTypeReference@6f2bf657
2026-02-26 20:30:34 [main] DEBUG o.hibernate.type.BasicTypeRegistry - Adding type registration character -> org.hibernate.type.BasicTypeReference@27d6467
2026-02-26 20:30:34 [main] DEBUG o.hibernate.type.BasicTypeRegistry - Adding type registration char -> org.hibernate.type.BasicTypeReference@27d6467
2026-02-26 20:30:34 [main] DEBUG o.hibernate.type.BasicTypeRegistry - Adding type registration java.lang.Character -> org.hibernate.type.BasicTypeReference@27d6467
2026-02-26 20:30:34 [main] DEBUG o.hibernate.type.BasicTypeRegistry - Adding type registration character_nchar -> org.hibernate.type.BasicTypeReference@5bf1b528
2026-02-26 20:30:34 [main] DEBUG o.hibernate.type.BasicTypeRegistry - Adding type registration string -> org.hibernate.type.BasicTypeReference@2c92f094
2026-02-26 20:30:34 [main] DEBUG o.hibernate.type.BasicTypeRegistry - Adding type registration java.lang.String -> org.hibernate.type.BasicTypeReference@2c92f094
2026-02-26 20:30:34 [main] DEBUG o.hibernate.type.BasicTypeRegistry - Adding type registration nstring -> org.hibernate.type.BasicTypeReference@1c3b221f
2026-02-26 20:30:34 [main] DEBUG o.hibernate.type.BasicTypeRegistry - Adding type registration characters -> org.hibernate.type.BasicTypeReference@750c23a3
2026-02-26 20:30:34 [main] DEBUG o.hibernate.type.BasicTypeRegistry - Adding type registration char[] -> org.hibernate.type.BasicTypeReference@750c23a3
2026-02-26 20:30:34 [main] DEBUG o.hibernate.type.BasicTypeRegistry - Adding type registration [C -> org.hibernate.type.BasicTypeReference@750c23a3
2026-02-26 20:30:34 [main] DEBUG o.hibernate.type.BasicTypeRegistry - Adding type registration wrapper-characters -> org.hibernate.type.BasicTypeReference@238280df
2026-02-26 20:30:34 [main] DEBUG o.hibernate.type.BasicTypeRegistry - Adding type registration text -> org.hibernate.type.BasicTypeReference@182fd26b
2026-02-26 20:30:34 [main] DEBUG o.hibernate.type.BasicTypeRegistry - Adding type registration ntext -> org.hibernate.type.BasicTypeReference@5dc120ab
2026-02-26 20:30:34 [main] DEBUG o.hibernate.type.BasicTypeRegistry - Adding type registration clob -> org.hibernate.type.BasicTypeReference@49c4118b
2026-02-26 20:30:34 [main] DEBUG o.hibernate.type.BasicTypeRegistry - Adding type registration java.sql.Clob -> org.hibernate.type.BasicTypeReference@49c4118b
2026-02-26 20:30:34 [main] DEBUG o.hibernate.type.BasicTypeRegistry - Adding type registration nclob -> org.hibernate.type.BasicTypeReference@7ef7f414
2026-02-26 20:30:34 [main] DEBUG o.hibernate.type.BasicTypeRegistry - Adding type registration java.sql.NClob -> org.hibernate.type.BasicTypeReference@7ef7f414
2026-02-26 20:30:34 [main] DEBUG o.hibernate.type.BasicTypeRegistry - Adding type registration materialized_clob -> org.hibernate.type.BasicTypeReference@182dcd2b
2026-02-26 20:30:34 [main] DEBUG o.hibernate.type.BasicTypeRegistry - Adding type registration materialized_clob_char_array -> org.hibernate.type.BasicTypeReference@4c3d72fd
2026-02-26 20:30:34 [main] DEBUG o.hibernate.type.BasicTypeRegistry - Adding type registration materialized_clob_character_array -> org.hibernate.type.BasicTypeReference@259c6ab8
2026-02-26 20:30:34 [main] DEBUG o.hibernate.type.BasicTypeRegistry - Adding type registration materialized_nclob -> org.hibernate.type.BasicTypeReference@640a6d4b
2026-02-26 20:30:34 [main] DEBUG o.hibernate.type.BasicTypeRegistry - Adding type registration materialized_nclob_character_array -> org.hibernate.type.BasicTypeReference@1238a074
2026-02-26 20:30:34 [main] DEBUG o.hibernate.type.BasicTypeRegistry - Adding type registration materialized_nclob_char_array -> org.hibernate.type.BasicTypeReference@35b58254
2026-02-26 20:30:34 [main] DEBUG o.hibernate.type.BasicTypeRegistry - Adding type registration Duration -> org.hibernate.type.BasicTypeReference@73baf7f0
2026-02-26 20:30:34 [main] DEBUG o.hibernate.type.BasicTypeRegistry - Adding type registration java.time.Duration -> org.hibernate.type.BasicTypeReference@73baf7f0
2026-02-26 20:30:34 [main] DEBUG o.hibernate.type.BasicTypeRegistry - Adding type registration LocalDateTime -> org.hibernate.type.BasicTypeReference@446dacf9
2026-02-26 20:30:34 [main] DEBUG o.hibernate.type.BasicTypeRegistry - Adding type registration java.time.LocalDateTime -> org.hibernate.type.BasicTypeReference@446dacf9
2026-02-26 20:30:34 [main] DEBUG o.hibernate.type.BasicTypeRegistry - Adding type registration LocalDate -> org.hibernate.type.BasicTypeReference@13018f00
2026-02-26 20:30:34 [main] DEBUG o.hibernate.type.BasicTypeRegistry - Adding type registration java.time.LocalDate -> org.hibernate.type.BasicTypeReference@13018f00
2026-02-26 20:30:34 [main] DEBUG o.hibernate.type.BasicTypeRegistry - Adding type registration LocalTime -> org.hibernate.type.BasicTypeReference@abf1816
2026-02-26 20:30:34 [main] DEBUG o.hibernate.type.BasicTypeRegistry - Adding type registration java.time.LocalTime -> org.hibernate.type.BasicTypeReference@abf1816
2026-02-26 20:30:34 [main] DEBUG o.hibernate.type.BasicTypeRegistry - Adding type registration OffsetDateTime -> org.hibernate.type.BasicTypeReference@2e1e7bc6
2026-02-26 20:30:34 [main] DEBUG o.hibernate.type.BasicTypeRegistry - Adding type registration java.time.OffsetDateTime -> org.hibernate.type.BasicTypeReference@2e1e7bc6
2026-02-26 20:30:34 [main] DEBUG o.hibernate.type.BasicTypeRegistry - Adding type registration OffsetDateTimeWithTimezone -> org.hibernate.type.BasicTypeReference@7bd1098
2026-02-26 20:30:34 [main] DEBUG o.hibernate.type.BasicTypeRegistry - Adding type registration OffsetDateTimeWithoutTimezone -> org.hibernate.type.BasicTypeReference@185bf6e0
2026-02-26 20:30:34 [main] DEBUG o.hibernate.type.BasicTypeRegistry - Adding type registration OffsetTime -> org.hibernate.type.BasicTypeReference@6a562255
2026-02-26 20:30:34 [main] DEBUG o.hibernate.type.BasicTypeRegistry - Adding type registration java.time.OffsetTime -> org.hibernate.type.BasicTypeReference@6a562255
2026-02-26 20:30:34 [main] DEBUG o.hibernate.type.BasicTypeRegistry - Adding type registration OffsetTimeUtc -> org.hibernate.type.BasicTypeReference@374ba492
2026-02-26 20:30:34 [main] DEBUG o.hibernate.type.BasicTypeRegistry - Adding type registration OffsetTimeWithTimezone -> org.hibernate.type.BasicTypeReference@581d5b33
2026-02-26 20:30:34 [main] DEBUG o.hibernate.type.BasicTypeRegistry - Adding type registration OffsetTimeWithoutTimezone -> org.hibernate.type.BasicTypeReference@1f365a26
2026-02-26 20:30:34 [main] DEBUG o.hibernate.type.BasicTypeRegistry - Adding type registration ZonedDateTime -> org.hibernate.type.BasicTypeReference@44a9971f
2026-02-26 20:30:34 [main] DEBUG o.hibernate.type.BasicTypeRegistry - Adding type registration java.time.ZonedDateTime -> org.hibernate.type.BasicTypeReference@44a9971f
2026-02-26 20:30:34 [main] DEBUG o.hibernate.type.BasicTypeRegistry - Adding type registration ZonedDateTimeWithTimezone -> org.hibernate.type.BasicTypeReference@2e2cd42c
2026-02-26 20:30:34 [main] DEBUG o.hibernate.type.BasicTypeRegistry - Adding type registration ZonedDateTimeWithoutTimezone -> org.hibernate.type.BasicTypeReference@1cdad619
2026-02-26 20:30:34 [main] DEBUG o.hibernate.type.BasicTypeRegistry - Adding type registration date -> org.hibernate.type.BasicTypeReference@319058ce
2026-02-26 20:30:34 [main] DEBUG o.hibernate.type.BasicTypeRegistry - Adding type registration java.sql.Date -> org.hibernate.type.BasicTypeReference@319058ce
2026-02-26 20:30:34 [main] DEBUG o.hibernate.type.BasicTypeRegistry - Adding type registration time -> org.hibernate.type.BasicTypeReference@3909308c
2026-02-26 20:30:34 [main] DEBUG o.hibernate.type.BasicTypeRegistry - Adding type registration java.sql.Time -> org.hibernate.type.BasicTypeReference@3909308c
2026-02-26 20:30:34 [main] DEBUG o.hibernate.type.BasicTypeRegistry - Adding type registration timestamp -> org.hibernate.type.BasicTypeReference@71cc0e35
2026-02-26 20:30:34 [main] DEBUG o.hibernate.type.BasicTypeRegistry - Adding type registration java.sql.Timestamp -> org.hibernate.type.BasicTypeReference@71cc0e35
2026-02-26 20:30:34 [main] DEBUG o.hibernate.type.BasicTypeRegistry - Adding type registration java.util.Date -> org.hibernate.type.BasicTypeReference@71cc0e35
2026-02-26 20:30:34 [main] DEBUG o.hibernate.type.BasicTypeRegistry - Adding type registration calendar -> org.hibernate.type.BasicTypeReference@3b6c740b
2026-02-26 20:30:34 [main] DEBUG o.hibernate.type.BasicTypeRegistry - Adding type registration java.util.Calendar -> org.hibernate.type.BasicTypeReference@3b6c740b
2026-02-26 20:30:34 [main] DEBUG o.hibernate.type.BasicTypeRegistry - Adding type registration java.util.GregorianCalendar -> org.hibernate.type.BasicTypeReference@3b6c740b
2026-02-26 20:30:34 [main] DEBUG o.hibernate.type.BasicTypeRegistry - Adding type registration calendar_date -> org.hibernate.type.BasicTypeReference@8091d80
2026-02-26 20:30:34 [main] DEBUG o.hibernate.type.BasicTypeRegistry - Adding type registration calendar_time -> org.hibernate.type.BasicTypeReference@78f4d15d
2026-02-26 20:30:34 [main] DEBUG o.hibernate.type.BasicTypeRegistry - Adding type registration instant -> org.hibernate.type.BasicTypeReference@6958d5d0
2026-02-26 20:30:34 [main] DEBUG o.hibernate.type.BasicTypeRegistry - Adding type registration java.time.Instant -> org.hibernate.type.BasicTypeReference@6958d5d0
2026-02-26 20:30:34 [main] DEBUG o.hibernate.type.BasicTypeRegistry - Adding type registration uuid -> org.hibernate.type.BasicTypeReference@314c28dc
2026-02-26 20:30:34 [main] DEBUG o.hibernate.type.BasicTypeRegistry - Adding type registration java.util.UUID -> org.hibernate.type.BasicTypeReference@314c28dc
2026-02-26 20:30:34 [main] DEBUG o.hibernate.type.BasicTypeRegistry - Adding type registration pg-uuid -> org.hibernate.type.BasicTypeReference@314c28dc
2026-02-26 20:30:34 [main] DEBUG o.hibernate.type.BasicTypeRegistry - Adding type registration uuid-binary -> org.hibernate.type.BasicTypeReference@7169d668
2026-02-26 20:30:34 [main] DEBUG o.hibernate.type.BasicTypeRegistry - Adding type registration uuid-char -> org.hibernate.type.BasicTypeReference@2f498f21
2026-02-26 20:30:34 [main] DEBUG o.hibernate.type.BasicTypeRegistry - Adding type registration class -> org.hibernate.type.BasicTypeReference@90394d
2026-02-26 20:30:34 [main] DEBUG o.hibernate.type.BasicTypeRegistry - Adding type registration java.lang.Class -> org.hibernate.type.BasicTypeReference@90394d
2026-02-26 20:30:34 [main] DEBUG o.hibernate.type.BasicTypeRegistry - Adding type registration currency -> org.hibernate.type.BasicTypeReference@50caeb4b
2026-02-26 20:30:34 [main] DEBUG o.hibernate.type.BasicTypeRegistry - Adding type registration Currency -> org.hibernate.type.BasicTypeReference@50caeb4b
2026-02-26 20:30:34 [main] DEBUG o.hibernate.type.BasicTypeRegistry - Adding type registration java.util.Currency -> org.hibernate.type.BasicTypeReference@50caeb4b
2026-02-26 20:30:34 [main] DEBUG o.hibernate.type.BasicTypeRegistry - Adding type registration locale -> org.hibernate.type.BasicTypeReference@6fafbdac
2026-02-26 20:30:34 [main] DEBUG o.hibernate.type.BasicTypeRegistry - Adding type registration java.util.Locale -> org.hibernate.type.BasicTypeReference@6fafbdac
2026-02-26 20:30:34 [main] DEBUG o.hibernate.type.BasicTypeRegistry - Adding type registration serializable -> org.hibernate.type.BasicTypeReference@c7c07ff
2026-02-26 20:30:34 [main] DEBUG o.hibernate.type.BasicTypeRegistry - Adding type registration java.io.Serializable -> org.hibernate.type.BasicTypeReference@c7c07ff
2026-02-26 20:30:34 [main] DEBUG o.hibernate.type.BasicTypeRegistry - Adding type registration timezone -> org.hibernate.type.BasicTypeReference@d271d6c
2026-02-26 20:30:34 [main] DEBUG o.hibernate.type.BasicTypeRegistry - Adding type registration java.util.TimeZone -> org.hibernate.type.BasicTypeReference@d271d6c
2026-02-26 20:30:34 [main] DEBUG o.hibernate.type.BasicTypeRegistry - Adding type registration ZoneOffset -> org.hibernate.type.BasicTypeReference@a302f30
2026-02-26 20:30:34 [main] DEBUG o.hibernate.type.BasicTypeRegistry - Adding type registration java.time.ZoneOffset -> org.hibernate.type.BasicTypeReference@a302f30
2026-02-26 20:30:34 [main] DEBUG o.hibernate.type.BasicTypeRegistry - Adding type registration url -> org.hibernate.type.BasicTypeReference@1860b107
2026-02-26 20:30:34 [main] DEBUG o.hibernate.type.BasicTypeRegistry - Adding type registration java.net.URL -> org.hibernate.type.BasicTypeReference@1860b107
2026-02-26 20:30:34 [main] DEBUG o.hibernate.type.BasicTypeRegistry - Adding type registration vector -> org.hibernate.type.BasicTypeReference@744f0e0b
2026-02-26 20:30:34 [main] DEBUG o.hibernate.type.BasicTypeRegistry - Adding type registration float_vector -> org.hibernate.type.BasicTypeReference@4136b193
2026-02-26 20:30:34 [main] DEBUG o.hibernate.type.BasicTypeRegistry - Adding type registration double_vector -> org.hibernate.type.BasicTypeReference@4af44f2a
2026-02-26 20:30:34 [main] DEBUG o.hibernate.type.BasicTypeRegistry - Adding type registration byte_vector -> org.hibernate.type.BasicTypeReference@570127fa
2026-02-26 20:30:34 [main] DEBUG o.hibernate.type.BasicTypeRegistry - Adding type registration row_version -> org.hibernate.type.BasicTypeReference@5b324447
2026-02-26 20:30:34 [main] DEBUG o.hibernate.type.BasicTypeRegistry - Adding type registration object -> org.hibernate.type.JavaObjectType@53dbe7b2
2026-02-26 20:30:34 [main] DEBUG o.hibernate.type.BasicTypeRegistry - Adding type registration java.lang.Object -> org.hibernate.type.JavaObjectType@53dbe7b2
2026-02-26 20:30:34 [main] DEBUG o.hibernate.type.BasicTypeRegistry - Adding type registration null -> org.hibernate.type.NullType@77d58f3a
2026-02-26 20:30:34 [main] DEBUG o.hibernate.type.BasicTypeRegistry - Adding type registration imm_date -> org.hibernate.type.BasicTypeReference@1e288c76
2026-02-26 20:30:34 [main] DEBUG o.hibernate.type.BasicTypeRegistry - Adding type registration imm_time -> org.hibernate.type.BasicTypeReference@738ed8f5
2026-02-26 20:30:34 [main] DEBUG o.hibernate.type.BasicTypeRegistry - Adding type registration imm_timestamp -> org.hibernate.type.BasicTypeReference@1cfb7450
2026-02-26 20:30:34 [main] DEBUG o.hibernate.type.BasicTypeRegistry - Adding type registration imm_calendar -> org.hibernate.type.BasicTypeReference@478c84aa
2026-02-26 20:30:34 [main] DEBUG o.hibernate.type.BasicTypeRegistry - Adding type registration imm_calendar_date -> org.hibernate.type.BasicTypeReference@1d1deb11
2026-02-26 20:30:34 [main] DEBUG o.hibernate.type.BasicTypeRegistry - Adding type registration imm_calendar_time -> org.hibernate.type.BasicTypeReference@18d1d137
2026-02-26 20:30:34 [main] DEBUG o.hibernate.type.BasicTypeRegistry - Adding type registration imm_binary -> org.hibernate.type.BasicTypeReference@5f4f6f89
2026-02-26 20:30:34 [main] DEBUG o.hibernate.type.BasicTypeRegistry - Adding type registration imm_serializable -> org.hibernate.type.BasicTypeReference@7c45191e
2026-02-26 20:30:34 [main] INFO  o.s.o.j.p.SpringPersistenceUnitInfo - No LoadTimeWeaver setup: ignoring JPA class transformer
2026-02-26 20:30:34 [main] INFO  com.zaxxer.hikari.HikariDataSource - HikariPool-1 - Starting...
2026-02-26 20:30:34 [main] INFO  com.zaxxer.hikari.pool.HikariPool - HikariPool-1 - Added connection org.postgresql.jdbc.PgConnection@16eb93af
2026-02-26 20:30:34 [main] INFO  com.zaxxer.hikari.HikariDataSource - HikariPool-1 - Start completed.
2026-02-26 20:30:35 [main] INFO  o.hibernate.orm.connections.pooling - HHH10001005: Database info:
	Database JDBC URL [Connecting through datasource 'HikariDataSource (HikariPool-1)']
	Database driver: undefined/unknown
	Database version: 16.12
	Autocommit mode: undefined/unknown
	Isolation level: undefined/unknown
	Minimum pool size: undefined/unknown
	Maximum pool size: undefined/unknown
2026-02-26 20:30:35 [main] DEBUG o.h.t.d.sql.spi.DdlTypeRegistry - addDescriptor(2003, org.hibernate.type.descriptor.sql.internal.ArrayDdlTypeImpl@2dc77962) replaced previous registration(org.hibernate.type.descriptor.sql.internal.ArrayDdlTypeImpl@32bae609)
2026-02-26 20:30:35 [main] DEBUG o.h.t.d.sql.spi.DdlTypeRegistry - addDescriptor(6, org.hibernate.type.descriptor.sql.internal.CapacityDependentDdlType@106b476a) replaced previous registration(org.hibernate.type.descriptor.sql.internal.DdlTypeImpl@6dde913e)
2026-02-26 20:30:35 [main] DEBUG o.h.t.d.jdbc.spi.JdbcTypeRegistry - addDescriptor(2004, BlobTypeDescriptor(BLOB_BINDING)) replaced previous registration(BlobTypeDescriptor(DEFAULT))
2026-02-26 20:30:35 [main] DEBUG o.h.t.d.jdbc.spi.JdbcTypeRegistry - addDescriptor(2005, ClobTypeDescriptor(CLOB_BINDING)) replaced previous registration(ClobTypeDescriptor(DEFAULT))
2026-02-26 20:30:35 [main] DEBUG o.hibernate.type.BasicTypeRegistry - Adding type registration JAVA_OBJECT -> org.hibernate.type.JavaObjectType@6413eeb7
2026-02-26 20:30:35 [main] DEBUG o.hibernate.type.BasicTypeRegistry - Adding type registration java.lang.Object -> org.hibernate.type.JavaObjectType@6413eeb7
2026-02-26 20:30:35 [main] DEBUG o.hibernate.type.BasicTypeRegistry - Type registration key [java.lang.Object] overrode previous entry : `org.hibernate.type.JavaObjectType@53dbe7b2`
2026-02-26 20:30:35 [main] DEBUG o.hibernate.type.BasicTypeRegistry - Adding type registration org.hibernate.type.DurationType -> basicType@1(java.time.Duration,3015)
2026-02-26 20:30:35 [main] DEBUG o.hibernate.type.BasicTypeRegistry - Adding type registration Duration -> basicType@1(java.time.Duration,3015)
2026-02-26 20:30:35 [main] DEBUG o.hibernate.type.BasicTypeRegistry - Adding type registration java.time.Duration -> basicType@1(java.time.Duration,3015)
2026-02-26 20:30:35 [main] DEBUG o.hibernate.type.BasicTypeRegistry - Adding type registration org.hibernate.type.OffsetDateTimeType -> basicType@2(java.time.OffsetDateTime,3003)
2026-02-26 20:30:35 [main] DEBUG o.hibernate.type.BasicTypeRegistry - Adding type registration OffsetDateTime -> basicType@2(java.time.OffsetDateTime,3003)
2026-02-26 20:30:35 [main] DEBUG o.hibernate.type.BasicTypeRegistry - Adding type registration java.time.OffsetDateTime -> basicType@2(java.time.OffsetDateTime,3003)
2026-02-26 20:30:35 [main] DEBUG o.hibernate.type.BasicTypeRegistry - Adding type registration org.hibernate.type.ZonedDateTimeType -> basicType@3(java.time.ZonedDateTime,3003)
2026-02-26 20:30:35 [main] DEBUG o.hibernate.type.BasicTypeRegistry - Adding type registration ZonedDateTime -> basicType@3(java.time.ZonedDateTime,3003)
2026-02-26 20:30:35 [main] DEBUG o.hibernate.type.BasicTypeRegistry - Adding type registration java.time.ZonedDateTime -> basicType@3(java.time.ZonedDateTime,3003)
2026-02-26 20:30:35 [main] DEBUG o.hibernate.type.BasicTypeRegistry - Adding type registration org.hibernate.type.OffsetTimeType -> basicType@4(java.time.OffsetTime,3007)
2026-02-26 20:30:35 [main] DEBUG o.hibernate.type.BasicTypeRegistry - Adding type registration OffsetTime -> basicType@4(java.time.OffsetTime,3007)
2026-02-26 20:30:35 [main] DEBUG o.hibernate.type.BasicTypeRegistry - Adding type registration java.time.OffsetTime -> basicType@4(java.time.OffsetTime,3007)
2026-02-26 20:30:35 [main] DEBUG o.h.type.spi.TypeConfiguration$Scope - Scoping TypeConfiguration [org.hibernate.type.spi.TypeConfiguration@34d26a68] to MetadataBuildingContext [org.hibernate.boot.internal.MetadataBuildingContextRootImpl@fef2768]
2026-02-26 20:30:35 [main] INFO  o.h.e.t.j.p.i.JtaPlatformInitiator - HHH000489: No JTA platform available (set 'hibernate.transaction.jta.platform' to enable JTA platform integration)
2026-02-26 20:30:35 [main] DEBUG o.h.type.spi.TypeConfiguration$Scope - Scoping TypeConfiguration [org.hibernate.type.spi.TypeConfiguration@34d26a68] to SessionFactoryImplementor [org.hibernate.internal.SessionFactoryImpl@588b02a0]
2026-02-26 20:30:35 [main] TRACE o.h.type.spi.TypeConfiguration$Scope - Handling #sessionFactoryCreated from [org.hibernate.internal.SessionFactoryImpl@588b02a0] for TypeConfiguration
2026-02-26 20:30:35 [main] INFO  o.s.o.j.LocalContainerEntityManagerFactoryBean - Initialized JPA EntityManagerFactory for persistence unit 'default'
2026-02-26 20:30:36 [main] WARN  o.s.b.a.o.j.JpaBaseConfiguration$JpaWebConfiguration - spring.jpa.open-in-view is enabled by default. Therefore, database queries may be performed during view rendering. Explicitly configure spring.jpa.open-in-view to disable this warning
2026-02-26 20:30:36 [main] WARN  o.s.b.a.s.s.UserDetailsServiceAutoConfiguration - 

Using generated security password: 3f57e84a-419d-4f15-9958-9f7311ea5e97

This generated password is for development use only. Your security configuration must be updated before running your application in production.

2026-02-26 20:30:36 [main] INFO  o.s.s.c.a.a.c.InitializeUserDetailsBeanManagerConfigurer$InitializeUserDetailsManagerConfigurer - Global AuthenticationManager configured with UserDetailsService bean with name inMemoryUserDetailsManager
2026-02-26 20:30:36 [main] INFO  o.s.b.a.e.web.EndpointLinksResolver - Exposing 3 endpoints beneath base path '/actuator'
2026-02-26 20:30:38 [main] INFO  o.s.cloud.commons.util.InetUtils - Cannot determine local hostname
2026-02-26 20:30:38 [main] INFO  o.s.b.w.e.tomcat.TomcatWebServer - Tomcat started on port 8083 (http) with context path '/'
2026-02-26 20:30:39 [main] INFO  o.s.cloud.commons.util.InetUtils - Cannot determine local hostname
2026-02-26 20:30:39 [main] INFO  c.u.l.payment.PaymentApplication - Started PaymentApplication in 7.73 seconds (process running for 8.015)
