2026-02-27 06:00:37 [main] INFO  c.u.l.payment.PaymentApplication - Starting PaymentApplication using Java 21 with PID 19296 (C:\Users\hiond\workspace\lunch-menu-recommender\payment-service\build\classes\java\main started by hiond in C:\Users\hiond\workspace\lunch-menu-recommender\payment-service)
2026-02-27 06:00:37 [main] DEBUG c.u.l.payment.PaymentApplication - Running with Spring Boot v3.4.1, Spring v6.2.1
2026-02-27 06:00:37 [main] INFO  c.u.l.payment.PaymentApplication - The following 1 profile is active: "dev"
2026-02-27 06:00:37 [main] INFO  o.s.d.r.c.RepositoryConfigurationDelegate - Multiple Spring Data modules found, entering strict repository configuration mode
2026-02-27 06:00:37 [main] INFO  o.s.d.r.c.RepositoryConfigurationDelegate - Bootstrapping Spring Data JPA repositories in DEFAULT mode.
2026-02-27 06:00:37 [main] INFO  o.s.d.r.c.RepositoryConfigurationDelegate - Finished Spring Data repository scanning in 78 ms. Found 2 JPA repository interfaces.
2026-02-27 06:00:38 [main] INFO  o.s.d.r.c.RepositoryConfigurationDelegate - Multiple Spring Data modules found, entering strict repository configuration mode
2026-02-27 06:00:38 [main] INFO  o.s.d.r.c.RepositoryConfigurationDelegate - Bootstrapping Spring Data Redis repositories in DEFAULT mode.
2026-02-27 06:00:38 [main] INFO  o.s.d.r.c.RepositoryConfigurationExtensionSupport - Spring Data Redis - Could not safely identify store assignment for repository candidate interface com.unicorn.lunchpick.payment.repository.jpa.PaymentHistoryRepository; If you want this repository to be a Redis repository, consider annotating your entities with one of these annotations: org.springframework.data.redis.core.RedisHash (preferred), or consider extending one of the following types with your repository: org.springframework.data.keyvalue.repository.KeyValueRepository
2026-02-27 06:00:38 [main] INFO  o.s.d.r.c.RepositoryConfigurationExtensionSupport - Spring Data Redis - Could not safely identify store assignment for repository candidate interface com.unicorn.lunchpick.payment.repository.jpa.SubscriptionRepository; If you want this repository to be a Redis repository, consider annotating your entities with one of these annotations: org.springframework.data.redis.core.RedisHash (preferred), or consider extending one of the following types with your repository: org.springframework.data.keyvalue.repository.KeyValueRepository
2026-02-27 06:00:38 [main] INFO  o.s.d.r.c.RepositoryConfigurationDelegate - Finished Spring Data repository scanning in 12 ms. Found 0 Redis repository interfaces.
2026-02-27 06:00:38 [main] INFO  o.s.cloud.context.scope.GenericScope - BeanFactory id=c5cb31c8-4135-3479-9b45-31f4da92c34f
2026-02-27 06:00:38 [main] INFO  o.s.b.w.e.tomcat.TomcatWebServer - Tomcat initialized with port 8083 (http)
2026-02-27 06:00:38 [main] INFO  o.a.catalina.core.StandardService - Starting service [Tomcat]
2026-02-27 06:00:38 [main] INFO  o.a.catalina.core.StandardEngine - Starting Servlet engine: [Apache Tomcat/10.1.34]
2026-02-27 06:00:38 [main] INFO  o.a.c.c.C.[Tomcat].[localhost].[/] - Initializing Spring embedded WebApplicationContext
2026-02-27 06:00:38 [main] INFO  o.s.b.w.s.c.ServletWebServerApplicationContext - Root WebApplicationContext: initialization completed in 1779 ms
2026-02-27 06:00:39 [main] DEBUG c.u.l.p.c.j.JwtAuthenticationFilter - Filter 'jwtAuthenticationFilter' configured for use
2026-02-27 06:00:39 [main] INFO  o.h.jpa.internal.util.LogHelper - HHH000204: Processing PersistenceUnitInfo [name: default]
2026-02-27 06:00:39 [main] INFO  org.hibernate.Version - HHH000412: Hibernate ORM core version 6.6.4.Final
2026-02-27 06:00:39 [main] INFO  o.h.c.i.RegionFactoryInitiator - HHH000026: Second-level cache disabled
2026-02-27 06:00:39 [main] DEBUG o.hibernate.type.BasicTypeRegistry - Adding type registration boolean -> org.hibernate.type.BasicTypeReference@4d90d91f
2026-02-27 06:00:39 [main] DEBUG o.hibernate.type.BasicTypeRegistry - Adding type registration boolean -> org.hibernate.type.BasicTypeReference@4d90d91f
2026-02-27 06:00:39 [main] DEBUG o.hibernate.type.BasicTypeRegistry - Adding type registration java.lang.Boolean -> org.hibernate.type.BasicTypeReference@4d90d91f
2026-02-27 06:00:39 [main] DEBUG o.hibernate.type.BasicTypeRegistry - Adding type registration numeric_boolean -> org.hibernate.type.BasicTypeReference@c478e4e
2026-02-27 06:00:39 [main] DEBUG o.hibernate.type.BasicTypeRegistry - Adding type registration org.hibernate.type.NumericBooleanConverter -> org.hibernate.type.BasicTypeReference@c478e4e
2026-02-27 06:00:39 [main] DEBUG o.hibernate.type.BasicTypeRegistry - Adding type registration true_false -> org.hibernate.type.BasicTypeReference@1e2b37cd
2026-02-27 06:00:39 [main] DEBUG o.hibernate.type.BasicTypeRegistry - Adding type registration org.hibernate.type.TrueFalseConverter -> org.hibernate.type.BasicTypeReference@1e2b37cd
2026-02-27 06:00:39 [main] DEBUG o.hibernate.type.BasicTypeRegistry - Adding type registration yes_no -> org.hibernate.type.BasicTypeReference@2ba08f26
2026-02-27 06:00:39 [main] DEBUG o.hibernate.type.BasicTypeRegistry - Adding type registration org.hibernate.type.YesNoConverter -> org.hibernate.type.BasicTypeReference@2ba08f26
2026-02-27 06:00:39 [main] DEBUG o.hibernate.type.BasicTypeRegistry - Adding type registration byte -> org.hibernate.type.BasicTypeReference@6033f36c
2026-02-27 06:00:39 [main] DEBUG o.hibernate.type.BasicTypeRegistry - Adding type registration byte -> org.hibernate.type.BasicTypeReference@6033f36c
2026-02-27 06:00:39 [main] DEBUG o.hibernate.type.BasicTypeRegistry - Adding type registration java.lang.Byte -> org.hibernate.type.BasicTypeReference@6033f36c
2026-02-27 06:00:39 [main] DEBUG o.hibernate.type.BasicTypeRegistry - Adding type registration binary -> org.hibernate.type.BasicTypeReference@50b624da
2026-02-27 06:00:39 [main] DEBUG o.hibernate.type.BasicTypeRegistry - Adding type registration byte[] -> org.hibernate.type.BasicTypeReference@50b624da
2026-02-27 06:00:39 [main] DEBUG o.hibernate.type.BasicTypeRegistry - Adding type registration [B -> org.hibernate.type.BasicTypeReference@50b624da
2026-02-27 06:00:39 [main] DEBUG o.hibernate.type.BasicTypeRegistry - Adding type registration binary_wrapper -> org.hibernate.type.BasicTypeReference@1764e45e
2026-02-27 06:00:39 [main] DEBUG o.hibernate.type.BasicTypeRegistry - Adding type registration wrapper-binary -> org.hibernate.type.BasicTypeReference@1764e45e
2026-02-27 06:00:39 [main] DEBUG o.hibernate.type.BasicTypeRegistry - Adding type registration image -> org.hibernate.type.BasicTypeReference@3892802b
2026-02-27 06:00:39 [main] DEBUG o.hibernate.type.BasicTypeRegistry - Adding type registration blob -> org.hibernate.type.BasicTypeReference@4745bcc6
2026-02-27 06:00:39 [main] DEBUG o.hibernate.type.BasicTypeRegistry - Adding type registration java.sql.Blob -> org.hibernate.type.BasicTypeReference@4745bcc6
2026-02-27 06:00:39 [main] DEBUG o.hibernate.type.BasicTypeRegistry - Adding type registration materialized_blob -> org.hibernate.type.BasicTypeReference@2634d000
2026-02-27 06:00:39 [main] DEBUG o.hibernate.type.BasicTypeRegistry - Adding type registration materialized_blob_wrapper -> org.hibernate.type.BasicTypeReference@1642968c
2026-02-27 06:00:39 [main] DEBUG o.hibernate.type.BasicTypeRegistry - Adding type registration short -> org.hibernate.type.BasicTypeReference@3a7dcfb7
2026-02-27 06:00:39 [main] DEBUG o.hibernate.type.BasicTypeRegistry - Adding type registration short -> org.hibernate.type.BasicTypeReference@3a7dcfb7
2026-02-27 06:00:39 [main] DEBUG o.hibernate.type.BasicTypeRegistry - Adding type registration java.lang.Short -> org.hibernate.type.BasicTypeReference@3a7dcfb7
2026-02-27 06:00:39 [main] DEBUG o.hibernate.type.BasicTypeRegistry - Adding type registration integer -> org.hibernate.type.BasicTypeReference@50b4e7b2
2026-02-27 06:00:39 [main] DEBUG o.hibernate.type.BasicTypeRegistry - Adding type registration int -> org.hibernate.type.BasicTypeReference@50b4e7b2
2026-02-27 06:00:39 [main] DEBUG o.hibernate.type.BasicTypeRegistry - Adding type registration java.lang.Integer -> org.hibernate.type.BasicTypeReference@50b4e7b2
2026-02-27 06:00:39 [main] DEBUG o.hibernate.type.BasicTypeRegistry - Adding type registration long -> org.hibernate.type.BasicTypeReference@50008974
2026-02-27 06:00:39 [main] DEBUG o.hibernate.type.BasicTypeRegistry - Adding type registration long -> org.hibernate.type.BasicTypeReference@50008974
2026-02-27 06:00:39 [main] DEBUG o.hibernate.type.BasicTypeRegistry - Adding type registration java.lang.Long -> org.hibernate.type.BasicTypeReference@50008974
2026-02-27 06:00:39 [main] DEBUG o.hibernate.type.BasicTypeRegistry - Adding type registration float -> org.hibernate.type.BasicTypeReference@5274830e
2026-02-27 06:00:39 [main] DEBUG o.hibernate.type.BasicTypeRegistry - Adding type registration float -> org.hibernate.type.BasicTypeReference@5274830e
2026-02-27 06:00:39 [main] DEBUG o.hibernate.type.BasicTypeRegistry - Adding type registration java.lang.Float -> org.hibernate.type.BasicTypeReference@5274830e
2026-02-27 06:00:39 [main] DEBUG o.hibernate.type.BasicTypeRegistry - Adding type registration double -> org.hibernate.type.BasicTypeReference@6a0ee80
2026-02-27 06:00:39 [main] DEBUG o.hibernate.type.BasicTypeRegistry - Adding type registration double -> org.hibernate.type.BasicTypeReference@6a0ee80
2026-02-27 06:00:39 [main] DEBUG o.hibernate.type.BasicTypeRegistry - Adding type registration java.lang.Double -> org.hibernate.type.BasicTypeReference@6a0ee80
2026-02-27 06:00:39 [main] DEBUG o.hibernate.type.BasicTypeRegistry - Adding type registration big_integer -> org.hibernate.type.BasicTypeReference@71de1091
2026-02-27 06:00:39 [main] DEBUG o.hibernate.type.BasicTypeRegistry - Adding type registration java.math.BigInteger -> org.hibernate.type.BasicTypeReference@71de1091
2026-02-27 06:00:39 [main] DEBUG o.hibernate.type.BasicTypeRegistry - Adding type registration big_decimal -> org.hibernate.type.BasicTypeReference@25c16cf7
2026-02-27 06:00:39 [main] DEBUG o.hibernate.type.BasicTypeRegistry - Adding type registration java.math.BigDecimal -> org.hibernate.type.BasicTypeReference@25c16cf7
2026-02-27 06:00:39 [main] DEBUG o.hibernate.type.BasicTypeRegistry - Adding type registration character -> org.hibernate.type.BasicTypeReference@53dbe7b2
2026-02-27 06:00:39 [main] DEBUG o.hibernate.type.BasicTypeRegistry - Adding type registration char -> org.hibernate.type.BasicTypeReference@53dbe7b2
2026-02-27 06:00:39 [main] DEBUG o.hibernate.type.BasicTypeRegistry - Adding type registration java.lang.Character -> org.hibernate.type.BasicTypeReference@53dbe7b2
2026-02-27 06:00:39 [main] DEBUG o.hibernate.type.BasicTypeRegistry - Adding type registration character_nchar -> org.hibernate.type.BasicTypeReference@520ec7a7
2026-02-27 06:00:39 [main] DEBUG o.hibernate.type.BasicTypeRegistry - Adding type registration string -> org.hibernate.type.BasicTypeReference@53551fef
2026-02-27 06:00:39 [main] DEBUG o.hibernate.type.BasicTypeRegistry - Adding type registration java.lang.String -> org.hibernate.type.BasicTypeReference@53551fef
2026-02-27 06:00:39 [main] DEBUG o.hibernate.type.BasicTypeRegistry - Adding type registration nstring -> org.hibernate.type.BasicTypeReference@7d5d77a6
2026-02-27 06:00:39 [main] DEBUG o.hibernate.type.BasicTypeRegistry - Adding type registration characters -> org.hibernate.type.BasicTypeReference@71b7e9c8
2026-02-27 06:00:39 [main] DEBUG o.hibernate.type.BasicTypeRegistry - Adding type registration char[] -> org.hibernate.type.BasicTypeReference@71b7e9c8
2026-02-27 06:00:39 [main] DEBUG o.hibernate.type.BasicTypeRegistry - Adding type registration [C -> org.hibernate.type.BasicTypeReference@71b7e9c8
2026-02-27 06:00:39 [main] DEBUG o.hibernate.type.BasicTypeRegistry - Adding type registration wrapper-characters -> org.hibernate.type.BasicTypeReference@55202ba6
2026-02-27 06:00:39 [main] DEBUG o.hibernate.type.BasicTypeRegistry - Adding type registration text -> org.hibernate.type.BasicTypeReference@2ef1fc8a
2026-02-27 06:00:39 [main] DEBUG o.hibernate.type.BasicTypeRegistry - Adding type registration ntext -> org.hibernate.type.BasicTypeReference@38874eb5
2026-02-27 06:00:39 [main] DEBUG o.hibernate.type.BasicTypeRegistry - Adding type registration clob -> org.hibernate.type.BasicTypeReference@76b019c4
2026-02-27 06:00:39 [main] DEBUG o.hibernate.type.BasicTypeRegistry - Adding type registration java.sql.Clob -> org.hibernate.type.BasicTypeReference@76b019c4
2026-02-27 06:00:39 [main] DEBUG o.hibernate.type.BasicTypeRegistry - Adding type registration nclob -> org.hibernate.type.BasicTypeReference@221961af
2026-02-27 06:00:39 [main] DEBUG o.hibernate.type.BasicTypeRegistry - Adding type registration java.sql.NClob -> org.hibernate.type.BasicTypeReference@221961af
2026-02-27 06:00:39 [main] DEBUG o.hibernate.type.BasicTypeRegistry - Adding type registration materialized_clob -> org.hibernate.type.BasicTypeReference@32ddcca
2026-02-27 06:00:39 [main] DEBUG o.hibernate.type.BasicTypeRegistry - Adding type registration materialized_clob_char_array -> org.hibernate.type.BasicTypeReference@1ddc8fc
2026-02-27 06:00:39 [main] DEBUG o.hibernate.type.BasicTypeRegistry - Adding type registration materialized_clob_character_array -> org.hibernate.type.BasicTypeReference@77d58f3a
2026-02-27 06:00:39 [main] DEBUG o.hibernate.type.BasicTypeRegistry - Adding type registration materialized_nclob -> org.hibernate.type.BasicTypeReference@1e288c76
2026-02-27 06:00:39 [main] DEBUG o.hibernate.type.BasicTypeRegistry - Adding type registration materialized_nclob_character_array -> org.hibernate.type.BasicTypeReference@738ed8f5
2026-02-27 06:00:39 [main] DEBUG o.hibernate.type.BasicTypeRegistry - Adding type registration materialized_nclob_char_array -> org.hibernate.type.BasicTypeReference@1cfb7450
2026-02-27 06:00:39 [main] DEBUG o.hibernate.type.BasicTypeRegistry - Adding type registration Duration -> org.hibernate.type.BasicTypeReference@478c84aa
2026-02-27 06:00:39 [main] DEBUG o.hibernate.type.BasicTypeRegistry - Adding type registration java.time.Duration -> org.hibernate.type.BasicTypeReference@478c84aa
2026-02-27 06:00:39 [main] DEBUG o.hibernate.type.BasicTypeRegistry - Adding type registration LocalDateTime -> org.hibernate.type.BasicTypeReference@1d1deb11
2026-02-27 06:00:39 [main] DEBUG o.hibernate.type.BasicTypeRegistry - Adding type registration java.time.LocalDateTime -> org.hibernate.type.BasicTypeReference@1d1deb11
2026-02-27 06:00:39 [main] DEBUG o.hibernate.type.BasicTypeRegistry - Adding type registration LocalDate -> org.hibernate.type.BasicTypeReference@18d1d137
2026-02-27 06:00:39 [main] DEBUG o.hibernate.type.BasicTypeRegistry - Adding type registration java.time.LocalDate -> org.hibernate.type.BasicTypeReference@18d1d137
2026-02-27 06:00:39 [main] DEBUG o.hibernate.type.BasicTypeRegistry - Adding type registration LocalTime -> org.hibernate.type.BasicTypeReference@5f4f6f89
2026-02-27 06:00:39 [main] DEBUG o.hibernate.type.BasicTypeRegistry - Adding type registration java.time.LocalTime -> org.hibernate.type.BasicTypeReference@5f4f6f89
2026-02-27 06:00:39 [main] DEBUG o.hibernate.type.BasicTypeRegistry - Adding type registration OffsetDateTime -> org.hibernate.type.BasicTypeReference@7c45191e
2026-02-27 06:00:39 [main] DEBUG o.hibernate.type.BasicTypeRegistry - Adding type registration java.time.OffsetDateTime -> org.hibernate.type.BasicTypeReference@7c45191e
2026-02-27 06:00:39 [main] DEBUG o.hibernate.type.BasicTypeRegistry - Adding type registration OffsetDateTimeWithTimezone -> org.hibernate.type.BasicTypeReference@ef220e4
2026-02-27 06:00:39 [main] DEBUG o.hibernate.type.BasicTypeRegistry - Adding type registration OffsetDateTimeWithoutTimezone -> org.hibernate.type.BasicTypeReference@18bc1064
2026-02-27 06:00:39 [main] DEBUG o.hibernate.type.BasicTypeRegistry - Adding type registration OffsetTime -> org.hibernate.type.BasicTypeReference@3cab07dd
2026-02-27 06:00:39 [main] DEBUG o.hibernate.type.BasicTypeRegistry - Adding type registration java.time.OffsetTime -> org.hibernate.type.BasicTypeReference@3cab07dd
2026-02-27 06:00:39 [main] DEBUG o.hibernate.type.BasicTypeRegistry - Adding type registration OffsetTimeUtc -> org.hibernate.type.BasicTypeReference@68f264bf
2026-02-27 06:00:39 [main] DEBUG o.hibernate.type.BasicTypeRegistry - Adding type registration OffsetTimeWithTimezone -> org.hibernate.type.BasicTypeReference@77988c45
2026-02-27 06:00:39 [main] DEBUG o.hibernate.type.BasicTypeRegistry - Adding type registration OffsetTimeWithoutTimezone -> org.hibernate.type.BasicTypeReference@f5f8de2
2026-02-27 06:00:39 [main] DEBUG o.hibernate.type.BasicTypeRegistry - Adding type registration ZonedDateTime -> org.hibernate.type.BasicTypeReference@6baee63b
2026-02-27 06:00:39 [main] DEBUG o.hibernate.type.BasicTypeRegistry - Adding type registration java.time.ZonedDateTime -> org.hibernate.type.BasicTypeReference@6baee63b
2026-02-27 06:00:39 [main] DEBUG o.hibernate.type.BasicTypeRegistry - Adding type registration ZonedDateTimeWithTimezone -> org.hibernate.type.BasicTypeReference@1002b06d
2026-02-27 06:00:39 [main] DEBUG o.hibernate.type.BasicTypeRegistry - Adding type registration ZonedDateTimeWithoutTimezone -> org.hibernate.type.BasicTypeReference@234bfc8c
2026-02-27 06:00:39 [main] DEBUG o.hibernate.type.BasicTypeRegistry - Adding type registration date -> org.hibernate.type.BasicTypeReference@5008559a
2026-02-27 06:00:39 [main] DEBUG o.hibernate.type.BasicTypeRegistry - Adding type registration java.sql.Date -> org.hibernate.type.BasicTypeReference@5008559a
2026-02-27 06:00:39 [main] DEBUG o.hibernate.type.BasicTypeRegistry - Adding type registration time -> org.hibernate.type.BasicTypeReference@4c0bfe9e
2026-02-27 06:00:39 [main] DEBUG o.hibernate.type.BasicTypeRegistry - Adding type registration java.sql.Time -> org.hibernate.type.BasicTypeReference@4c0bfe9e
2026-02-27 06:00:39 [main] DEBUG o.hibernate.type.BasicTypeRegistry - Adding type registration timestamp -> org.hibernate.type.BasicTypeReference@490fbeaa
2026-02-27 06:00:39 [main] DEBUG o.hibernate.type.BasicTypeRegistry - Adding type registration java.sql.Timestamp -> org.hibernate.type.BasicTypeReference@490fbeaa
2026-02-27 06:00:39 [main] DEBUG o.hibernate.type.BasicTypeRegistry - Adding type registration java.util.Date -> org.hibernate.type.BasicTypeReference@490fbeaa
2026-02-27 06:00:39 [main] DEBUG o.hibernate.type.BasicTypeRegistry - Adding type registration calendar -> org.hibernate.type.BasicTypeReference@35dc849b
2026-02-27 06:00:39 [main] DEBUG o.hibernate.type.BasicTypeRegistry - Adding type registration java.util.Calendar -> org.hibernate.type.BasicTypeReference@35dc849b
2026-02-27 06:00:39 [main] DEBUG o.hibernate.type.BasicTypeRegistry - Adding type registration java.util.GregorianCalendar -> org.hibernate.type.BasicTypeReference@35dc849b
2026-02-27 06:00:39 [main] DEBUG o.hibernate.type.BasicTypeRegistry - Adding type registration calendar_date -> org.hibernate.type.BasicTypeReference@276aa33f
2026-02-27 06:00:39 [main] DEBUG o.hibernate.type.BasicTypeRegistry - Adding type registration calendar_time -> org.hibernate.type.BasicTypeReference@34065642
2026-02-27 06:00:39 [main] DEBUG o.hibernate.type.BasicTypeRegistry - Adding type registration instant -> org.hibernate.type.BasicTypeReference@c85486
2026-02-27 06:00:39 [main] DEBUG o.hibernate.type.BasicTypeRegistry - Adding type registration java.time.Instant -> org.hibernate.type.BasicTypeReference@c85486
2026-02-27 06:00:39 [main] DEBUG o.hibernate.type.BasicTypeRegistry - Adding type registration uuid -> org.hibernate.type.BasicTypeReference@51e1e058
2026-02-27 06:00:39 [main] DEBUG o.hibernate.type.BasicTypeRegistry - Adding type registration java.util.UUID -> org.hibernate.type.BasicTypeReference@51e1e058
2026-02-27 06:00:39 [main] DEBUG o.hibernate.type.BasicTypeRegistry - Adding type registration pg-uuid -> org.hibernate.type.BasicTypeReference@51e1e058
2026-02-27 06:00:39 [main] DEBUG o.hibernate.type.BasicTypeRegistry - Adding type registration uuid-binary -> org.hibernate.type.BasicTypeReference@23e0c200
2026-02-27 06:00:39 [main] DEBUG o.hibernate.type.BasicTypeRegistry - Adding type registration uuid-char -> org.hibernate.type.BasicTypeReference@25d23478
2026-02-27 06:00:39 [main] DEBUG o.hibernate.type.BasicTypeRegistry - Adding type registration class -> org.hibernate.type.BasicTypeReference@677c2820
2026-02-27 06:00:39 [main] DEBUG o.hibernate.type.BasicTypeRegistry - Adding type registration java.lang.Class -> org.hibernate.type.BasicTypeReference@677c2820
2026-02-27 06:00:39 [main] DEBUG o.hibernate.type.BasicTypeRegistry - Adding type registration currency -> org.hibernate.type.BasicTypeReference@39c1e7b7
2026-02-27 06:00:39 [main] DEBUG o.hibernate.type.BasicTypeRegistry - Adding type registration Currency -> org.hibernate.type.BasicTypeReference@39c1e7b7
2026-02-27 06:00:39 [main] DEBUG o.hibernate.type.BasicTypeRegistry - Adding type registration java.util.Currency -> org.hibernate.type.BasicTypeReference@39c1e7b7
2026-02-27 06:00:39 [main] DEBUG o.hibernate.type.BasicTypeRegistry - Adding type registration locale -> org.hibernate.type.BasicTypeReference@1c14d24d
2026-02-27 06:00:39 [main] DEBUG o.hibernate.type.BasicTypeRegistry - Adding type registration java.util.Locale -> org.hibernate.type.BasicTypeReference@1c14d24d
2026-02-27 06:00:39 [main] DEBUG o.hibernate.type.BasicTypeRegistry - Adding type registration serializable -> org.hibernate.type.BasicTypeReference@28515443
2026-02-27 06:00:39 [main] DEBUG o.hibernate.type.BasicTypeRegistry - Adding type registration java.io.Serializable -> org.hibernate.type.BasicTypeReference@28515443
2026-02-27 06:00:39 [main] DEBUG o.hibernate.type.BasicTypeRegistry - Adding type registration timezone -> org.hibernate.type.BasicTypeReference@2eea4441
2026-02-27 06:00:39 [main] DEBUG o.hibernate.type.BasicTypeRegistry - Adding type registration java.util.TimeZone -> org.hibernate.type.BasicTypeReference@2eea4441
2026-02-27 06:00:39 [main] DEBUG o.hibernate.type.BasicTypeRegistry - Adding type registration ZoneOffset -> org.hibernate.type.BasicTypeReference@1820f274
2026-02-27 06:00:39 [main] DEBUG o.hibernate.type.BasicTypeRegistry - Adding type registration java.time.ZoneOffset -> org.hibernate.type.BasicTypeReference@1820f274
2026-02-27 06:00:39 [main] DEBUG o.hibernate.type.BasicTypeRegistry - Adding type registration url -> org.hibernate.type.BasicTypeReference@221cdd87
2026-02-27 06:00:39 [main] DEBUG o.hibernate.type.BasicTypeRegistry - Adding type registration java.net.URL -> org.hibernate.type.BasicTypeReference@221cdd87
2026-02-27 06:00:39 [main] DEBUG o.hibernate.type.BasicTypeRegistry - Adding type registration vector -> org.hibernate.type.BasicTypeReference@4d66cb
2026-02-27 06:00:39 [main] DEBUG o.hibernate.type.BasicTypeRegistry - Adding type registration float_vector -> org.hibernate.type.BasicTypeReference@7c79f2cf
2026-02-27 06:00:39 [main] DEBUG o.hibernate.type.BasicTypeRegistry - Adding type registration double_vector -> org.hibernate.type.BasicTypeReference@63551c66
2026-02-27 06:00:39 [main] DEBUG o.hibernate.type.BasicTypeRegistry - Adding type registration byte_vector -> org.hibernate.type.BasicTypeReference@2761156e
2026-02-27 06:00:39 [main] DEBUG o.hibernate.type.BasicTypeRegistry - Adding type registration row_version -> org.hibernate.type.BasicTypeReference@4cf15477
2026-02-27 06:00:39 [main] DEBUG o.hibernate.type.BasicTypeRegistry - Adding type registration object -> org.hibernate.type.JavaObjectType@3fcc7f5c
2026-02-27 06:00:39 [main] DEBUG o.hibernate.type.BasicTypeRegistry - Adding type registration java.lang.Object -> org.hibernate.type.JavaObjectType@3fcc7f5c
2026-02-27 06:00:39 [main] DEBUG o.hibernate.type.BasicTypeRegistry - Adding type registration null -> org.hibernate.type.NullType@1eab0700
2026-02-27 06:00:39 [main] DEBUG o.hibernate.type.BasicTypeRegistry - Adding type registration imm_date -> org.hibernate.type.BasicTypeReference@7e7391e8
2026-02-27 06:00:39 [main] DEBUG o.hibernate.type.BasicTypeRegistry - Adding type registration imm_time -> org.hibernate.type.BasicTypeReference@1fa44f66
2026-02-27 06:00:39 [main] DEBUG o.hibernate.type.BasicTypeRegistry - Adding type registration imm_timestamp -> org.hibernate.type.BasicTypeReference@4229b92c
2026-02-27 06:00:39 [main] DEBUG o.hibernate.type.BasicTypeRegistry - Adding type registration imm_calendar -> org.hibernate.type.BasicTypeReference@47c356e
2026-02-27 06:00:39 [main] DEBUG o.hibernate.type.BasicTypeRegistry - Adding type registration imm_calendar_date -> org.hibernate.type.BasicTypeReference@66e218d8
2026-02-27 06:00:39 [main] DEBUG o.hibernate.type.BasicTypeRegistry - Adding type registration imm_calendar_time -> org.hibernate.type.BasicTypeReference@5b80b41d
2026-02-27 06:00:39 [main] DEBUG o.hibernate.type.BasicTypeRegistry - Adding type registration imm_binary -> org.hibernate.type.BasicTypeReference@54ef9698
2026-02-27 06:00:39 [main] DEBUG o.hibernate.type.BasicTypeRegistry - Adding type registration imm_serializable -> org.hibernate.type.BasicTypeReference@31dd0e2e
2026-02-27 06:00:39 [main] INFO  o.s.o.j.p.SpringPersistenceUnitInfo - No LoadTimeWeaver setup: ignoring JPA class transformer
2026-02-27 06:00:39 [main] INFO  com.zaxxer.hikari.HikariDataSource - HikariPool-1 - Starting...
2026-02-27 06:00:39 [main] INFO  com.zaxxer.hikari.pool.HikariPool - HikariPool-1 - Added connection org.postgresql.jdbc.PgConnection@7d1cfe97
2026-02-27 06:00:39 [main] INFO  com.zaxxer.hikari.HikariDataSource - HikariPool-1 - Start completed.
2026-02-27 06:00:39 [main] INFO  o.hibernate.orm.connections.pooling - HHH10001005: Database info:
	Database JDBC URL [Connecting through datasource 'HikariDataSource (HikariPool-1)']
	Database driver: undefined/unknown
	Database version: 16.12
	Autocommit mode: undefined/unknown
	Isolation level: undefined/unknown
	Minimum pool size: undefined/unknown
	Maximum pool size: undefined/unknown
2026-02-27 06:00:39 [main] DEBUG o.h.t.d.sql.spi.DdlTypeRegistry - addDescriptor(2003, org.hibernate.type.descriptor.sql.internal.ArrayDdlTypeImpl@5c9168c3) replaced previous registration(org.hibernate.type.descriptor.sql.internal.ArrayDdlTypeImpl@4ac0fdc7)
2026-02-27 06:00:39 [main] DEBUG o.h.t.d.sql.spi.DdlTypeRegistry - addDescriptor(6, org.hibernate.type.descriptor.sql.internal.CapacityDependentDdlType@571903ff) replaced previous registration(org.hibernate.type.descriptor.sql.internal.DdlTypeImpl@689ea211)
2026-02-27 06:00:39 [main] DEBUG o.h.t.d.jdbc.spi.JdbcTypeRegistry - addDescriptor(2004, BlobTypeDescriptor(BLOB_BINDING)) replaced previous registration(BlobTypeDescriptor(DEFAULT))
2026-02-27 06:00:39 [main] DEBUG o.h.t.d.jdbc.spi.JdbcTypeRegistry - addDescriptor(2005, ClobTypeDescriptor(CLOB_BINDING)) replaced previous registration(ClobTypeDescriptor(DEFAULT))
2026-02-27 06:00:39 [main] DEBUG o.hibernate.type.BasicTypeRegistry - Adding type registration JAVA_OBJECT -> org.hibernate.type.JavaObjectType@11ec2b2f
2026-02-27 06:00:39 [main] DEBUG o.hibernate.type.BasicTypeRegistry - Adding type registration java.lang.Object -> org.hibernate.type.JavaObjectType@11ec2b2f
2026-02-27 06:00:39 [main] DEBUG o.hibernate.type.BasicTypeRegistry - Type registration key [java.lang.Object] overrode previous entry : `org.hibernate.type.JavaObjectType@3fcc7f5c`
2026-02-27 06:00:39 [main] DEBUG o.hibernate.type.BasicTypeRegistry - Adding type registration org.hibernate.type.DurationType -> basicType@1(java.time.Duration,3015)
2026-02-27 06:00:39 [main] DEBUG o.hibernate.type.BasicTypeRegistry - Adding type registration Duration -> basicType@1(java.time.Duration,3015)
2026-02-27 06:00:39 [main] DEBUG o.hibernate.type.BasicTypeRegistry - Adding type registration java.time.Duration -> basicType@1(java.time.Duration,3015)
2026-02-27 06:00:39 [main] DEBUG o.hibernate.type.BasicTypeRegistry - Adding type registration org.hibernate.type.OffsetDateTimeType -> basicType@2(java.time.OffsetDateTime,3003)
2026-02-27 06:00:39 [main] DEBUG o.hibernate.type.BasicTypeRegistry - Adding type registration OffsetDateTime -> basicType@2(java.time.OffsetDateTime,3003)
2026-02-27 06:00:39 [main] DEBUG o.hibernate.type.BasicTypeRegistry - Adding type registration java.time.OffsetDateTime -> basicType@2(java.time.OffsetDateTime,3003)
2026-02-27 06:00:39 [main] DEBUG o.hibernate.type.BasicTypeRegistry - Adding type registration org.hibernate.type.ZonedDateTimeType -> basicType@3(java.time.ZonedDateTime,3003)
2026-02-27 06:00:39 [main] DEBUG o.hibernate.type.BasicTypeRegistry - Adding type registration ZonedDateTime -> basicType@3(java.time.ZonedDateTime,3003)
2026-02-27 06:00:39 [main] DEBUG o.hibernate.type.BasicTypeRegistry - Adding type registration java.time.ZonedDateTime -> basicType@3(java.time.ZonedDateTime,3003)
2026-02-27 06:00:39 [main] DEBUG o.hibernate.type.BasicTypeRegistry - Adding type registration org.hibernate.type.OffsetTimeType -> basicType@4(java.time.OffsetTime,3007)
2026-02-27 06:00:39 [main] DEBUG o.hibernate.type.BasicTypeRegistry - Adding type registration OffsetTime -> basicType@4(java.time.OffsetTime,3007)
2026-02-27 06:00:39 [main] DEBUG o.hibernate.type.BasicTypeRegistry - Adding type registration java.time.OffsetTime -> basicType@4(java.time.OffsetTime,3007)
2026-02-27 06:00:39 [main] DEBUG o.h.type.spi.TypeConfiguration$Scope - Scoping TypeConfiguration [org.hibernate.type.spi.TypeConfiguration@6af0407c] to MetadataBuildingContext [org.hibernate.boot.internal.MetadataBuildingContextRootImpl@71c1ca1]
2026-02-27 06:00:40 [main] INFO  o.h.e.t.j.p.i.JtaPlatformInitiator - HHH000489: No JTA platform available (set 'hibernate.transaction.jta.platform' to enable JTA platform integration)
2026-02-27 06:00:40 [main] DEBUG o.h.type.spi.TypeConfiguration$Scope - Scoping TypeConfiguration [org.hibernate.type.spi.TypeConfiguration@6af0407c] to SessionFactoryImplementor [org.hibernate.internal.SessionFactoryImpl@4de14c58]
2026-02-27 06:00:40 [main] TRACE o.h.type.spi.TypeConfiguration$Scope - Handling #sessionFactoryCreated from [org.hibernate.internal.SessionFactoryImpl@4de14c58] for TypeConfiguration
2026-02-27 06:00:40 [main] INFO  o.s.o.j.LocalContainerEntityManagerFactoryBean - Initialized JPA EntityManagerFactory for persistence unit 'default'
2026-02-27 06:00:40 [main] WARN  o.s.b.a.o.j.JpaBaseConfiguration$JpaWebConfiguration - spring.jpa.open-in-view is enabled by default. Therefore, database queries may be performed during view rendering. Explicitly configure spring.jpa.open-in-view to disable this warning
2026-02-27 06:00:40 [main] WARN  o.s.b.a.s.s.UserDetailsServiceAutoConfiguration - 

Using generated security password: ec834809-2103-4c7f-8459-ee5e893e5470

This generated password is for development use only. Your security configuration must be updated before running your application in production.

2026-02-27 06:00:40 [main] INFO  o.s.s.c.a.a.c.InitializeUserDetailsBeanManagerConfigurer$InitializeUserDetailsManagerConfigurer - Global AuthenticationManager configured with UserDetailsService bean with name inMemoryUserDetailsManager
2026-02-27 06:00:41 [main] INFO  o.s.b.a.e.web.EndpointLinksResolver - Exposing 4 endpoints beneath base path '/actuator'
2026-02-27 06:00:43 [main] INFO  o.s.cloud.commons.util.InetUtils - Cannot determine local hostname
2026-02-27 06:00:43 [main] INFO  o.s.b.w.e.tomcat.TomcatWebServer - Tomcat started on port 8083 (http) with context path '/'
2026-02-27 06:00:44 [main] INFO  o.s.cloud.commons.util.InetUtils - Cannot determine local hostname
2026-02-27 06:00:44 [main] INFO  c.u.l.payment.PaymentApplication - Started PaymentApplication in 8.401 seconds (process running for 8.782)
2026-02-27 06:01:07 [http-nio-8083-exec-2] INFO  o.a.c.c.C.[Tomcat].[localhost].[/] - Initializing Spring DispatcherServlet 'dispatcherServlet'
2026-02-27 06:01:07 [http-nio-8083-exec-2] INFO  o.s.web.servlet.DispatcherServlet - Initializing Servlet 'dispatcherServlet'
2026-02-27 06:01:07 [http-nio-8083-exec-2] INFO  o.s.web.servlet.DispatcherServlet - Completed initialization in 1 ms
2026-02-27 06:13:26 [http-nio-8083-exec-8] DEBUG c.u.l.p.c.j.JwtAuthenticationFilter - JWT 인증 완료 — memberId: 04a0c32a-8c35-4ce5-aed0-08a99077fb94
2026-02-27 06:13:26 [http-nio-8083-exec-8] ERROR c.u.l.p.e.GlobalExceptionHandler - 예기치 않은 오류 발생
org.springframework.web.servlet.resource.NoResourceFoundException: No static resource api/v1/payments.
	at org.springframework.web.servlet.resource.ResourceHttpRequestHandler.handleRequest(ResourceHttpRequestHandler.java:585)
	at org.springframework.web.servlet.mvc.HttpRequestHandlerAdapter.handle(HttpRequestHandlerAdapter.java:52)
	at org.springframework.web.servlet.DispatcherServlet.doDispatch(DispatcherServlet.java:1088)
	at org.springframework.web.servlet.DispatcherServlet.doService(DispatcherServlet.java:978)
	at org.springframework.web.servlet.FrameworkServlet.processRequest(FrameworkServlet.java:1014)
	at org.springframework.web.servlet.FrameworkServlet.doPost(FrameworkServlet.java:914)
	at jakarta.servlet.http.HttpServlet.service(HttpServlet.java:590)
	at org.springframework.web.servlet.FrameworkServlet.service(FrameworkServlet.java:885)
	at jakarta.servlet.http.HttpServlet.service(HttpServlet.java:658)
	at org.apache.catalina.core.ApplicationFilterChain.internalDoFilter(ApplicationFilterChain.java:195)
	at org.apache.catalina.core.ApplicationFilterChain.doFilter(ApplicationFilterChain.java:140)
	at org.apache.tomcat.websocket.server.WsFilter.doFilter(WsFilter.java:51)
	at org.apache.catalina.core.ApplicationFilterChain.internalDoFilter(ApplicationFilterChain.java:164)
	at org.apache.catalina.core.ApplicationFilterChain.doFilter(ApplicationFilterChain.java:140)
	at org.springframework.web.filter.OncePerRequestFilter.doFilter(OncePerRequestFilter.java:110)
	at org.apache.catalina.core.ApplicationFilterChain.internalDoFilter(ApplicationFilterChain.java:164)
	at org.apache.catalina.core.ApplicationFilterChain.doFilter(ApplicationFilterChain.java:140)
	at org.springframework.web.filter.CompositeFilter$VirtualFilterChain.doFilter(CompositeFilter.java:108)
	at org.springframework.security.web.FilterChainProxy.lambda$doFilterInternal$3(FilterChainProxy.java:231)
	at org.springframework.security.web.ObservationFilterChainDecorator$FilterObservation$SimpleFilterObservation.lambda$wrap$1(ObservationFilterChainDecorator.java:479)
	at org.springframework.security.web.ObservationFilterChainDecorator$AroundFilterObservation$SimpleAroundFilterObservation.lambda$wrap$1(ObservationFilterChainDecorator.java:340)
	at org.springframework.security.web.ObservationFilterChainDecorator.lambda$wrapSecured$0(ObservationFilterChainDecorator.java:82)
	at org.springframework.security.web.ObservationFilterChainDecorator$VirtualFilterChain.doFilter(ObservationFilterChainDecorator.java:128)
	at org.springframework.security.web.access.intercept.AuthorizationFilter.doFilter(AuthorizationFilter.java:101)
	at org.springframework.security.web.ObservationFilterChainDecorator$ObservationFilter.wrapFilter(ObservationFilterChainDecorator.java:240)
	at org.springframework.security.web.ObservationFilterChainDecorator$ObservationFilter.doFilter(ObservationFilterChainDecorator.java:227)
	at org.springframework.security.web.ObservationFilterChainDecorator$VirtualFilterChain.doFilter(ObservationFilterChainDecorator.java:137)
	at org.springframework.security.web.access.ExceptionTranslationFilter.doFilter(ExceptionTranslationFilter.java:126)
	at org.springframework.security.web.access.ExceptionTranslationFilter.doFilter(ExceptionTranslationFilter.java:120)
	at org.springframework.security.web.ObservationFilterChainDecorator$ObservationFilter.wrapFilter(ObservationFilterChainDecorator.java:240)
	at org.springframework.security.web.ObservationFilterChainDecorator$ObservationFilter.doFilter(ObservationFilterChainDecorator.java:227)
	at org.springframework.security.web.ObservationFilterChainDecorator$VirtualFilterChain.doFilter(ObservationFilterChainDecorator.java:137)
	at org.springframework.security.web.session.SessionManagementFilter.doFilter(SessionManagementFilter.java:131)
	at org.springframework.security.web.session.SessionManagementFilter.doFilter(SessionManagementFilter.java:85)
	at org.springframework.security.web.ObservationFilterChainDecorator$ObservationFilter.wrapFilter(ObservationFilterChainDecorator.java:240)
	at org.springframework.security.web.ObservationFilterChainDecorator$ObservationFilter.doFilter(ObservationFilterChainDecorator.java:227)
	at org.springframework.security.web.ObservationFilterChainDecorator$VirtualFilterChain.doFilter(ObservationFilterChainDecorator.java:137)
	at org.springframework.security.web.authentication.AnonymousAuthenticationFilter.doFilter(AnonymousAuthenticationFilter.java:100)
	at org.springframework.security.web.ObservationFilterChainDecorator$ObservationFilter.wrapFilter(ObservationFilterChainDecorator.java:240)
	at org.springframework.security.web.ObservationFilterChainDecorator$ObservationFilter.doFilter(ObservationFilterChainDecorator.java:227)
	at org.springframework.security.web.ObservationFilterChainDecorator$VirtualFilterChain.doFilter(ObservationFilterChainDecorator.java:137)
	at org.springframework.security.web.servletapi.SecurityContextHolderAwareRequestFilter.doFilter(SecurityContextHolderAwareRequestFilter.java:179)
	at org.springframework.security.web.ObservationFilterChainDecorator$ObservationFilter.wrapFilter(ObservationFilterChainDecorator.java:240)
	at org.springframework.security.web.ObservationFilterChainDecorator$ObservationFilter.doFilter(ObservationFilterChainDecorator.java:227)
	at org.springframework.security.web.ObservationFilterChainDecorator$VirtualFilterChain.doFilter(ObservationFilterChainDecorator.java:137)
	at org.springframework.security.web.savedrequest.RequestCacheAwareFilter.doFilter(RequestCacheAwareFilter.java:63)
	at org.springframework.security.web.ObservationFilterChainDecorator$ObservationFilter.wrapFilter(ObservationFilterChainDecorator.java:240)
	at org.springframework.security.web.ObservationFilterChainDecorator$ObservationFilter.doFilter(ObservationFilterChainDecorator.java:227)
	at org.springframework.security.web.ObservationFilterChainDecorator$VirtualFilterChain.doFilter(ObservationFilterChainDecorator.java:137)
	at com.unicorn.lunchpick.payment.config.jwt.JwtAuthenticationFilter.doFilterInternal(JwtAuthenticationFilter.java:66)
	at org.springframework.web.filter.OncePerRequestFilter.doFilter(OncePerRequestFilter.java:116)
	at org.springframework.security.web.ObservationFilterChainDecorator$ObservationFilter.wrapFilter(ObservationFilterChainDecorator.java:240)
	at org.springframework.security.web.ObservationFilterChainDecorator$ObservationFilter.doFilter(ObservationFilterChainDecorator.java:227)
	at org.springframework.security.web.ObservationFilterChainDecorator$VirtualFilterChain.doFilter(ObservationFilterChainDecorator.java:137)
	at org.springframework.security.web.authentication.logout.LogoutFilter.doFilter(LogoutFilter.java:107)
	at org.springframework.security.web.authentication.logout.LogoutFilter.doFilter(LogoutFilter.java:93)
	at org.springframework.security.web.ObservationFilterChainDecorator$ObservationFilter.wrapFilter(ObservationFilterChainDecorator.java:240)
	at org.springframework.security.web.ObservationFilterChainDecorator$ObservationFilter.doFilter(ObservationFilterChainDecorator.java:227)
	at org.springframework.security.web.ObservationFilterChainDecorator$VirtualFilterChain.doFilter(ObservationFilterChainDecorator.java:137)
	at org.springframework.web.filter.CorsFilter.doFilterInternal(CorsFilter.java:91)
	at org.springframework.web.filter.OncePerRequestFilter.doFilter(OncePerRequestFilter.java:116)
	at org.springframework.security.web.ObservationFilterChainDecorator$ObservationFilter.wrapFilter(ObservationFilterChainDecorator.java:240)
	at org.springframework.security.web.ObservationFilterChainDecorator$ObservationFilter.doFilter(ObservationFilterChainDecorator.java:227)
	at org.springframework.security.web.ObservationFilterChainDecorator$VirtualFilterChain.doFilter(ObservationFilterChainDecorator.java:137)
	at org.springframework.security.web.header.HeaderWriterFilter.doHeadersAfter(HeaderWriterFilter.java:90)
	at org.springframework.security.web.header.HeaderWriterFilter.doFilterInternal(HeaderWriterFilter.java:75)
	at org.springframework.web.filter.OncePerRequestFilter.doFilter(OncePerRequestFilter.java:116)
	at org.springframework.security.web.ObservationFilterChainDecorator$ObservationFilter.wrapFilter(ObservationFilterChainDecorator.java:240)
	at org.springframework.security.web.ObservationFilterChainDecorator$ObservationFilter.doFilter(ObservationFilterChainDecorator.java:227)
	at org.springframework.security.web.ObservationFilterChainDecorator$VirtualFilterChain.doFilter(ObservationFilterChainDecorator.java:137)
	at org.springframework.security.web.context.SecurityContextHolderFilter.doFilter(SecurityContextHolderFilter.java:82)
	at org.springframework.security.web.context.SecurityContextHolderFilter.doFilter(SecurityContextHolderFilter.java:69)
	at org.springframework.security.web.ObservationFilterChainDecorator$ObservationFilter.wrapFilter(ObservationFilterChainDecorator.java:240)
	at org.springframework.security.web.ObservationFilterChainDecorator$ObservationFilter.doFilter(ObservationFilterChainDecorator.java:227)
	at org.springframework.security.web.ObservationFilterChainDecorator$VirtualFilterChain.doFilter(ObservationFilterChainDecorator.java:137)
	at org.springframework.security.web.context.request.async.WebAsyncManagerIntegrationFilter.doFilterInternal(WebAsyncManagerIntegrationFilter.java:62)
	at org.springframework.web.filter.OncePerRequestFilter.doFilter(OncePerRequestFilter.java:116)
	at org.springframework.security.web.ObservationFilterChainDecorator$ObservationFilter.wrapFilter(ObservationFilterChainDecorator.java:240)
	at org.springframework.security.web.ObservationFilterChainDecorator$ObservationFilter.doFilter(ObservationFilterChainDecorator.java:227)
	at org.springframework.security.web.ObservationFilterChainDecorator$VirtualFilterChain.doFilter(ObservationFilterChainDecorator.java:137)
	at org.springframework.security.web.session.DisableEncodeUrlFilter.doFilterInternal(DisableEncodeUrlFilter.java:42)
	at org.springframework.web.filter.OncePerRequestFilter.doFilter(OncePerRequestFilter.java:116)
	at org.springframework.security.web.ObservationFilterChainDecorator$ObservationFilter.wrapFilter(ObservationFilterChainDecorator.java:240)
	at org.springframework.security.web.ObservationFilterChainDecorator$AroundFilterObservation$SimpleAroundFilterObservation.lambda$wrap$0(ObservationFilterChainDecorator.java:323)
	at org.springframework.security.web.ObservationFilterChainDecorator$ObservationFilter.doFilter(ObservationFilterChainDecorator.java:224)
	at org.springframework.security.web.ObservationFilterChainDecorator$VirtualFilterChain.doFilter(ObservationFilterChainDecorator.java:137)
	at org.springframework.security.web.FilterChainProxy.doFilterInternal(FilterChainProxy.java:233)
	at org.springframework.security.web.FilterChainProxy.doFilter(FilterChainProxy.java:191)
	at org.springframework.web.filter.CompositeFilter$VirtualFilterChain.doFilter(CompositeFilter.java:113)
	at org.springframework.web.servlet.handler.HandlerMappingIntrospector.lambda$createCacheFilter$3(HandlerMappingIntrospector.java:243)
	at org.springframework.web.filter.CompositeFilter$VirtualFilterChain.doFilter(CompositeFilter.java:113)
	at org.springframework.web.filter.CompositeFilter.doFilter(CompositeFilter.java:74)
	at org.springframework.security.config.annotation.web.configuration.WebMvcSecurityConfiguration$CompositeFilterChainProxy.doFilter(WebMvcSecurityConfiguration.java:238)
	at org.springframework.web.filter.DelegatingFilterProxy.invokeDelegate(DelegatingFilterProxy.java:362)
	at org.springframework.web.filter.DelegatingFilterProxy.doFilter(DelegatingFilterProxy.java:278)
	at org.apache.catalina.core.ApplicationFilterChain.internalDoFilter(ApplicationFilterChain.java:164)
	at org.apache.catalina.core.ApplicationFilterChain.doFilter(ApplicationFilterChain.java:140)
	at org.springframework.web.filter.RequestContextFilter.doFilterInternal(RequestContextFilter.java:100)
	at org.springframework.web.filter.OncePerRequestFilter.doFilter(OncePerRequestFilter.java:116)
	at org.apache.catalina.core.ApplicationFilterChain.internalDoFilter(ApplicationFilterChain.java:164)
	at org.apache.catalina.core.ApplicationFilterChain.doFilter(ApplicationFilterChain.java:140)
	at org.springframework.web.filter.FormContentFilter.doFilterInternal(FormContentFilter.java:93)
	at org.springframework.web.filter.OncePerRequestFilter.doFilter(OncePerRequestFilter.java:116)
	at org.apache.catalina.core.ApplicationFilterChain.internalDoFilter(ApplicationFilterChain.java:164)
	at org.apache.catalina.core.ApplicationFilterChain.doFilter(ApplicationFilterChain.java:140)
	at org.springframework.web.filter.ServerHttpObservationFilter.doFilterInternal(ServerHttpObservationFilter.java:114)
	at org.springframework.web.filter.OncePerRequestFilter.doFilter(OncePerRequestFilter.java:116)
	at org.apache.catalina.core.ApplicationFilterChain.internalDoFilter(ApplicationFilterChain.java:164)
	at org.apache.catalina.core.ApplicationFilterChain.doFilter(ApplicationFilterChain.java:140)
	at org.springframework.web.filter.CharacterEncodingFilter.doFilterInternal(CharacterEncodingFilter.java:201)
	at org.springframework.web.filter.OncePerRequestFilter.doFilter(OncePerRequestFilter.java:116)
	at org.apache.catalina.core.ApplicationFilterChain.internalDoFilter(ApplicationFilterChain.java:164)
	at org.apache.catalina.core.ApplicationFilterChain.doFilter(ApplicationFilterChain.java:140)
	at org.apache.catalina.core.StandardWrapperValve.invoke(StandardWrapperValve.java:167)
	at org.apache.catalina.core.StandardContextValve.invoke(StandardContextValve.java:90)
	at org.apache.catalina.authenticator.AuthenticatorBase.invoke(AuthenticatorBase.java:483)
	at org.apache.catalina.core.StandardHostValve.invoke(StandardHostValve.java:115)
	at org.apache.catalina.valves.ErrorReportValve.invoke(ErrorReportValve.java:93)
	at org.apache.catalina.core.StandardEngineValve.invoke(StandardEngineValve.java:74)
	at org.apache.catalina.connector.CoyoteAdapter.service(CoyoteAdapter.java:344)
	at org.apache.coyote.http11.Http11Processor.service(Http11Processor.java:397)
	at org.apache.coyote.AbstractProcessorLight.process(AbstractProcessorLight.java:63)
	at org.apache.coyote.AbstractProtocol$ConnectionHandler.process(AbstractProtocol.java:905)
	at org.apache.tomcat.util.net.NioEndpoint$SocketProcessor.doRun(NioEndpoint.java:1741)
	at org.apache.tomcat.util.net.SocketProcessorBase.run(SocketProcessorBase.java:52)
	at org.apache.tomcat.util.threads.ThreadPoolExecutor.runWorker(ThreadPoolExecutor.java:1190)
	at org.apache.tomcat.util.threads.ThreadPoolExecutor$Worker.run(ThreadPoolExecutor.java:659)
	at org.apache.tomcat.util.threads.TaskThread$WrappingRunnable.run(TaskThread.java:63)
	at java.base/java.lang.Thread.run(Thread.java:1583)
2026-02-27 06:13:53 [http-nio-8083-exec-5] DEBUG c.u.l.p.c.j.JwtAuthenticationFilter - JWT 인증 완료 — memberId: 04a0c32a-8c35-4ce5-aed0-08a99077fb94
2026-02-27 06:13:53 [http-nio-8083-exec-5] ERROR c.u.l.p.e.GlobalExceptionHandler - 예기치 않은 오류 발생
org.springframework.web.HttpRequestMethodNotSupportedException: Request method 'GET' is not supported
	at org.springframework.web.servlet.mvc.method.RequestMappingInfoHandlerMapping.handleNoMatch(RequestMappingInfoHandlerMapping.java:267)
	at org.springframework.web.servlet.handler.AbstractHandlerMethodMapping.lookupHandlerMethod(AbstractHandlerMethodMapping.java:441)
	at org.springframework.web.servlet.handler.AbstractHandlerMethodMapping.getHandlerInternal(AbstractHandlerMethodMapping.java:382)
	at org.springframework.web.servlet.mvc.method.RequestMappingInfoHandlerMapping.getHandlerInternal(RequestMappingInfoHandlerMapping.java:127)
	at org.springframework.web.servlet.mvc.method.RequestMappingInfoHandlerMapping.getHandlerInternal(RequestMappingInfoHandlerMapping.java:68)
	at org.springframework.web.servlet.handler.AbstractHandlerMapping.getHandler(AbstractHandlerMapping.java:509)
	at org.springframework.web.servlet.DispatcherServlet.getHandler(DispatcherServlet.java:1283)
	at org.springframework.web.servlet.DispatcherServlet.doDispatch(DispatcherServlet.java:1064)
	at org.springframework.web.servlet.DispatcherServlet.doService(DispatcherServlet.java:978)
	at org.springframework.web.servlet.FrameworkServlet.processRequest(FrameworkServlet.java:1014)
	at org.springframework.web.servlet.FrameworkServlet.doGet(FrameworkServlet.java:903)
	at jakarta.servlet.http.HttpServlet.service(HttpServlet.java:564)
	at org.springframework.web.servlet.FrameworkServlet.service(FrameworkServlet.java:885)
	at jakarta.servlet.http.HttpServlet.service(HttpServlet.java:658)
	at org.apache.catalina.core.ApplicationFilterChain.internalDoFilter(ApplicationFilterChain.java:195)
	at org.apache.catalina.core.ApplicationFilterChain.doFilter(ApplicationFilterChain.java:140)
	at org.apache.tomcat.websocket.server.WsFilter.doFilter(WsFilter.java:51)
	at org.apache.catalina.core.ApplicationFilterChain.internalDoFilter(ApplicationFilterChain.java:164)
	at org.apache.catalina.core.ApplicationFilterChain.doFilter(ApplicationFilterChain.java:140)
	at org.springframework.web.filter.OncePerRequestFilter.doFilter(OncePerRequestFilter.java:110)
	at org.apache.catalina.core.ApplicationFilterChain.internalDoFilter(ApplicationFilterChain.java:164)
	at org.apache.catalina.core.ApplicationFilterChain.doFilter(ApplicationFilterChain.java:140)
	at org.springframework.web.filter.CompositeFilter$VirtualFilterChain.doFilter(CompositeFilter.java:108)
	at org.springframework.security.web.FilterChainProxy.lambda$doFilterInternal$3(FilterChainProxy.java:231)
	at org.springframework.security.web.ObservationFilterChainDecorator$FilterObservation$SimpleFilterObservation.lambda$wrap$1(ObservationFilterChainDecorator.java:479)
	at org.springframework.security.web.ObservationFilterChainDecorator$AroundFilterObservation$SimpleAroundFilterObservation.lambda$wrap$1(ObservationFilterChainDecorator.java:340)
	at org.springframework.security.web.ObservationFilterChainDecorator.lambda$wrapSecured$0(ObservationFilterChainDecorator.java:82)
	at org.springframework.security.web.ObservationFilterChainDecorator$VirtualFilterChain.doFilter(ObservationFilterChainDecorator.java:128)
	at org.springframework.security.web.access.intercept.AuthorizationFilter.doFilter(AuthorizationFilter.java:101)
	at org.springframework.security.web.ObservationFilterChainDecorator$ObservationFilter.wrapFilter(ObservationFilterChainDecorator.java:240)
	at org.springframework.security.web.ObservationFilterChainDecorator$ObservationFilter.doFilter(ObservationFilterChainDecorator.java:227)
	at org.springframework.security.web.ObservationFilterChainDecorator$VirtualFilterChain.doFilter(ObservationFilterChainDecorator.java:137)
	at org.springframework.security.web.access.ExceptionTranslationFilter.doFilter(ExceptionTranslationFilter.java:126)
	at org.springframework.security.web.access.ExceptionTranslationFilter.doFilter(ExceptionTranslationFilter.java:120)
	at org.springframework.security.web.ObservationFilterChainDecorator$ObservationFilter.wrapFilter(ObservationFilterChainDecorator.java:240)
	at org.springframework.security.web.ObservationFilterChainDecorator$ObservationFilter.doFilter(ObservationFilterChainDecorator.java:227)
	at org.springframework.security.web.ObservationFilterChainDecorator$VirtualFilterChain.doFilter(ObservationFilterChainDecorator.java:137)
	at org.springframework.security.web.session.SessionManagementFilter.doFilter(SessionManagementFilter.java:131)
	at org.springframework.security.web.session.SessionManagementFilter.doFilter(SessionManagementFilter.java:85)
	at org.springframework.security.web.ObservationFilterChainDecorator$ObservationFilter.wrapFilter(ObservationFilterChainDecorator.java:240)
	at org.springframework.security.web.ObservationFilterChainDecorator$ObservationFilter.doFilter(ObservationFilterChainDecorator.java:227)
	at org.springframework.security.web.ObservationFilterChainDecorator$VirtualFilterChain.doFilter(ObservationFilterChainDecorator.java:137)
	at org.springframework.security.web.authentication.AnonymousAuthenticationFilter.doFilter(AnonymousAuthenticationFilter.java:100)
	at org.springframework.security.web.ObservationFilterChainDecorator$ObservationFilter.wrapFilter(ObservationFilterChainDecorator.java:240)
	at org.springframework.security.web.ObservationFilterChainDecorator$ObservationFilter.doFilter(ObservationFilterChainDecorator.java:227)
	at org.springframework.security.web.ObservationFilterChainDecorator$VirtualFilterChain.doFilter(ObservationFilterChainDecorator.java:137)
	at org.springframework.security.web.servletapi.SecurityContextHolderAwareRequestFilter.doFilter(SecurityContextHolderAwareRequestFilter.java:179)
	at org.springframework.security.web.ObservationFilterChainDecorator$ObservationFilter.wrapFilter(ObservationFilterChainDecorator.java:240)
	at org.springframework.security.web.ObservationFilterChainDecorator$ObservationFilter.doFilter(ObservationFilterChainDecorator.java:227)
	at org.springframework.security.web.ObservationFilterChainDecorator$VirtualFilterChain.doFilter(ObservationFilterChainDecorator.java:137)
	at org.springframework.security.web.savedrequest.RequestCacheAwareFilter.doFilter(RequestCacheAwareFilter.java:63)
	at org.springframework.security.web.ObservationFilterChainDecorator$ObservationFilter.wrapFilter(ObservationFilterChainDecorator.java:240)
	at org.springframework.security.web.ObservationFilterChainDecorator$ObservationFilter.doFilter(ObservationFilterChainDecorator.java:227)
	at org.springframework.security.web.ObservationFilterChainDecorator$VirtualFilterChain.doFilter(ObservationFilterChainDecorator.java:137)
	at com.unicorn.lunchpick.payment.config.jwt.JwtAuthenticationFilter.doFilterInternal(JwtAuthenticationFilter.java:66)
	at org.springframework.web.filter.OncePerRequestFilter.doFilter(OncePerRequestFilter.java:116)
	at org.springframework.security.web.ObservationFilterChainDecorator$ObservationFilter.wrapFilter(ObservationFilterChainDecorator.java:240)
	at org.springframework.security.web.ObservationFilterChainDecorator$ObservationFilter.doFilter(ObservationFilterChainDecorator.java:227)
	at org.springframework.security.web.ObservationFilterChainDecorator$VirtualFilterChain.doFilter(ObservationFilterChainDecorator.java:137)
	at org.springframework.security.web.authentication.logout.LogoutFilter.doFilter(LogoutFilter.java:107)
	at org.springframework.security.web.authentication.logout.LogoutFilter.doFilter(LogoutFilter.java:93)
	at org.springframework.security.web.ObservationFilterChainDecorator$ObservationFilter.wrapFilter(ObservationFilterChainDecorator.java:240)
	at org.springframework.security.web.ObservationFilterChainDecorator$ObservationFilter.doFilter(ObservationFilterChainDecorator.java:227)
	at org.springframework.security.web.ObservationFilterChainDecorator$VirtualFilterChain.doFilter(ObservationFilterChainDecorator.java:137)
	at org.springframework.web.filter.CorsFilter.doFilterInternal(CorsFilter.java:91)
	at org.springframework.web.filter.OncePerRequestFilter.doFilter(OncePerRequestFilter.java:116)
	at org.springframework.security.web.ObservationFilterChainDecorator$ObservationFilter.wrapFilter(ObservationFilterChainDecorator.java:240)
	at org.springframework.security.web.ObservationFilterChainDecorator$ObservationFilter.doFilter(ObservationFilterChainDecorator.java:227)
	at org.springframework.security.web.ObservationFilterChainDecorator$VirtualFilterChain.doFilter(ObservationFilterChainDecorator.java:137)
	at org.springframework.security.web.header.HeaderWriterFilter.doHeadersAfter(HeaderWriterFilter.java:90)
	at org.springframework.security.web.header.HeaderWriterFilter.doFilterInternal(HeaderWriterFilter.java:75)
	at org.springframework.web.filter.OncePerRequestFilter.doFilter(OncePerRequestFilter.java:116)
	at org.springframework.security.web.ObservationFilterChainDecorator$ObservationFilter.wrapFilter(ObservationFilterChainDecorator.java:240)
	at org.springframework.security.web.ObservationFilterChainDecorator$ObservationFilter.doFilter(ObservationFilterChainDecorator.java:227)
	at org.springframework.security.web.ObservationFilterChainDecorator$VirtualFilterChain.doFilter(ObservationFilterChainDecorator.java:137)
	at org.springframework.security.web.context.SecurityContextHolderFilter.doFilter(SecurityContextHolderFilter.java:82)
	at org.springframework.security.web.context.SecurityContextHolderFilter.doFilter(SecurityContextHolderFilter.java:69)
	at org.springframework.security.web.ObservationFilterChainDecorator$ObservationFilter.wrapFilter(ObservationFilterChainDecorator.java:240)
	at org.springframework.security.web.ObservationFilterChainDecorator$ObservationFilter.doFilter(ObservationFilterChainDecorator.java:227)
	at org.springframework.security.web.ObservationFilterChainDecorator$VirtualFilterChain.doFilter(ObservationFilterChainDecorator.java:137)
	at org.springframework.security.web.context.request.async.WebAsyncManagerIntegrationFilter.doFilterInternal(WebAsyncManagerIntegrationFilter.java:62)
	at org.springframework.web.filter.OncePerRequestFilter.doFilter(OncePerRequestFilter.java:116)
	at org.springframework.security.web.ObservationFilterChainDecorator$ObservationFilter.wrapFilter(ObservationFilterChainDecorator.java:240)
	at org.springframework.security.web.ObservationFilterChainDecorator$ObservationFilter.doFilter(ObservationFilterChainDecorator.java:227)
	at org.springframework.security.web.ObservationFilterChainDecorator$VirtualFilterChain.doFilter(ObservationFilterChainDecorator.java:137)
	at org.springframework.security.web.session.DisableEncodeUrlFilter.doFilterInternal(DisableEncodeUrlFilter.java:42)
	at org.springframework.web.filter.OncePerRequestFilter.doFilter(OncePerRequestFilter.java:116)
	at org.springframework.security.web.ObservationFilterChainDecorator$ObservationFilter.wrapFilter(ObservationFilterChainDecorator.java:240)
	at org.springframework.security.web.ObservationFilterChainDecorator$AroundFilterObservation$SimpleAroundFilterObservation.lambda$wrap$0(ObservationFilterChainDecorator.java:323)
	at org.springframework.security.web.ObservationFilterChainDecorator$ObservationFilter.doFilter(ObservationFilterChainDecorator.java:224)
	at org.springframework.security.web.ObservationFilterChainDecorator$VirtualFilterChain.doFilter(ObservationFilterChainDecorator.java:137)
	at org.springframework.security.web.FilterChainProxy.doFilterInternal(FilterChainProxy.java:233)
	at org.springframework.security.web.FilterChainProxy.doFilter(FilterChainProxy.java:191)
	at org.springframework.web.filter.CompositeFilter$VirtualFilterChain.doFilter(CompositeFilter.java:113)
	at org.springframework.web.servlet.handler.HandlerMappingIntrospector.lambda$createCacheFilter$3(HandlerMappingIntrospector.java:243)
	at org.springframework.web.filter.CompositeFilter$VirtualFilterChain.doFilter(CompositeFilter.java:113)
	at org.springframework.web.filter.CompositeFilter.doFilter(CompositeFilter.java:74)
	at org.springframework.security.config.annotation.web.configuration.WebMvcSecurityConfiguration$CompositeFilterChainProxy.doFilter(WebMvcSecurityConfiguration.java:238)
	at org.springframework.web.filter.DelegatingFilterProxy.invokeDelegate(DelegatingFilterProxy.java:362)
	at org.springframework.web.filter.DelegatingFilterProxy.doFilter(DelegatingFilterProxy.java:278)
	at org.apache.catalina.core.ApplicationFilterChain.internalDoFilter(ApplicationFilterChain.java:164)
	at org.apache.catalina.core.ApplicationFilterChain.doFilter(ApplicationFilterChain.java:140)
	at org.springframework.web.filter.RequestContextFilter.doFilterInternal(RequestContextFilter.java:100)
	at org.springframework.web.filter.OncePerRequestFilter.doFilter(OncePerRequestFilter.java:116)
	at org.apache.catalina.core.ApplicationFilterChain.internalDoFilter(ApplicationFilterChain.java:164)
	at org.apache.catalina.core.ApplicationFilterChain.doFilter(ApplicationFilterChain.java:140)
	at org.springframework.web.filter.FormContentFilter.doFilterInternal(FormContentFilter.java:93)
	at org.springframework.web.filter.OncePerRequestFilter.doFilter(OncePerRequestFilter.java:116)
	at org.apache.catalina.core.ApplicationFilterChain.internalDoFilter(ApplicationFilterChain.java:164)
	at org.apache.catalina.core.ApplicationFilterChain.doFilter(ApplicationFilterChain.java:140)
	at org.springframework.web.filter.ServerHttpObservationFilter.doFilterInternal(ServerHttpObservationFilter.java:114)
	at org.springframework.web.filter.OncePerRequestFilter.doFilter(OncePerRequestFilter.java:116)
	at org.apache.catalina.core.ApplicationFilterChain.internalDoFilter(ApplicationFilterChain.java:164)
	at org.apache.catalina.core.ApplicationFilterChain.doFilter(ApplicationFilterChain.java:140)
	at org.springframework.web.filter.CharacterEncodingFilter.doFilterInternal(CharacterEncodingFilter.java:201)
	at org.springframework.web.filter.OncePerRequestFilter.doFilter(OncePerRequestFilter.java:116)
	at org.apache.catalina.core.ApplicationFilterChain.internalDoFilter(ApplicationFilterChain.java:164)
	at org.apache.catalina.core.ApplicationFilterChain.doFilter(ApplicationFilterChain.java:140)
	at org.apache.catalina.core.StandardWrapperValve.invoke(StandardWrapperValve.java:167)
	at org.apache.catalina.core.StandardContextValve.invoke(StandardContextValve.java:90)
	at org.apache.catalina.authenticator.AuthenticatorBase.invoke(AuthenticatorBase.java:483)
	at org.apache.catalina.core.StandardHostValve.invoke(StandardHostValve.java:115)
	at org.apache.catalina.valves.ErrorReportValve.invoke(ErrorReportValve.java:93)
	at org.apache.catalina.core.StandardEngineValve.invoke(StandardEngineValve.java:74)
	at org.apache.catalina.connector.CoyoteAdapter.service(CoyoteAdapter.java:344)
	at org.apache.coyote.http11.Http11Processor.service(Http11Processor.java:397)
	at org.apache.coyote.AbstractProcessorLight.process(AbstractProcessorLight.java:63)
	at org.apache.coyote.AbstractProtocol$ConnectionHandler.process(AbstractProtocol.java:905)
	at org.apache.tomcat.util.net.NioEndpoint$SocketProcessor.doRun(NioEndpoint.java:1741)
	at org.apache.tomcat.util.net.SocketProcessorBase.run(SocketProcessorBase.java:52)
	at org.apache.tomcat.util.threads.ThreadPoolExecutor.runWorker(ThreadPoolExecutor.java:1190)
	at org.apache.tomcat.util.threads.ThreadPoolExecutor$Worker.run(ThreadPoolExecutor.java:659)
	at org.apache.tomcat.util.threads.TaskThread$WrappingRunnable.run(TaskThread.java:63)
	at java.base/java.lang.Thread.run(Thread.java:1583)
2026-02-27 06:13:53 [http-nio-8083-exec-1] DEBUG c.u.l.p.c.j.JwtAuthenticationFilter - JWT 인증 완료 — memberId: 04a0c32a-8c35-4ce5-aed0-08a99077fb94
2026-02-27 06:13:53 [http-nio-8083-exec-1] ERROR c.u.l.p.e.GlobalExceptionHandler - 예기치 않은 오류 발생
org.springframework.web.HttpRequestMethodNotSupportedException: Request method 'GET' is not supported
	at org.springframework.web.servlet.mvc.method.RequestMappingInfoHandlerMapping.handleNoMatch(RequestMappingInfoHandlerMapping.java:267)
	at org.springframework.web.servlet.handler.AbstractHandlerMethodMapping.lookupHandlerMethod(AbstractHandlerMethodMapping.java:441)
	at org.springframework.web.servlet.handler.AbstractHandlerMethodMapping.getHandlerInternal(AbstractHandlerMethodMapping.java:382)
	at org.springframework.web.servlet.mvc.method.RequestMappingInfoHandlerMapping.getHandlerInternal(RequestMappingInfoHandlerMapping.java:127)
	at org.springframework.web.servlet.mvc.method.RequestMappingInfoHandlerMapping.getHandlerInternal(RequestMappingInfoHandlerMapping.java:68)
	at org.springframework.web.servlet.handler.AbstractHandlerMapping.getHandler(AbstractHandlerMapping.java:509)
	at org.springframework.web.servlet.DispatcherServlet.getHandler(DispatcherServlet.java:1283)
	at org.springframework.web.servlet.DispatcherServlet.doDispatch(DispatcherServlet.java:1064)
	at org.springframework.web.servlet.DispatcherServlet.doService(DispatcherServlet.java:978)
	at org.springframework.web.servlet.FrameworkServlet.processRequest(FrameworkServlet.java:1014)
	at org.springframework.web.servlet.FrameworkServlet.doGet(FrameworkServlet.java:903)
	at jakarta.servlet.http.HttpServlet.service(HttpServlet.java:564)
	at org.springframework.web.servlet.FrameworkServlet.service(FrameworkServlet.java:885)
	at jakarta.servlet.http.HttpServlet.service(HttpServlet.java:658)
	at org.apache.catalina.core.ApplicationFilterChain.internalDoFilter(ApplicationFilterChain.java:195)
	at org.apache.catalina.core.ApplicationFilterChain.doFilter(ApplicationFilterChain.java:140)
	at org.apache.tomcat.websocket.server.WsFilter.doFilter(WsFilter.java:51)
	at org.apache.catalina.core.ApplicationFilterChain.internalDoFilter(ApplicationFilterChain.java:164)
	at org.apache.catalina.core.ApplicationFilterChain.doFilter(ApplicationFilterChain.java:140)
	at org.springframework.web.filter.OncePerRequestFilter.doFilter(OncePerRequestFilter.java:110)
	at org.apache.catalina.core.ApplicationFilterChain.internalDoFilter(ApplicationFilterChain.java:164)
	at org.apache.catalina.core.ApplicationFilterChain.doFilter(ApplicationFilterChain.java:140)
	at org.springframework.web.filter.CompositeFilter$VirtualFilterChain.doFilter(CompositeFilter.java:108)
	at org.springframework.security.web.FilterChainProxy.lambda$doFilterInternal$3(FilterChainProxy.java:231)
	at org.springframework.security.web.ObservationFilterChainDecorator$FilterObservation$SimpleFilterObservation.lambda$wrap$1(ObservationFilterChainDecorator.java:479)
	at org.springframework.security.web.ObservationFilterChainDecorator$AroundFilterObservation$SimpleAroundFilterObservation.lambda$wrap$1(ObservationFilterChainDecorator.java:340)
	at org.springframework.security.web.ObservationFilterChainDecorator.lambda$wrapSecured$0(ObservationFilterChainDecorator.java:82)
	at org.springframework.security.web.ObservationFilterChainDecorator$VirtualFilterChain.doFilter(ObservationFilterChainDecorator.java:128)
	at org.springframework.security.web.access.intercept.AuthorizationFilter.doFilter(AuthorizationFilter.java:101)
	at org.springframework.security.web.ObservationFilterChainDecorator$ObservationFilter.wrapFilter(ObservationFilterChainDecorator.java:240)
	at org.springframework.security.web.ObservationFilterChainDecorator$ObservationFilter.doFilter(ObservationFilterChainDecorator.java:227)
	at org.springframework.security.web.ObservationFilterChainDecorator$VirtualFilterChain.doFilter(ObservationFilterChainDecorator.java:137)
	at org.springframework.security.web.access.ExceptionTranslationFilter.doFilter(ExceptionTranslationFilter.java:126)
	at org.springframework.security.web.access.ExceptionTranslationFilter.doFilter(ExceptionTranslationFilter.java:120)
	at org.springframework.security.web.ObservationFilterChainDecorator$ObservationFilter.wrapFilter(ObservationFilterChainDecorator.java:240)
	at org.springframework.security.web.ObservationFilterChainDecorator$ObservationFilter.doFilter(ObservationFilterChainDecorator.java:227)
	at org.springframework.security.web.ObservationFilterChainDecorator$VirtualFilterChain.doFilter(ObservationFilterChainDecorator.java:137)
	at org.springframework.security.web.session.SessionManagementFilter.doFilter(SessionManagementFilter.java:131)
	at org.springframework.security.web.session.SessionManagementFilter.doFilter(SessionManagementFilter.java:85)
	at org.springframework.security.web.ObservationFilterChainDecorator$ObservationFilter.wrapFilter(ObservationFilterChainDecorator.java:240)
	at org.springframework.security.web.ObservationFilterChainDecorator$ObservationFilter.doFilter(ObservationFilterChainDecorator.java:227)
	at org.springframework.security.web.ObservationFilterChainDecorator$VirtualFilterChain.doFilter(ObservationFilterChainDecorator.java:137)
	at org.springframework.security.web.authentication.AnonymousAuthenticationFilter.doFilter(AnonymousAuthenticationFilter.java:100)
	at org.springframework.security.web.ObservationFilterChainDecorator$ObservationFilter.wrapFilter(ObservationFilterChainDecorator.java:240)
	at org.springframework.security.web.ObservationFilterChainDecorator$ObservationFilter.doFilter(ObservationFilterChainDecorator.java:227)
	at org.springframework.security.web.ObservationFilterChainDecorator$VirtualFilterChain.doFilter(ObservationFilterChainDecorator.java:137)
	at org.springframework.security.web.servletapi.SecurityContextHolderAwareRequestFilter.doFilter(SecurityContextHolderAwareRequestFilter.java:179)
	at org.springframework.security.web.ObservationFilterChainDecorator$ObservationFilter.wrapFilter(ObservationFilterChainDecorator.java:240)
	at org.springframework.security.web.ObservationFilterChainDecorator$ObservationFilter.doFilter(ObservationFilterChainDecorator.java:227)
	at org.springframework.security.web.ObservationFilterChainDecorator$VirtualFilterChain.doFilter(ObservationFilterChainDecorator.java:137)
	at org.springframework.security.web.savedrequest.RequestCacheAwareFilter.doFilter(RequestCacheAwareFilter.java:63)
	at org.springframework.security.web.ObservationFilterChainDecorator$ObservationFilter.wrapFilter(ObservationFilterChainDecorator.java:240)
	at org.springframework.security.web.ObservationFilterChainDecorator$ObservationFilter.doFilter(ObservationFilterChainDecorator.java:227)
	at org.springframework.security.web.ObservationFilterChainDecorator$VirtualFilterChain.doFilter(ObservationFilterChainDecorator.java:137)
	at com.unicorn.lunchpick.payment.config.jwt.JwtAuthenticationFilter.doFilterInternal(JwtAuthenticationFilter.java:66)
	at org.springframework.web.filter.OncePerRequestFilter.doFilter(OncePerRequestFilter.java:116)
	at org.springframework.security.web.ObservationFilterChainDecorator$ObservationFilter.wrapFilter(ObservationFilterChainDecorator.java:240)
	at org.springframework.security.web.ObservationFilterChainDecorator$ObservationFilter.doFilter(ObservationFilterChainDecorator.java:227)
	at org.springframework.security.web.ObservationFilterChainDecorator$VirtualFilterChain.doFilter(ObservationFilterChainDecorator.java:137)
	at org.springframework.security.web.authentication.logout.LogoutFilter.doFilter(LogoutFilter.java:107)
	at org.springframework.security.web.authentication.logout.LogoutFilter.doFilter(LogoutFilter.java:93)
	at org.springframework.security.web.ObservationFilterChainDecorator$ObservationFilter.wrapFilter(ObservationFilterChainDecorator.java:240)
	at org.springframework.security.web.ObservationFilterChainDecorator$ObservationFilter.doFilter(ObservationFilterChainDecorator.java:227)
	at org.springframework.security.web.ObservationFilterChainDecorator$VirtualFilterChain.doFilter(ObservationFilterChainDecorator.java:137)
	at org.springframework.web.filter.CorsFilter.doFilterInternal(CorsFilter.java:91)
	at org.springframework.web.filter.OncePerRequestFilter.doFilter(OncePerRequestFilter.java:116)
	at org.springframework.security.web.ObservationFilterChainDecorator$ObservationFilter.wrapFilter(ObservationFilterChainDecorator.java:240)
	at org.springframework.security.web.ObservationFilterChainDecorator$ObservationFilter.doFilter(ObservationFilterChainDecorator.java:227)
	at org.springframework.security.web.ObservationFilterChainDecorator$VirtualFilterChain.doFilter(ObservationFilterChainDecorator.java:137)
	at org.springframework.security.web.header.HeaderWriterFilter.doHeadersAfter(HeaderWriterFilter.java:90)
	at org.springframework.security.web.header.HeaderWriterFilter.doFilterInternal(HeaderWriterFilter.java:75)
	at org.springframework.web.filter.OncePerRequestFilter.doFilter(OncePerRequestFilter.java:116)
	at org.springframework.security.web.ObservationFilterChainDecorator$ObservationFilter.wrapFilter(ObservationFilterChainDecorator.java:240)
	at org.springframework.security.web.ObservationFilterChainDecorator$ObservationFilter.doFilter(ObservationFilterChainDecorator.java:227)
	at org.springframework.security.web.ObservationFilterChainDecorator$VirtualFilterChain.doFilter(ObservationFilterChainDecorator.java:137)
	at org.springframework.security.web.context.SecurityContextHolderFilter.doFilter(SecurityContextHolderFilter.java:82)
	at org.springframework.security.web.context.SecurityContextHolderFilter.doFilter(SecurityContextHolderFilter.java:69)
	at org.springframework.security.web.ObservationFilterChainDecorator$ObservationFilter.wrapFilter(ObservationFilterChainDecorator.java:240)
	at org.springframework.security.web.ObservationFilterChainDecorator$ObservationFilter.doFilter(ObservationFilterChainDecorator.java:227)
	at org.springframework.security.web.ObservationFilterChainDecorator$VirtualFilterChain.doFilter(ObservationFilterChainDecorator.java:137)
	at org.springframework.security.web.context.request.async.WebAsyncManagerIntegrationFilter.doFilterInternal(WebAsyncManagerIntegrationFilter.java:62)
	at org.springframework.web.filter.OncePerRequestFilter.doFilter(OncePerRequestFilter.java:116)
	at org.springframework.security.web.ObservationFilterChainDecorator$ObservationFilter.wrapFilter(ObservationFilterChainDecorator.java:240)
	at org.springframework.security.web.ObservationFilterChainDecorator$ObservationFilter.doFilter(ObservationFilterChainDecorator.java:227)
	at org.springframework.security.web.ObservationFilterChainDecorator$VirtualFilterChain.doFilter(ObservationFilterChainDecorator.java:137)
	at org.springframework.security.web.session.DisableEncodeUrlFilter.doFilterInternal(DisableEncodeUrlFilter.java:42)
	at org.springframework.web.filter.OncePerRequestFilter.doFilter(OncePerRequestFilter.java:116)
	at org.springframework.security.web.ObservationFilterChainDecorator$ObservationFilter.wrapFilter(ObservationFilterChainDecorator.java:240)
	at org.springframework.security.web.ObservationFilterChainDecorator$AroundFilterObservation$SimpleAroundFilterObservation.lambda$wrap$0(ObservationFilterChainDecorator.java:323)
	at org.springframework.security.web.ObservationFilterChainDecorator$ObservationFilter.doFilter(ObservationFilterChainDecorator.java:224)
	at org.springframework.security.web.ObservationFilterChainDecorator$VirtualFilterChain.doFilter(ObservationFilterChainDecorator.java:137)
	at org.springframework.security.web.FilterChainProxy.doFilterInternal(FilterChainProxy.java:233)
	at org.springframework.security.web.FilterChainProxy.doFilter(FilterChainProxy.java:191)
	at org.springframework.web.filter.CompositeFilter$VirtualFilterChain.doFilter(CompositeFilter.java:113)
	at org.springframework.web.servlet.handler.HandlerMappingIntrospector.lambda$createCacheFilter$3(HandlerMappingIntrospector.java:243)
	at org.springframework.web.filter.CompositeFilter$VirtualFilterChain.doFilter(CompositeFilter.java:113)
	at org.springframework.web.filter.CompositeFilter.doFilter(CompositeFilter.java:74)
	at org.springframework.security.config.annotation.web.configuration.WebMvcSecurityConfiguration$CompositeFilterChainProxy.doFilter(WebMvcSecurityConfiguration.java:238)
	at org.springframework.web.filter.DelegatingFilterProxy.invokeDelegate(DelegatingFilterProxy.java:362)
	at org.springframework.web.filter.DelegatingFilterProxy.doFilter(DelegatingFilterProxy.java:278)
	at org.apache.catalina.core.ApplicationFilterChain.internalDoFilter(ApplicationFilterChain.java:164)
	at org.apache.catalina.core.ApplicationFilterChain.doFilter(ApplicationFilterChain.java:140)
	at org.springframework.web.filter.RequestContextFilter.doFilterInternal(RequestContextFilter.java:100)
	at org.springframework.web.filter.OncePerRequestFilter.doFilter(OncePerRequestFilter.java:116)
	at org.apache.catalina.core.ApplicationFilterChain.internalDoFilter(ApplicationFilterChain.java:164)
	at org.apache.catalina.core.ApplicationFilterChain.doFilter(ApplicationFilterChain.java:140)
	at org.springframework.web.filter.FormContentFilter.doFilterInternal(FormContentFilter.java:93)
	at org.springframework.web.filter.OncePerRequestFilter.doFilter(OncePerRequestFilter.java:116)
	at org.apache.catalina.core.ApplicationFilterChain.internalDoFilter(ApplicationFilterChain.java:164)
	at org.apache.catalina.core.ApplicationFilterChain.doFilter(ApplicationFilterChain.java:140)
	at org.springframework.web.filter.ServerHttpObservationFilter.doFilterInternal(ServerHttpObservationFilter.java:114)
	at org.springframework.web.filter.OncePerRequestFilter.doFilter(OncePerRequestFilter.java:116)
	at org.apache.catalina.core.ApplicationFilterChain.internalDoFilter(ApplicationFilterChain.java:164)
	at org.apache.catalina.core.ApplicationFilterChain.doFilter(ApplicationFilterChain.java:140)
	at org.springframework.web.filter.CharacterEncodingFilter.doFilterInternal(CharacterEncodingFilter.java:201)
	at org.springframework.web.filter.OncePerRequestFilter.doFilter(OncePerRequestFilter.java:116)
	at org.apache.catalina.core.ApplicationFilterChain.internalDoFilter(ApplicationFilterChain.java:164)
	at org.apache.catalina.core.ApplicationFilterChain.doFilter(ApplicationFilterChain.java:140)
	at org.apache.catalina.core.StandardWrapperValve.invoke(StandardWrapperValve.java:167)
	at org.apache.catalina.core.StandardContextValve.invoke(StandardContextValve.java:90)
	at org.apache.catalina.authenticator.AuthenticatorBase.invoke(AuthenticatorBase.java:483)
	at org.apache.catalina.core.StandardHostValve.invoke(StandardHostValve.java:115)
	at org.apache.catalina.valves.ErrorReportValve.invoke(ErrorReportValve.java:93)
	at org.apache.catalina.core.StandardEngineValve.invoke(StandardEngineValve.java:74)
	at org.apache.catalina.connector.CoyoteAdapter.service(CoyoteAdapter.java:344)
	at org.apache.coyote.http11.Http11Processor.service(Http11Processor.java:397)
	at org.apache.coyote.AbstractProcessorLight.process(AbstractProcessorLight.java:63)
	at org.apache.coyote.AbstractProtocol$ConnectionHandler.process(AbstractProtocol.java:905)
	at org.apache.tomcat.util.net.NioEndpoint$SocketProcessor.doRun(NioEndpoint.java:1741)
	at org.apache.tomcat.util.net.SocketProcessorBase.run(SocketProcessorBase.java:52)
	at org.apache.tomcat.util.threads.ThreadPoolExecutor.runWorker(ThreadPoolExecutor.java:1190)
	at org.apache.tomcat.util.threads.ThreadPoolExecutor$Worker.run(ThreadPoolExecutor.java:659)
	at org.apache.tomcat.util.threads.TaskThread$WrappingRunnable.run(TaskThread.java:63)
	at java.base/java.lang.Thread.run(Thread.java:1583)
2026-02-27 06:14:02 [http-nio-8083-exec-3] DEBUG c.u.l.p.c.j.JwtAuthenticationFilter - JWT 인증 완료 — memberId: 04a0c32a-8c35-4ce5-aed0-08a99077fb94
2026-02-27 06:14:02 [http-nio-8083-exec-3] ERROR c.u.l.p.e.GlobalExceptionHandler - 예기치 않은 오류 발생
org.springframework.http.converter.HttpMessageNotReadableException: JSON parse error: Unrecognized field "memberId" (class com.unicorn.lunchpick.payment.dto.request.CreateSubscriptionRequest), not marked as ignorable
	at org.springframework.http.converter.json.AbstractJackson2HttpMessageConverter.readJavaType(AbstractJackson2HttpMessageConverter.java:409)
	at org.springframework.http.converter.json.AbstractJackson2HttpMessageConverter.read(AbstractJackson2HttpMessageConverter.java:357)
	at org.springframework.web.servlet.mvc.method.annotation.AbstractMessageConverterMethodArgumentResolver.readWithMessageConverters(AbstractMessageConverterMethodArgumentResolver.java:204)
	at org.springframework.web.servlet.mvc.method.annotation.RequestResponseBodyMethodProcessor.readWithMessageConverters(RequestResponseBodyMethodProcessor.java:176)
	at org.springframework.web.servlet.mvc.method.annotation.RequestResponseBodyMethodProcessor.resolveArgument(RequestResponseBodyMethodProcessor.java:150)
	at org.springframework.web.method.support.HandlerMethodArgumentResolverComposite.resolveArgument(HandlerMethodArgumentResolverComposite.java:122)
	at org.springframework.web.method.support.InvocableHandlerMethod.getMethodArgumentValues(InvocableHandlerMethod.java:226)
	at org.springframework.web.method.support.InvocableHandlerMethod.invokeForRequest(InvocableHandlerMethod.java:180)
	at org.springframework.web.servlet.mvc.method.annotation.ServletInvocableHandlerMethod.invokeAndHandle(ServletInvocableHandlerMethod.java:118)
	at org.springframework.web.servlet.mvc.method.annotation.RequestMappingHandlerAdapter.invokeHandlerMethod(RequestMappingHandlerAdapter.java:986)
	at org.springframework.web.servlet.mvc.method.annotation.RequestMappingHandlerAdapter.handleInternal(RequestMappingHandlerAdapter.java:891)
	at org.springframework.web.servlet.mvc.method.AbstractHandlerMethodAdapter.handle(AbstractHandlerMethodAdapter.java:87)
	at org.springframework.web.servlet.DispatcherServlet.doDispatch(DispatcherServlet.java:1088)
	at org.springframework.web.servlet.DispatcherServlet.doService(DispatcherServlet.java:978)
	at org.springframework.web.servlet.FrameworkServlet.processRequest(FrameworkServlet.java:1014)
	at org.springframework.web.servlet.FrameworkServlet.doPost(FrameworkServlet.java:914)
	at jakarta.servlet.http.HttpServlet.service(HttpServlet.java:590)
	at org.springframework.web.servlet.FrameworkServlet.service(FrameworkServlet.java:885)
	at jakarta.servlet.http.HttpServlet.service(HttpServlet.java:658)
	at org.apache.catalina.core.ApplicationFilterChain.internalDoFilter(ApplicationFilterChain.java:195)
	at org.apache.catalina.core.ApplicationFilterChain.doFilter(ApplicationFilterChain.java:140)
	at org.apache.tomcat.websocket.server.WsFilter.doFilter(WsFilter.java:51)
	at org.apache.catalina.core.ApplicationFilterChain.internalDoFilter(ApplicationFilterChain.java:164)
	at org.apache.catalina.core.ApplicationFilterChain.doFilter(ApplicationFilterChain.java:140)
	at org.springframework.web.filter.OncePerRequestFilter.doFilter(OncePerRequestFilter.java:110)
	at org.apache.catalina.core.ApplicationFilterChain.internalDoFilter(ApplicationFilterChain.java:164)
	at org.apache.catalina.core.ApplicationFilterChain.doFilter(ApplicationFilterChain.java:140)
	at org.springframework.web.filter.CompositeFilter$VirtualFilterChain.doFilter(CompositeFilter.java:108)
	at org.springframework.security.web.FilterChainProxy.lambda$doFilterInternal$3(FilterChainProxy.java:231)
	at org.springframework.security.web.ObservationFilterChainDecorator$FilterObservation$SimpleFilterObservation.lambda$wrap$1(ObservationFilterChainDecorator.java:479)
	at org.springframework.security.web.ObservationFilterChainDecorator$AroundFilterObservation$SimpleAroundFilterObservation.lambda$wrap$1(ObservationFilterChainDecorator.java:340)
	at org.springframework.security.web.ObservationFilterChainDecorator.lambda$wrapSecured$0(ObservationFilterChainDecorator.java:82)
	at org.springframework.security.web.ObservationFilterChainDecorator$VirtualFilterChain.doFilter(ObservationFilterChainDecorator.java:128)
	at org.springframework.security.web.access.intercept.AuthorizationFilter.doFilter(AuthorizationFilter.java:101)
	at org.springframework.security.web.ObservationFilterChainDecorator$ObservationFilter.wrapFilter(ObservationFilterChainDecorator.java:240)
	at org.springframework.security.web.ObservationFilterChainDecorator$ObservationFilter.doFilter(ObservationFilterChainDecorator.java:227)
	at org.springframework.security.web.ObservationFilterChainDecorator$VirtualFilterChain.doFilter(ObservationFilterChainDecorator.java:137)
	at org.springframework.security.web.access.ExceptionTranslationFilter.doFilter(ExceptionTranslationFilter.java:126)
	at org.springframework.security.web.access.ExceptionTranslationFilter.doFilter(ExceptionTranslationFilter.java:120)
	at org.springframework.security.web.ObservationFilterChainDecorator$ObservationFilter.wrapFilter(ObservationFilterChainDecorator.java:240)
	at org.springframework.security.web.ObservationFilterChainDecorator$ObservationFilter.doFilter(ObservationFilterChainDecorator.java:227)
	at org.springframework.security.web.ObservationFilterChainDecorator$VirtualFilterChain.doFilter(ObservationFilterChainDecorator.java:137)
	at org.springframework.security.web.session.SessionManagementFilter.doFilter(SessionManagementFilter.java:131)
	at org.springframework.security.web.session.SessionManagementFilter.doFilter(SessionManagementFilter.java:85)
	at org.springframework.security.web.ObservationFilterChainDecorator$ObservationFilter.wrapFilter(ObservationFilterChainDecorator.java:240)
	at org.springframework.security.web.ObservationFilterChainDecorator$ObservationFilter.doFilter(ObservationFilterChainDecorator.java:227)
	at org.springframework.security.web.ObservationFilterChainDecorator$VirtualFilterChain.doFilter(ObservationFilterChainDecorator.java:137)
	at org.springframework.security.web.authentication.AnonymousAuthenticationFilter.doFilter(AnonymousAuthenticationFilter.java:100)
	at org.springframework.security.web.ObservationFilterChainDecorator$ObservationFilter.wrapFilter(ObservationFilterChainDecorator.java:240)
	at org.springframework.security.web.ObservationFilterChainDecorator$ObservationFilter.doFilter(ObservationFilterChainDecorator.java:227)
	at org.springframework.security.web.ObservationFilterChainDecorator$VirtualFilterChain.doFilter(ObservationFilterChainDecorator.java:137)
	at org.springframework.security.web.servletapi.SecurityContextHolderAwareRequestFilter.doFilter(SecurityContextHolderAwareRequestFilter.java:179)
	at org.springframework.security.web.ObservationFilterChainDecorator$ObservationFilter.wrapFilter(ObservationFilterChainDecorator.java:240)
	at org.springframework.security.web.ObservationFilterChainDecorator$ObservationFilter.doFilter(ObservationFilterChainDecorator.java:227)
	at org.springframework.security.web.ObservationFilterChainDecorator$VirtualFilterChain.doFilter(ObservationFilterChainDecorator.java:137)
	at org.springframework.security.web.savedrequest.RequestCacheAwareFilter.doFilter(RequestCacheAwareFilter.java:63)
	at org.springframework.security.web.ObservationFilterChainDecorator$ObservationFilter.wrapFilter(ObservationFilterChainDecorator.java:240)
	at org.springframework.security.web.ObservationFilterChainDecorator$ObservationFilter.doFilter(ObservationFilterChainDecorator.java:227)
	at org.springframework.security.web.ObservationFilterChainDecorator$VirtualFilterChain.doFilter(ObservationFilterChainDecorator.java:137)
	at com.unicorn.lunchpick.payment.config.jwt.JwtAuthenticationFilter.doFilterInternal(JwtAuthenticationFilter.java:66)
	at org.springframework.web.filter.OncePerRequestFilter.doFilter(OncePerRequestFilter.java:116)
	at org.springframework.security.web.ObservationFilterChainDecorator$ObservationFilter.wrapFilter(ObservationFilterChainDecorator.java:240)
	at org.springframework.security.web.ObservationFilterChainDecorator$ObservationFilter.doFilter(ObservationFilterChainDecorator.java:227)
	at org.springframework.security.web.ObservationFilterChainDecorator$VirtualFilterChain.doFilter(ObservationFilterChainDecorator.java:137)
	at org.springframework.security.web.authentication.logout.LogoutFilter.doFilter(LogoutFilter.java:107)
	at org.springframework.security.web.authentication.logout.LogoutFilter.doFilter(LogoutFilter.java:93)
	at org.springframework.security.web.ObservationFilterChainDecorator$ObservationFilter.wrapFilter(ObservationFilterChainDecorator.java:240)
	at org.springframework.security.web.ObservationFilterChainDecorator$ObservationFilter.doFilter(ObservationFilterChainDecorator.java:227)
	at org.springframework.security.web.ObservationFilterChainDecorator$VirtualFilterChain.doFilter(ObservationFilterChainDecorator.java:137)
	at org.springframework.web.filter.CorsFilter.doFilterInternal(CorsFilter.java:91)
	at org.springframework.web.filter.OncePerRequestFilter.doFilter(OncePerRequestFilter.java:116)
	at org.springframework.security.web.ObservationFilterChainDecorator$ObservationFilter.wrapFilter(ObservationFilterChainDecorator.java:240)
	at org.springframework.security.web.ObservationFilterChainDecorator$ObservationFilter.doFilter(ObservationFilterChainDecorator.java:227)
	at org.springframework.security.web.ObservationFilterChainDecorator$VirtualFilterChain.doFilter(ObservationFilterChainDecorator.java:137)
	at org.springframework.security.web.header.HeaderWriterFilter.doHeadersAfter(HeaderWriterFilter.java:90)
	at org.springframework.security.web.header.HeaderWriterFilter.doFilterInternal(HeaderWriterFilter.java:75)
	at org.springframework.web.filter.OncePerRequestFilter.doFilter(OncePerRequestFilter.java:116)
	at org.springframework.security.web.ObservationFilterChainDecorator$ObservationFilter.wrapFilter(ObservationFilterChainDecorator.java:240)
	at org.springframework.security.web.ObservationFilterChainDecorator$ObservationFilter.doFilter(ObservationFilterChainDecorator.java:227)
	at org.springframework.security.web.ObservationFilterChainDecorator$VirtualFilterChain.doFilter(ObservationFilterChainDecorator.java:137)
	at org.springframework.security.web.context.SecurityContextHolderFilter.doFilter(SecurityContextHolderFilter.java:82)
	at org.springframework.security.web.context.SecurityContextHolderFilter.doFilter(SecurityContextHolderFilter.java:69)
	at org.springframework.security.web.ObservationFilterChainDecorator$ObservationFilter.wrapFilter(ObservationFilterChainDecorator.java:240)
	at org.springframework.security.web.ObservationFilterChainDecorator$ObservationFilter.doFilter(ObservationFilterChainDecorator.java:227)
	at org.springframework.security.web.ObservationFilterChainDecorator$VirtualFilterChain.doFilter(ObservationFilterChainDecorator.java:137)
	at org.springframework.security.web.context.request.async.WebAsyncManagerIntegrationFilter.doFilterInternal(WebAsyncManagerIntegrationFilter.java:62)
	at org.springframework.web.filter.OncePerRequestFilter.doFilter(OncePerRequestFilter.java:116)
	at org.springframework.security.web.ObservationFilterChainDecorator$ObservationFilter.wrapFilter(ObservationFilterChainDecorator.java:240)
	at org.springframework.security.web.ObservationFilterChainDecorator$ObservationFilter.doFilter(ObservationFilterChainDecorator.java:227)
	at org.springframework.security.web.ObservationFilterChainDecorator$VirtualFilterChain.doFilter(ObservationFilterChainDecorator.java:137)
	at org.springframework.security.web.session.DisableEncodeUrlFilter.doFilterInternal(DisableEncodeUrlFilter.java:42)
	at org.springframework.web.filter.OncePerRequestFilter.doFilter(OncePerRequestFilter.java:116)
	at org.springframework.security.web.ObservationFilterChainDecorator$ObservationFilter.wrapFilter(ObservationFilterChainDecorator.java:240)
	at org.springframework.security.web.ObservationFilterChainDecorator$AroundFilterObservation$SimpleAroundFilterObservation.lambda$wrap$0(ObservationFilterChainDecorator.java:323)
	at org.springframework.security.web.ObservationFilterChainDecorator$ObservationFilter.doFilter(ObservationFilterChainDecorator.java:224)
	at org.springframework.security.web.ObservationFilterChainDecorator$VirtualFilterChain.doFilter(ObservationFilterChainDecorator.java:137)
	at org.springframework.security.web.FilterChainProxy.doFilterInternal(FilterChainProxy.java:233)
	at org.springframework.security.web.FilterChainProxy.doFilter(FilterChainProxy.java:191)
	at org.springframework.web.filter.CompositeFilter$VirtualFilterChain.doFilter(CompositeFilter.java:113)
	at org.springframework.web.servlet.handler.HandlerMappingIntrospector.lambda$createCacheFilter$3(HandlerMappingIntrospector.java:243)
	at org.springframework.web.filter.CompositeFilter$VirtualFilterChain.doFilter(CompositeFilter.java:113)
	at org.springframework.web.filter.CompositeFilter.doFilter(CompositeFilter.java:74)
	at org.springframework.security.config.annotation.web.configuration.WebMvcSecurityConfiguration$CompositeFilterChainProxy.doFilter(WebMvcSecurityConfiguration.java:238)
	at org.springframework.web.filter.DelegatingFilterProxy.invokeDelegate(DelegatingFilterProxy.java:362)
	at org.springframework.web.filter.DelegatingFilterProxy.doFilter(DelegatingFilterProxy.java:278)
	at org.apache.catalina.core.ApplicationFilterChain.internalDoFilter(ApplicationFilterChain.java:164)
	at org.apache.catalina.core.ApplicationFilterChain.doFilter(ApplicationFilterChain.java:140)
	at org.springframework.web.filter.RequestContextFilter.doFilterInternal(RequestContextFilter.java:100)
	at org.springframework.web.filter.OncePerRequestFilter.doFilter(OncePerRequestFilter.java:116)
	at org.apache.catalina.core.ApplicationFilterChain.internalDoFilter(ApplicationFilterChain.java:164)
	at org.apache.catalina.core.ApplicationFilterChain.doFilter(ApplicationFilterChain.java:140)
	at org.springframework.web.filter.FormContentFilter.doFilterInternal(FormContentFilter.java:93)
	at org.springframework.web.filter.OncePerRequestFilter.doFilter(OncePerRequestFilter.java:116)
	at org.apache.catalina.core.ApplicationFilterChain.internalDoFilter(ApplicationFilterChain.java:164)
	at org.apache.catalina.core.ApplicationFilterChain.doFilter(ApplicationFilterChain.java:140)
	at org.springframework.web.filter.ServerHttpObservationFilter.doFilterInternal(ServerHttpObservationFilter.java:114)
	at org.springframework.web.filter.OncePerRequestFilter.doFilter(OncePerRequestFilter.java:116)
	at org.apache.catalina.core.ApplicationFilterChain.internalDoFilter(ApplicationFilterChain.java:164)
	at org.apache.catalina.core.ApplicationFilterChain.doFilter(ApplicationFilterChain.java:140)
	at org.springframework.web.filter.CharacterEncodingFilter.doFilterInternal(CharacterEncodingFilter.java:201)
	at org.springframework.web.filter.OncePerRequestFilter.doFilter(OncePerRequestFilter.java:116)
	at org.apache.catalina.core.ApplicationFilterChain.internalDoFilter(ApplicationFilterChain.java:164)
	at org.apache.catalina.core.ApplicationFilterChain.doFilter(ApplicationFilterChain.java:140)
	at org.apache.catalina.core.StandardWrapperValve.invoke(StandardWrapperValve.java:167)
	at org.apache.catalina.core.StandardContextValve.invoke(StandardContextValve.java:90)
	at org.apache.catalina.authenticator.AuthenticatorBase.invoke(AuthenticatorBase.java:483)
	at org.apache.catalina.core.StandardHostValve.invoke(StandardHostValve.java:115)
	at org.apache.catalina.valves.ErrorReportValve.invoke(ErrorReportValve.java:93)
	at org.apache.catalina.core.StandardEngineValve.invoke(StandardEngineValve.java:74)
	at org.apache.catalina.connector.CoyoteAdapter.service(CoyoteAdapter.java:344)
	at org.apache.coyote.http11.Http11Processor.service(Http11Processor.java:397)
	at org.apache.coyote.AbstractProcessorLight.process(AbstractProcessorLight.java:63)
	at org.apache.coyote.AbstractProtocol$ConnectionHandler.process(AbstractProtocol.java:905)
	at org.apache.tomcat.util.net.NioEndpoint$SocketProcessor.doRun(NioEndpoint.java:1741)
	at org.apache.tomcat.util.net.SocketProcessorBase.run(SocketProcessorBase.java:52)
	at org.apache.tomcat.util.threads.ThreadPoolExecutor.runWorker(ThreadPoolExecutor.java:1190)
	at org.apache.tomcat.util.threads.ThreadPoolExecutor$Worker.run(ThreadPoolExecutor.java:659)
	at org.apache.tomcat.util.threads.TaskThread$WrappingRunnable.run(TaskThread.java:63)
	at java.base/java.lang.Thread.run(Thread.java:1583)
Caused by: com.fasterxml.jackson.databind.exc.UnrecognizedPropertyException: Unrecognized field "memberId" (class com.unicorn.lunchpick.payment.dto.request.CreateSubscriptionRequest), not marked as ignorable (4 known properties: "autoRenewalAgreed", "planId", "paymentMethod", "withdrawalRightAcknowledged"])
 at [Source: REDACTED (`StreamReadFeature.INCLUDE_SOURCE_IN_LOCATION` disabled); line: 10, column: 4] (through reference chain: com.unicorn.lunchpick.payment.dto.request.CreateSubscriptionRequest["memberId"])
	at com.fasterxml.jackson.databind.exc.UnrecognizedPropertyException.from(UnrecognizedPropertyException.java:61)
	at com.fasterxml.jackson.databind.DeserializationContext.handleUnknownProperty(DeserializationContext.java:1153)
	at com.fasterxml.jackson.databind.deser.std.StdDeserializer.handleUnknownProperty(StdDeserializer.java:2241)
	at com.fasterxml.jackson.databind.deser.BeanDeserializerBase.handleUnknownProperty(BeanDeserializerBase.java:1821)
	at com.fasterxml.jackson.databind.deser.BeanDeserializerBase.handleUnknownProperties(BeanDeserializerBase.java:1771)
	at com.fasterxml.jackson.databind.deser.BeanDeserializer._deserializeUsingPropertyBased(BeanDeserializer.java:561)
	at com.fasterxml.jackson.databind.deser.BeanDeserializerBase.deserializeFromObjectUsingNonDefault(BeanDeserializerBase.java:1497)
	at com.fasterxml.jackson.databind.deser.BeanDeserializer.deserializeFromObject(BeanDeserializer.java:348)
	at com.fasterxml.jackson.databind.deser.BeanDeserializer.deserialize(BeanDeserializer.java:185)
	at com.fasterxml.jackson.databind.deser.DefaultDeserializationContext.readRootValue(DefaultDeserializationContext.java:342)
	at com.fasterxml.jackson.databind.ObjectReader._bindAndClose(ObjectReader.java:2125)
	at com.fasterxml.jackson.databind.ObjectReader.readValue(ObjectReader.java:1501)
	at org.springframework.http.converter.json.AbstractJackson2HttpMessageConverter.readJavaType(AbstractJackson2HttpMessageConverter.java:398)
	... 138 common frames omitted
2026-02-27 06:14:02 [http-nio-8083-exec-10] DEBUG c.u.l.p.c.j.JwtAuthenticationFilter - JWT 인증 완료 — memberId: 04a0c32a-8c35-4ce5-aed0-08a99077fb94
2026-02-27 06:14:02 [http-nio-8083-exec-10] ERROR c.u.l.p.e.GlobalExceptionHandler - 예기치 않은 오류 발생
org.springframework.web.servlet.resource.NoResourceFoundException: No static resource api/v1/payments/subscribe.
	at org.springframework.web.servlet.resource.ResourceHttpRequestHandler.handleRequest(ResourceHttpRequestHandler.java:585)
	at org.springframework.web.servlet.mvc.HttpRequestHandlerAdapter.handle(HttpRequestHandlerAdapter.java:52)
	at org.springframework.web.servlet.DispatcherServlet.doDispatch(DispatcherServlet.java:1088)
	at org.springframework.web.servlet.DispatcherServlet.doService(DispatcherServlet.java:978)
	at org.springframework.web.servlet.FrameworkServlet.processRequest(FrameworkServlet.java:1014)
	at org.springframework.web.servlet.FrameworkServlet.doPost(FrameworkServlet.java:914)
	at jakarta.servlet.http.HttpServlet.service(HttpServlet.java:590)
	at org.springframework.web.servlet.FrameworkServlet.service(FrameworkServlet.java:885)
	at jakarta.servlet.http.HttpServlet.service(HttpServlet.java:658)
	at org.apache.catalina.core.ApplicationFilterChain.internalDoFilter(ApplicationFilterChain.java:195)
	at org.apache.catalina.core.ApplicationFilterChain.doFilter(ApplicationFilterChain.java:140)
	at org.apache.tomcat.websocket.server.WsFilter.doFilter(WsFilter.java:51)
	at org.apache.catalina.core.ApplicationFilterChain.internalDoFilter(ApplicationFilterChain.java:164)
	at org.apache.catalina.core.ApplicationFilterChain.doFilter(ApplicationFilterChain.java:140)
	at org.springframework.web.filter.OncePerRequestFilter.doFilter(OncePerRequestFilter.java:110)
	at org.apache.catalina.core.ApplicationFilterChain.internalDoFilter(ApplicationFilterChain.java:164)
	at org.apache.catalina.core.ApplicationFilterChain.doFilter(ApplicationFilterChain.java:140)
	at org.springframework.web.filter.CompositeFilter$VirtualFilterChain.doFilter(CompositeFilter.java:108)
	at org.springframework.security.web.FilterChainProxy.lambda$doFilterInternal$3(FilterChainProxy.java:231)
	at org.springframework.security.web.ObservationFilterChainDecorator$FilterObservation$SimpleFilterObservation.lambda$wrap$1(ObservationFilterChainDecorator.java:479)
	at org.springframework.security.web.ObservationFilterChainDecorator$AroundFilterObservation$SimpleAroundFilterObservation.lambda$wrap$1(ObservationFilterChainDecorator.java:340)
	at org.springframework.security.web.ObservationFilterChainDecorator.lambda$wrapSecured$0(ObservationFilterChainDecorator.java:82)
	at org.springframework.security.web.ObservationFilterChainDecorator$VirtualFilterChain.doFilter(ObservationFilterChainDecorator.java:128)
	at org.springframework.security.web.access.intercept.AuthorizationFilter.doFilter(AuthorizationFilter.java:101)
	at org.springframework.security.web.ObservationFilterChainDecorator$ObservationFilter.wrapFilter(ObservationFilterChainDecorator.java:240)
	at org.springframework.security.web.ObservationFilterChainDecorator$ObservationFilter.doFilter(ObservationFilterChainDecorator.java:227)
	at org.springframework.security.web.ObservationFilterChainDecorator$VirtualFilterChain.doFilter(ObservationFilterChainDecorator.java:137)
	at org.springframework.security.web.access.ExceptionTranslationFilter.doFilter(ExceptionTranslationFilter.java:126)
	at org.springframework.security.web.access.ExceptionTranslationFilter.doFilter(ExceptionTranslationFilter.java:120)
	at org.springframework.security.web.ObservationFilterChainDecorator$ObservationFilter.wrapFilter(ObservationFilterChainDecorator.java:240)
	at org.springframework.security.web.ObservationFilterChainDecorator$ObservationFilter.doFilter(ObservationFilterChainDecorator.java:227)
	at org.springframework.security.web.ObservationFilterChainDecorator$VirtualFilterChain.doFilter(ObservationFilterChainDecorator.java:137)
	at org.springframework.security.web.session.SessionManagementFilter.doFilter(SessionManagementFilter.java:131)
	at org.springframework.security.web.session.SessionManagementFilter.doFilter(SessionManagementFilter.java:85)
	at org.springframework.security.web.ObservationFilterChainDecorator$ObservationFilter.wrapFilter(ObservationFilterChainDecorator.java:240)
	at org.springframework.security.web.ObservationFilterChainDecorator$ObservationFilter.doFilter(ObservationFilterChainDecorator.java:227)
	at org.springframework.security.web.ObservationFilterChainDecorator$VirtualFilterChain.doFilter(ObservationFilterChainDecorator.java:137)
	at org.springframework.security.web.authentication.AnonymousAuthenticationFilter.doFilter(AnonymousAuthenticationFilter.java:100)
	at org.springframework.security.web.ObservationFilterChainDecorator$ObservationFilter.wrapFilter(ObservationFilterChainDecorator.java:240)
	at org.springframework.security.web.ObservationFilterChainDecorator$ObservationFilter.doFilter(ObservationFilterChainDecorator.java:227)
	at org.springframework.security.web.ObservationFilterChainDecorator$VirtualFilterChain.doFilter(ObservationFilterChainDecorator.java:137)
	at org.springframework.security.web.servletapi.SecurityContextHolderAwareRequestFilter.doFilter(SecurityContextHolderAwareRequestFilter.java:179)
	at org.springframework.security.web.ObservationFilterChainDecorator$ObservationFilter.wrapFilter(ObservationFilterChainDecorator.java:240)
	at org.springframework.security.web.ObservationFilterChainDecorator$ObservationFilter.doFilter(ObservationFilterChainDecorator.java:227)
	at org.springframework.security.web.ObservationFilterChainDecorator$VirtualFilterChain.doFilter(ObservationFilterChainDecorator.java:137)
	at org.springframework.security.web.savedrequest.RequestCacheAwareFilter.doFilter(RequestCacheAwareFilter.java:63)
	at org.springframework.security.web.ObservationFilterChainDecorator$ObservationFilter.wrapFilter(ObservationFilterChainDecorator.java:240)
	at org.springframework.security.web.ObservationFilterChainDecorator$ObservationFilter.doFilter(ObservationFilterChainDecorator.java:227)
	at org.springframework.security.web.ObservationFilterChainDecorator$VirtualFilterChain.doFilter(ObservationFilterChainDecorator.java:137)
	at com.unicorn.lunchpick.payment.config.jwt.JwtAuthenticationFilter.doFilterInternal(JwtAuthenticationFilter.java:66)
	at org.springframework.web.filter.OncePerRequestFilter.doFilter(OncePerRequestFilter.java:116)
	at org.springframework.security.web.ObservationFilterChainDecorator$ObservationFilter.wrapFilter(ObservationFilterChainDecorator.java:240)
	at org.springframework.security.web.ObservationFilterChainDecorator$ObservationFilter.doFilter(ObservationFilterChainDecorator.java:227)
	at org.springframework.security.web.ObservationFilterChainDecorator$VirtualFilterChain.doFilter(ObservationFilterChainDecorator.java:137)
	at org.springframework.security.web.authentication.logout.LogoutFilter.doFilter(LogoutFilter.java:107)
	at org.springframework.security.web.authentication.logout.LogoutFilter.doFilter(LogoutFilter.java:93)
	at org.springframework.security.web.ObservationFilterChainDecorator$ObservationFilter.wrapFilter(ObservationFilterChainDecorator.java:240)
	at org.springframework.security.web.ObservationFilterChainDecorator$ObservationFilter.doFilter(ObservationFilterChainDecorator.java:227)
	at org.springframework.security.web.ObservationFilterChainDecorator$VirtualFilterChain.doFilter(ObservationFilterChainDecorator.java:137)
	at org.springframework.web.filter.CorsFilter.doFilterInternal(CorsFilter.java:91)
	at org.springframework.web.filter.OncePerRequestFilter.doFilter(OncePerRequestFilter.java:116)
	at org.springframework.security.web.ObservationFilterChainDecorator$ObservationFilter.wrapFilter(ObservationFilterChainDecorator.java:240)
	at org.springframework.security.web.ObservationFilterChainDecorator$ObservationFilter.doFilter(ObservationFilterChainDecorator.java:227)
	at org.springframework.security.web.ObservationFilterChainDecorator$VirtualFilterChain.doFilter(ObservationFilterChainDecorator.java:137)
	at org.springframework.security.web.header.HeaderWriterFilter.doHeadersAfter(HeaderWriterFilter.java:90)
	at org.springframework.security.web.header.HeaderWriterFilter.doFilterInternal(HeaderWriterFilter.java:75)
	at org.springframework.web.filter.OncePerRequestFilter.doFilter(OncePerRequestFilter.java:116)
	at org.springframework.security.web.ObservationFilterChainDecorator$ObservationFilter.wrapFilter(ObservationFilterChainDecorator.java:240)
	at org.springframework.security.web.ObservationFilterChainDecorator$ObservationFilter.doFilter(ObservationFilterChainDecorator.java:227)
	at org.springframework.security.web.ObservationFilterChainDecorator$VirtualFilterChain.doFilter(ObservationFilterChainDecorator.java:137)
	at org.springframework.security.web.context.SecurityContextHolderFilter.doFilter(SecurityContextHolderFilter.java:82)
	at org.springframework.security.web.context.SecurityContextHolderFilter.doFilter(SecurityContextHolderFilter.java:69)
	at org.springframework.security.web.ObservationFilterChainDecorator$ObservationFilter.wrapFilter(ObservationFilterChainDecorator.java:240)
	at org.springframework.security.web.ObservationFilterChainDecorator$ObservationFilter.doFilter(ObservationFilterChainDecorator.java:227)
	at org.springframework.security.web.ObservationFilterChainDecorator$VirtualFilterChain.doFilter(ObservationFilterChainDecorator.java:137)
	at org.springframework.security.web.context.request.async.WebAsyncManagerIntegrationFilter.doFilterInternal(WebAsyncManagerIntegrationFilter.java:62)
	at org.springframework.web.filter.OncePerRequestFilter.doFilter(OncePerRequestFilter.java:116)
	at org.springframework.security.web.ObservationFilterChainDecorator$ObservationFilter.wrapFilter(ObservationFilterChainDecorator.java:240)
	at org.springframework.security.web.ObservationFilterChainDecorator$ObservationFilter.doFilter(ObservationFilterChainDecorator.java:227)
	at org.springframework.security.web.ObservationFilterChainDecorator$VirtualFilterChain.doFilter(ObservationFilterChainDecorator.java:137)
	at org.springframework.security.web.session.DisableEncodeUrlFilter.doFilterInternal(DisableEncodeUrlFilter.java:42)
	at org.springframework.web.filter.OncePerRequestFilter.doFilter(OncePerRequestFilter.java:116)
	at org.springframework.security.web.ObservationFilterChainDecorator$ObservationFilter.wrapFilter(ObservationFilterChainDecorator.java:240)
	at org.springframework.security.web.ObservationFilterChainDecorator$AroundFilterObservation$SimpleAroundFilterObservation.lambda$wrap$0(ObservationFilterChainDecorator.java:323)
	at org.springframework.security.web.ObservationFilterChainDecorator$ObservationFilter.doFilter(ObservationFilterChainDecorator.java:224)
	at org.springframework.security.web.ObservationFilterChainDecorator$VirtualFilterChain.doFilter(ObservationFilterChainDecorator.java:137)
	at org.springframework.security.web.FilterChainProxy.doFilterInternal(FilterChainProxy.java:233)
	at org.springframework.security.web.FilterChainProxy.doFilter(FilterChainProxy.java:191)
	at org.springframework.web.filter.CompositeFilter$VirtualFilterChain.doFilter(CompositeFilter.java:113)
	at org.springframework.web.servlet.handler.HandlerMappingIntrospector.lambda$createCacheFilter$3(HandlerMappingIntrospector.java:243)
	at org.springframework.web.filter.CompositeFilter$VirtualFilterChain.doFilter(CompositeFilter.java:113)
	at org.springframework.web.filter.CompositeFilter.doFilter(CompositeFilter.java:74)
	at org.springframework.security.config.annotation.web.configuration.WebMvcSecurityConfiguration$CompositeFilterChainProxy.doFilter(WebMvcSecurityConfiguration.java:238)
	at org.springframework.web.filter.DelegatingFilterProxy.invokeDelegate(DelegatingFilterProxy.java:362)
	at org.springframework.web.filter.DelegatingFilterProxy.doFilter(DelegatingFilterProxy.java:278)
	at org.apache.catalina.core.ApplicationFilterChain.internalDoFilter(ApplicationFilterChain.java:164)
	at org.apache.catalina.core.ApplicationFilterChain.doFilter(ApplicationFilterChain.java:140)
	at org.springframework.web.filter.RequestContextFilter.doFilterInternal(RequestContextFilter.java:100)
	at org.springframework.web.filter.OncePerRequestFilter.doFilter(OncePerRequestFilter.java:116)
	at org.apache.catalina.core.ApplicationFilterChain.internalDoFilter(ApplicationFilterChain.java:164)
	at org.apache.catalina.core.ApplicationFilterChain.doFilter(ApplicationFilterChain.java:140)
	at org.springframework.web.filter.FormContentFilter.doFilterInternal(FormContentFilter.java:93)
	at org.springframework.web.filter.OncePerRequestFilter.doFilter(OncePerRequestFilter.java:116)
	at org.apache.catalina.core.ApplicationFilterChain.internalDoFilter(ApplicationFilterChain.java:164)
	at org.apache.catalina.core.ApplicationFilterChain.doFilter(ApplicationFilterChain.java:140)
	at org.springframework.web.filter.ServerHttpObservationFilter.doFilterInternal(ServerHttpObservationFilter.java:114)
	at org.springframework.web.filter.OncePerRequestFilter.doFilter(OncePerRequestFilter.java:116)
	at org.apache.catalina.core.ApplicationFilterChain.internalDoFilter(ApplicationFilterChain.java:164)
	at org.apache.catalina.core.ApplicationFilterChain.doFilter(ApplicationFilterChain.java:140)
	at org.springframework.web.filter.CharacterEncodingFilter.doFilterInternal(CharacterEncodingFilter.java:201)
	at org.springframework.web.filter.OncePerRequestFilter.doFilter(OncePerRequestFilter.java:116)
	at org.apache.catalina.core.ApplicationFilterChain.internalDoFilter(ApplicationFilterChain.java:164)
	at org.apache.catalina.core.ApplicationFilterChain.doFilter(ApplicationFilterChain.java:140)
	at org.apache.catalina.core.StandardWrapperValve.invoke(StandardWrapperValve.java:167)
	at org.apache.catalina.core.StandardContextValve.invoke(StandardContextValve.java:90)
	at org.apache.catalina.authenticator.AuthenticatorBase.invoke(AuthenticatorBase.java:483)
	at org.apache.catalina.core.StandardHostValve.invoke(StandardHostValve.java:115)
	at org.apache.catalina.valves.ErrorReportValve.invoke(ErrorReportValve.java:93)
	at org.apache.catalina.core.StandardEngineValve.invoke(StandardEngineValve.java:74)
	at org.apache.catalina.connector.CoyoteAdapter.service(CoyoteAdapter.java:344)
	at org.apache.coyote.http11.Http11Processor.service(Http11Processor.java:397)
	at org.apache.coyote.AbstractProcessorLight.process(AbstractProcessorLight.java:63)
	at org.apache.coyote.AbstractProtocol$ConnectionHandler.process(AbstractProtocol.java:905)
	at org.apache.tomcat.util.net.NioEndpoint$SocketProcessor.doRun(NioEndpoint.java:1741)
	at org.apache.tomcat.util.net.SocketProcessorBase.run(SocketProcessorBase.java:52)
	at org.apache.tomcat.util.threads.ThreadPoolExecutor.runWorker(ThreadPoolExecutor.java:1190)
	at org.apache.tomcat.util.threads.ThreadPoolExecutor$Worker.run(ThreadPoolExecutor.java:659)
	at org.apache.tomcat.util.threads.TaskThread$WrappingRunnable.run(TaskThread.java:63)
	at java.base/java.lang.Thread.run(Thread.java:1583)
2026-02-27 06:15:06 [http-nio-8083-exec-6] DEBUG c.u.l.p.c.j.JwtAuthenticationFilter - JWT 인증 완료 — memberId: 04a0c32a-8c35-4ce5-aed0-08a99077fb94
2026-02-27 06:15:06 [http-nio-8083-exec-6] DEBUG org.hibernate.SQL - 
    /* <criteria> */ select
        se1_0.id,
        se1_0.cancel_reason,
        se1_0.cancel_reason_detail,
        se1_0.cancelled_at,
        se1_0.created_at,
        se1_0.current_period_ends_at,
        se1_0.member_id,
        se1_0.next_billing_at,
        se1_0.plan_id,
        se1_0.started_at,
        se1_0.status,
        se1_0.subscription_id,
        se1_0.trial_extension_used,
        se1_0.updated_at 
    from
        lunchpick_payment.subscription se1_0 
    where
        se1_0.member_id=? 
        and se1_0.status=?
2026-02-27 06:15:06 [http-nio-8083-exec-6] DEBUG c.u.l.p.s.i.SubscriptionServiceImpl - 구독 플랜 조회 완료 — memberId: 04a0c32a-8c35-4ce5-aed0-08a99077fb94, currentPlan: FREE
2026-02-27 06:15:54 [http-nio-8083-exec-4] DEBUG c.u.l.p.c.j.JwtAuthenticationFilter - JWT 인증 완료 — memberId: 04a0c32a-8c35-4ce5-aed0-08a99077fb94
2026-02-27 06:15:54 [http-nio-8083-exec-4] ERROR c.u.l.p.e.GlobalExceptionHandler - 예기치 않은 오류 발생
org.springframework.http.converter.HttpMessageNotReadableException: JSON parse error: Unrecognized field "paymentInfo" (class com.unicorn.lunchpick.payment.dto.request.CreateSubscriptionRequest), not marked as ignorable
	at org.springframework.http.converter.json.AbstractJackson2HttpMessageConverter.readJavaType(AbstractJackson2HttpMessageConverter.java:409)
	at org.springframework.http.converter.json.AbstractJackson2HttpMessageConverter.read(AbstractJackson2HttpMessageConverter.java:357)
	at org.springframework.web.servlet.mvc.method.annotation.AbstractMessageConverterMethodArgumentResolver.readWithMessageConverters(AbstractMessageConverterMethodArgumentResolver.java:204)
	at org.springframework.web.servlet.mvc.method.annotation.RequestResponseBodyMethodProcessor.readWithMessageConverters(RequestResponseBodyMethodProcessor.java:176)
	at org.springframework.web.servlet.mvc.method.annotation.RequestResponseBodyMethodProcessor.resolveArgument(RequestResponseBodyMethodProcessor.java:150)
	at org.springframework.web.method.support.HandlerMethodArgumentResolverComposite.resolveArgument(HandlerMethodArgumentResolverComposite.java:122)
	at org.springframework.web.method.support.InvocableHandlerMethod.getMethodArgumentValues(InvocableHandlerMethod.java:226)
	at org.springframework.web.method.support.InvocableHandlerMethod.invokeForRequest(InvocableHandlerMethod.java:180)
	at org.springframework.web.servlet.mvc.method.annotation.ServletInvocableHandlerMethod.invokeAndHandle(ServletInvocableHandlerMethod.java:118)
	at org.springframework.web.servlet.mvc.method.annotation.RequestMappingHandlerAdapter.invokeHandlerMethod(RequestMappingHandlerAdapter.java:986)
	at org.springframework.web.servlet.mvc.method.annotation.RequestMappingHandlerAdapter.handleInternal(RequestMappingHandlerAdapter.java:891)
	at org.springframework.web.servlet.mvc.method.AbstractHandlerMethodAdapter.handle(AbstractHandlerMethodAdapter.java:87)
	at org.springframework.web.servlet.DispatcherServlet.doDispatch(DispatcherServlet.java:1088)
	at org.springframework.web.servlet.DispatcherServlet.doService(DispatcherServlet.java:978)
	at org.springframework.web.servlet.FrameworkServlet.processRequest(FrameworkServlet.java:1014)
	at org.springframework.web.servlet.FrameworkServlet.doPost(FrameworkServlet.java:914)
	at jakarta.servlet.http.HttpServlet.service(HttpServlet.java:590)
	at org.springframework.web.servlet.FrameworkServlet.service(FrameworkServlet.java:885)
	at jakarta.servlet.http.HttpServlet.service(HttpServlet.java:658)
	at org.apache.catalina.core.ApplicationFilterChain.internalDoFilter(ApplicationFilterChain.java:195)
	at org.apache.catalina.core.ApplicationFilterChain.doFilter(ApplicationFilterChain.java:140)
	at org.apache.tomcat.websocket.server.WsFilter.doFilter(WsFilter.java:51)
	at org.apache.catalina.core.ApplicationFilterChain.internalDoFilter(ApplicationFilterChain.java:164)
	at org.apache.catalina.core.ApplicationFilterChain.doFilter(ApplicationFilterChain.java:140)
	at org.springframework.web.filter.OncePerRequestFilter.doFilter(OncePerRequestFilter.java:110)
	at org.apache.catalina.core.ApplicationFilterChain.internalDoFilter(ApplicationFilterChain.java:164)
	at org.apache.catalina.core.ApplicationFilterChain.doFilter(ApplicationFilterChain.java:140)
	at org.springframework.web.filter.CompositeFilter$VirtualFilterChain.doFilter(CompositeFilter.java:108)
	at org.springframework.security.web.FilterChainProxy.lambda$doFilterInternal$3(FilterChainProxy.java:231)
	at org.springframework.security.web.ObservationFilterChainDecorator$FilterObservation$SimpleFilterObservation.lambda$wrap$1(ObservationFilterChainDecorator.java:479)
	at org.springframework.security.web.ObservationFilterChainDecorator$AroundFilterObservation$SimpleAroundFilterObservation.lambda$wrap$1(ObservationFilterChainDecorator.java:340)
	at org.springframework.security.web.ObservationFilterChainDecorator.lambda$wrapSecured$0(ObservationFilterChainDecorator.java:82)
	at org.springframework.security.web.ObservationFilterChainDecorator$VirtualFilterChain.doFilter(ObservationFilterChainDecorator.java:128)
	at org.springframework.security.web.access.intercept.AuthorizationFilter.doFilter(AuthorizationFilter.java:101)
	at org.springframework.security.web.ObservationFilterChainDecorator$ObservationFilter.wrapFilter(ObservationFilterChainDecorator.java:240)
	at org.springframework.security.web.ObservationFilterChainDecorator$ObservationFilter.doFilter(ObservationFilterChainDecorator.java:227)
	at org.springframework.security.web.ObservationFilterChainDecorator$VirtualFilterChain.doFilter(ObservationFilterChainDecorator.java:137)
	at org.springframework.security.web.access.ExceptionTranslationFilter.doFilter(ExceptionTranslationFilter.java:126)
	at org.springframework.security.web.access.ExceptionTranslationFilter.doFilter(ExceptionTranslationFilter.java:120)
	at org.springframework.security.web.ObservationFilterChainDecorator$ObservationFilter.wrapFilter(ObservationFilterChainDecorator.java:240)
	at org.springframework.security.web.ObservationFilterChainDecorator$ObservationFilter.doFilter(ObservationFilterChainDecorator.java:227)
	at org.springframework.security.web.ObservationFilterChainDecorator$VirtualFilterChain.doFilter(ObservationFilterChainDecorator.java:137)
	at org.springframework.security.web.session.SessionManagementFilter.doFilter(SessionManagementFilter.java:131)
	at org.springframework.security.web.session.SessionManagementFilter.doFilter(SessionManagementFilter.java:85)
	at org.springframework.security.web.ObservationFilterChainDecorator$ObservationFilter.wrapFilter(ObservationFilterChainDecorator.java:240)
	at org.springframework.security.web.ObservationFilterChainDecorator$ObservationFilter.doFilter(ObservationFilterChainDecorator.java:227)
	at org.springframework.security.web.ObservationFilterChainDecorator$VirtualFilterChain.doFilter(ObservationFilterChainDecorator.java:137)
	at org.springframework.security.web.authentication.AnonymousAuthenticationFilter.doFilter(AnonymousAuthenticationFilter.java:100)
	at org.springframework.security.web.ObservationFilterChainDecorator$ObservationFilter.wrapFilter(ObservationFilterChainDecorator.java:240)
	at org.springframework.security.web.ObservationFilterChainDecorator$ObservationFilter.doFilter(ObservationFilterChainDecorator.java:227)
	at org.springframework.security.web.ObservationFilterChainDecorator$VirtualFilterChain.doFilter(ObservationFilterChainDecorator.java:137)
	at org.springframework.security.web.servletapi.SecurityContextHolderAwareRequestFilter.doFilter(SecurityContextHolderAwareRequestFilter.java:179)
	at org.springframework.security.web.ObservationFilterChainDecorator$ObservationFilter.wrapFilter(ObservationFilterChainDecorator.java:240)
	at org.springframework.security.web.ObservationFilterChainDecorator$ObservationFilter.doFilter(ObservationFilterChainDecorator.java:227)
	at org.springframework.security.web.ObservationFilterChainDecorator$VirtualFilterChain.doFilter(ObservationFilterChainDecorator.java:137)
	at org.springframework.security.web.savedrequest.RequestCacheAwareFilter.doFilter(RequestCacheAwareFilter.java:63)
	at org.springframework.security.web.ObservationFilterChainDecorator$ObservationFilter.wrapFilter(ObservationFilterChainDecorator.java:240)
	at org.springframework.security.web.ObservationFilterChainDecorator$ObservationFilter.doFilter(ObservationFilterChainDecorator.java:227)
	at org.springframework.security.web.ObservationFilterChainDecorator$VirtualFilterChain.doFilter(ObservationFilterChainDecorator.java:137)
	at com.unicorn.lunchpick.payment.config.jwt.JwtAuthenticationFilter.doFilterInternal(JwtAuthenticationFilter.java:66)
	at org.springframework.web.filter.OncePerRequestFilter.doFilter(OncePerRequestFilter.java:116)
	at org.springframework.security.web.ObservationFilterChainDecorator$ObservationFilter.wrapFilter(ObservationFilterChainDecorator.java:240)
	at org.springframework.security.web.ObservationFilterChainDecorator$ObservationFilter.doFilter(ObservationFilterChainDecorator.java:227)
	at org.springframework.security.web.ObservationFilterChainDecorator$VirtualFilterChain.doFilter(ObservationFilterChainDecorator.java:137)
	at org.springframework.security.web.authentication.logout.LogoutFilter.doFilter(LogoutFilter.java:107)
	at org.springframework.security.web.authentication.logout.LogoutFilter.doFilter(LogoutFilter.java:93)
	at org.springframework.security.web.ObservationFilterChainDecorator$ObservationFilter.wrapFilter(ObservationFilterChainDecorator.java:240)
	at org.springframework.security.web.ObservationFilterChainDecorator$ObservationFilter.doFilter(ObservationFilterChainDecorator.java:227)
	at org.springframework.security.web.ObservationFilterChainDecorator$VirtualFilterChain.doFilter(ObservationFilterChainDecorator.java:137)
	at org.springframework.web.filter.CorsFilter.doFilterInternal(CorsFilter.java:91)
	at org.springframework.web.filter.OncePerRequestFilter.doFilter(OncePerRequestFilter.java:116)
	at org.springframework.security.web.ObservationFilterChainDecorator$ObservationFilter.wrapFilter(ObservationFilterChainDecorator.java:240)
	at org.springframework.security.web.ObservationFilterChainDecorator$ObservationFilter.doFilter(ObservationFilterChainDecorator.java:227)
	at org.springframework.security.web.ObservationFilterChainDecorator$VirtualFilterChain.doFilter(ObservationFilterChainDecorator.java:137)
	at org.springframework.security.web.header.HeaderWriterFilter.doHeadersAfter(HeaderWriterFilter.java:90)
	at org.springframework.security.web.header.HeaderWriterFilter.doFilterInternal(HeaderWriterFilter.java:75)
	at org.springframework.web.filter.OncePerRequestFilter.doFilter(OncePerRequestFilter.java:116)
	at org.springframework.security.web.ObservationFilterChainDecorator$ObservationFilter.wrapFilter(ObservationFilterChainDecorator.java:240)
	at org.springframework.security.web.ObservationFilterChainDecorator$ObservationFilter.doFilter(ObservationFilterChainDecorator.java:227)
	at org.springframework.security.web.ObservationFilterChainDecorator$VirtualFilterChain.doFilter(ObservationFilterChainDecorator.java:137)
	at org.springframework.security.web.context.SecurityContextHolderFilter.doFilter(SecurityContextHolderFilter.java:82)
	at org.springframework.security.web.context.SecurityContextHolderFilter.doFilter(SecurityContextHolderFilter.java:69)
	at org.springframework.security.web.ObservationFilterChainDecorator$ObservationFilter.wrapFilter(ObservationFilterChainDecorator.java:240)
	at org.springframework.security.web.ObservationFilterChainDecorator$ObservationFilter.doFilter(ObservationFilterChainDecorator.java:227)
	at org.springframework.security.web.ObservationFilterChainDecorator$VirtualFilterChain.doFilter(ObservationFilterChainDecorator.java:137)
	at org.springframework.security.web.context.request.async.WebAsyncManagerIntegrationFilter.doFilterInternal(WebAsyncManagerIntegrationFilter.java:62)
	at org.springframework.web.filter.OncePerRequestFilter.doFilter(OncePerRequestFilter.java:116)
	at org.springframework.security.web.ObservationFilterChainDecorator$ObservationFilter.wrapFilter(ObservationFilterChainDecorator.java:240)
	at org.springframework.security.web.ObservationFilterChainDecorator$ObservationFilter.doFilter(ObservationFilterChainDecorator.java:227)
	at org.springframework.security.web.ObservationFilterChainDecorator$VirtualFilterChain.doFilter(ObservationFilterChainDecorator.java:137)
	at org.springframework.security.web.session.DisableEncodeUrlFilter.doFilterInternal(DisableEncodeUrlFilter.java:42)
	at org.springframework.web.filter.OncePerRequestFilter.doFilter(OncePerRequestFilter.java:116)
	at org.springframework.security.web.ObservationFilterChainDecorator$ObservationFilter.wrapFilter(ObservationFilterChainDecorator.java:240)
	at org.springframework.security.web.ObservationFilterChainDecorator$AroundFilterObservation$SimpleAroundFilterObservation.lambda$wrap$0(ObservationFilterChainDecorator.java:323)
	at org.springframework.security.web.ObservationFilterChainDecorator$ObservationFilter.doFilter(ObservationFilterChainDecorator.java:224)
	at org.springframework.security.web.ObservationFilterChainDecorator$VirtualFilterChain.doFilter(ObservationFilterChainDecorator.java:137)
	at org.springframework.security.web.FilterChainProxy.doFilterInternal(FilterChainProxy.java:233)
	at org.springframework.security.web.FilterChainProxy.doFilter(FilterChainProxy.java:191)
	at org.springframework.web.filter.CompositeFilter$VirtualFilterChain.doFilter(CompositeFilter.java:113)
	at org.springframework.web.servlet.handler.HandlerMappingIntrospector.lambda$createCacheFilter$3(HandlerMappingIntrospector.java:243)
	at org.springframework.web.filter.CompositeFilter$VirtualFilterChain.doFilter(CompositeFilter.java:113)
	at org.springframework.web.filter.CompositeFilter.doFilter(CompositeFilter.java:74)
	at org.springframework.security.config.annotation.web.configuration.WebMvcSecurityConfiguration$CompositeFilterChainProxy.doFilter(WebMvcSecurityConfiguration.java:238)
	at org.springframework.web.filter.DelegatingFilterProxy.invokeDelegate(DelegatingFilterProxy.java:362)
	at org.springframework.web.filter.DelegatingFilterProxy.doFilter(DelegatingFilterProxy.java:278)
	at org.apache.catalina.core.ApplicationFilterChain.internalDoFilter(ApplicationFilterChain.java:164)
	at org.apache.catalina.core.ApplicationFilterChain.doFilter(ApplicationFilterChain.java:140)
	at org.springframework.web.filter.RequestContextFilter.doFilterInternal(RequestContextFilter.java:100)
	at org.springframework.web.filter.OncePerRequestFilter.doFilter(OncePerRequestFilter.java:116)
	at org.apache.catalina.core.ApplicationFilterChain.internalDoFilter(ApplicationFilterChain.java:164)
	at org.apache.catalina.core.ApplicationFilterChain.doFilter(ApplicationFilterChain.java:140)
	at org.springframework.web.filter.FormContentFilter.doFilterInternal(FormContentFilter.java:93)
	at org.springframework.web.filter.OncePerRequestFilter.doFilter(OncePerRequestFilter.java:116)
	at org.apache.catalina.core.ApplicationFilterChain.internalDoFilter(ApplicationFilterChain.java:164)
	at org.apache.catalina.core.ApplicationFilterChain.doFilter(ApplicationFilterChain.java:140)
	at org.springframework.web.filter.ServerHttpObservationFilter.doFilterInternal(ServerHttpObservationFilter.java:114)
	at org.springframework.web.filter.OncePerRequestFilter.doFilter(OncePerRequestFilter.java:116)
	at org.apache.catalina.core.ApplicationFilterChain.internalDoFilter(ApplicationFilterChain.java:164)
	at org.apache.catalina.core.ApplicationFilterChain.doFilter(ApplicationFilterChain.java:140)
	at org.springframework.web.filter.CharacterEncodingFilter.doFilterInternal(CharacterEncodingFilter.java:201)
	at org.springframework.web.filter.OncePerRequestFilter.doFilter(OncePerRequestFilter.java:116)
	at org.apache.catalina.core.ApplicationFilterChain.internalDoFilter(ApplicationFilterChain.java:164)
	at org.apache.catalina.core.ApplicationFilterChain.doFilter(ApplicationFilterChain.java:140)
	at org.apache.catalina.core.StandardWrapperValve.invoke(StandardWrapperValve.java:167)
	at org.apache.catalina.core.StandardContextValve.invoke(StandardContextValve.java:90)
	at org.apache.catalina.authenticator.AuthenticatorBase.invoke(AuthenticatorBase.java:483)
	at org.apache.catalina.core.StandardHostValve.invoke(StandardHostValve.java:115)
	at org.apache.catalina.valves.ErrorReportValve.invoke(ErrorReportValve.java:93)
	at org.apache.catalina.core.StandardEngineValve.invoke(StandardEngineValve.java:74)
	at org.apache.catalina.connector.CoyoteAdapter.service(CoyoteAdapter.java:344)
	at org.apache.coyote.http11.Http11Processor.service(Http11Processor.java:397)
	at org.apache.coyote.AbstractProcessorLight.process(AbstractProcessorLight.java:63)
	at org.apache.coyote.AbstractProtocol$ConnectionHandler.process(AbstractProtocol.java:905)
	at org.apache.tomcat.util.net.NioEndpoint$SocketProcessor.doRun(NioEndpoint.java:1741)
	at org.apache.tomcat.util.net.SocketProcessorBase.run(SocketProcessorBase.java:52)
	at org.apache.tomcat.util.threads.ThreadPoolExecutor.runWorker(ThreadPoolExecutor.java:1190)
	at org.apache.tomcat.util.threads.ThreadPoolExecutor$Worker.run(ThreadPoolExecutor.java:659)
	at org.apache.tomcat.util.threads.TaskThread$WrappingRunnable.run(TaskThread.java:63)
	at java.base/java.lang.Thread.run(Thread.java:1583)
Caused by: com.fasterxml.jackson.databind.exc.UnrecognizedPropertyException: Unrecognized field "paymentInfo" (class com.unicorn.lunchpick.payment.dto.request.CreateSubscriptionRequest), not marked as ignorable (4 known properties: "autoRenewalAgreed", "planId", "paymentMethod", "withdrawalRightAcknowledged"])
 at [Source: REDACTED (`StreamReadFeature.INCLUDE_SOURCE_IN_LOCATION` disabled); line: 9, column: 4] (through reference chain: com.unicorn.lunchpick.payment.dto.request.CreateSubscriptionRequest["paymentInfo"])
	at com.fasterxml.jackson.databind.exc.UnrecognizedPropertyException.from(UnrecognizedPropertyException.java:61)
	at com.fasterxml.jackson.databind.DeserializationContext.handleUnknownProperty(DeserializationContext.java:1153)
	at com.fasterxml.jackson.databind.deser.std.StdDeserializer.handleUnknownProperty(StdDeserializer.java:2241)
	at com.fasterxml.jackson.databind.deser.BeanDeserializerBase.handleUnknownProperty(BeanDeserializerBase.java:1821)
	at com.fasterxml.jackson.databind.deser.BeanDeserializerBase.handleUnknownProperties(BeanDeserializerBase.java:1771)
	at com.fasterxml.jackson.databind.deser.BeanDeserializer._deserializeUsingPropertyBased(BeanDeserializer.java:561)
	at com.fasterxml.jackson.databind.deser.BeanDeserializerBase.deserializeFromObjectUsingNonDefault(BeanDeserializerBase.java:1497)
	at com.fasterxml.jackson.databind.deser.BeanDeserializer.deserializeFromObject(BeanDeserializer.java:348)
	at com.fasterxml.jackson.databind.deser.BeanDeserializer.deserialize(BeanDeserializer.java:185)
	at com.fasterxml.jackson.databind.deser.DefaultDeserializationContext.readRootValue(DefaultDeserializationContext.java:342)
	at com.fasterxml.jackson.databind.ObjectReader._bindAndClose(ObjectReader.java:2125)
	at com.fasterxml.jackson.databind.ObjectReader.readValue(ObjectReader.java:1501)
	at org.springframework.http.converter.json.AbstractJackson2HttpMessageConverter.readJavaType(AbstractJackson2HttpMessageConverter.java:398)
	... 138 common frames omitted
2026-02-27 06:17:03 [http-nio-8083-exec-9] DEBUG c.u.l.p.c.j.JwtAuthenticationFilter - JWT 인증 완료 — memberId: 04a0c32a-8c35-4ce5-aed0-08a99077fb94
2026-02-27 06:17:03 [http-nio-8083-exec-9] DEBUG org.hibernate.SQL - 
    /* <criteria> */ select
        se1_0.id 
    from
        lunchpick_payment.subscription se1_0 
    where
        se1_0.member_id=? 
        and se1_0.status=? 
    fetch
        first ? rows only
2026-02-27 06:17:03 [http-nio-8083-exec-9] INFO  c.u.l.p.s.i.SubscriptionServiceImpl - PG 결제 요청 — memberId: 04a0c32a-8c35-4ce5-aed0-08a99077fb94, planId: PREMIUM_MONTHLY, amount: 4900
2026-02-27 06:17:03 [http-nio-8083-exec-9] DEBUG org.hibernate.SQL - 
    /* insert for
        com.unicorn.lunchpick.payment.repository.entity.PaymentHistoryEntity */insert 
    into
        lunchpick_payment.payment_history (amount, approved_at, auto_renewal_agreed, created_at, error_code, member_id, payment_id, pg_transaction_id, plan_id, requested_at, status, subscription_id, withdrawal_deadline, withdrawal_right_acknowledged) 
    values
        (?, ?, ?, ?, ?, ?, ?, ?, ?, ?, ?, ?, ?, ?)
2026-02-27 06:17:03 [http-nio-8083-exec-9] DEBUG org.hibernate.SQL - 
    /* insert for
        com.unicorn.lunchpick.payment.repository.entity.SubscriptionEntity */insert 
    into
        lunchpick_payment.subscription (cancel_reason, cancel_reason_detail, cancelled_at, created_at, current_period_ends_at, member_id, next_billing_at, plan_id, started_at, status, subscription_id, trial_extension_used, updated_at) 
    values
        (?, ?, ?, ?, ?, ?, ?, ?, ?, ?, ?, ?, ?)
2026-02-27 06:17:03 [http-nio-8083-exec-9] INFO  c.u.l.p.m.SubscriptionEventPublisher - 구독 이벤트 발행 완료 — eventType: SUBSCRIPTION_ACTIVATED, memberId: 04a0c32a-8c35-4ce5-aed0-08a99077fb94
2026-02-27 06:17:03 [http-nio-8083-exec-9] INFO  c.u.l.p.s.i.SubscriptionServiceImpl - 구독 결제 완료 — memberId: 04a0c32a-8c35-4ce5-aed0-08a99077fb94, subscriptionId: f49519b6-86c1-4554-9fc5-4de04e3532c4, planId: PREMIUM_MONTHLY
2026-02-27 06:17:27 [http-nio-8083-exec-8] DEBUG c.u.l.p.c.j.JwtAuthenticationFilter - JWT 인증 완료 — memberId: 04a0c32a-8c35-4ce5-aed0-08a99077fb94
2026-02-27 06:17:27 [http-nio-8083-exec-8] DEBUG c.u.l.p.s.i.SubscriptionServiceImpl - 구독 플랜 캐시 히트
2026-02-27 06:17:35 [http-nio-8083-exec-1] DEBUG c.u.l.p.c.j.JwtAuthenticationFilter - JWT 인증 완료 — memberId: 04a0c32a-8c35-4ce5-aed0-08a99077fb94
2026-02-27 06:17:35 [http-nio-8083-exec-1] DEBUG org.hibernate.SQL - 
    /* <criteria> */ select
        se1_0.id,
        se1_0.cancel_reason,
        se1_0.cancel_reason_detail,
        se1_0.cancelled_at,
        se1_0.created_at,
        se1_0.current_period_ends_at,
        se1_0.member_id,
        se1_0.next_billing_at,
        se1_0.plan_id,
        se1_0.started_at,
        se1_0.status,
        se1_0.subscription_id,
        se1_0.trial_extension_used,
        se1_0.updated_at 
    from
        lunchpick_payment.subscription se1_0 
    where
        se1_0.subscription_id=? 
        and se1_0.member_id=?
2026-02-27 06:17:35 [http-nio-8083-exec-1] INFO  c.u.l.p.m.SubscriptionEventPublisher - 구독 이벤트 발행 완료 — eventType: SUBSCRIPTION_PENDING_CANCEL, memberId: 04a0c32a-8c35-4ce5-aed0-08a99077fb94
2026-02-27 06:17:35 [http-nio-8083-exec-1] INFO  c.u.l.p.s.i.SubscriptionServiceImpl - 구독 해지 예약 완료 — memberId: 04a0c32a-8c35-4ce5-aed0-08a99077fb94, subscriptionId: f49519b6-86c1-4554-9fc5-4de04e3532c4, reason: TOO_EXPENSIVE
2026-02-27 06:17:35 [http-nio-8083-exec-1] DEBUG org.hibernate.SQL - 
    /* update
        for com.unicorn.lunchpick.payment.repository.entity.SubscriptionEntity */update lunchpick_payment.subscription 
    set
        cancel_reason=?,
        cancel_reason_detail=?,
        cancelled_at=?,
        current_period_ends_at=?,
        member_id=?,
        next_billing_at=?,
        plan_id=?,
        started_at=?,
        status=?,
        subscription_id=?,
        trial_extension_used=?,
        updated_at=? 
    where
        id=?
2026-02-27 06:17:35 [http-nio-8083-exec-10] DEBUG c.u.l.p.c.j.JwtAuthenticationFilter - JWT 인증 완료 — memberId: 04a0c32a-8c35-4ce5-aed0-08a99077fb94
2026-02-27 06:17:35 [http-nio-8083-exec-10] DEBUG org.hibernate.SQL - 
    /* <criteria> */ select
        se1_0.id 
    from
        lunchpick_payment.subscription se1_0 
    where
        se1_0.member_id=? 
        and se1_0.status=? 
    fetch
        first ? rows only
2026-02-27 06:17:35 [http-nio-8083-exec-10] INFO  c.u.l.p.s.i.SubscriptionServiceImpl - PG 결제 요청 — memberId: 04a0c32a-8c35-4ce5-aed0-08a99077fb94, planId: PREMIUM_MONTHLY, amount: 4900
2026-02-27 06:17:35 [http-nio-8083-exec-10] DEBUG org.hibernate.SQL - 
    /* insert for
        com.unicorn.lunchpick.payment.repository.entity.PaymentHistoryEntity */insert 
    into
        lunchpick_payment.payment_history (amount, approved_at, auto_renewal_agreed, created_at, error_code, member_id, payment_id, pg_transaction_id, plan_id, requested_at, status, subscription_id, withdrawal_deadline, withdrawal_right_acknowledged) 
    values
        (?, ?, ?, ?, ?, ?, ?, ?, ?, ?, ?, ?, ?, ?)
2026-02-27 06:17:35 [http-nio-8083-exec-10] DEBUG org.hibernate.SQL - 
    /* insert for
        com.unicorn.lunchpick.payment.repository.entity.SubscriptionEntity */insert 
    into
        lunchpick_payment.subscription (cancel_reason, cancel_reason_detail, cancelled_at, created_at, current_period_ends_at, member_id, next_billing_at, plan_id, started_at, status, subscription_id, trial_extension_used, updated_at) 
    values
        (?, ?, ?, ?, ?, ?, ?, ?, ?, ?, ?, ?, ?)
2026-02-27 06:17:35 [http-nio-8083-exec-10] INFO  c.u.l.p.m.SubscriptionEventPublisher - 구독 이벤트 발행 완료 — eventType: SUBSCRIPTION_ACTIVATED, memberId: 04a0c32a-8c35-4ce5-aed0-08a99077fb94
2026-02-27 06:17:35 [http-nio-8083-exec-10] INFO  c.u.l.p.s.i.SubscriptionServiceImpl - 구독 결제 완료 — memberId: 04a0c32a-8c35-4ce5-aed0-08a99077fb94, subscriptionId: bdceba1d-f732-4942-9ba4-0010ff274ccc, planId: PREMIUM_MONTHLY
2026-02-27 06:36:08 [main] INFO  c.u.l.payment.PaymentApplication - Starting PaymentApplication using Java 21 with PID 67364 (C:\Users\hiond\workspace\lunch-menu-recommender\payment-service\build\classes\java\main started by hiond in C:\Users\hiond\workspace\lunch-menu-recommender\payment-service)
2026-02-27 06:36:08 [main] DEBUG c.u.l.payment.PaymentApplication - Running with Spring Boot v3.4.1, Spring v6.2.1
2026-02-27 06:36:08 [main] INFO  c.u.l.payment.PaymentApplication - The following 1 profile is active: "dev"
2026-02-27 06:36:08 [main] INFO  o.s.d.r.c.RepositoryConfigurationDelegate - Multiple Spring Data modules found, entering strict repository configuration mode
2026-02-27 06:36:08 [main] INFO  o.s.d.r.c.RepositoryConfigurationDelegate - Bootstrapping Spring Data JPA repositories in DEFAULT mode.
2026-02-27 06:36:08 [main] INFO  o.s.d.r.c.RepositoryConfigurationDelegate - Finished Spring Data repository scanning in 88 ms. Found 2 JPA repository interfaces.
2026-02-27 06:36:09 [main] INFO  o.s.d.r.c.RepositoryConfigurationDelegate - Multiple Spring Data modules found, entering strict repository configuration mode
2026-02-27 06:36:09 [main] INFO  o.s.d.r.c.RepositoryConfigurationDelegate - Bootstrapping Spring Data Redis repositories in DEFAULT mode.
2026-02-27 06:36:09 [main] INFO  o.s.d.r.c.RepositoryConfigurationExtensionSupport - Spring Data Redis - Could not safely identify store assignment for repository candidate interface com.unicorn.lunchpick.payment.repository.jpa.PaymentHistoryRepository; If you want this repository to be a Redis repository, consider annotating your entities with one of these annotations: org.springframework.data.redis.core.RedisHash (preferred), or consider extending one of the following types with your repository: org.springframework.data.keyvalue.repository.KeyValueRepository
2026-02-27 06:36:09 [main] INFO  o.s.d.r.c.RepositoryConfigurationExtensionSupport - Spring Data Redis - Could not safely identify store assignment for repository candidate interface com.unicorn.lunchpick.payment.repository.jpa.SubscriptionRepository; If you want this repository to be a Redis repository, consider annotating your entities with one of these annotations: org.springframework.data.redis.core.RedisHash (preferred), or consider extending one of the following types with your repository: org.springframework.data.keyvalue.repository.KeyValueRepository
2026-02-27 06:36:09 [main] INFO  o.s.d.r.c.RepositoryConfigurationDelegate - Finished Spring Data repository scanning in 14 ms. Found 0 Redis repository interfaces.
2026-02-27 06:36:09 [main] INFO  o.s.cloud.context.scope.GenericScope - BeanFactory id=d1030fa1-8242-3a61-8ac3-ff039b75dfa4
2026-02-27 06:36:10 [main] INFO  o.s.b.w.e.tomcat.TomcatWebServer - Tomcat initialized with port 8083 (http)
2026-02-27 06:36:10 [main] INFO  o.a.catalina.core.StandardService - Starting service [Tomcat]
2026-02-27 06:36:10 [main] INFO  o.a.catalina.core.StandardEngine - Starting Servlet engine: [Apache Tomcat/10.1.34]
2026-02-27 06:36:10 [main] INFO  o.a.c.c.C.[Tomcat].[localhost].[/] - Initializing Spring embedded WebApplicationContext
2026-02-27 06:36:10 [main] INFO  o.s.b.w.s.c.ServletWebServerApplicationContext - Root WebApplicationContext: initialization completed in 2132 ms
2026-02-27 06:36:10 [main] DEBUG c.u.l.p.c.j.JwtAuthenticationFilter - Filter 'jwtAuthenticationFilter' configured for use
2026-02-27 06:36:10 [main] INFO  o.h.jpa.internal.util.LogHelper - HHH000204: Processing PersistenceUnitInfo [name: default]
2026-02-27 06:36:10 [main] INFO  org.hibernate.Version - HHH000412: Hibernate ORM core version 6.6.4.Final
2026-02-27 06:36:10 [main] INFO  o.h.c.i.RegionFactoryInitiator - HHH000026: Second-level cache disabled
2026-02-27 06:36:10 [main] DEBUG o.hibernate.type.BasicTypeRegistry - Adding type registration boolean -> org.hibernate.type.BasicTypeReference@293ecff6
2026-02-27 06:36:10 [main] DEBUG o.hibernate.type.BasicTypeRegistry - Adding type registration boolean -> org.hibernate.type.BasicTypeReference@293ecff6
2026-02-27 06:36:10 [main] DEBUG o.hibernate.type.BasicTypeRegistry - Adding type registration java.lang.Boolean -> org.hibernate.type.BasicTypeReference@293ecff6
2026-02-27 06:36:10 [main] DEBUG o.hibernate.type.BasicTypeRegistry - Adding type registration numeric_boolean -> org.hibernate.type.BasicTypeReference@70eb94d7
2026-02-27 06:36:10 [main] DEBUG o.hibernate.type.BasicTypeRegistry - Adding type registration org.hibernate.type.NumericBooleanConverter -> org.hibernate.type.BasicTypeReference@70eb94d7
2026-02-27 06:36:10 [main] DEBUG o.hibernate.type.BasicTypeRegistry - Adding type registration true_false -> org.hibernate.type.BasicTypeReference@34d72f06
2026-02-27 06:36:10 [main] DEBUG o.hibernate.type.BasicTypeRegistry - Adding type registration org.hibernate.type.TrueFalseConverter -> org.hibernate.type.BasicTypeReference@34d72f06
2026-02-27 06:36:10 [main] DEBUG o.hibernate.type.BasicTypeRegistry - Adding type registration yes_no -> org.hibernate.type.BasicTypeReference@7e43b342
2026-02-27 06:36:10 [main] DEBUG o.hibernate.type.BasicTypeRegistry - Adding type registration org.hibernate.type.YesNoConverter -> org.hibernate.type.BasicTypeReference@7e43b342
2026-02-27 06:36:10 [main] DEBUG o.hibernate.type.BasicTypeRegistry - Adding type registration byte -> org.hibernate.type.BasicTypeReference@21dd9203
2026-02-27 06:36:10 [main] DEBUG o.hibernate.type.BasicTypeRegistry - Adding type registration byte -> org.hibernate.type.BasicTypeReference@21dd9203
2026-02-27 06:36:10 [main] DEBUG o.hibernate.type.BasicTypeRegistry - Adding type registration java.lang.Byte -> org.hibernate.type.BasicTypeReference@21dd9203
2026-02-27 06:36:10 [main] DEBUG o.hibernate.type.BasicTypeRegistry - Adding type registration binary -> org.hibernate.type.BasicTypeReference@dbcf7c3
2026-02-27 06:36:10 [main] DEBUG o.hibernate.type.BasicTypeRegistry - Adding type registration byte[] -> org.hibernate.type.BasicTypeReference@dbcf7c3
2026-02-27 06:36:10 [main] DEBUG o.hibernate.type.BasicTypeRegistry - Adding type registration [B -> org.hibernate.type.BasicTypeReference@dbcf7c3
2026-02-27 06:36:10 [main] DEBUG o.hibernate.type.BasicTypeRegistry - Adding type registration binary_wrapper -> org.hibernate.type.BasicTypeReference@1e466d
2026-02-27 06:36:10 [main] DEBUG o.hibernate.type.BasicTypeRegistry - Adding type registration wrapper-binary -> org.hibernate.type.BasicTypeReference@1e466d
2026-02-27 06:36:10 [main] DEBUG o.hibernate.type.BasicTypeRegistry - Adding type registration image -> org.hibernate.type.BasicTypeReference@63243c8f
2026-02-27 06:36:10 [main] DEBUG o.hibernate.type.BasicTypeRegistry - Adding type registration blob -> org.hibernate.type.BasicTypeReference@2ea4e762
2026-02-27 06:36:10 [main] DEBUG o.hibernate.type.BasicTypeRegistry - Adding type registration java.sql.Blob -> org.hibernate.type.BasicTypeReference@2ea4e762
2026-02-27 06:36:10 [main] DEBUG o.hibernate.type.BasicTypeRegistry - Adding type registration materialized_blob -> org.hibernate.type.BasicTypeReference@444c0f9a
2026-02-27 06:36:10 [main] DEBUG o.hibernate.type.BasicTypeRegistry - Adding type registration materialized_blob_wrapper -> org.hibernate.type.BasicTypeReference@36931450
2026-02-27 06:36:10 [main] DEBUG o.hibernate.type.BasicTypeRegistry - Adding type registration short -> org.hibernate.type.BasicTypeReference@74919649
2026-02-27 06:36:10 [main] DEBUG o.hibernate.type.BasicTypeRegistry - Adding type registration short -> org.hibernate.type.BasicTypeReference@74919649
2026-02-27 06:36:10 [main] DEBUG o.hibernate.type.BasicTypeRegistry - Adding type registration java.lang.Short -> org.hibernate.type.BasicTypeReference@74919649
2026-02-27 06:36:10 [main] DEBUG o.hibernate.type.BasicTypeRegistry - Adding type registration integer -> org.hibernate.type.BasicTypeReference@7d07e04e
2026-02-27 06:36:10 [main] DEBUG o.hibernate.type.BasicTypeRegistry - Adding type registration int -> org.hibernate.type.BasicTypeReference@7d07e04e
2026-02-27 06:36:10 [main] DEBUG o.hibernate.type.BasicTypeRegistry - Adding type registration java.lang.Integer -> org.hibernate.type.BasicTypeReference@7d07e04e
2026-02-27 06:36:10 [main] DEBUG o.hibernate.type.BasicTypeRegistry - Adding type registration long -> org.hibernate.type.BasicTypeReference@599310ab
2026-02-27 06:36:10 [main] DEBUG o.hibernate.type.BasicTypeRegistry - Adding type registration long -> org.hibernate.type.BasicTypeReference@599310ab
2026-02-27 06:36:10 [main] DEBUG o.hibernate.type.BasicTypeRegistry - Adding type registration java.lang.Long -> org.hibernate.type.BasicTypeReference@599310ab
2026-02-27 06:36:10 [main] DEBUG o.hibernate.type.BasicTypeRegistry - Adding type registration float -> org.hibernate.type.BasicTypeReference@770cbe5d
2026-02-27 06:36:10 [main] DEBUG o.hibernate.type.BasicTypeRegistry - Adding type registration float -> org.hibernate.type.BasicTypeReference@770cbe5d
2026-02-27 06:36:10 [main] DEBUG o.hibernate.type.BasicTypeRegistry - Adding type registration java.lang.Float -> org.hibernate.type.BasicTypeReference@770cbe5d
2026-02-27 06:36:10 [main] DEBUG o.hibernate.type.BasicTypeRegistry - Adding type registration double -> org.hibernate.type.BasicTypeReference@f575d2b
2026-02-27 06:36:10 [main] DEBUG o.hibernate.type.BasicTypeRegistry - Adding type registration double -> org.hibernate.type.BasicTypeReference@f575d2b
2026-02-27 06:36:10 [main] DEBUG o.hibernate.type.BasicTypeRegistry - Adding type registration java.lang.Double -> org.hibernate.type.BasicTypeReference@f575d2b
2026-02-27 06:36:10 [main] DEBUG o.hibernate.type.BasicTypeRegistry - Adding type registration big_integer -> org.hibernate.type.BasicTypeReference@4d90d91f
2026-02-27 06:36:10 [main] DEBUG o.hibernate.type.BasicTypeRegistry - Adding type registration java.math.BigInteger -> org.hibernate.type.BasicTypeReference@4d90d91f
2026-02-27 06:36:10 [main] DEBUG o.hibernate.type.BasicTypeRegistry - Adding type registration big_decimal -> org.hibernate.type.BasicTypeReference@c478e4e
2026-02-27 06:36:10 [main] DEBUG o.hibernate.type.BasicTypeRegistry - Adding type registration java.math.BigDecimal -> org.hibernate.type.BasicTypeReference@c478e4e
2026-02-27 06:36:10 [main] DEBUG o.hibernate.type.BasicTypeRegistry - Adding type registration character -> org.hibernate.type.BasicTypeReference@1e2b37cd
2026-02-27 06:36:10 [main] DEBUG o.hibernate.type.BasicTypeRegistry - Adding type registration char -> org.hibernate.type.BasicTypeReference@1e2b37cd
2026-02-27 06:36:10 [main] DEBUG o.hibernate.type.BasicTypeRegistry - Adding type registration java.lang.Character -> org.hibernate.type.BasicTypeReference@1e2b37cd
2026-02-27 06:36:10 [main] DEBUG o.hibernate.type.BasicTypeRegistry - Adding type registration character_nchar -> org.hibernate.type.BasicTypeReference@2ba08f26
2026-02-27 06:36:10 [main] DEBUG o.hibernate.type.BasicTypeRegistry - Adding type registration string -> org.hibernate.type.BasicTypeReference@6033f36c
2026-02-27 06:36:10 [main] DEBUG o.hibernate.type.BasicTypeRegistry - Adding type registration java.lang.String -> org.hibernate.type.BasicTypeReference@6033f36c
2026-02-27 06:36:10 [main] DEBUG o.hibernate.type.BasicTypeRegistry - Adding type registration nstring -> org.hibernate.type.BasicTypeReference@50b624da
2026-02-27 06:36:10 [main] DEBUG o.hibernate.type.BasicTypeRegistry - Adding type registration characters -> org.hibernate.type.BasicTypeReference@1764e45e
2026-02-27 06:36:10 [main] DEBUG o.hibernate.type.BasicTypeRegistry - Adding type registration char[] -> org.hibernate.type.BasicTypeReference@1764e45e
2026-02-27 06:36:10 [main] DEBUG o.hibernate.type.BasicTypeRegistry - Adding type registration [C -> org.hibernate.type.BasicTypeReference@1764e45e
2026-02-27 06:36:10 [main] DEBUG o.hibernate.type.BasicTypeRegistry - Adding type registration wrapper-characters -> org.hibernate.type.BasicTypeReference@3892802b
2026-02-27 06:36:10 [main] DEBUG o.hibernate.type.BasicTypeRegistry - Adding type registration text -> org.hibernate.type.BasicTypeReference@4745bcc6
2026-02-27 06:36:10 [main] DEBUG o.hibernate.type.BasicTypeRegistry - Adding type registration ntext -> org.hibernate.type.BasicTypeReference@2634d000
2026-02-27 06:36:10 [main] DEBUG o.hibernate.type.BasicTypeRegistry - Adding type registration clob -> org.hibernate.type.BasicTypeReference@1642968c
2026-02-27 06:36:10 [main] DEBUG o.hibernate.type.BasicTypeRegistry - Adding type registration java.sql.Clob -> org.hibernate.type.BasicTypeReference@1642968c
2026-02-27 06:36:10 [main] DEBUG o.hibernate.type.BasicTypeRegistry - Adding type registration nclob -> org.hibernate.type.BasicTypeReference@3a7dcfb7
2026-02-27 06:36:10 [main] DEBUG o.hibernate.type.BasicTypeRegistry - Adding type registration java.sql.NClob -> org.hibernate.type.BasicTypeReference@3a7dcfb7
2026-02-27 06:36:10 [main] DEBUG o.hibernate.type.BasicTypeRegistry - Adding type registration materialized_clob -> org.hibernate.type.BasicTypeReference@50b4e7b2
2026-02-27 06:36:10 [main] DEBUG o.hibernate.type.BasicTypeRegistry - Adding type registration materialized_clob_char_array -> org.hibernate.type.BasicTypeReference@50008974
2026-02-27 06:36:10 [main] DEBUG o.hibernate.type.BasicTypeRegistry - Adding type registration materialized_clob_character_array -> org.hibernate.type.BasicTypeReference@5274830e
2026-02-27 06:36:10 [main] DEBUG o.hibernate.type.BasicTypeRegistry - Adding type registration materialized_nclob -> org.hibernate.type.BasicTypeReference@6a0ee80
2026-02-27 06:36:10 [main] DEBUG o.hibernate.type.BasicTypeRegistry - Adding type registration materialized_nclob_character_array -> org.hibernate.type.BasicTypeReference@71de1091
2026-02-27 06:36:10 [main] DEBUG o.hibernate.type.BasicTypeRegistry - Adding type registration materialized_nclob_char_array -> org.hibernate.type.BasicTypeReference@25c16cf7
2026-02-27 06:36:10 [main] DEBUG o.hibernate.type.BasicTypeRegistry - Adding type registration Duration -> org.hibernate.type.BasicTypeReference@53dbe7b2
2026-02-27 06:36:10 [main] DEBUG o.hibernate.type.BasicTypeRegistry - Adding type registration java.time.Duration -> org.hibernate.type.BasicTypeReference@53dbe7b2
2026-02-27 06:36:10 [main] DEBUG o.hibernate.type.BasicTypeRegistry - Adding type registration LocalDateTime -> org.hibernate.type.BasicTypeReference@520ec7a7
2026-02-27 06:36:10 [main] DEBUG o.hibernate.type.BasicTypeRegistry - Adding type registration java.time.LocalDateTime -> org.hibernate.type.BasicTypeReference@520ec7a7
2026-02-27 06:36:10 [main] DEBUG o.hibernate.type.BasicTypeRegistry - Adding type registration LocalDate -> org.hibernate.type.BasicTypeReference@53551fef
2026-02-27 06:36:10 [main] DEBUG o.hibernate.type.BasicTypeRegistry - Adding type registration java.time.LocalDate -> org.hibernate.type.BasicTypeReference@53551fef
2026-02-27 06:36:10 [main] DEBUG o.hibernate.type.BasicTypeRegistry - Adding type registration LocalTime -> org.hibernate.type.BasicTypeReference@7d5d77a6
2026-02-27 06:36:10 [main] DEBUG o.hibernate.type.BasicTypeRegistry - Adding type registration java.time.LocalTime -> org.hibernate.type.BasicTypeReference@7d5d77a6
2026-02-27 06:36:10 [main] DEBUG o.hibernate.type.BasicTypeRegistry - Adding type registration OffsetDateTime -> org.hibernate.type.BasicTypeReference@71b7e9c8
2026-02-27 06:36:10 [main] DEBUG o.hibernate.type.BasicTypeRegistry - Adding type registration java.time.OffsetDateTime -> org.hibernate.type.BasicTypeReference@71b7e9c8
2026-02-27 06:36:10 [main] DEBUG o.hibernate.type.BasicTypeRegistry - Adding type registration OffsetDateTimeWithTimezone -> org.hibernate.type.BasicTypeReference@55202ba6
2026-02-27 06:36:10 [main] DEBUG o.hibernate.type.BasicTypeRegistry - Adding type registration OffsetDateTimeWithoutTimezone -> org.hibernate.type.BasicTypeReference@2ef1fc8a
2026-02-27 06:36:10 [main] DEBUG o.hibernate.type.BasicTypeRegistry - Adding type registration OffsetTime -> org.hibernate.type.BasicTypeReference@38874eb5
2026-02-27 06:36:10 [main] DEBUG o.hibernate.type.BasicTypeRegistry - Adding type registration java.time.OffsetTime -> org.hibernate.type.BasicTypeReference@38874eb5
2026-02-27 06:36:10 [main] DEBUG o.hibernate.type.BasicTypeRegistry - Adding type registration OffsetTimeUtc -> org.hibernate.type.BasicTypeReference@76b019c4
2026-02-27 06:36:10 [main] DEBUG o.hibernate.type.BasicTypeRegistry - Adding type registration OffsetTimeWithTimezone -> org.hibernate.type.BasicTypeReference@221961af
2026-02-27 06:36:10 [main] DEBUG o.hibernate.type.BasicTypeRegistry - Adding type registration OffsetTimeWithoutTimezone -> org.hibernate.type.BasicTypeReference@32ddcca
2026-02-27 06:36:10 [main] DEBUG o.hibernate.type.BasicTypeRegistry - Adding type registration ZonedDateTime -> org.hibernate.type.BasicTypeReference@1ddc8fc
2026-02-27 06:36:10 [main] DEBUG o.hibernate.type.BasicTypeRegistry - Adding type registration java.time.ZonedDateTime -> org.hibernate.type.BasicTypeReference@1ddc8fc
2026-02-27 06:36:10 [main] DEBUG o.hibernate.type.BasicTypeRegistry - Adding type registration ZonedDateTimeWithTimezone -> org.hibernate.type.BasicTypeReference@77d58f3a
2026-02-27 06:36:10 [main] DEBUG o.hibernate.type.BasicTypeRegistry - Adding type registration ZonedDateTimeWithoutTimezone -> org.hibernate.type.BasicTypeReference@1e288c76
2026-02-27 06:36:10 [main] DEBUG o.hibernate.type.BasicTypeRegistry - Adding type registration date -> org.hibernate.type.BasicTypeReference@738ed8f5
2026-02-27 06:36:10 [main] DEBUG o.hibernate.type.BasicTypeRegistry - Adding type registration java.sql.Date -> org.hibernate.type.BasicTypeReference@738ed8f5
2026-02-27 06:36:10 [main] DEBUG o.hibernate.type.BasicTypeRegistry - Adding type registration time -> org.hibernate.type.BasicTypeReference@1cfb7450
2026-02-27 06:36:10 [main] DEBUG o.hibernate.type.BasicTypeRegistry - Adding type registration java.sql.Time -> org.hibernate.type.BasicTypeReference@1cfb7450
2026-02-27 06:36:10 [main] DEBUG o.hibernate.type.BasicTypeRegistry - Adding type registration timestamp -> org.hibernate.type.BasicTypeReference@478c84aa
2026-02-27 06:36:10 [main] DEBUG o.hibernate.type.BasicTypeRegistry - Adding type registration java.sql.Timestamp -> org.hibernate.type.BasicTypeReference@478c84aa
2026-02-27 06:36:10 [main] DEBUG o.hibernate.type.BasicTypeRegistry - Adding type registration java.util.Date -> org.hibernate.type.BasicTypeReference@478c84aa
2026-02-27 06:36:10 [main] DEBUG o.hibernate.type.BasicTypeRegistry - Adding type registration calendar -> org.hibernate.type.BasicTypeReference@1d1deb11
2026-02-27 06:36:10 [main] DEBUG o.hibernate.type.BasicTypeRegistry - Adding type registration java.util.Calendar -> org.hibernate.type.BasicTypeReference@1d1deb11
2026-02-27 06:36:10 [main] DEBUG o.hibernate.type.BasicTypeRegistry - Adding type registration java.util.GregorianCalendar -> org.hibernate.type.BasicTypeReference@1d1deb11
2026-02-27 06:36:10 [main] DEBUG o.hibernate.type.BasicTypeRegistry - Adding type registration calendar_date -> org.hibernate.type.BasicTypeReference@18d1d137
2026-02-27 06:36:10 [main] DEBUG o.hibernate.type.BasicTypeRegistry - Adding type registration calendar_time -> org.hibernate.type.BasicTypeReference@5f4f6f89
2026-02-27 06:36:10 [main] DEBUG o.hibernate.type.BasicTypeRegistry - Adding type registration instant -> org.hibernate.type.BasicTypeReference@7c45191e
2026-02-27 06:36:10 [main] DEBUG o.hibernate.type.BasicTypeRegistry - Adding type registration java.time.Instant -> org.hibernate.type.BasicTypeReference@7c45191e
2026-02-27 06:36:10 [main] DEBUG o.hibernate.type.BasicTypeRegistry - Adding type registration uuid -> org.hibernate.type.BasicTypeReference@ef220e4
2026-02-27 06:36:10 [main] DEBUG o.hibernate.type.BasicTypeRegistry - Adding type registration java.util.UUID -> org.hibernate.type.BasicTypeReference@ef220e4
2026-02-27 06:36:10 [main] DEBUG o.hibernate.type.BasicTypeRegistry - Adding type registration pg-uuid -> org.hibernate.type.BasicTypeReference@ef220e4
2026-02-27 06:36:10 [main] DEBUG o.hibernate.type.BasicTypeRegistry - Adding type registration uuid-binary -> org.hibernate.type.BasicTypeReference@18bc1064
2026-02-27 06:36:10 [main] DEBUG o.hibernate.type.BasicTypeRegistry - Adding type registration uuid-char -> org.hibernate.type.BasicTypeReference@3cab07dd
2026-02-27 06:36:10 [main] DEBUG o.hibernate.type.BasicTypeRegistry - Adding type registration class -> org.hibernate.type.BasicTypeReference@68f264bf
2026-02-27 06:36:10 [main] DEBUG o.hibernate.type.BasicTypeRegistry - Adding type registration java.lang.Class -> org.hibernate.type.BasicTypeReference@68f264bf
2026-02-27 06:36:10 [main] DEBUG o.hibernate.type.BasicTypeRegistry - Adding type registration currency -> org.hibernate.type.BasicTypeReference@77988c45
2026-02-27 06:36:10 [main] DEBUG o.hibernate.type.BasicTypeRegistry - Adding type registration Currency -> org.hibernate.type.BasicTypeReference@77988c45
2026-02-27 06:36:10 [main] DEBUG o.hibernate.type.BasicTypeRegistry - Adding type registration java.util.Currency -> org.hibernate.type.BasicTypeReference@77988c45
2026-02-27 06:36:10 [main] DEBUG o.hibernate.type.BasicTypeRegistry - Adding type registration locale -> org.hibernate.type.BasicTypeReference@f5f8de2
2026-02-27 06:36:10 [main] DEBUG o.hibernate.type.BasicTypeRegistry - Adding type registration java.util.Locale -> org.hibernate.type.BasicTypeReference@f5f8de2
2026-02-27 06:36:10 [main] DEBUG o.hibernate.type.BasicTypeRegistry - Adding type registration serializable -> org.hibernate.type.BasicTypeReference@6baee63b
2026-02-27 06:36:10 [main] DEBUG o.hibernate.type.BasicTypeRegistry - Adding type registration java.io.Serializable -> org.hibernate.type.BasicTypeReference@6baee63b
2026-02-27 06:36:10 [main] DEBUG o.hibernate.type.BasicTypeRegistry - Adding type registration timezone -> org.hibernate.type.BasicTypeReference@1002b06d
2026-02-27 06:36:10 [main] DEBUG o.hibernate.type.BasicTypeRegistry - Adding type registration java.util.TimeZone -> org.hibernate.type.BasicTypeReference@1002b06d
2026-02-27 06:36:10 [main] DEBUG o.hibernate.type.BasicTypeRegistry - Adding type registration ZoneOffset -> org.hibernate.type.BasicTypeReference@234bfc8c
2026-02-27 06:36:10 [main] DEBUG o.hibernate.type.BasicTypeRegistry - Adding type registration java.time.ZoneOffset -> org.hibernate.type.BasicTypeReference@234bfc8c
2026-02-27 06:36:10 [main] DEBUG o.hibernate.type.BasicTypeRegistry - Adding type registration url -> org.hibernate.type.BasicTypeReference@5008559a
2026-02-27 06:36:10 [main] DEBUG o.hibernate.type.BasicTypeRegistry - Adding type registration java.net.URL -> org.hibernate.type.BasicTypeReference@5008559a
2026-02-27 06:36:10 [main] DEBUG o.hibernate.type.BasicTypeRegistry - Adding type registration vector -> org.hibernate.type.BasicTypeReference@4c0bfe9e
2026-02-27 06:36:10 [main] DEBUG o.hibernate.type.BasicTypeRegistry - Adding type registration float_vector -> org.hibernate.type.BasicTypeReference@490fbeaa
2026-02-27 06:36:10 [main] DEBUG o.hibernate.type.BasicTypeRegistry - Adding type registration double_vector -> org.hibernate.type.BasicTypeReference@35dc849b
2026-02-27 06:36:10 [main] DEBUG o.hibernate.type.BasicTypeRegistry - Adding type registration byte_vector -> org.hibernate.type.BasicTypeReference@276aa33f
2026-02-27 06:36:10 [main] DEBUG o.hibernate.type.BasicTypeRegistry - Adding type registration row_version -> org.hibernate.type.BasicTypeReference@34065642
2026-02-27 06:36:10 [main] DEBUG o.hibernate.type.BasicTypeRegistry - Adding type registration object -> org.hibernate.type.JavaObjectType@272c5abd
2026-02-27 06:36:10 [main] DEBUG o.hibernate.type.BasicTypeRegistry - Adding type registration java.lang.Object -> org.hibernate.type.JavaObjectType@272c5abd
2026-02-27 06:36:10 [main] DEBUG o.hibernate.type.BasicTypeRegistry - Adding type registration null -> org.hibernate.type.NullType@411933
2026-02-27 06:36:10 [main] DEBUG o.hibernate.type.BasicTypeRegistry - Adding type registration imm_date -> org.hibernate.type.BasicTypeReference@393e7546
2026-02-27 06:36:10 [main] DEBUG o.hibernate.type.BasicTypeRegistry - Adding type registration imm_time -> org.hibernate.type.BasicTypeReference@6b43b101
2026-02-27 06:36:10 [main] DEBUG o.hibernate.type.BasicTypeRegistry - Adding type registration imm_timestamp -> org.hibernate.type.BasicTypeReference@37cc6017
2026-02-27 06:36:10 [main] DEBUG o.hibernate.type.BasicTypeRegistry - Adding type registration imm_calendar -> org.hibernate.type.BasicTypeReference@3fcc7f5c
2026-02-27 06:36:10 [main] DEBUG o.hibernate.type.BasicTypeRegistry - Adding type registration imm_calendar_date -> org.hibernate.type.BasicTypeReference@7512a9a6
2026-02-27 06:36:10 [main] DEBUG o.hibernate.type.BasicTypeRegistry - Adding type registration imm_calendar_time -> org.hibernate.type.BasicTypeReference@32fd5bc
2026-02-27 06:36:10 [main] DEBUG o.hibernate.type.BasicTypeRegistry - Adding type registration imm_binary -> org.hibernate.type.BasicTypeReference@5737d116
2026-02-27 06:36:10 [main] DEBUG o.hibernate.type.BasicTypeRegistry - Adding type registration imm_serializable -> org.hibernate.type.BasicTypeReference@b5d7233
2026-02-27 06:36:11 [main] INFO  o.s.o.j.p.SpringPersistenceUnitInfo - No LoadTimeWeaver setup: ignoring JPA class transformer
2026-02-27 06:36:11 [main] INFO  com.zaxxer.hikari.HikariDataSource - HikariPool-1 - Starting...
2026-02-27 06:36:11 [main] INFO  com.zaxxer.hikari.pool.HikariPool - HikariPool-1 - Added connection org.postgresql.jdbc.PgConnection@7d5cbcc9
2026-02-27 06:36:11 [main] INFO  com.zaxxer.hikari.HikariDataSource - HikariPool-1 - Start completed.
2026-02-27 06:36:11 [main] INFO  o.hibernate.orm.connections.pooling - HHH10001005: Database info:
	Database JDBC URL [Connecting through datasource 'HikariDataSource (HikariPool-1)']
	Database driver: undefined/unknown
	Database version: 16.12
	Autocommit mode: undefined/unknown
	Isolation level: undefined/unknown
	Minimum pool size: undefined/unknown
	Maximum pool size: undefined/unknown
2026-02-27 06:36:11 [main] DEBUG o.h.t.d.sql.spi.DdlTypeRegistry - addDescriptor(2003, org.hibernate.type.descriptor.sql.internal.ArrayDdlTypeImpl@5e085259) replaced previous registration(org.hibernate.type.descriptor.sql.internal.ArrayDdlTypeImpl@68ea1eb5)
2026-02-27 06:36:11 [main] DEBUG o.h.t.d.sql.spi.DdlTypeRegistry - addDescriptor(6, org.hibernate.type.descriptor.sql.internal.CapacityDependentDdlType@2e096ac0) replaced previous registration(org.hibernate.type.descriptor.sql.internal.DdlTypeImpl@d7c00de)
2026-02-27 06:36:11 [main] DEBUG o.h.t.d.jdbc.spi.JdbcTypeRegistry - addDescriptor(2004, BlobTypeDescriptor(BLOB_BINDING)) replaced previous registration(BlobTypeDescriptor(DEFAULT))
2026-02-27 06:36:11 [main] DEBUG o.h.t.d.jdbc.spi.JdbcTypeRegistry - addDescriptor(2005, ClobTypeDescriptor(CLOB_BINDING)) replaced previous registration(ClobTypeDescriptor(DEFAULT))
2026-02-27 06:36:11 [main] DEBUG o.hibernate.type.BasicTypeRegistry - Adding type registration JAVA_OBJECT -> org.hibernate.type.JavaObjectType@2dc319cf
2026-02-27 06:36:11 [main] DEBUG o.hibernate.type.BasicTypeRegistry - Adding type registration java.lang.Object -> org.hibernate.type.JavaObjectType@2dc319cf
2026-02-27 06:36:11 [main] DEBUG o.hibernate.type.BasicTypeRegistry - Type registration key [java.lang.Object] overrode previous entry : `org.hibernate.type.JavaObjectType@272c5abd`
2026-02-27 06:36:11 [main] DEBUG o.hibernate.type.BasicTypeRegistry - Adding type registration org.hibernate.type.DurationType -> basicType@1(java.time.Duration,3015)
2026-02-27 06:36:11 [main] DEBUG o.hibernate.type.BasicTypeRegistry - Adding type registration Duration -> basicType@1(java.time.Duration,3015)
2026-02-27 06:36:11 [main] DEBUG o.hibernate.type.BasicTypeRegistry - Adding type registration java.time.Duration -> basicType@1(java.time.Duration,3015)
2026-02-27 06:36:11 [main] DEBUG o.hibernate.type.BasicTypeRegistry - Adding type registration org.hibernate.type.OffsetDateTimeType -> basicType@2(java.time.OffsetDateTime,3003)
2026-02-27 06:36:11 [main] DEBUG o.hibernate.type.BasicTypeRegistry - Adding type registration OffsetDateTime -> basicType@2(java.time.OffsetDateTime,3003)
2026-02-27 06:36:11 [main] DEBUG o.hibernate.type.BasicTypeRegistry - Adding type registration java.time.OffsetDateTime -> basicType@2(java.time.OffsetDateTime,3003)
2026-02-27 06:36:11 [main] DEBUG o.hibernate.type.BasicTypeRegistry - Adding type registration org.hibernate.type.ZonedDateTimeType -> basicType@3(java.time.ZonedDateTime,3003)
2026-02-27 06:36:11 [main] DEBUG o.hibernate.type.BasicTypeRegistry - Adding type registration ZonedDateTime -> basicType@3(java.time.ZonedDateTime,3003)
2026-02-27 06:36:11 [main] DEBUG o.hibernate.type.BasicTypeRegistry - Adding type registration java.time.ZonedDateTime -> basicType@3(java.time.ZonedDateTime,3003)
2026-02-27 06:36:11 [main] DEBUG o.hibernate.type.BasicTypeRegistry - Adding type registration org.hibernate.type.OffsetTimeType -> basicType@4(java.time.OffsetTime,3007)
2026-02-27 06:36:11 [main] DEBUG o.hibernate.type.BasicTypeRegistry - Adding type registration OffsetTime -> basicType@4(java.time.OffsetTime,3007)
2026-02-27 06:36:11 [main] DEBUG o.hibernate.type.BasicTypeRegistry - Adding type registration java.time.OffsetTime -> basicType@4(java.time.OffsetTime,3007)
2026-02-27 06:36:11 [main] DEBUG o.h.type.spi.TypeConfiguration$Scope - Scoping TypeConfiguration [org.hibernate.type.spi.TypeConfiguration@5e75cf7a] to MetadataBuildingContext [org.hibernate.boot.internal.MetadataBuildingContextRootImpl@6f12fca0]
2026-02-27 06:36:12 [main] INFO  o.h.e.t.j.p.i.JtaPlatformInitiator - HHH000489: No JTA platform available (set 'hibernate.transaction.jta.platform' to enable JTA platform integration)
2026-02-27 06:36:12 [main] DEBUG o.h.type.spi.TypeConfiguration$Scope - Scoping TypeConfiguration [org.hibernate.type.spi.TypeConfiguration@5e75cf7a] to SessionFactoryImplementor [org.hibernate.internal.SessionFactoryImpl@5502f74c]
2026-02-27 06:36:12 [main] TRACE o.h.type.spi.TypeConfiguration$Scope - Handling #sessionFactoryCreated from [org.hibernate.internal.SessionFactoryImpl@5502f74c] for TypeConfiguration
2026-02-27 06:36:12 [main] INFO  o.s.o.j.LocalContainerEntityManagerFactoryBean - Initialized JPA EntityManagerFactory for persistence unit 'default'
2026-02-27 06:36:13 [main] WARN  o.s.b.a.o.j.JpaBaseConfiguration$JpaWebConfiguration - spring.jpa.open-in-view is enabled by default. Therefore, database queries may be performed during view rendering. Explicitly configure spring.jpa.open-in-view to disable this warning
2026-02-27 06:36:13 [main] WARN  o.s.b.a.s.s.UserDetailsServiceAutoConfiguration - 

Using generated security password: 19f4ef39-5f55-40d3-9d0e-1125181ddb3a

This generated password is for development use only. Your security configuration must be updated before running your application in production.

2026-02-27 06:36:13 [main] INFO  o.s.s.c.a.a.c.InitializeUserDetailsBeanManagerConfigurer$InitializeUserDetailsManagerConfigurer - Global AuthenticationManager configured with UserDetailsService bean with name inMemoryUserDetailsManager
2026-02-27 06:36:13 [main] INFO  o.s.b.a.e.web.EndpointLinksResolver - Exposing 4 endpoints beneath base path '/actuator'
2026-02-27 06:36:16 [main] INFO  o.s.cloud.commons.util.InetUtils - Cannot determine local hostname
2026-02-27 06:36:16 [main] INFO  o.s.b.w.e.tomcat.TomcatWebServer - Tomcat started on port 8083 (http) with context path '/'
2026-02-27 06:36:17 [main] INFO  o.s.cloud.commons.util.InetUtils - Cannot determine local hostname
2026-02-27 06:36:17 [main] INFO  c.u.l.payment.PaymentApplication - Started PaymentApplication in 10.567 seconds (process running for 10.93)
2026-02-27 06:36:42 [http-nio-8083-exec-1] INFO  o.a.c.c.C.[Tomcat].[localhost].[/] - Initializing Spring DispatcherServlet 'dispatcherServlet'
2026-02-27 06:36:42 [http-nio-8083-exec-1] INFO  o.s.web.servlet.DispatcherServlet - Initializing Servlet 'dispatcherServlet'
2026-02-27 06:36:42 [http-nio-8083-exec-1] INFO  o.s.web.servlet.DispatcherServlet - Completed initialization in 2 ms
2026-02-27 06:37:49 [http-nio-8083-exec-2] DEBUG c.u.l.p.c.j.JwtAuthenticationFilter - JWT 인증 완료 — memberId: 0711f870-eeb6-435e-9862-1d74a8c02753
2026-02-27 06:37:49 [http-nio-8083-exec-2] DEBUG org.hibernate.SQL - 
    /* <criteria> */ select
        se1_0.id 
    from
        lunchpick_payment.subscription se1_0 
    where
        se1_0.member_id=? 
        and se1_0.status=? 
    fetch
        first ? rows only
2026-02-27 06:37:49 [http-nio-8083-exec-2] INFO  c.u.l.p.s.i.SubscriptionServiceImpl - PG 결제 요청 — memberId: 0711f870-eeb6-435e-9862-1d74a8c02753, planId: premium-monthly, amount: 4900, orderId: a50bcfe8-25f1-44e2-8cdb-c9298a9e8cb4
2026-02-27 06:37:49 [http-nio-8083-exec-2] WARN  c.u.l.payment.pg.MockPgGateway - Mock PG: 유효하지 않은 카드 번호 — orderId: a50bcfe8-25f1-44e2-8cdb-c9298a9e8cb4
2026-02-27 06:37:49 [http-nio-8083-exec-2] WARN  c.u.l.p.s.i.SubscriptionServiceImpl - PG 게이트웨이 장애 — 결제 실패 처리 — memberId: 0711f870-eeb6-435e-9862-1d74a8c02753, cause: 카드 정보를 다시 확인해주세요.
2026-02-27 06:37:49 [http-nio-8083-exec-2] WARN  c.u.l.p.e.GlobalExceptionHandler - 비즈니스 예외 발생 — errorCode: PAYMENT_FAILED, message: 결제가 실패했어요. 다른 결제 수단을 시도해주세요.
2026-02-27 06:38:03 [http-nio-8083-exec-5] DEBUG c.u.l.p.c.j.JwtAuthenticationFilter - JWT 인증 완료 — memberId: 0711f870-eeb6-435e-9862-1d74a8c02753
2026-02-27 06:38:03 [http-nio-8083-exec-5] DEBUG org.hibernate.SQL - 
    /* <criteria> */ select
        se1_0.id 
    from
        lunchpick_payment.subscription se1_0 
    where
        se1_0.member_id=? 
        and se1_0.status=? 
    fetch
        first ? rows only
2026-02-27 06:38:03 [http-nio-8083-exec-5] INFO  c.u.l.p.s.i.SubscriptionServiceImpl - PG 결제 요청 — memberId: 0711f870-eeb6-435e-9862-1d74a8c02753, planId: premium-monthly, amount: 4900, orderId: ad7d1c6c-be32-4995-9055-811bc5019342
2026-02-27 06:38:03 [http-nio-8083-exec-5] INFO  c.u.l.payment.pg.MockPgGateway - Mock PG: 결제 승인 완료 — orderId: ad7d1c6c-be32-4995-9055-811bc5019342, amount: 4900, pgTransactionId: pg-txn-896b9906
2026-02-27 06:38:03 [http-nio-8083-exec-5] DEBUG org.hibernate.SQL - 
    /* insert for
        com.unicorn.lunchpick.payment.repository.entity.PaymentHistoryEntity */insert 
    into
        lunchpick_payment.payment_history (amount, approved_at, auto_renewal_agreed, created_at, error_code, member_id, payment_id, pg_transaction_id, plan_id, requested_at, status, subscription_id, withdrawal_deadline, withdrawal_right_acknowledged) 
    values
        (?, ?, ?, ?, ?, ?, ?, ?, ?, ?, ?, ?, ?, ?)
2026-02-27 06:38:03 [http-nio-8083-exec-5] DEBUG org.hibernate.SQL - 
    /* insert for
        com.unicorn.lunchpick.payment.repository.entity.SubscriptionEntity */insert 
    into
        lunchpick_payment.subscription (cancel_reason, cancel_reason_detail, cancelled_at, created_at, current_period_ends_at, member_id, next_billing_at, plan_id, started_at, status, subscription_id, trial_extension_used, updated_at) 
    values
        (?, ?, ?, ?, ?, ?, ?, ?, ?, ?, ?, ?, ?)
2026-02-27 06:38:03 [http-nio-8083-exec-5] INFO  c.u.l.p.m.SubscriptionEventPublisher - 구독 이벤트 발행 완료 — eventType: SUBSCRIPTION_ACTIVATED, memberId: 0711f870-eeb6-435e-9862-1d74a8c02753
2026-02-27 06:38:03 [http-nio-8083-exec-5] INFO  c.u.l.p.s.i.SubscriptionServiceImpl - 구독 결제 완료 — memberId: 0711f870-eeb6-435e-9862-1d74a8c02753, subscriptionId: a05d4031-0901-4d4e-8ab7-190b1ce83cb2, planId: premium-monthly
2026-02-27 06:38:11 [http-nio-8083-exec-7] DEBUG c.u.l.p.c.j.JwtAuthenticationFilter - JWT 인증 완료 — memberId: 0711f870-eeb6-435e-9862-1d74a8c02753
2026-02-27 06:38:11 [http-nio-8083-exec-7] DEBUG org.hibernate.SQL - 
    /* <criteria> */ select
        se1_0.id 
    from
        lunchpick_payment.subscription se1_0 
    where
        se1_0.member_id=? 
        and se1_0.status=? 
    fetch
        first ? rows only
2026-02-27 06:38:11 [http-nio-8083-exec-7] WARN  c.u.l.p.s.i.SubscriptionServiceImpl - PG 게이트웨이 장애 — 결제 실패 처리 — memberId: 0711f870-eeb6-435e-9862-1d74a8c02753, cause: 이미 프리미엄 구독이 활성화되어 있어요.
2026-02-27 06:38:11 [http-nio-8083-exec-7] WARN  c.u.l.p.e.GlobalExceptionHandler - 비즈니스 예외 발생 — errorCode: PAYMENT_FAILED, message: 결제가 실패했어요. 다른 결제 수단을 시도해주세요.
2026-02-27 06:38:20 [http-nio-8083-exec-8] DEBUG c.u.l.p.c.j.JwtAuthenticationFilter - JWT 인증 완료 — memberId: 0711f870-eeb6-435e-9862-1d74a8c02753
2026-02-27 06:38:20 [http-nio-8083-exec-8] DEBUG org.hibernate.SQL - 
    /* <criteria> */ select
        se1_0.id 
    from
        lunchpick_payment.subscription se1_0 
    where
        se1_0.member_id=? 
        and se1_0.status=? 
    fetch
        first ? rows only
2026-02-27 06:38:20 [http-nio-8083-exec-8] WARN  c.u.l.p.s.i.SubscriptionServiceImpl - PG 게이트웨이 장애 — 결제 실패 처리 — memberId: 0711f870-eeb6-435e-9862-1d74a8c02753, cause: 이미 프리미엄 구독이 활성화되어 있어요.
2026-02-27 06:38:20 [http-nio-8083-exec-8] WARN  c.u.l.p.e.GlobalExceptionHandler - 비즈니스 예외 발생 — errorCode: PAYMENT_FAILED, message: 결제가 실패했어요. 다른 결제 수단을 시도해주세요.
2026-02-27 06:38:46 [http-nio-8083-exec-9] DEBUG c.u.l.p.c.j.JwtAuthenticationFilter - JWT 인증 완료 — memberId: 0711f870-eeb6-435e-9862-1d74a8c02753
2026-02-27 06:38:46 [http-nio-8083-exec-9] DEBUG org.hibernate.SQL - 
    /* <criteria> */ select
        se1_0.id 
    from
        lunchpick_payment.subscription se1_0 
    where
        se1_0.member_id=? 
        and se1_0.status=? 
    fetch
        first ? rows only
2026-02-27 06:38:46 [http-nio-8083-exec-9] WARN  c.u.l.p.s.i.SubscriptionServiceImpl - PG 게이트웨이 장애 — 결제 실패 처리 — memberId: 0711f870-eeb6-435e-9862-1d74a8c02753, cause: 이미 프리미엄 구독이 활성화되어 있어요.
2026-02-27 06:38:46 [http-nio-8083-exec-9] WARN  c.u.l.p.e.GlobalExceptionHandler - 비즈니스 예외 발생 — errorCode: PAYMENT_FAILED, message: 결제가 실패했어요. 다른 결제 수단을 시도해주세요.
2026-02-27 06:38:55 [http-nio-8083-exec-2] DEBUG c.u.l.p.c.j.JwtAuthenticationFilter - JWT 인증 완료 — memberId: 0711f870-eeb6-435e-9862-1d74a8c02753
2026-02-27 06:38:55 [http-nio-8083-exec-2] DEBUG org.hibernate.SQL - 
    /* <criteria> */ select
        se1_0.id 
    from
        lunchpick_payment.subscription se1_0 
    where
        se1_0.member_id=? 
        and se1_0.status=? 
    fetch
        first ? rows only
2026-02-27 06:38:55 [http-nio-8083-exec-2] WARN  c.u.l.p.s.i.SubscriptionServiceImpl - PG 게이트웨이 장애 — 결제 실패 처리 — memberId: 0711f870-eeb6-435e-9862-1d74a8c02753, cause: 이미 프리미엄 구독이 활성화되어 있어요.
2026-02-27 06:38:55 [http-nio-8083-exec-2] WARN  c.u.l.p.e.GlobalExceptionHandler - 비즈니스 예외 발생 — errorCode: PAYMENT_FAILED, message: 결제가 실패했어요. 다른 결제 수단을 시도해주세요.
2026-02-27 06:46:49 [http-nio-8083-exec-5] DEBUG c.u.l.p.c.j.JwtAuthenticationFilter - JWT 인증 완료 — memberId: b062523f-0c22-4d2a-9e7a-fe07fc2341d6
2026-02-27 06:46:49 [http-nio-8083-exec-5] DEBUG org.hibernate.SQL - 
    /* <criteria> */ select
        se1_0.id 
    from
        lunchpick_payment.subscription se1_0 
    where
        se1_0.member_id=? 
        and se1_0.status=? 
    fetch
        first ? rows only
2026-02-27 06:46:49 [http-nio-8083-exec-5] INFO  c.u.l.p.s.i.SubscriptionServiceImpl - PG 결제 요청 — memberId: b062523f-0c22-4d2a-9e7a-fe07fc2341d6, planId: premium-monthly, amount: 4900, orderId: 0758766e-6c93-4b83-bd12-8562e40fdcc6
2026-02-27 06:46:49 [http-nio-8083-exec-5] INFO  c.u.l.payment.pg.MockPgGateway - Mock PG: 결제 승인 완료 — orderId: 0758766e-6c93-4b83-bd12-8562e40fdcc6, amount: 4900, pgTransactionId: pg-txn-d5f1f41c
2026-02-27 06:46:49 [http-nio-8083-exec-5] DEBUG org.hibernate.SQL - 
    /* insert for
        com.unicorn.lunchpick.payment.repository.entity.PaymentHistoryEntity */insert 
    into
        lunchpick_payment.payment_history (amount, approved_at, auto_renewal_agreed, created_at, error_code, member_id, payment_id, pg_transaction_id, plan_id, requested_at, status, subscription_id, withdrawal_deadline, withdrawal_right_acknowledged) 
    values
        (?, ?, ?, ?, ?, ?, ?, ?, ?, ?, ?, ?, ?, ?)
2026-02-27 06:46:49 [http-nio-8083-exec-5] DEBUG org.hibernate.SQL - 
    /* insert for
        com.unicorn.lunchpick.payment.repository.entity.SubscriptionEntity */insert 
    into
        lunchpick_payment.subscription (cancel_reason, cancel_reason_detail, cancelled_at, created_at, current_period_ends_at, member_id, next_billing_at, plan_id, started_at, status, subscription_id, trial_extension_used, updated_at) 
    values
        (?, ?, ?, ?, ?, ?, ?, ?, ?, ?, ?, ?, ?)
2026-02-27 06:46:49 [http-nio-8083-exec-5] INFO  c.u.l.p.m.SubscriptionEventPublisher - 구독 이벤트 발행 완료 — eventType: SUBSCRIPTION_ACTIVATED, memberId: b062523f-0c22-4d2a-9e7a-fe07fc2341d6
2026-02-27 06:46:49 [http-nio-8083-exec-5] INFO  c.u.l.p.s.i.SubscriptionServiceImpl - 구독 결제 완료 — memberId: b062523f-0c22-4d2a-9e7a-fe07fc2341d6, subscriptionId: c1084938-7a82-4edc-ad23-956d660b52f3, planId: premium-monthly
2026-02-27 14:55:03 [main] INFO  c.u.l.payment.PaymentApplication - Starting PaymentApplication using Java 21 with PID 62472 (C:\Users\hiond\workspace\lunch-menu-recommender\payment-service\build\classes\java\main started by hiond in C:\Users\hiond\workspace\lunch-menu-recommender\payment-service)
2026-02-27 14:55:03 [main] DEBUG c.u.l.payment.PaymentApplication - Running with Spring Boot v3.4.1, Spring v6.2.1
2026-02-27 14:55:03 [main] INFO  c.u.l.payment.PaymentApplication - The following 1 profile is active: "dev"
2026-02-27 14:55:03 [main] INFO  o.s.d.r.c.RepositoryConfigurationDelegate - Multiple Spring Data modules found, entering strict repository configuration mode
2026-02-27 14:55:03 [main] INFO  o.s.d.r.c.RepositoryConfigurationDelegate - Bootstrapping Spring Data JPA repositories in DEFAULT mode.
2026-02-27 14:55:03 [main] INFO  o.s.d.r.c.RepositoryConfigurationDelegate - Finished Spring Data repository scanning in 65 ms. Found 2 JPA repository interfaces.
2026-02-27 14:55:04 [main] INFO  o.s.d.r.c.RepositoryConfigurationDelegate - Multiple Spring Data modules found, entering strict repository configuration mode
2026-02-27 14:55:04 [main] INFO  o.s.d.r.c.RepositoryConfigurationDelegate - Bootstrapping Spring Data Redis repositories in DEFAULT mode.
2026-02-27 14:55:04 [main] INFO  o.s.d.r.c.RepositoryConfigurationExtensionSupport - Spring Data Redis - Could not safely identify store assignment for repository candidate interface com.unicorn.lunchpick.payment.repository.jpa.PaymentHistoryRepository; If you want this repository to be a Redis repository, consider annotating your entities with one of these annotations: org.springframework.data.redis.core.RedisHash (preferred), or consider extending one of the following types with your repository: org.springframework.data.keyvalue.repository.KeyValueRepository
2026-02-27 14:55:04 [main] INFO  o.s.d.r.c.RepositoryConfigurationExtensionSupport - Spring Data Redis - Could not safely identify store assignment for repository candidate interface com.unicorn.lunchpick.payment.repository.jpa.SubscriptionRepository; If you want this repository to be a Redis repository, consider annotating your entities with one of these annotations: org.springframework.data.redis.core.RedisHash (preferred), or consider extending one of the following types with your repository: org.springframework.data.keyvalue.repository.KeyValueRepository
2026-02-27 14:55:04 [main] INFO  o.s.d.r.c.RepositoryConfigurationDelegate - Finished Spring Data repository scanning in 10 ms. Found 0 Redis repository interfaces.
2026-02-27 14:55:04 [main] INFO  o.s.cloud.context.scope.GenericScope - BeanFactory id=02b1a61c-8ef2-383a-a384-7e602a4ce4c2
2026-02-27 14:55:04 [main] INFO  o.s.b.w.e.tomcat.TomcatWebServer - Tomcat initialized with port 8083 (http)
2026-02-27 14:55:04 [main] INFO  o.a.catalina.core.StandardService - Starting service [Tomcat]
2026-02-27 14:55:04 [main] INFO  o.a.catalina.core.StandardEngine - Starting Servlet engine: [Apache Tomcat/10.1.34]
2026-02-27 14:55:04 [main] INFO  o.a.c.c.C.[Tomcat].[localhost].[/] - Initializing Spring embedded WebApplicationContext
2026-02-27 14:55:04 [main] INFO  o.s.b.w.s.c.ServletWebServerApplicationContext - Root WebApplicationContext: initialization completed in 1514 ms
2026-02-27 14:55:05 [main] DEBUG c.u.l.p.c.j.JwtAuthenticationFilter - Filter 'jwtAuthenticationFilter' configured for use
2026-02-27 14:55:05 [main] INFO  o.h.jpa.internal.util.LogHelper - HHH000204: Processing PersistenceUnitInfo [name: default]
2026-02-27 14:55:05 [main] INFO  org.hibernate.Version - HHH000412: Hibernate ORM core version 6.6.4.Final
2026-02-27 14:55:05 [main] INFO  o.h.c.i.RegionFactoryInitiator - HHH000026: Second-level cache disabled
2026-02-27 14:55:05 [main] DEBUG o.hibernate.type.BasicTypeRegistry - Adding type registration boolean -> org.hibernate.type.BasicTypeReference@21dd9203
2026-02-27 14:55:05 [main] DEBUG o.hibernate.type.BasicTypeRegistry - Adding type registration boolean -> org.hibernate.type.BasicTypeReference@21dd9203
2026-02-27 14:55:05 [main] DEBUG o.hibernate.type.BasicTypeRegistry - Adding type registration java.lang.Boolean -> org.hibernate.type.BasicTypeReference@21dd9203
2026-02-27 14:55:05 [main] DEBUG o.hibernate.type.BasicTypeRegistry - Adding type registration numeric_boolean -> org.hibernate.type.BasicTypeReference@dbcf7c3
2026-02-27 14:55:05 [main] DEBUG o.hibernate.type.BasicTypeRegistry - Adding type registration org.hibernate.type.NumericBooleanConverter -> org.hibernate.type.BasicTypeReference@dbcf7c3
2026-02-27 14:55:05 [main] DEBUG o.hibernate.type.BasicTypeRegistry - Adding type registration true_false -> org.hibernate.type.BasicTypeReference@1e466d
2026-02-27 14:55:05 [main] DEBUG o.hibernate.type.BasicTypeRegistry - Adding type registration org.hibernate.type.TrueFalseConverter -> org.hibernate.type.BasicTypeReference@1e466d
2026-02-27 14:55:05 [main] DEBUG o.hibernate.type.BasicTypeRegistry - Adding type registration yes_no -> org.hibernate.type.BasicTypeReference@63243c8f
2026-02-27 14:55:05 [main] DEBUG o.hibernate.type.BasicTypeRegistry - Adding type registration org.hibernate.type.YesNoConverter -> org.hibernate.type.BasicTypeReference@63243c8f
2026-02-27 14:55:05 [main] DEBUG o.hibernate.type.BasicTypeRegistry - Adding type registration byte -> org.hibernate.type.BasicTypeReference@2ea4e762
2026-02-27 14:55:05 [main] DEBUG o.hibernate.type.BasicTypeRegistry - Adding type registration byte -> org.hibernate.type.BasicTypeReference@2ea4e762
2026-02-27 14:55:05 [main] DEBUG o.hibernate.type.BasicTypeRegistry - Adding type registration java.lang.Byte -> org.hibernate.type.BasicTypeReference@2ea4e762
2026-02-27 14:55:05 [main] DEBUG o.hibernate.type.BasicTypeRegistry - Adding type registration binary -> org.hibernate.type.BasicTypeReference@444c0f9a
2026-02-27 14:55:05 [main] DEBUG o.hibernate.type.BasicTypeRegistry - Adding type registration byte[] -> org.hibernate.type.BasicTypeReference@444c0f9a
2026-02-27 14:55:05 [main] DEBUG o.hibernate.type.BasicTypeRegistry - Adding type registration [B -> org.hibernate.type.BasicTypeReference@444c0f9a
2026-02-27 14:55:05 [main] DEBUG o.hibernate.type.BasicTypeRegistry - Adding type registration binary_wrapper -> org.hibernate.type.BasicTypeReference@36931450
2026-02-27 14:55:05 [main] DEBUG o.hibernate.type.BasicTypeRegistry - Adding type registration wrapper-binary -> org.hibernate.type.BasicTypeReference@36931450
2026-02-27 14:55:05 [main] DEBUG o.hibernate.type.BasicTypeRegistry - Adding type registration image -> org.hibernate.type.BasicTypeReference@74919649
2026-02-27 14:55:05 [main] DEBUG o.hibernate.type.BasicTypeRegistry - Adding type registration blob -> org.hibernate.type.BasicTypeReference@7d07e04e
2026-02-27 14:55:05 [main] DEBUG o.hibernate.type.BasicTypeRegistry - Adding type registration java.sql.Blob -> org.hibernate.type.BasicTypeReference@7d07e04e
2026-02-27 14:55:05 [main] DEBUG o.hibernate.type.BasicTypeRegistry - Adding type registration materialized_blob -> org.hibernate.type.BasicTypeReference@599310ab
2026-02-27 14:55:05 [main] DEBUG o.hibernate.type.BasicTypeRegistry - Adding type registration materialized_blob_wrapper -> org.hibernate.type.BasicTypeReference@770cbe5d
2026-02-27 14:55:05 [main] DEBUG o.hibernate.type.BasicTypeRegistry - Adding type registration short -> org.hibernate.type.BasicTypeReference@f575d2b
2026-02-27 14:55:05 [main] DEBUG o.hibernate.type.BasicTypeRegistry - Adding type registration short -> org.hibernate.type.BasicTypeReference@f575d2b
2026-02-27 14:55:05 [main] DEBUG o.hibernate.type.BasicTypeRegistry - Adding type registration java.lang.Short -> org.hibernate.type.BasicTypeReference@f575d2b
2026-02-27 14:55:05 [main] DEBUG o.hibernate.type.BasicTypeRegistry - Adding type registration integer -> org.hibernate.type.BasicTypeReference@4d90d91f
2026-02-27 14:55:05 [main] DEBUG o.hibernate.type.BasicTypeRegistry - Adding type registration int -> org.hibernate.type.BasicTypeReference@4d90d91f
2026-02-27 14:55:05 [main] DEBUG o.hibernate.type.BasicTypeRegistry - Adding type registration java.lang.Integer -> org.hibernate.type.BasicTypeReference@4d90d91f
2026-02-27 14:55:05 [main] DEBUG o.hibernate.type.BasicTypeRegistry - Adding type registration long -> org.hibernate.type.BasicTypeReference@c478e4e
2026-02-27 14:55:05 [main] DEBUG o.hibernate.type.BasicTypeRegistry - Adding type registration long -> org.hibernate.type.BasicTypeReference@c478e4e
2026-02-27 14:55:05 [main] DEBUG o.hibernate.type.BasicTypeRegistry - Adding type registration java.lang.Long -> org.hibernate.type.BasicTypeReference@c478e4e
2026-02-27 14:55:05 [main] DEBUG o.hibernate.type.BasicTypeRegistry - Adding type registration float -> org.hibernate.type.BasicTypeReference@1e2b37cd
2026-02-27 14:55:05 [main] DEBUG o.hibernate.type.BasicTypeRegistry - Adding type registration float -> org.hibernate.type.BasicTypeReference@1e2b37cd
2026-02-27 14:55:05 [main] DEBUG o.hibernate.type.BasicTypeRegistry - Adding type registration java.lang.Float -> org.hibernate.type.BasicTypeReference@1e2b37cd
2026-02-27 14:55:05 [main] DEBUG o.hibernate.type.BasicTypeRegistry - Adding type registration double -> org.hibernate.type.BasicTypeReference@2ba08f26
2026-02-27 14:55:05 [main] DEBUG o.hibernate.type.BasicTypeRegistry - Adding type registration double -> org.hibernate.type.BasicTypeReference@2ba08f26
2026-02-27 14:55:05 [main] DEBUG o.hibernate.type.BasicTypeRegistry - Adding type registration java.lang.Double -> org.hibernate.type.BasicTypeReference@2ba08f26
2026-02-27 14:55:05 [main] DEBUG o.hibernate.type.BasicTypeRegistry - Adding type registration big_integer -> org.hibernate.type.BasicTypeReference@6033f36c
2026-02-27 14:55:05 [main] DEBUG o.hibernate.type.BasicTypeRegistry - Adding type registration java.math.BigInteger -> org.hibernate.type.BasicTypeReference@6033f36c
2026-02-27 14:55:05 [main] DEBUG o.hibernate.type.BasicTypeRegistry - Adding type registration big_decimal -> org.hibernate.type.BasicTypeReference@50b624da
2026-02-27 14:55:05 [main] DEBUG o.hibernate.type.BasicTypeRegistry - Adding type registration java.math.BigDecimal -> org.hibernate.type.BasicTypeReference@50b624da
2026-02-27 14:55:05 [main] DEBUG o.hibernate.type.BasicTypeRegistry - Adding type registration character -> org.hibernate.type.BasicTypeReference@1764e45e
2026-02-27 14:55:05 [main] DEBUG o.hibernate.type.BasicTypeRegistry - Adding type registration char -> org.hibernate.type.BasicTypeReference@1764e45e
2026-02-27 14:55:05 [main] DEBUG o.hibernate.type.BasicTypeRegistry - Adding type registration java.lang.Character -> org.hibernate.type.BasicTypeReference@1764e45e
2026-02-27 14:55:05 [main] DEBUG o.hibernate.type.BasicTypeRegistry - Adding type registration character_nchar -> org.hibernate.type.BasicTypeReference@3892802b
2026-02-27 14:55:05 [main] DEBUG o.hibernate.type.BasicTypeRegistry - Adding type registration string -> org.hibernate.type.BasicTypeReference@4745bcc6
2026-02-27 14:55:05 [main] DEBUG o.hibernate.type.BasicTypeRegistry - Adding type registration java.lang.String -> org.hibernate.type.BasicTypeReference@4745bcc6
2026-02-27 14:55:05 [main] DEBUG o.hibernate.type.BasicTypeRegistry - Adding type registration nstring -> org.hibernate.type.BasicTypeReference@2634d000
2026-02-27 14:55:05 [main] DEBUG o.hibernate.type.BasicTypeRegistry - Adding type registration characters -> org.hibernate.type.BasicTypeReference@1642968c
2026-02-27 14:55:05 [main] DEBUG o.hibernate.type.BasicTypeRegistry - Adding type registration char[] -> org.hibernate.type.BasicTypeReference@1642968c
2026-02-27 14:55:05 [main] DEBUG o.hibernate.type.BasicTypeRegistry - Adding type registration [C -> org.hibernate.type.BasicTypeReference@1642968c
2026-02-27 14:55:05 [main] DEBUG o.hibernate.type.BasicTypeRegistry - Adding type registration wrapper-characters -> org.hibernate.type.BasicTypeReference@3a7dcfb7
2026-02-27 14:55:05 [main] DEBUG o.hibernate.type.BasicTypeRegistry - Adding type registration text -> org.hibernate.type.BasicTypeReference@50b4e7b2
2026-02-27 14:55:05 [main] DEBUG o.hibernate.type.BasicTypeRegistry - Adding type registration ntext -> org.hibernate.type.BasicTypeReference@50008974
2026-02-27 14:55:05 [main] DEBUG o.hibernate.type.BasicTypeRegistry - Adding type registration clob -> org.hibernate.type.BasicTypeReference@5274830e
2026-02-27 14:55:05 [main] DEBUG o.hibernate.type.BasicTypeRegistry - Adding type registration java.sql.Clob -> org.hibernate.type.BasicTypeReference@5274830e
2026-02-27 14:55:05 [main] DEBUG o.hibernate.type.BasicTypeRegistry - Adding type registration nclob -> org.hibernate.type.BasicTypeReference@6a0ee80
2026-02-27 14:55:05 [main] DEBUG o.hibernate.type.BasicTypeRegistry - Adding type registration java.sql.NClob -> org.hibernate.type.BasicTypeReference@6a0ee80
2026-02-27 14:55:05 [main] DEBUG o.hibernate.type.BasicTypeRegistry - Adding type registration materialized_clob -> org.hibernate.type.BasicTypeReference@71de1091
2026-02-27 14:55:05 [main] DEBUG o.hibernate.type.BasicTypeRegistry - Adding type registration materialized_clob_char_array -> org.hibernate.type.BasicTypeReference@25c16cf7
2026-02-27 14:55:05 [main] DEBUG o.hibernate.type.BasicTypeRegistry - Adding type registration materialized_clob_character_array -> org.hibernate.type.BasicTypeReference@53dbe7b2
2026-02-27 14:55:05 [main] DEBUG o.hibernate.type.BasicTypeRegistry - Adding type registration materialized_nclob -> org.hibernate.type.BasicTypeReference@520ec7a7
2026-02-27 14:55:05 [main] DEBUG o.hibernate.type.BasicTypeRegistry - Adding type registration materialized_nclob_character_array -> org.hibernate.type.BasicTypeReference@53551fef
2026-02-27 14:55:05 [main] DEBUG o.hibernate.type.BasicTypeRegistry - Adding type registration materialized_nclob_char_array -> org.hibernate.type.BasicTypeReference@7d5d77a6
2026-02-27 14:55:05 [main] DEBUG o.hibernate.type.BasicTypeRegistry - Adding type registration Duration -> org.hibernate.type.BasicTypeReference@71b7e9c8
2026-02-27 14:55:05 [main] DEBUG o.hibernate.type.BasicTypeRegistry - Adding type registration java.time.Duration -> org.hibernate.type.BasicTypeReference@71b7e9c8
2026-02-27 14:55:05 [main] DEBUG o.hibernate.type.BasicTypeRegistry - Adding type registration LocalDateTime -> org.hibernate.type.BasicTypeReference@55202ba6
2026-02-27 14:55:05 [main] DEBUG o.hibernate.type.BasicTypeRegistry - Adding type registration java.time.LocalDateTime -> org.hibernate.type.BasicTypeReference@55202ba6
2026-02-27 14:55:05 [main] DEBUG o.hibernate.type.BasicTypeRegistry - Adding type registration LocalDate -> org.hibernate.type.BasicTypeReference@2ef1fc8a
2026-02-27 14:55:05 [main] DEBUG o.hibernate.type.BasicTypeRegistry - Adding type registration java.time.LocalDate -> org.hibernate.type.BasicTypeReference@2ef1fc8a
2026-02-27 14:55:05 [main] DEBUG o.hibernate.type.BasicTypeRegistry - Adding type registration LocalTime -> org.hibernate.type.BasicTypeReference@38874eb5
2026-02-27 14:55:05 [main] DEBUG o.hibernate.type.BasicTypeRegistry - Adding type registration java.time.LocalTime -> org.hibernate.type.BasicTypeReference@38874eb5
2026-02-27 14:55:05 [main] DEBUG o.hibernate.type.BasicTypeRegistry - Adding type registration OffsetDateTime -> org.hibernate.type.BasicTypeReference@76b019c4
2026-02-27 14:55:05 [main] DEBUG o.hibernate.type.BasicTypeRegistry - Adding type registration java.time.OffsetDateTime -> org.hibernate.type.BasicTypeReference@76b019c4
2026-02-27 14:55:05 [main] DEBUG o.hibernate.type.BasicTypeRegistry - Adding type registration OffsetDateTimeWithTimezone -> org.hibernate.type.BasicTypeReference@221961af
2026-02-27 14:55:05 [main] DEBUG o.hibernate.type.BasicTypeRegistry - Adding type registration OffsetDateTimeWithoutTimezone -> org.hibernate.type.BasicTypeReference@32ddcca
2026-02-27 14:55:05 [main] DEBUG o.hibernate.type.BasicTypeRegistry - Adding type registration OffsetTime -> org.hibernate.type.BasicTypeReference@1ddc8fc
2026-02-27 14:55:05 [main] DEBUG o.hibernate.type.BasicTypeRegistry - Adding type registration java.time.OffsetTime -> org.hibernate.type.BasicTypeReference@1ddc8fc
2026-02-27 14:55:05 [main] DEBUG o.hibernate.type.BasicTypeRegistry - Adding type registration OffsetTimeUtc -> org.hibernate.type.BasicTypeReference@77d58f3a
2026-02-27 14:55:05 [main] DEBUG o.hibernate.type.BasicTypeRegistry - Adding type registration OffsetTimeWithTimezone -> org.hibernate.type.BasicTypeReference@1e288c76
2026-02-27 14:55:05 [main] DEBUG o.hibernate.type.BasicTypeRegistry - Adding type registration OffsetTimeWithoutTimezone -> org.hibernate.type.BasicTypeReference@738ed8f5
2026-02-27 14:55:05 [main] DEBUG o.hibernate.type.BasicTypeRegistry - Adding type registration ZonedDateTime -> org.hibernate.type.BasicTypeReference@1cfb7450
2026-02-27 14:55:05 [main] DEBUG o.hibernate.type.BasicTypeRegistry - Adding type registration java.time.ZonedDateTime -> org.hibernate.type.BasicTypeReference@1cfb7450
2026-02-27 14:55:05 [main] DEBUG o.hibernate.type.BasicTypeRegistry - Adding type registration ZonedDateTimeWithTimezone -> org.hibernate.type.BasicTypeReference@478c84aa
2026-02-27 14:55:05 [main] DEBUG o.hibernate.type.BasicTypeRegistry - Adding type registration ZonedDateTimeWithoutTimezone -> org.hibernate.type.BasicTypeReference@1d1deb11
2026-02-27 14:55:05 [main] DEBUG o.hibernate.type.BasicTypeRegistry - Adding type registration date -> org.hibernate.type.BasicTypeReference@18d1d137
2026-02-27 14:55:05 [main] DEBUG o.hibernate.type.BasicTypeRegistry - Adding type registration java.sql.Date -> org.hibernate.type.BasicTypeReference@18d1d137
2026-02-27 14:55:05 [main] DEBUG o.hibernate.type.BasicTypeRegistry - Adding type registration time -> org.hibernate.type.BasicTypeReference@5f4f6f89
2026-02-27 14:55:05 [main] DEBUG o.hibernate.type.BasicTypeRegistry - Adding type registration java.sql.Time -> org.hibernate.type.BasicTypeReference@5f4f6f89
2026-02-27 14:55:05 [main] DEBUG o.hibernate.type.BasicTypeRegistry - Adding type registration timestamp -> org.hibernate.type.BasicTypeReference@7c45191e
2026-02-27 14:55:05 [main] DEBUG o.hibernate.type.BasicTypeRegistry - Adding type registration java.sql.Timestamp -> org.hibernate.type.BasicTypeReference@7c45191e
2026-02-27 14:55:05 [main] DEBUG o.hibernate.type.BasicTypeRegistry - Adding type registration java.util.Date -> org.hibernate.type.BasicTypeReference@7c45191e
2026-02-27 14:55:05 [main] DEBUG o.hibernate.type.BasicTypeRegistry - Adding type registration calendar -> org.hibernate.type.BasicTypeReference@ef220e4
2026-02-27 14:55:05 [main] DEBUG o.hibernate.type.BasicTypeRegistry - Adding type registration java.util.Calendar -> org.hibernate.type.BasicTypeReference@ef220e4
2026-02-27 14:55:05 [main] DEBUG o.hibernate.type.BasicTypeRegistry - Adding type registration java.util.GregorianCalendar -> org.hibernate.type.BasicTypeReference@ef220e4
2026-02-27 14:55:05 [main] DEBUG o.hibernate.type.BasicTypeRegistry - Adding type registration calendar_date -> org.hibernate.type.BasicTypeReference@18bc1064
2026-02-27 14:55:05 [main] DEBUG o.hibernate.type.BasicTypeRegistry - Adding type registration calendar_time -> org.hibernate.type.BasicTypeReference@3cab07dd
2026-02-27 14:55:05 [main] DEBUG o.hibernate.type.BasicTypeRegistry - Adding type registration instant -> org.hibernate.type.BasicTypeReference@68f264bf
2026-02-27 14:55:05 [main] DEBUG o.hibernate.type.BasicTypeRegistry - Adding type registration java.time.Instant -> org.hibernate.type.BasicTypeReference@68f264bf
2026-02-27 14:55:05 [main] DEBUG o.hibernate.type.BasicTypeRegistry - Adding type registration uuid -> org.hibernate.type.BasicTypeReference@77988c45
2026-02-27 14:55:05 [main] DEBUG o.hibernate.type.BasicTypeRegistry - Adding type registration java.util.UUID -> org.hibernate.type.BasicTypeReference@77988c45
2026-02-27 14:55:05 [main] DEBUG o.hibernate.type.BasicTypeRegistry - Adding type registration pg-uuid -> org.hibernate.type.BasicTypeReference@77988c45
2026-02-27 14:55:05 [main] DEBUG o.hibernate.type.BasicTypeRegistry - Adding type registration uuid-binary -> org.hibernate.type.BasicTypeReference@f5f8de2
2026-02-27 14:55:05 [main] DEBUG o.hibernate.type.BasicTypeRegistry - Adding type registration uuid-char -> org.hibernate.type.BasicTypeReference@6baee63b
2026-02-27 14:55:05 [main] DEBUG o.hibernate.type.BasicTypeRegistry - Adding type registration class -> org.hibernate.type.BasicTypeReference@1002b06d
2026-02-27 14:55:05 [main] DEBUG o.hibernate.type.BasicTypeRegistry - Adding type registration java.lang.Class -> org.hibernate.type.BasicTypeReference@1002b06d
2026-02-27 14:55:05 [main] DEBUG o.hibernate.type.BasicTypeRegistry - Adding type registration currency -> org.hibernate.type.BasicTypeReference@234bfc8c
2026-02-27 14:55:05 [main] DEBUG o.hibernate.type.BasicTypeRegistry - Adding type registration Currency -> org.hibernate.type.BasicTypeReference@234bfc8c
2026-02-27 14:55:05 [main] DEBUG o.hibernate.type.BasicTypeRegistry - Adding type registration java.util.Currency -> org.hibernate.type.BasicTypeReference@234bfc8c
2026-02-27 14:55:05 [main] DEBUG o.hibernate.type.BasicTypeRegistry - Adding type registration locale -> org.hibernate.type.BasicTypeReference@5008559a
2026-02-27 14:55:05 [main] DEBUG o.hibernate.type.BasicTypeRegistry - Adding type registration java.util.Locale -> org.hibernate.type.BasicTypeReference@5008559a
2026-02-27 14:55:05 [main] DEBUG o.hibernate.type.BasicTypeRegistry - Adding type registration serializable -> org.hibernate.type.BasicTypeReference@4c0bfe9e
2026-02-27 14:55:05 [main] DEBUG o.hibernate.type.BasicTypeRegistry - Adding type registration java.io.Serializable -> org.hibernate.type.BasicTypeReference@4c0bfe9e
2026-02-27 14:55:05 [main] DEBUG o.hibernate.type.BasicTypeRegistry - Adding type registration timezone -> org.hibernate.type.BasicTypeReference@490fbeaa
2026-02-27 14:55:05 [main] DEBUG o.hibernate.type.BasicTypeRegistry - Adding type registration java.util.TimeZone -> org.hibernate.type.BasicTypeReference@490fbeaa
2026-02-27 14:55:05 [main] DEBUG o.hibernate.type.BasicTypeRegistry - Adding type registration ZoneOffset -> org.hibernate.type.BasicTypeReference@35dc849b
2026-02-27 14:55:05 [main] DEBUG o.hibernate.type.BasicTypeRegistry - Adding type registration java.time.ZoneOffset -> org.hibernate.type.BasicTypeReference@35dc849b
2026-02-27 14:55:05 [main] DEBUG o.hibernate.type.BasicTypeRegistry - Adding type registration url -> org.hibernate.type.BasicTypeReference@276aa33f
2026-02-27 14:55:05 [main] DEBUG o.hibernate.type.BasicTypeRegistry - Adding type registration java.net.URL -> org.hibernate.type.BasicTypeReference@276aa33f
2026-02-27 14:55:05 [main] DEBUG o.hibernate.type.BasicTypeRegistry - Adding type registration vector -> org.hibernate.type.BasicTypeReference@34065642
2026-02-27 14:55:05 [main] DEBUG o.hibernate.type.BasicTypeRegistry - Adding type registration float_vector -> org.hibernate.type.BasicTypeReference@c85486
2026-02-27 14:55:05 [main] DEBUG o.hibernate.type.BasicTypeRegistry - Adding type registration double_vector -> org.hibernate.type.BasicTypeReference@51e1e058
2026-02-27 14:55:05 [main] DEBUG o.hibernate.type.BasicTypeRegistry - Adding type registration byte_vector -> org.hibernate.type.BasicTypeReference@23e0c200
2026-02-27 14:55:05 [main] DEBUG o.hibernate.type.BasicTypeRegistry - Adding type registration row_version -> org.hibernate.type.BasicTypeReference@25d23478
2026-02-27 14:55:05 [main] DEBUG o.hibernate.type.BasicTypeRegistry - Adding type registration object -> org.hibernate.type.JavaObjectType@339cde4b
2026-02-27 14:55:05 [main] DEBUG o.hibernate.type.BasicTypeRegistry - Adding type registration java.lang.Object -> org.hibernate.type.JavaObjectType@339cde4b
2026-02-27 14:55:05 [main] DEBUG o.hibernate.type.BasicTypeRegistry - Adding type registration null -> org.hibernate.type.NullType@3fcc7f5c
2026-02-27 14:55:05 [main] DEBUG o.hibernate.type.BasicTypeRegistry - Adding type registration imm_date -> org.hibernate.type.BasicTypeReference@7512a9a6
2026-02-27 14:55:05 [main] DEBUG o.hibernate.type.BasicTypeRegistry - Adding type registration imm_time -> org.hibernate.type.BasicTypeReference@32fd5bc
2026-02-27 14:55:05 [main] DEBUG o.hibernate.type.BasicTypeRegistry - Adding type registration imm_timestamp -> org.hibernate.type.BasicTypeReference@5737d116
2026-02-27 14:55:05 [main] DEBUG o.hibernate.type.BasicTypeRegistry - Adding type registration imm_calendar -> org.hibernate.type.BasicTypeReference@b5d7233
2026-02-27 14:55:05 [main] DEBUG o.hibernate.type.BasicTypeRegistry - Adding type registration imm_calendar_date -> org.hibernate.type.BasicTypeReference@6be2b567
2026-02-27 14:55:05 [main] DEBUG o.hibernate.type.BasicTypeRegistry - Adding type registration imm_calendar_time -> org.hibernate.type.BasicTypeReference@169d1f92
2026-02-27 14:55:05 [main] DEBUG o.hibernate.type.BasicTypeRegistry - Adding type registration imm_binary -> org.hibernate.type.BasicTypeReference@7fcbc336
2026-02-27 14:55:05 [main] DEBUG o.hibernate.type.BasicTypeRegistry - Adding type registration imm_serializable -> org.hibernate.type.BasicTypeReference@1fe7fa16
2026-02-27 14:55:05 [main] INFO  o.s.o.j.p.SpringPersistenceUnitInfo - No LoadTimeWeaver setup: ignoring JPA class transformer
2026-02-27 14:55:05 [main] INFO  com.zaxxer.hikari.HikariDataSource - HikariPool-1 - Starting...
2026-02-27 14:55:05 [main] INFO  com.zaxxer.hikari.pool.HikariPool - HikariPool-1 - Added connection org.postgresql.jdbc.PgConnection@65880400
2026-02-27 14:55:05 [main] INFO  com.zaxxer.hikari.HikariDataSource - HikariPool-1 - Start completed.
2026-02-27 14:55:05 [main] INFO  o.hibernate.orm.connections.pooling - HHH10001005: Database info:
	Database JDBC URL [Connecting through datasource 'HikariDataSource (HikariPool-1)']
	Database driver: undefined/unknown
	Database version: 16.12
	Autocommit mode: undefined/unknown
	Isolation level: undefined/unknown
	Minimum pool size: undefined/unknown
	Maximum pool size: undefined/unknown
2026-02-27 14:55:05 [main] DEBUG o.h.t.d.sql.spi.DdlTypeRegistry - addDescriptor(2003, org.hibernate.type.descriptor.sql.internal.ArrayDdlTypeImpl@11fa11b2) replaced previous registration(org.hibernate.type.descriptor.sql.internal.ArrayDdlTypeImpl@29ddaa8e)
2026-02-27 14:55:05 [main] DEBUG o.h.t.d.sql.spi.DdlTypeRegistry - addDescriptor(6, org.hibernate.type.descriptor.sql.internal.CapacityDependentDdlType@4c678a1f) replaced previous registration(org.hibernate.type.descriptor.sql.internal.DdlTypeImpl@217009bd)
2026-02-27 14:55:05 [main] DEBUG o.h.t.d.jdbc.spi.JdbcTypeRegistry - addDescriptor(2004, BlobTypeDescriptor(BLOB_BINDING)) replaced previous registration(BlobTypeDescriptor(DEFAULT))
2026-02-27 14:55:05 [main] DEBUG o.h.t.d.jdbc.spi.JdbcTypeRegistry - addDescriptor(2005, ClobTypeDescriptor(CLOB_BINDING)) replaced previous registration(ClobTypeDescriptor(DEFAULT))
2026-02-27 14:55:05 [main] DEBUG o.hibernate.type.BasicTypeRegistry - Adding type registration JAVA_OBJECT -> org.hibernate.type.JavaObjectType@3a574a3b
2026-02-27 14:55:05 [main] DEBUG o.hibernate.type.BasicTypeRegistry - Adding type registration java.lang.Object -> org.hibernate.type.JavaObjectType@3a574a3b
2026-02-27 14:55:05 [main] DEBUG o.hibernate.type.BasicTypeRegistry - Type registration key [java.lang.Object] overrode previous entry : `org.hibernate.type.JavaObjectType@339cde4b`
2026-02-27 14:55:05 [main] DEBUG o.hibernate.type.BasicTypeRegistry - Adding type registration org.hibernate.type.DurationType -> basicType@1(java.time.Duration,3015)
2026-02-27 14:55:05 [main] DEBUG o.hibernate.type.BasicTypeRegistry - Adding type registration Duration -> basicType@1(java.time.Duration,3015)
2026-02-27 14:55:05 [main] DEBUG o.hibernate.type.BasicTypeRegistry - Adding type registration java.time.Duration -> basicType@1(java.time.Duration,3015)
2026-02-27 14:55:05 [main] DEBUG o.hibernate.type.BasicTypeRegistry - Adding type registration org.hibernate.type.OffsetDateTimeType -> basicType@2(java.time.OffsetDateTime,3003)
2026-02-27 14:55:05 [main] DEBUG o.hibernate.type.BasicTypeRegistry - Adding type registration OffsetDateTime -> basicType@2(java.time.OffsetDateTime,3003)
2026-02-27 14:55:05 [main] DEBUG o.hibernate.type.BasicTypeRegistry - Adding type registration java.time.OffsetDateTime -> basicType@2(java.time.OffsetDateTime,3003)
2026-02-27 14:55:05 [main] DEBUG o.hibernate.type.BasicTypeRegistry - Adding type registration org.hibernate.type.ZonedDateTimeType -> basicType@3(java.time.ZonedDateTime,3003)
2026-02-27 14:55:05 [main] DEBUG o.hibernate.type.BasicTypeRegistry - Adding type registration ZonedDateTime -> basicType@3(java.time.ZonedDateTime,3003)
2026-02-27 14:55:05 [main] DEBUG o.hibernate.type.BasicTypeRegistry - Adding type registration java.time.ZonedDateTime -> basicType@3(java.time.ZonedDateTime,3003)
2026-02-27 14:55:05 [main] DEBUG o.hibernate.type.BasicTypeRegistry - Adding type registration org.hibernate.type.OffsetTimeType -> basicType@4(java.time.OffsetTime,3007)
2026-02-27 14:55:05 [main] DEBUG o.hibernate.type.BasicTypeRegistry - Adding type registration OffsetTime -> basicType@4(java.time.OffsetTime,3007)
2026-02-27 14:55:05 [main] DEBUG o.hibernate.type.BasicTypeRegistry - Adding type registration java.time.OffsetTime -> basicType@4(java.time.OffsetTime,3007)
2026-02-27 14:55:05 [main] DEBUG o.h.type.spi.TypeConfiguration$Scope - Scoping TypeConfiguration [org.hibernate.type.spi.TypeConfiguration@df04d12] to MetadataBuildingContext [org.hibernate.boot.internal.MetadataBuildingContextRootImpl@757f47f0]
2026-02-27 14:55:06 [main] INFO  o.h.e.t.j.p.i.JtaPlatformInitiator - HHH000489: No JTA platform available (set 'hibernate.transaction.jta.platform' to enable JTA platform integration)
2026-02-27 14:55:06 [main] DEBUG o.h.type.spi.TypeConfiguration$Scope - Scoping TypeConfiguration [org.hibernate.type.spi.TypeConfiguration@df04d12] to SessionFactoryImplementor [org.hibernate.internal.SessionFactoryImpl@7b57587e]
2026-02-27 14:55:06 [main] TRACE o.h.type.spi.TypeConfiguration$Scope - Handling #sessionFactoryCreated from [org.hibernate.internal.SessionFactoryImpl@7b57587e] for TypeConfiguration
2026-02-27 14:55:06 [main] INFO  o.s.o.j.LocalContainerEntityManagerFactoryBean - Initialized JPA EntityManagerFactory for persistence unit 'default'
2026-02-27 14:55:06 [main] WARN  o.s.b.a.o.j.JpaBaseConfiguration$JpaWebConfiguration - spring.jpa.open-in-view is enabled by default. Therefore, database queries may be performed during view rendering. Explicitly configure spring.jpa.open-in-view to disable this warning
2026-02-27 14:55:06 [main] WARN  o.s.b.a.s.s.UserDetailsServiceAutoConfiguration - 

Using generated security password: ec77e951-3c17-47bc-a82a-a00a03cb1299

This generated password is for development use only. Your security configuration must be updated before running your application in production.

2026-02-27 14:55:06 [main] INFO  o.s.s.c.a.a.c.InitializeUserDetailsBeanManagerConfigurer$InitializeUserDetailsManagerConfigurer - Global AuthenticationManager configured with UserDetailsService bean with name inMemoryUserDetailsManager
2026-02-27 14:55:07 [main] INFO  o.s.b.a.e.web.EndpointLinksResolver - Exposing 4 endpoints beneath base path '/actuator'
2026-02-27 14:55:08 [main] INFO  o.s.cloud.commons.util.InetUtils - Cannot determine local hostname
2026-02-27 14:55:09 [main] INFO  o.s.b.w.e.tomcat.TomcatWebServer - Tomcat started on port 8083 (http) with context path '/'
2026-02-27 14:55:10 [main] INFO  o.s.cloud.commons.util.InetUtils - Cannot determine local hostname
2026-02-27 14:55:10 [main] INFO  c.u.l.payment.PaymentApplication - Started PaymentApplication in 8.031 seconds (process running for 8.346)
2026-02-27 15:24:52 [main] INFO  c.u.l.payment.PaymentApplication - Starting PaymentApplication using Java 21 with PID 49056 (C:\Users\hiond\workspace\lunch-menu-recommender\payment-service\build\classes\java\main started by hiond in C:\Users\hiond\workspace\lunch-menu-recommender\payment-service)
2026-02-27 15:24:52 [main] DEBUG c.u.l.payment.PaymentApplication - Running with Spring Boot v3.4.1, Spring v6.2.1
2026-02-27 15:24:52 [main] INFO  c.u.l.payment.PaymentApplication - The following 1 profile is active: "dev"
2026-02-27 15:24:53 [main] INFO  o.s.d.r.c.RepositoryConfigurationDelegate - Multiple Spring Data modules found, entering strict repository configuration mode
2026-02-27 15:24:53 [main] INFO  o.s.d.r.c.RepositoryConfigurationDelegate - Bootstrapping Spring Data JPA repositories in DEFAULT mode.
2026-02-27 15:24:53 [main] INFO  o.s.d.r.c.RepositoryConfigurationDelegate - Finished Spring Data repository scanning in 89 ms. Found 2 JPA repository interfaces.
2026-02-27 15:24:53 [main] INFO  o.s.d.r.c.RepositoryConfigurationDelegate - Multiple Spring Data modules found, entering strict repository configuration mode
2026-02-27 15:24:53 [main] INFO  o.s.d.r.c.RepositoryConfigurationDelegate - Bootstrapping Spring Data Redis repositories in DEFAULT mode.
2026-02-27 15:24:53 [main] INFO  o.s.d.r.c.RepositoryConfigurationExtensionSupport - Spring Data Redis - Could not safely identify store assignment for repository candidate interface com.unicorn.lunchpick.payment.repository.jpa.PaymentHistoryRepository; If you want this repository to be a Redis repository, consider annotating your entities with one of these annotations: org.springframework.data.redis.core.RedisHash (preferred), or consider extending one of the following types with your repository: org.springframework.data.keyvalue.repository.KeyValueRepository
2026-02-27 15:24:53 [main] INFO  o.s.d.r.c.RepositoryConfigurationExtensionSupport - Spring Data Redis - Could not safely identify store assignment for repository candidate interface com.unicorn.lunchpick.payment.repository.jpa.SubscriptionRepository; If you want this repository to be a Redis repository, consider annotating your entities with one of these annotations: org.springframework.data.redis.core.RedisHash (preferred), or consider extending one of the following types with your repository: org.springframework.data.keyvalue.repository.KeyValueRepository
2026-02-27 15:24:53 [main] INFO  o.s.d.r.c.RepositoryConfigurationDelegate - Finished Spring Data repository scanning in 13 ms. Found 0 Redis repository interfaces.
2026-02-27 15:24:53 [main] INFO  o.s.cloud.context.scope.GenericScope - BeanFactory id=02b1a61c-8ef2-383a-a384-7e602a4ce4c2
2026-02-27 15:24:54 [main] INFO  o.s.b.w.e.tomcat.TomcatWebServer - Tomcat initialized with port 8083 (http)
2026-02-27 15:24:54 [main] INFO  o.a.catalina.core.StandardService - Starting service [Tomcat]
2026-02-27 15:24:54 [main] INFO  o.a.catalina.core.StandardEngine - Starting Servlet engine: [Apache Tomcat/10.1.34]
2026-02-27 15:24:54 [main] INFO  o.a.c.c.C.[Tomcat].[localhost].[/] - Initializing Spring embedded WebApplicationContext
2026-02-27 15:24:54 [main] INFO  o.s.b.w.s.c.ServletWebServerApplicationContext - Root WebApplicationContext: initialization completed in 1761 ms
2026-02-27 15:24:54 [main] DEBUG c.u.l.p.c.j.JwtAuthenticationFilter - Filter 'jwtAuthenticationFilter' configured for use
2026-02-27 15:24:54 [main] INFO  o.h.jpa.internal.util.LogHelper - HHH000204: Processing PersistenceUnitInfo [name: default]
2026-02-27 15:24:54 [main] INFO  org.hibernate.Version - HHH000412: Hibernate ORM core version 6.6.4.Final
2026-02-27 15:24:54 [main] INFO  o.h.c.i.RegionFactoryInitiator - HHH000026: Second-level cache disabled
2026-02-27 15:24:54 [main] DEBUG o.hibernate.type.BasicTypeRegistry - Adding type registration boolean -> org.hibernate.type.BasicTypeReference@47994b51
2026-02-27 15:24:54 [main] DEBUG o.hibernate.type.BasicTypeRegistry - Adding type registration boolean -> org.hibernate.type.BasicTypeReference@47994b51
2026-02-27 15:24:54 [main] DEBUG o.hibernate.type.BasicTypeRegistry - Adding type registration java.lang.Boolean -> org.hibernate.type.BasicTypeReference@47994b51
2026-02-27 15:24:54 [main] DEBUG o.hibernate.type.BasicTypeRegistry - Adding type registration numeric_boolean -> org.hibernate.type.BasicTypeReference@19f99aaf
2026-02-27 15:24:54 [main] DEBUG o.hibernate.type.BasicTypeRegistry - Adding type registration org.hibernate.type.NumericBooleanConverter -> org.hibernate.type.BasicTypeReference@19f99aaf
2026-02-27 15:24:54 [main] DEBUG o.hibernate.type.BasicTypeRegistry - Adding type registration true_false -> org.hibernate.type.BasicTypeReference@5020e5ab
2026-02-27 15:24:54 [main] DEBUG o.hibernate.type.BasicTypeRegistry - Adding type registration org.hibernate.type.TrueFalseConverter -> org.hibernate.type.BasicTypeReference@5020e5ab
2026-02-27 15:24:54 [main] DEBUG o.hibernate.type.BasicTypeRegistry - Adding type registration yes_no -> org.hibernate.type.BasicTypeReference@19f1f330
2026-02-27 15:24:54 [main] DEBUG o.hibernate.type.BasicTypeRegistry - Adding type registration org.hibernate.type.YesNoConverter -> org.hibernate.type.BasicTypeReference@19f1f330
2026-02-27 15:24:54 [main] DEBUG o.hibernate.type.BasicTypeRegistry - Adding type registration byte -> org.hibernate.type.BasicTypeReference@143fe09c
2026-02-27 15:24:54 [main] DEBUG o.hibernate.type.BasicTypeRegistry - Adding type registration byte -> org.hibernate.type.BasicTypeReference@143fe09c
2026-02-27 15:24:54 [main] DEBUG o.hibernate.type.BasicTypeRegistry - Adding type registration java.lang.Byte -> org.hibernate.type.BasicTypeReference@143fe09c
2026-02-27 15:24:54 [main] DEBUG o.hibernate.type.BasicTypeRegistry - Adding type registration binary -> org.hibernate.type.BasicTypeReference@41463c56
2026-02-27 15:24:54 [main] DEBUG o.hibernate.type.BasicTypeRegistry - Adding type registration byte[] -> org.hibernate.type.BasicTypeReference@41463c56
2026-02-27 15:24:54 [main] DEBUG o.hibernate.type.BasicTypeRegistry - Adding type registration [B -> org.hibernate.type.BasicTypeReference@41463c56
2026-02-27 15:24:54 [main] DEBUG o.hibernate.type.BasicTypeRegistry - Adding type registration binary_wrapper -> org.hibernate.type.BasicTypeReference@161c9468
2026-02-27 15:24:54 [main] DEBUG o.hibernate.type.BasicTypeRegistry - Adding type registration wrapper-binary -> org.hibernate.type.BasicTypeReference@161c9468
2026-02-27 15:24:54 [main] DEBUG o.hibernate.type.BasicTypeRegistry - Adding type registration image -> org.hibernate.type.BasicTypeReference@629de8
2026-02-27 15:24:54 [main] DEBUG o.hibernate.type.BasicTypeRegistry - Adding type registration blob -> org.hibernate.type.BasicTypeReference@6b32b678
2026-02-27 15:24:54 [main] DEBUG o.hibernate.type.BasicTypeRegistry - Adding type registration java.sql.Blob -> org.hibernate.type.BasicTypeReference@6b32b678
2026-02-27 15:24:54 [main] DEBUG o.hibernate.type.BasicTypeRegistry - Adding type registration materialized_blob -> org.hibernate.type.BasicTypeReference@1b6683c4
2026-02-27 15:24:54 [main] DEBUG o.hibernate.type.BasicTypeRegistry - Adding type registration materialized_blob_wrapper -> org.hibernate.type.BasicTypeReference@69abeb14
2026-02-27 15:24:54 [main] DEBUG o.hibernate.type.BasicTypeRegistry - Adding type registration short -> org.hibernate.type.BasicTypeReference@7db2b614
2026-02-27 15:24:54 [main] DEBUG o.hibernate.type.BasicTypeRegistry - Adding type registration short -> org.hibernate.type.BasicTypeReference@7db2b614
2026-02-27 15:24:54 [main] DEBUG o.hibernate.type.BasicTypeRegistry - Adding type registration java.lang.Short -> org.hibernate.type.BasicTypeReference@7db2b614
2026-02-27 15:24:54 [main] DEBUG o.hibernate.type.BasicTypeRegistry - Adding type registration integer -> org.hibernate.type.BasicTypeReference@34d5eac
2026-02-27 15:24:54 [main] DEBUG o.hibernate.type.BasicTypeRegistry - Adding type registration int -> org.hibernate.type.BasicTypeReference@34d5eac
2026-02-27 15:24:54 [main] DEBUG o.hibernate.type.BasicTypeRegistry - Adding type registration java.lang.Integer -> org.hibernate.type.BasicTypeReference@34d5eac
2026-02-27 15:24:54 [main] DEBUG o.hibernate.type.BasicTypeRegistry - Adding type registration long -> org.hibernate.type.BasicTypeReference@2c1a95a2
2026-02-27 15:24:54 [main] DEBUG o.hibernate.type.BasicTypeRegistry - Adding type registration long -> org.hibernate.type.BasicTypeReference@2c1a95a2
2026-02-27 15:24:54 [main] DEBUG o.hibernate.type.BasicTypeRegistry - Adding type registration java.lang.Long -> org.hibernate.type.BasicTypeReference@2c1a95a2
2026-02-27 15:24:54 [main] DEBUG o.hibernate.type.BasicTypeRegistry - Adding type registration float -> org.hibernate.type.BasicTypeReference@1adf387e
2026-02-27 15:24:54 [main] DEBUG o.hibernate.type.BasicTypeRegistry - Adding type registration float -> org.hibernate.type.BasicTypeReference@1adf387e
2026-02-27 15:24:54 [main] DEBUG o.hibernate.type.BasicTypeRegistry - Adding type registration java.lang.Float -> org.hibernate.type.BasicTypeReference@1adf387e
2026-02-27 15:24:54 [main] DEBUG o.hibernate.type.BasicTypeRegistry - Adding type registration double -> org.hibernate.type.BasicTypeReference@72b53f27
2026-02-27 15:24:54 [main] DEBUG o.hibernate.type.BasicTypeRegistry - Adding type registration double -> org.hibernate.type.BasicTypeReference@72b53f27
2026-02-27 15:24:54 [main] DEBUG o.hibernate.type.BasicTypeRegistry - Adding type registration java.lang.Double -> org.hibernate.type.BasicTypeReference@72b53f27
2026-02-27 15:24:54 [main] DEBUG o.hibernate.type.BasicTypeRegistry - Adding type registration big_integer -> org.hibernate.type.BasicTypeReference@1be4a7e3
2026-02-27 15:24:54 [main] DEBUG o.hibernate.type.BasicTypeRegistry - Adding type registration java.math.BigInteger -> org.hibernate.type.BasicTypeReference@1be4a7e3
2026-02-27 15:24:54 [main] DEBUG o.hibernate.type.BasicTypeRegistry - Adding type registration big_decimal -> org.hibernate.type.BasicTypeReference@632b96b8
2026-02-27 15:24:54 [main] DEBUG o.hibernate.type.BasicTypeRegistry - Adding type registration java.math.BigDecimal -> org.hibernate.type.BasicTypeReference@632b96b8
2026-02-27 15:24:54 [main] DEBUG o.hibernate.type.BasicTypeRegistry - Adding type registration character -> org.hibernate.type.BasicTypeReference@544e6b
2026-02-27 15:24:54 [main] DEBUG o.hibernate.type.BasicTypeRegistry - Adding type registration char -> org.hibernate.type.BasicTypeReference@544e6b
2026-02-27 15:24:54 [main] DEBUG o.hibernate.type.BasicTypeRegistry - Adding type registration java.lang.Character -> org.hibernate.type.BasicTypeReference@544e6b
2026-02-27 15:24:54 [main] DEBUG o.hibernate.type.BasicTypeRegistry - Adding type registration character_nchar -> org.hibernate.type.BasicTypeReference@5b430541
2026-02-27 15:24:54 [main] DEBUG o.hibernate.type.BasicTypeRegistry - Adding type registration string -> org.hibernate.type.BasicTypeReference@65a66a75
2026-02-27 15:24:54 [main] DEBUG o.hibernate.type.BasicTypeRegistry - Adding type registration java.lang.String -> org.hibernate.type.BasicTypeReference@65a66a75
2026-02-27 15:24:54 [main] DEBUG o.hibernate.type.BasicTypeRegistry - Adding type registration nstring -> org.hibernate.type.BasicTypeReference@5a07ae2f
2026-02-27 15:24:54 [main] DEBUG o.hibernate.type.BasicTypeRegistry - Adding type registration characters -> org.hibernate.type.BasicTypeReference@78829412
2026-02-27 15:24:54 [main] DEBUG o.hibernate.type.BasicTypeRegistry - Adding type registration char[] -> org.hibernate.type.BasicTypeReference@78829412
2026-02-27 15:24:54 [main] DEBUG o.hibernate.type.BasicTypeRegistry - Adding type registration [C -> org.hibernate.type.BasicTypeReference@78829412
2026-02-27 15:24:54 [main] DEBUG o.hibernate.type.BasicTypeRegistry - Adding type registration wrapper-characters -> org.hibernate.type.BasicTypeReference@3ba8ef4e
2026-02-27 15:24:54 [main] DEBUG o.hibernate.type.BasicTypeRegistry - Adding type registration text -> org.hibernate.type.BasicTypeReference@6d0bcf8c
2026-02-27 15:24:54 [main] DEBUG o.hibernate.type.BasicTypeRegistry - Adding type registration ntext -> org.hibernate.type.BasicTypeReference@a1a72d4
2026-02-27 15:24:54 [main] DEBUG o.hibernate.type.BasicTypeRegistry - Adding type registration clob -> org.hibernate.type.BasicTypeReference@66d44581
2026-02-27 15:24:54 [main] DEBUG o.hibernate.type.BasicTypeRegistry - Adding type registration java.sql.Clob -> org.hibernate.type.BasicTypeReference@66d44581
2026-02-27 15:24:54 [main] DEBUG o.hibernate.type.BasicTypeRegistry - Adding type registration nclob -> org.hibernate.type.BasicTypeReference@1afa048a
2026-02-27 15:24:54 [main] DEBUG o.hibernate.type.BasicTypeRegistry - Adding type registration java.sql.NClob -> org.hibernate.type.BasicTypeReference@1afa048a
2026-02-27 15:24:54 [main] DEBUG o.hibernate.type.BasicTypeRegistry - Adding type registration materialized_clob -> org.hibernate.type.BasicTypeReference@293ecff6
2026-02-27 15:24:54 [main] DEBUG o.hibernate.type.BasicTypeRegistry - Adding type registration materialized_clob_char_array -> org.hibernate.type.BasicTypeReference@70eb94d7
2026-02-27 15:24:54 [main] DEBUG o.hibernate.type.BasicTypeRegistry - Adding type registration materialized_clob_character_array -> org.hibernate.type.BasicTypeReference@34d72f06
2026-02-27 15:24:54 [main] DEBUG o.hibernate.type.BasicTypeRegistry - Adding type registration materialized_nclob -> org.hibernate.type.BasicTypeReference@7e43b342
2026-02-27 15:24:54 [main] DEBUG o.hibernate.type.BasicTypeRegistry - Adding type registration materialized_nclob_character_array -> org.hibernate.type.BasicTypeReference@21dd9203
2026-02-27 15:24:54 [main] DEBUG o.hibernate.type.BasicTypeRegistry - Adding type registration materialized_nclob_char_array -> org.hibernate.type.BasicTypeReference@dbcf7c3
2026-02-27 15:24:54 [main] DEBUG o.hibernate.type.BasicTypeRegistry - Adding type registration Duration -> org.hibernate.type.BasicTypeReference@1e466d
2026-02-27 15:24:54 [main] DEBUG o.hibernate.type.BasicTypeRegistry - Adding type registration java.time.Duration -> org.hibernate.type.BasicTypeReference@1e466d
2026-02-27 15:24:54 [main] DEBUG o.hibernate.type.BasicTypeRegistry - Adding type registration LocalDateTime -> org.hibernate.type.BasicTypeReference@63243c8f
2026-02-27 15:24:54 [main] DEBUG o.hibernate.type.BasicTypeRegistry - Adding type registration java.time.LocalDateTime -> org.hibernate.type.BasicTypeReference@63243c8f
2026-02-27 15:24:54 [main] DEBUG o.hibernate.type.BasicTypeRegistry - Adding type registration LocalDate -> org.hibernate.type.BasicTypeReference@2ea4e762
2026-02-27 15:24:54 [main] DEBUG o.hibernate.type.BasicTypeRegistry - Adding type registration java.time.LocalDate -> org.hibernate.type.BasicTypeReference@2ea4e762
2026-02-27 15:24:54 [main] DEBUG o.hibernate.type.BasicTypeRegistry - Adding type registration LocalTime -> org.hibernate.type.BasicTypeReference@444c0f9a
2026-02-27 15:24:54 [main] DEBUG o.hibernate.type.BasicTypeRegistry - Adding type registration java.time.LocalTime -> org.hibernate.type.BasicTypeReference@444c0f9a
2026-02-27 15:24:54 [main] DEBUG o.hibernate.type.BasicTypeRegistry - Adding type registration OffsetDateTime -> org.hibernate.type.BasicTypeReference@36931450
2026-02-27 15:24:54 [main] DEBUG o.hibernate.type.BasicTypeRegistry - Adding type registration java.time.OffsetDateTime -> org.hibernate.type.BasicTypeReference@36931450
2026-02-27 15:24:54 [main] DEBUG o.hibernate.type.BasicTypeRegistry - Adding type registration OffsetDateTimeWithTimezone -> org.hibernate.type.BasicTypeReference@74919649
2026-02-27 15:24:54 [main] DEBUG o.hibernate.type.BasicTypeRegistry - Adding type registration OffsetDateTimeWithoutTimezone -> org.hibernate.type.BasicTypeReference@7d07e04e
2026-02-27 15:24:54 [main] DEBUG o.hibernate.type.BasicTypeRegistry - Adding type registration OffsetTime -> org.hibernate.type.BasicTypeReference@599310ab
2026-02-27 15:24:54 [main] DEBUG o.hibernate.type.BasicTypeRegistry - Adding type registration java.time.OffsetTime -> org.hibernate.type.BasicTypeReference@599310ab
2026-02-27 15:24:54 [main] DEBUG o.hibernate.type.BasicTypeRegistry - Adding type registration OffsetTimeUtc -> org.hibernate.type.BasicTypeReference@770cbe5d
2026-02-27 15:24:54 [main] DEBUG o.hibernate.type.BasicTypeRegistry - Adding type registration OffsetTimeWithTimezone -> org.hibernate.type.BasicTypeReference@f575d2b
2026-02-27 15:24:54 [main] DEBUG o.hibernate.type.BasicTypeRegistry - Adding type registration OffsetTimeWithoutTimezone -> org.hibernate.type.BasicTypeReference@4d90d91f
2026-02-27 15:24:54 [main] DEBUG o.hibernate.type.BasicTypeRegistry - Adding type registration ZonedDateTime -> org.hibernate.type.BasicTypeReference@c478e4e
2026-02-27 15:24:54 [main] DEBUG o.hibernate.type.BasicTypeRegistry - Adding type registration java.time.ZonedDateTime -> org.hibernate.type.BasicTypeReference@c478e4e
2026-02-27 15:24:54 [main] DEBUG o.hibernate.type.BasicTypeRegistry - Adding type registration ZonedDateTimeWithTimezone -> org.hibernate.type.BasicTypeReference@1e2b37cd
2026-02-27 15:24:54 [main] DEBUG o.hibernate.type.BasicTypeRegistry - Adding type registration ZonedDateTimeWithoutTimezone -> org.hibernate.type.BasicTypeReference@2ba08f26
2026-02-27 15:24:54 [main] DEBUG o.hibernate.type.BasicTypeRegistry - Adding type registration date -> org.hibernate.type.BasicTypeReference@6033f36c
2026-02-27 15:24:54 [main] DEBUG o.hibernate.type.BasicTypeRegistry - Adding type registration java.sql.Date -> org.hibernate.type.BasicTypeReference@6033f36c
2026-02-27 15:24:54 [main] DEBUG o.hibernate.type.BasicTypeRegistry - Adding type registration time -> org.hibernate.type.BasicTypeReference@50b624da
2026-02-27 15:24:54 [main] DEBUG o.hibernate.type.BasicTypeRegistry - Adding type registration java.sql.Time -> org.hibernate.type.BasicTypeReference@50b624da
2026-02-27 15:24:54 [main] DEBUG o.hibernate.type.BasicTypeRegistry - Adding type registration timestamp -> org.hibernate.type.BasicTypeReference@1764e45e
2026-02-27 15:24:54 [main] DEBUG o.hibernate.type.BasicTypeRegistry - Adding type registration java.sql.Timestamp -> org.hibernate.type.BasicTypeReference@1764e45e
2026-02-27 15:24:54 [main] DEBUG o.hibernate.type.BasicTypeRegistry - Adding type registration java.util.Date -> org.hibernate.type.BasicTypeReference@1764e45e
2026-02-27 15:24:54 [main] DEBUG o.hibernate.type.BasicTypeRegistry - Adding type registration calendar -> org.hibernate.type.BasicTypeReference@3892802b
2026-02-27 15:24:54 [main] DEBUG o.hibernate.type.BasicTypeRegistry - Adding type registration java.util.Calendar -> org.hibernate.type.BasicTypeReference@3892802b
2026-02-27 15:24:54 [main] DEBUG o.hibernate.type.BasicTypeRegistry - Adding type registration java.util.GregorianCalendar -> org.hibernate.type.BasicTypeReference@3892802b
2026-02-27 15:24:54 [main] DEBUG o.hibernate.type.BasicTypeRegistry - Adding type registration calendar_date -> org.hibernate.type.BasicTypeReference@4745bcc6
2026-02-27 15:24:54 [main] DEBUG o.hibernate.type.BasicTypeRegistry - Adding type registration calendar_time -> org.hibernate.type.BasicTypeReference@2634d000
2026-02-27 15:24:54 [main] DEBUG o.hibernate.type.BasicTypeRegistry - Adding type registration instant -> org.hibernate.type.BasicTypeReference@1642968c
2026-02-27 15:24:54 [main] DEBUG o.hibernate.type.BasicTypeRegistry - Adding type registration java.time.Instant -> org.hibernate.type.BasicTypeReference@1642968c
2026-02-27 15:24:54 [main] DEBUG o.hibernate.type.BasicTypeRegistry - Adding type registration uuid -> org.hibernate.type.BasicTypeReference@3a7dcfb7
2026-02-27 15:24:54 [main] DEBUG o.hibernate.type.BasicTypeRegistry - Adding type registration java.util.UUID -> org.hibernate.type.BasicTypeReference@3a7dcfb7
2026-02-27 15:24:54 [main] DEBUG o.hibernate.type.BasicTypeRegistry - Adding type registration pg-uuid -> org.hibernate.type.BasicTypeReference@3a7dcfb7
2026-02-27 15:24:54 [main] DEBUG o.hibernate.type.BasicTypeRegistry - Adding type registration uuid-binary -> org.hibernate.type.BasicTypeReference@50b4e7b2
2026-02-27 15:24:54 [main] DEBUG o.hibernate.type.BasicTypeRegistry - Adding type registration uuid-char -> org.hibernate.type.BasicTypeReference@50008974
2026-02-27 15:24:54 [main] DEBUG o.hibernate.type.BasicTypeRegistry - Adding type registration class -> org.hibernate.type.BasicTypeReference@5274830e
2026-02-27 15:24:54 [main] DEBUG o.hibernate.type.BasicTypeRegistry - Adding type registration java.lang.Class -> org.hibernate.type.BasicTypeReference@5274830e
2026-02-27 15:24:54 [main] DEBUG o.hibernate.type.BasicTypeRegistry - Adding type registration currency -> org.hibernate.type.BasicTypeReference@6a0ee80
2026-02-27 15:24:54 [main] DEBUG o.hibernate.type.BasicTypeRegistry - Adding type registration Currency -> org.hibernate.type.BasicTypeReference@6a0ee80
2026-02-27 15:24:54 [main] DEBUG o.hibernate.type.BasicTypeRegistry - Adding type registration java.util.Currency -> org.hibernate.type.BasicTypeReference@6a0ee80
2026-02-27 15:24:54 [main] DEBUG o.hibernate.type.BasicTypeRegistry - Adding type registration locale -> org.hibernate.type.BasicTypeReference@71de1091
2026-02-27 15:24:54 [main] DEBUG o.hibernate.type.BasicTypeRegistry - Adding type registration java.util.Locale -> org.hibernate.type.BasicTypeReference@71de1091
2026-02-27 15:24:54 [main] DEBUG o.hibernate.type.BasicTypeRegistry - Adding type registration serializable -> org.hibernate.type.BasicTypeReference@25c16cf7
2026-02-27 15:24:54 [main] DEBUG o.hibernate.type.BasicTypeRegistry - Adding type registration java.io.Serializable -> org.hibernate.type.BasicTypeReference@25c16cf7
2026-02-27 15:24:54 [main] DEBUG o.hibernate.type.BasicTypeRegistry - Adding type registration timezone -> org.hibernate.type.BasicTypeReference@53dbe7b2
2026-02-27 15:24:54 [main] DEBUG o.hibernate.type.BasicTypeRegistry - Adding type registration java.util.TimeZone -> org.hibernate.type.BasicTypeReference@53dbe7b2
2026-02-27 15:24:54 [main] DEBUG o.hibernate.type.BasicTypeRegistry - Adding type registration ZoneOffset -> org.hibernate.type.BasicTypeReference@520ec7a7
2026-02-27 15:24:54 [main] DEBUG o.hibernate.type.BasicTypeRegistry - Adding type registration java.time.ZoneOffset -> org.hibernate.type.BasicTypeReference@520ec7a7
2026-02-27 15:24:54 [main] DEBUG o.hibernate.type.BasicTypeRegistry - Adding type registration url -> org.hibernate.type.BasicTypeReference@53551fef
2026-02-27 15:24:54 [main] DEBUG o.hibernate.type.BasicTypeRegistry - Adding type registration java.net.URL -> org.hibernate.type.BasicTypeReference@53551fef
2026-02-27 15:24:54 [main] DEBUG o.hibernate.type.BasicTypeRegistry - Adding type registration vector -> org.hibernate.type.BasicTypeReference@7d5d77a6
2026-02-27 15:24:54 [main] DEBUG o.hibernate.type.BasicTypeRegistry - Adding type registration float_vector -> org.hibernate.type.BasicTypeReference@71b7e9c8
2026-02-27 15:24:54 [main] DEBUG o.hibernate.type.BasicTypeRegistry - Adding type registration double_vector -> org.hibernate.type.BasicTypeReference@55202ba6
2026-02-27 15:24:54 [main] DEBUG o.hibernate.type.BasicTypeRegistry - Adding type registration byte_vector -> org.hibernate.type.BasicTypeReference@2ef1fc8a
2026-02-27 15:24:54 [main] DEBUG o.hibernate.type.BasicTypeRegistry - Adding type registration row_version -> org.hibernate.type.BasicTypeReference@38874eb5
2026-02-27 15:24:54 [main] DEBUG o.hibernate.type.BasicTypeRegistry - Adding type registration object -> org.hibernate.type.JavaObjectType@29174dfe
2026-02-27 15:24:54 [main] DEBUG o.hibernate.type.BasicTypeRegistry - Adding type registration java.lang.Object -> org.hibernate.type.JavaObjectType@29174dfe
2026-02-27 15:24:54 [main] DEBUG o.hibernate.type.BasicTypeRegistry - Adding type registration null -> org.hibernate.type.NullType@3e18e693
2026-02-27 15:24:54 [main] DEBUG o.hibernate.type.BasicTypeRegistry - Adding type registration imm_date -> org.hibernate.type.BasicTypeReference@3d12f065
2026-02-27 15:24:54 [main] DEBUG o.hibernate.type.BasicTypeRegistry - Adding type registration imm_time -> org.hibernate.type.BasicTypeReference@57fc6759
2026-02-27 15:24:54 [main] DEBUG o.hibernate.type.BasicTypeRegistry - Adding type registration imm_timestamp -> org.hibernate.type.BasicTypeReference@33a7331
2026-02-27 15:24:54 [main] DEBUG o.hibernate.type.BasicTypeRegistry - Adding type registration imm_calendar -> org.hibernate.type.BasicTypeReference@7aef21bb
2026-02-27 15:24:54 [main] DEBUG o.hibernate.type.BasicTypeRegistry - Adding type registration imm_calendar_date -> org.hibernate.type.BasicTypeReference@50d4775b
2026-02-27 15:24:54 [main] DEBUG o.hibernate.type.BasicTypeRegistry - Adding type registration imm_calendar_time -> org.hibernate.type.BasicTypeReference@642614b7
2026-02-27 15:24:54 [main] DEBUG o.hibernate.type.BasicTypeRegistry - Adding type registration imm_binary -> org.hibernate.type.BasicTypeReference@345540f9
2026-02-27 15:24:54 [main] DEBUG o.hibernate.type.BasicTypeRegistry - Adding type registration imm_serializable -> org.hibernate.type.BasicTypeReference@37344d31
2026-02-27 15:24:55 [main] INFO  o.s.o.j.p.SpringPersistenceUnitInfo - No LoadTimeWeaver setup: ignoring JPA class transformer
2026-02-27 15:24:55 [main] INFO  com.zaxxer.hikari.HikariDataSource - HikariPool-1 - Starting...
2026-02-27 15:24:55 [main] INFO  com.zaxxer.hikari.pool.HikariPool - HikariPool-1 - Added connection org.postgresql.jdbc.PgConnection@156f0281
2026-02-27 15:24:55 [main] INFO  com.zaxxer.hikari.HikariDataSource - HikariPool-1 - Start completed.
2026-02-27 15:24:55 [main] INFO  o.hibernate.orm.connections.pooling - HHH10001005: Database info:
	Database JDBC URL [Connecting through datasource 'HikariDataSource (HikariPool-1)']
	Database driver: undefined/unknown
	Database version: 16.12
	Autocommit mode: undefined/unknown
	Isolation level: undefined/unknown
	Minimum pool size: undefined/unknown
	Maximum pool size: undefined/unknown
2026-02-27 15:24:55 [main] DEBUG o.h.t.d.sql.spi.DdlTypeRegistry - addDescriptor(2003, org.hibernate.type.descriptor.sql.internal.ArrayDdlTypeImpl@21539796) replaced previous registration(org.hibernate.type.descriptor.sql.internal.ArrayDdlTypeImpl@215f8d7)
2026-02-27 15:24:55 [main] DEBUG o.h.t.d.sql.spi.DdlTypeRegistry - addDescriptor(6, org.hibernate.type.descriptor.sql.internal.CapacityDependentDdlType@69d2c460) replaced previous registration(org.hibernate.type.descriptor.sql.internal.DdlTypeImpl@34a99d8)
2026-02-27 15:24:55 [main] DEBUG o.h.t.d.jdbc.spi.JdbcTypeRegistry - addDescriptor(2004, BlobTypeDescriptor(BLOB_BINDING)) replaced previous registration(BlobTypeDescriptor(DEFAULT))
2026-02-27 15:24:55 [main] DEBUG o.h.t.d.jdbc.spi.JdbcTypeRegistry - addDescriptor(2005, ClobTypeDescriptor(CLOB_BINDING)) replaced previous registration(ClobTypeDescriptor(DEFAULT))
2026-02-27 15:24:55 [main] DEBUG o.hibernate.type.BasicTypeRegistry - Adding type registration JAVA_OBJECT -> org.hibernate.type.JavaObjectType@78e59b04
2026-02-27 15:24:55 [main] DEBUG o.hibernate.type.BasicTypeRegistry - Adding type registration java.lang.Object -> org.hibernate.type.JavaObjectType@78e59b04
2026-02-27 15:24:55 [main] DEBUG o.hibernate.type.BasicTypeRegistry - Type registration key [java.lang.Object] overrode previous entry : `org.hibernate.type.JavaObjectType@29174dfe`
2026-02-27 15:24:55 [main] DEBUG o.hibernate.type.BasicTypeRegistry - Adding type registration org.hibernate.type.DurationType -> basicType@1(java.time.Duration,3015)
2026-02-27 15:24:55 [main] DEBUG o.hibernate.type.BasicTypeRegistry - Adding type registration Duration -> basicType@1(java.time.Duration,3015)
2026-02-27 15:24:55 [main] DEBUG o.hibernate.type.BasicTypeRegistry - Adding type registration java.time.Duration -> basicType@1(java.time.Duration,3015)
2026-02-27 15:24:55 [main] DEBUG o.hibernate.type.BasicTypeRegistry - Adding type registration org.hibernate.type.OffsetDateTimeType -> basicType@2(java.time.OffsetDateTime,3003)
2026-02-27 15:24:55 [main] DEBUG o.hibernate.type.BasicTypeRegistry - Adding type registration OffsetDateTime -> basicType@2(java.time.OffsetDateTime,3003)
2026-02-27 15:24:55 [main] DEBUG o.hibernate.type.BasicTypeRegistry - Adding type registration java.time.OffsetDateTime -> basicType@2(java.time.OffsetDateTime,3003)
2026-02-27 15:24:55 [main] DEBUG o.hibernate.type.BasicTypeRegistry - Adding type registration org.hibernate.type.ZonedDateTimeType -> basicType@3(java.time.ZonedDateTime,3003)
2026-02-27 15:24:55 [main] DEBUG o.hibernate.type.BasicTypeRegistry - Adding type registration ZonedDateTime -> basicType@3(java.time.ZonedDateTime,3003)
2026-02-27 15:24:55 [main] DEBUG o.hibernate.type.BasicTypeRegistry - Adding type registration java.time.ZonedDateTime -> basicType@3(java.time.ZonedDateTime,3003)
2026-02-27 15:24:55 [main] DEBUG o.hibernate.type.BasicTypeRegistry - Adding type registration org.hibernate.type.OffsetTimeType -> basicType@4(java.time.OffsetTime,3007)
2026-02-27 15:24:55 [main] DEBUG o.hibernate.type.BasicTypeRegistry - Adding type registration OffsetTime -> basicType@4(java.time.OffsetTime,3007)
2026-02-27 15:24:55 [main] DEBUG o.hibernate.type.BasicTypeRegistry - Adding type registration java.time.OffsetTime -> basicType@4(java.time.OffsetTime,3007)
2026-02-27 15:24:55 [main] DEBUG o.h.type.spi.TypeConfiguration$Scope - Scoping TypeConfiguration [org.hibernate.type.spi.TypeConfiguration@4c941d19] to MetadataBuildingContext [org.hibernate.boot.internal.MetadataBuildingContextRootImpl@5248c05a]
2026-02-27 15:24:56 [main] INFO  o.h.e.t.j.p.i.JtaPlatformInitiator - HHH000489: No JTA platform available (set 'hibernate.transaction.jta.platform' to enable JTA platform integration)
2026-02-27 15:24:56 [main] DEBUG o.h.type.spi.TypeConfiguration$Scope - Scoping TypeConfiguration [org.hibernate.type.spi.TypeConfiguration@4c941d19] to SessionFactoryImplementor [org.hibernate.internal.SessionFactoryImpl@22cf6c9c]
2026-02-27 15:24:56 [main] TRACE o.h.type.spi.TypeConfiguration$Scope - Handling #sessionFactoryCreated from [org.hibernate.internal.SessionFactoryImpl@22cf6c9c] for TypeConfiguration
2026-02-27 15:24:56 [main] INFO  o.s.o.j.LocalContainerEntityManagerFactoryBean - Initialized JPA EntityManagerFactory for persistence unit 'default'
2026-02-27 15:24:56 [main] WARN  o.s.b.a.o.j.JpaBaseConfiguration$JpaWebConfiguration - spring.jpa.open-in-view is enabled by default. Therefore, database queries may be performed during view rendering. Explicitly configure spring.jpa.open-in-view to disable this warning
2026-02-27 15:24:56 [main] WARN  o.s.b.a.s.s.UserDetailsServiceAutoConfiguration - 

Using generated security password: caf8dfe1-da21-430f-b88b-8274c11793eb

This generated password is for development use only. Your security configuration must be updated before running your application in production.

2026-02-27 15:24:56 [main] INFO  o.s.s.c.a.a.c.InitializeUserDetailsBeanManagerConfigurer$InitializeUserDetailsManagerConfigurer - Global AuthenticationManager configured with UserDetailsService bean with name inMemoryUserDetailsManager
2026-02-27 15:24:57 [main] INFO  o.s.b.a.e.web.EndpointLinksResolver - Exposing 4 endpoints beneath base path '/actuator'
2026-02-27 15:24:58 [main] INFO  o.s.cloud.commons.util.InetUtils - Cannot determine local hostname
2026-02-27 15:24:58 [main] INFO  o.s.b.w.e.tomcat.TomcatWebServer - Tomcat started on port 8083 (http) with context path '/'
2026-02-27 15:25:00 [main] INFO  o.s.cloud.commons.util.InetUtils - Cannot determine local hostname
2026-02-27 15:25:00 [main] INFO  c.u.l.payment.PaymentApplication - Started PaymentApplication in 8.7 seconds (process running for 9.048)
2026-02-27 17:06:31 [http-nio-8083-exec-1] INFO  o.a.c.c.C.[Tomcat].[localhost].[/] - Initializing Spring DispatcherServlet 'dispatcherServlet'
2026-02-27 17:06:31 [http-nio-8083-exec-1] INFO  o.s.web.servlet.DispatcherServlet - Initializing Servlet 'dispatcherServlet'
2026-02-27 17:06:31 [http-nio-8083-exec-1] INFO  o.s.web.servlet.DispatcherServlet - Completed initialization in 14 ms
2026-02-27 17:14:22 [http-nio-8083-exec-7] DEBUG c.u.l.p.c.j.JwtAuthenticationFilter - JWT 인증 완료 — memberId: 04a0c32a-8c35-4ce5-aed0-08a99077fb94
2026-02-27 17:14:23 [http-nio-8083-exec-7] DEBUG org.hibernate.SQL - 
    /* <criteria> */ select
        se1_0.id,
        se1_0.cancel_reason,
        se1_0.cancel_reason_detail,
        se1_0.cancelled_at,
        se1_0.created_at,
        se1_0.current_period_ends_at,
        se1_0.member_id,
        se1_0.next_billing_at,
        se1_0.plan_id,
        se1_0.started_at,
        se1_0.status,
        se1_0.subscription_id,
        se1_0.trial_extension_used,
        se1_0.updated_at 
    from
        lunchpick_payment.subscription se1_0 
    where
        se1_0.member_id=? 
        and se1_0.status=?
2026-02-27 17:14:23 [http-nio-8083-exec-7] DEBUG c.u.l.p.s.i.SubscriptionServiceImpl - 구독 플랜 조회 완료 — memberId: 04a0c32a-8c35-4ce5-aed0-08a99077fb94, currentPlan: PREMIUM_MONTHLY
2026-02-27 17:22:17 [http-nio-8083-exec-9] DEBUG c.u.l.p.c.j.JwtAuthenticationFilter - JWT 인증 완료 — memberId: 04a0c32a-8c35-4ce5-aed0-08a99077fb94
2026-02-27 17:22:17 [http-nio-8083-exec-9] DEBUG c.u.l.p.s.i.SubscriptionServiceImpl - 구독 플랜 캐시 히트
2026-02-27 17:22:22 [http-nio-8083-exec-1] DEBUG c.u.l.p.c.j.JwtAuthenticationFilter - JWT 인증 완료 — memberId: 04a0c32a-8c35-4ce5-aed0-08a99077fb94
2026-02-27 17:22:22 [http-nio-8083-exec-1] DEBUG c.u.l.p.s.i.SubscriptionServiceImpl - 구독 플랜 캐시 히트
2026-02-27 17:22:30 [http-nio-8083-exec-5] DEBUG c.u.l.p.c.j.JwtAuthenticationFilter - JWT 인증 완료 — memberId: 04a0c32a-8c35-4ce5-aed0-08a99077fb94
2026-02-27 17:22:30 [http-nio-8083-exec-5] DEBUG c.u.l.p.s.i.SubscriptionServiceImpl - 구독 플랜 캐시 히트
2026-02-27 17:22:35 [http-nio-8083-exec-8] DEBUG c.u.l.p.c.j.JwtAuthenticationFilter - JWT 인증 완료 — memberId: 04a0c32a-8c35-4ce5-aed0-08a99077fb94
2026-02-27 17:22:35 [http-nio-8083-exec-8] DEBUG c.u.l.p.s.i.SubscriptionServiceImpl - 구독 플랜 캐시 히트
2026-02-27 17:22:40 [http-nio-8083-exec-9] DEBUG c.u.l.p.c.j.JwtAuthenticationFilter - JWT 인증 완료 — memberId: 04a0c32a-8c35-4ce5-aed0-08a99077fb94
2026-02-27 17:22:40 [http-nio-8083-exec-9] DEBUG org.hibernate.SQL - 
    /* <criteria> */ select
        se1_0.id,
        se1_0.cancel_reason,
        se1_0.cancel_reason_detail,
        se1_0.cancelled_at,
        se1_0.created_at,
        se1_0.current_period_ends_at,
        se1_0.member_id,
        se1_0.next_billing_at,
        se1_0.plan_id,
        se1_0.started_at,
        se1_0.status,
        se1_0.subscription_id,
        se1_0.trial_extension_used,
        se1_0.updated_at 
    from
        lunchpick_payment.subscription se1_0 
    where
        se1_0.member_id=? 
        and se1_0.status=?
2026-02-27 17:22:41 [http-nio-8083-exec-9] INFO  c.u.l.p.m.SubscriptionEventPublisher - 구독 이벤트 발행 완료 — eventType: SUBSCRIPTION_TRIAL_EXTENDED, memberId: 04a0c32a-8c35-4ce5-aed0-08a99077fb94
2026-02-27 17:22:41 [http-nio-8083-exec-9] INFO  c.u.l.p.s.i.SubscriptionServiceImpl - 7일 무료 연장 완료 — memberId: 04a0c32a-8c35-4ce5-aed0-08a99077fb94, newExpiresAt: 2026-04-03T06:17:35.611781
2026-02-27 17:22:41 [http-nio-8083-exec-9] DEBUG org.hibernate.SQL - 
    /* update
        for com.unicorn.lunchpick.payment.repository.entity.SubscriptionEntity */update lunchpick_payment.subscription 
    set
        cancel_reason=?,
        cancel_reason_detail=?,
        cancelled_at=?,
        current_period_ends_at=?,
        member_id=?,
        next_billing_at=?,
        plan_id=?,
        started_at=?,
        status=?,
        subscription_id=?,
        trial_extension_used=?,
        updated_at=? 
    where
        id=?
2026-02-27 17:22:41 [http-nio-8083-exec-6] DEBUG c.u.l.p.c.j.JwtAuthenticationFilter - JWT 인증 완료 — memberId: 04a0c32a-8c35-4ce5-aed0-08a99077fb94
2026-02-27 17:22:41 [http-nio-8083-exec-6] DEBUG c.u.l.p.s.i.SubscriptionServiceImpl - 구독 플랜 캐시 히트
2026-02-27 17:22:43 [http-nio-8083-exec-5] DEBUG c.u.l.p.c.j.JwtAuthenticationFilter - JWT 인증 완료 — memberId: 04a0c32a-8c35-4ce5-aed0-08a99077fb94
2026-02-27 17:22:43 [http-nio-8083-exec-5] DEBUG c.u.l.p.s.i.SubscriptionServiceImpl - 구독 플랜 캐시 히트
2026-02-27 17:26:51 [http-nio-8083-exec-8] DEBUG c.u.l.p.c.j.JwtAuthenticationFilter - JWT 인증 완료 — memberId: 04a0c32a-8c35-4ce5-aed0-08a99077fb94
2026-02-27 17:26:51 [http-nio-8083-exec-8] DEBUG c.u.l.p.s.i.SubscriptionServiceImpl - 구독 플랜 캐시 히트
2026-02-27 17:26:56 [http-nio-8083-exec-10] DEBUG c.u.l.p.c.j.JwtAuthenticationFilter - JWT 인증 완료 — memberId: 04a0c32a-8c35-4ce5-aed0-08a99077fb94
2026-02-27 17:26:56 [http-nio-8083-exec-10] DEBUG c.u.l.p.s.i.SubscriptionServiceImpl - 구독 플랜 캐시 히트
2026-02-27 17:27:04 [http-nio-8083-exec-1] DEBUG c.u.l.p.c.j.JwtAuthenticationFilter - JWT 인증 완료 — memberId: 04a0c32a-8c35-4ce5-aed0-08a99077fb94
2026-02-27 17:27:04 [http-nio-8083-exec-1] DEBUG c.u.l.p.s.i.SubscriptionServiceImpl - 구독 플랜 캐시 히트
2026-02-27 17:27:09 [http-nio-8083-exec-3] DEBUG c.u.l.p.c.j.JwtAuthenticationFilter - JWT 인증 완료 — memberId: 04a0c32a-8c35-4ce5-aed0-08a99077fb94
2026-02-27 17:27:09 [http-nio-8083-exec-3] DEBUG c.u.l.p.s.i.SubscriptionServiceImpl - 구독 플랜 캐시 히트
2026-02-27 17:27:14 [http-nio-8083-exec-8] DEBUG c.u.l.p.c.j.JwtAuthenticationFilter - JWT 인증 완료 — memberId: 04a0c32a-8c35-4ce5-aed0-08a99077fb94
2026-02-27 17:27:14 [http-nio-8083-exec-8] DEBUG org.hibernate.SQL - 
    /* <criteria> */ select
        se1_0.id,
        se1_0.cancel_reason,
        se1_0.cancel_reason_detail,
        se1_0.cancelled_at,
        se1_0.created_at,
        se1_0.current_period_ends_at,
        se1_0.member_id,
        se1_0.next_billing_at,
        se1_0.plan_id,
        se1_0.started_at,
        se1_0.status,
        se1_0.subscription_id,
        se1_0.trial_extension_used,
        se1_0.updated_at 
    from
        lunchpick_payment.subscription se1_0 
    where
        se1_0.member_id=? 
        and se1_0.status=?
2026-02-27 17:27:14 [http-nio-8083-exec-8] WARN  c.u.l.p.e.GlobalExceptionHandler - 비즈니스 예외 발생 — errorCode: TRIAL_EXTENSION_ALREADY_USED, message: 무료 연장은 1회만 사용 가능해요.
2026-02-27 17:27:17 [http-nio-8083-exec-10] DEBUG c.u.l.p.c.j.JwtAuthenticationFilter - JWT 인증 완료 — memberId: 04a0c32a-8c35-4ce5-aed0-08a99077fb94
2026-02-27 17:27:17 [http-nio-8083-exec-10] DEBUG c.u.l.p.s.i.SubscriptionServiceImpl - 구독 플랜 캐시 히트
2026-02-27 17:41:45 [http-nio-8083-exec-2] DEBUG c.u.l.p.c.j.JwtAuthenticationFilter - JWT 인증 완료 — memberId: 04a0c32a-8c35-4ce5-aed0-08a99077fb94
2026-02-27 17:41:45 [http-nio-8083-exec-2] DEBUG c.u.l.p.s.i.SubscriptionServiceImpl - 구독 플랜 캐시 히트
2026-02-27 17:41:50 [http-nio-8083-exec-7] DEBUG c.u.l.p.c.j.JwtAuthenticationFilter - JWT 인증 완료 — memberId: 04a0c32a-8c35-4ce5-aed0-08a99077fb94
2026-02-27 17:41:50 [http-nio-8083-exec-7] DEBUG c.u.l.p.s.i.SubscriptionServiceImpl - 구독 플랜 캐시 히트
2026-02-27 17:41:58 [http-nio-8083-exec-4] DEBUG c.u.l.p.c.j.JwtAuthenticationFilter - JWT 인증 완료 — memberId: 04a0c32a-8c35-4ce5-aed0-08a99077fb94
2026-02-27 17:41:58 [http-nio-8083-exec-4] DEBUG c.u.l.p.s.i.SubscriptionServiceImpl - 구독 플랜 캐시 히트
2026-02-27 17:42:03 [http-nio-8083-exec-6] DEBUG c.u.l.p.c.j.JwtAuthenticationFilter - JWT 인증 완료 — memberId: 04a0c32a-8c35-4ce5-aed0-08a99077fb94
2026-02-27 17:42:03 [http-nio-8083-exec-6] DEBUG c.u.l.p.s.i.SubscriptionServiceImpl - 구독 플랜 캐시 히트
2026-02-27 17:42:08 [http-nio-8083-exec-2] DEBUG c.u.l.p.c.j.JwtAuthenticationFilter - JWT 인증 완료 — memberId: 04a0c32a-8c35-4ce5-aed0-08a99077fb94
2026-02-27 17:42:08 [http-nio-8083-exec-2] DEBUG org.hibernate.SQL - 
    /* <criteria> */ select
        se1_0.id,
        se1_0.cancel_reason,
        se1_0.cancel_reason_detail,
        se1_0.cancelled_at,
        se1_0.created_at,
        se1_0.current_period_ends_at,
        se1_0.member_id,
        se1_0.next_billing_at,
        se1_0.plan_id,
        se1_0.started_at,
        se1_0.status,
        se1_0.subscription_id,
        se1_0.trial_extension_used,
        se1_0.updated_at 
    from
        lunchpick_payment.subscription se1_0 
    where
        se1_0.member_id=? 
        and se1_0.status=?
2026-02-27 17:42:08 [http-nio-8083-exec-2] WARN  c.u.l.p.e.GlobalExceptionHandler - 비즈니스 예외 발생 — errorCode: TRIAL_EXTENSION_ALREADY_USED, message: 무료 연장은 1회만 사용 가능해요.
2026-02-27 17:42:11 [http-nio-8083-exec-7] DEBUG c.u.l.p.c.j.JwtAuthenticationFilter - JWT 인증 완료 — memberId: 04a0c32a-8c35-4ce5-aed0-08a99077fb94
2026-02-27 17:42:11 [http-nio-8083-exec-7] DEBUG c.u.l.p.s.i.SubscriptionServiceImpl - 구독 플랜 캐시 히트
2026-02-27 17:59:17 [main] INFO  c.u.l.payment.PaymentApplication - Starting PaymentApplication using Java 21 with PID 28948 (C:\Users\hiond\workspace\lunch-menu-recommender\payment-service\build\classes\java\main started by hiond in C:\Users\hiond\workspace\lunch-menu-recommender\payment-service)
2026-02-27 17:59:17 [main] DEBUG c.u.l.payment.PaymentApplication - Running with Spring Boot v3.4.1, Spring v6.2.1
2026-02-27 17:59:17 [main] INFO  c.u.l.payment.PaymentApplication - The following 1 profile is active: "dev"
2026-02-27 17:59:17 [main] INFO  o.s.d.r.c.RepositoryConfigurationDelegate - Multiple Spring Data modules found, entering strict repository configuration mode
2026-02-27 17:59:17 [main] INFO  o.s.d.r.c.RepositoryConfigurationDelegate - Bootstrapping Spring Data JPA repositories in DEFAULT mode.
2026-02-27 17:59:17 [main] INFO  o.s.d.r.c.RepositoryConfigurationDelegate - Finished Spring Data repository scanning in 59 ms. Found 2 JPA repository interfaces.
2026-02-27 17:59:17 [main] INFO  o.s.d.r.c.RepositoryConfigurationDelegate - Multiple Spring Data modules found, entering strict repository configuration mode
2026-02-27 17:59:17 [main] INFO  o.s.d.r.c.RepositoryConfigurationDelegate - Bootstrapping Spring Data Redis repositories in DEFAULT mode.
2026-02-27 17:59:17 [main] INFO  o.s.d.r.c.RepositoryConfigurationExtensionSupport - Spring Data Redis - Could not safely identify store assignment for repository candidate interface com.unicorn.lunchpick.payment.repository.jpa.PaymentHistoryRepository; If you want this repository to be a Redis repository, consider annotating your entities with one of these annotations: org.springframework.data.redis.core.RedisHash (preferred), or consider extending one of the following types with your repository: org.springframework.data.keyvalue.repository.KeyValueRepository
2026-02-27 17:59:17 [main] INFO  o.s.d.r.c.RepositoryConfigurationExtensionSupport - Spring Data Redis - Could not safely identify store assignment for repository candidate interface com.unicorn.lunchpick.payment.repository.jpa.SubscriptionRepository; If you want this repository to be a Redis repository, consider annotating your entities with one of these annotations: org.springframework.data.redis.core.RedisHash (preferred), or consider extending one of the following types with your repository: org.springframework.data.keyvalue.repository.KeyValueRepository
2026-02-27 17:59:17 [main] INFO  o.s.d.r.c.RepositoryConfigurationDelegate - Finished Spring Data repository scanning in 11 ms. Found 0 Redis repository interfaces.
2026-02-27 17:59:18 [main] INFO  o.s.cloud.context.scope.GenericScope - BeanFactory id=02b1a61c-8ef2-383a-a384-7e602a4ce4c2
2026-02-27 17:59:18 [main] INFO  o.s.b.w.e.tomcat.TomcatWebServer - Tomcat initialized with port 8083 (http)
2026-02-27 17:59:18 [main] INFO  o.a.catalina.core.StandardService - Starting service [Tomcat]
2026-02-27 17:59:18 [main] INFO  o.a.catalina.core.StandardEngine - Starting Servlet engine: [Apache Tomcat/10.1.34]
2026-02-27 17:59:18 [main] INFO  o.a.c.c.C.[Tomcat].[localhost].[/] - Initializing Spring embedded WebApplicationContext
2026-02-27 17:59:18 [main] INFO  o.s.b.w.s.c.ServletWebServerApplicationContext - Root WebApplicationContext: initialization completed in 1423 ms
2026-02-27 17:59:18 [main] DEBUG c.u.l.p.c.j.JwtAuthenticationFilter - Filter 'jwtAuthenticationFilter' configured for use
2026-02-27 17:59:18 [main] INFO  o.h.jpa.internal.util.LogHelper - HHH000204: Processing PersistenceUnitInfo [name: default]
2026-02-27 17:59:18 [main] INFO  org.hibernate.Version - HHH000412: Hibernate ORM core version 6.6.4.Final
2026-02-27 17:59:19 [main] INFO  o.h.c.i.RegionFactoryInitiator - HHH000026: Second-level cache disabled
2026-02-27 17:59:19 [main] DEBUG o.hibernate.type.BasicTypeRegistry - Adding type registration boolean -> org.hibernate.type.BasicTypeReference@66d44581
2026-02-27 17:59:19 [main] DEBUG o.hibernate.type.BasicTypeRegistry - Adding type registration boolean -> org.hibernate.type.BasicTypeReference@66d44581
2026-02-27 17:59:19 [main] DEBUG o.hibernate.type.BasicTypeRegistry - Adding type registration java.lang.Boolean -> org.hibernate.type.BasicTypeReference@66d44581
2026-02-27 17:59:19 [main] DEBUG o.hibernate.type.BasicTypeRegistry - Adding type registration numeric_boolean -> org.hibernate.type.BasicTypeReference@1afa048a
2026-02-27 17:59:19 [main] DEBUG o.hibernate.type.BasicTypeRegistry - Adding type registration org.hibernate.type.NumericBooleanConverter -> org.hibernate.type.BasicTypeReference@1afa048a
2026-02-27 17:59:19 [main] DEBUG o.hibernate.type.BasicTypeRegistry - Adding type registration true_false -> org.hibernate.type.BasicTypeReference@293ecff6
2026-02-27 17:59:19 [main] DEBUG o.hibernate.type.BasicTypeRegistry - Adding type registration org.hibernate.type.TrueFalseConverter -> org.hibernate.type.BasicTypeReference@293ecff6
2026-02-27 17:59:19 [main] DEBUG o.hibernate.type.BasicTypeRegistry - Adding type registration yes_no -> org.hibernate.type.BasicTypeReference@70eb94d7
2026-02-27 17:59:19 [main] DEBUG o.hibernate.type.BasicTypeRegistry - Adding type registration org.hibernate.type.YesNoConverter -> org.hibernate.type.BasicTypeReference@70eb94d7
2026-02-27 17:59:19 [main] DEBUG o.hibernate.type.BasicTypeRegistry - Adding type registration byte -> org.hibernate.type.BasicTypeReference@34d72f06
2026-02-27 17:59:19 [main] DEBUG o.hibernate.type.BasicTypeRegistry - Adding type registration byte -> org.hibernate.type.BasicTypeReference@34d72f06
2026-02-27 17:59:19 [main] DEBUG o.hibernate.type.BasicTypeRegistry - Adding type registration java.lang.Byte -> org.hibernate.type.BasicTypeReference@34d72f06
2026-02-27 17:59:19 [main] DEBUG o.hibernate.type.BasicTypeRegistry - Adding type registration binary -> org.hibernate.type.BasicTypeReference@7e43b342
2026-02-27 17:59:19 [main] DEBUG o.hibernate.type.BasicTypeRegistry - Adding type registration byte[] -> org.hibernate.type.BasicTypeReference@7e43b342
2026-02-27 17:59:19 [main] DEBUG o.hibernate.type.BasicTypeRegistry - Adding type registration [B -> org.hibernate.type.BasicTypeReference@7e43b342
2026-02-27 17:59:19 [main] DEBUG o.hibernate.type.BasicTypeRegistry - Adding type registration binary_wrapper -> org.hibernate.type.BasicTypeReference@21dd9203
2026-02-27 17:59:19 [main] DEBUG o.hibernate.type.BasicTypeRegistry - Adding type registration wrapper-binary -> org.hibernate.type.BasicTypeReference@21dd9203
2026-02-27 17:59:19 [main] DEBUG o.hibernate.type.BasicTypeRegistry - Adding type registration image -> org.hibernate.type.BasicTypeReference@dbcf7c3
2026-02-27 17:59:19 [main] DEBUG o.hibernate.type.BasicTypeRegistry - Adding type registration blob -> org.hibernate.type.BasicTypeReference@1e466d
2026-02-27 17:59:19 [main] DEBUG o.hibernate.type.BasicTypeRegistry - Adding type registration java.sql.Blob -> org.hibernate.type.BasicTypeReference@1e466d
2026-02-27 17:59:19 [main] DEBUG o.hibernate.type.BasicTypeRegistry - Adding type registration materialized_blob -> org.hibernate.type.BasicTypeReference@63243c8f
2026-02-27 17:59:19 [main] DEBUG o.hibernate.type.BasicTypeRegistry - Adding type registration materialized_blob_wrapper -> org.hibernate.type.BasicTypeReference@2ea4e762
2026-02-27 17:59:19 [main] DEBUG o.hibernate.type.BasicTypeRegistry - Adding type registration short -> org.hibernate.type.BasicTypeReference@444c0f9a
2026-02-27 17:59:19 [main] DEBUG o.hibernate.type.BasicTypeRegistry - Adding type registration short -> org.hibernate.type.BasicTypeReference@444c0f9a
2026-02-27 17:59:19 [main] DEBUG o.hibernate.type.BasicTypeRegistry - Adding type registration java.lang.Short -> org.hibernate.type.BasicTypeReference@444c0f9a
2026-02-27 17:59:19 [main] DEBUG o.hibernate.type.BasicTypeRegistry - Adding type registration integer -> org.hibernate.type.BasicTypeReference@36931450
2026-02-27 17:59:19 [main] DEBUG o.hibernate.type.BasicTypeRegistry - Adding type registration int -> org.hibernate.type.BasicTypeReference@36931450
2026-02-27 17:59:19 [main] DEBUG o.hibernate.type.BasicTypeRegistry - Adding type registration java.lang.Integer -> org.hibernate.type.BasicTypeReference@36931450
2026-02-27 17:59:19 [main] DEBUG o.hibernate.type.BasicTypeRegistry - Adding type registration long -> org.hibernate.type.BasicTypeReference@74919649
2026-02-27 17:59:19 [main] DEBUG o.hibernate.type.BasicTypeRegistry - Adding type registration long -> org.hibernate.type.BasicTypeReference@74919649
2026-02-27 17:59:19 [main] DEBUG o.hibernate.type.BasicTypeRegistry - Adding type registration java.lang.Long -> org.hibernate.type.BasicTypeReference@74919649
2026-02-27 17:59:19 [main] DEBUG o.hibernate.type.BasicTypeRegistry - Adding type registration float -> org.hibernate.type.BasicTypeReference@7d07e04e
2026-02-27 17:59:19 [main] DEBUG o.hibernate.type.BasicTypeRegistry - Adding type registration float -> org.hibernate.type.BasicTypeReference@7d07e04e
2026-02-27 17:59:19 [main] DEBUG o.hibernate.type.BasicTypeRegistry - Adding type registration java.lang.Float -> org.hibernate.type.BasicTypeReference@7d07e04e
2026-02-27 17:59:19 [main] DEBUG o.hibernate.type.BasicTypeRegistry - Adding type registration double -> org.hibernate.type.BasicTypeReference@599310ab
2026-02-27 17:59:19 [main] DEBUG o.hibernate.type.BasicTypeRegistry - Adding type registration double -> org.hibernate.type.BasicTypeReference@599310ab
2026-02-27 17:59:19 [main] DEBUG o.hibernate.type.BasicTypeRegistry - Adding type registration java.lang.Double -> org.hibernate.type.BasicTypeReference@599310ab
2026-02-27 17:59:19 [main] DEBUG o.hibernate.type.BasicTypeRegistry - Adding type registration big_integer -> org.hibernate.type.BasicTypeReference@770cbe5d
2026-02-27 17:59:19 [main] DEBUG o.hibernate.type.BasicTypeRegistry - Adding type registration java.math.BigInteger -> org.hibernate.type.BasicTypeReference@770cbe5d
2026-02-27 17:59:19 [main] DEBUG o.hibernate.type.BasicTypeRegistry - Adding type registration big_decimal -> org.hibernate.type.BasicTypeReference@f575d2b
2026-02-27 17:59:19 [main] DEBUG o.hibernate.type.BasicTypeRegistry - Adding type registration java.math.BigDecimal -> org.hibernate.type.BasicTypeReference@f575d2b
2026-02-27 17:59:19 [main] DEBUG o.hibernate.type.BasicTypeRegistry - Adding type registration character -> org.hibernate.type.BasicTypeReference@4d90d91f
2026-02-27 17:59:19 [main] DEBUG o.hibernate.type.BasicTypeRegistry - Adding type registration char -> org.hibernate.type.BasicTypeReference@4d90d91f
2026-02-27 17:59:19 [main] DEBUG o.hibernate.type.BasicTypeRegistry - Adding type registration java.lang.Character -> org.hibernate.type.BasicTypeReference@4d90d91f
2026-02-27 17:59:19 [main] DEBUG o.hibernate.type.BasicTypeRegistry - Adding type registration character_nchar -> org.hibernate.type.BasicTypeReference@c478e4e
2026-02-27 17:59:19 [main] DEBUG o.hibernate.type.BasicTypeRegistry - Adding type registration string -> org.hibernate.type.BasicTypeReference@1e2b37cd
2026-02-27 17:59:19 [main] DEBUG o.hibernate.type.BasicTypeRegistry - Adding type registration java.lang.String -> org.hibernate.type.BasicTypeReference@1e2b37cd
2026-02-27 17:59:19 [main] DEBUG o.hibernate.type.BasicTypeRegistry - Adding type registration nstring -> org.hibernate.type.BasicTypeReference@2ba08f26
2026-02-27 17:59:19 [main] DEBUG o.hibernate.type.BasicTypeRegistry - Adding type registration characters -> org.hibernate.type.BasicTypeReference@6033f36c
2026-02-27 17:59:19 [main] DEBUG o.hibernate.type.BasicTypeRegistry - Adding type registration char[] -> org.hibernate.type.BasicTypeReference@6033f36c
2026-02-27 17:59:19 [main] DEBUG o.hibernate.type.BasicTypeRegistry - Adding type registration [C -> org.hibernate.type.BasicTypeReference@6033f36c
2026-02-27 17:59:19 [main] DEBUG o.hibernate.type.BasicTypeRegistry - Adding type registration wrapper-characters -> org.hibernate.type.BasicTypeReference@50b624da
2026-02-27 17:59:19 [main] DEBUG o.hibernate.type.BasicTypeRegistry - Adding type registration text -> org.hibernate.type.BasicTypeReference@1764e45e
2026-02-27 17:59:19 [main] DEBUG o.hibernate.type.BasicTypeRegistry - Adding type registration ntext -> org.hibernate.type.BasicTypeReference@3892802b
2026-02-27 17:59:19 [main] DEBUG o.hibernate.type.BasicTypeRegistry - Adding type registration clob -> org.hibernate.type.BasicTypeReference@4745bcc6
2026-02-27 17:59:19 [main] DEBUG o.hibernate.type.BasicTypeRegistry - Adding type registration java.sql.Clob -> org.hibernate.type.BasicTypeReference@4745bcc6
2026-02-27 17:59:19 [main] DEBUG o.hibernate.type.BasicTypeRegistry - Adding type registration nclob -> org.hibernate.type.BasicTypeReference@2634d000
2026-02-27 17:59:19 [main] DEBUG o.hibernate.type.BasicTypeRegistry - Adding type registration java.sql.NClob -> org.hibernate.type.BasicTypeReference@2634d000
2026-02-27 17:59:19 [main] DEBUG o.hibernate.type.BasicTypeRegistry - Adding type registration materialized_clob -> org.hibernate.type.BasicTypeReference@1642968c
2026-02-27 17:59:19 [main] DEBUG o.hibernate.type.BasicTypeRegistry - Adding type registration materialized_clob_char_array -> org.hibernate.type.BasicTypeReference@3a7dcfb7
2026-02-27 17:59:19 [main] DEBUG o.hibernate.type.BasicTypeRegistry - Adding type registration materialized_clob_character_array -> org.hibernate.type.BasicTypeReference@50b4e7b2
2026-02-27 17:59:19 [main] DEBUG o.hibernate.type.BasicTypeRegistry - Adding type registration materialized_nclob -> org.hibernate.type.BasicTypeReference@50008974
2026-02-27 17:59:19 [main] DEBUG o.hibernate.type.BasicTypeRegistry - Adding type registration materialized_nclob_character_array -> org.hibernate.type.BasicTypeReference@5274830e
2026-02-27 17:59:19 [main] DEBUG o.hibernate.type.BasicTypeRegistry - Adding type registration materialized_nclob_char_array -> org.hibernate.type.BasicTypeReference@6a0ee80
2026-02-27 17:59:19 [main] DEBUG o.hibernate.type.BasicTypeRegistry - Adding type registration Duration -> org.hibernate.type.BasicTypeReference@71de1091
2026-02-27 17:59:19 [main] DEBUG o.hibernate.type.BasicTypeRegistry - Adding type registration java.time.Duration -> org.hibernate.type.BasicTypeReference@71de1091
2026-02-27 17:59:19 [main] DEBUG o.hibernate.type.BasicTypeRegistry - Adding type registration LocalDateTime -> org.hibernate.type.BasicTypeReference@25c16cf7
2026-02-27 17:59:19 [main] DEBUG o.hibernate.type.BasicTypeRegistry - Adding type registration java.time.LocalDateTime -> org.hibernate.type.BasicTypeReference@25c16cf7
2026-02-27 17:59:19 [main] DEBUG o.hibernate.type.BasicTypeRegistry - Adding type registration LocalDate -> org.hibernate.type.BasicTypeReference@53dbe7b2
2026-02-27 17:59:19 [main] DEBUG o.hibernate.type.BasicTypeRegistry - Adding type registration java.time.LocalDate -> org.hibernate.type.BasicTypeReference@53dbe7b2
2026-02-27 17:59:19 [main] DEBUG o.hibernate.type.BasicTypeRegistry - Adding type registration LocalTime -> org.hibernate.type.BasicTypeReference@520ec7a7
2026-02-27 17:59:19 [main] DEBUG o.hibernate.type.BasicTypeRegistry - Adding type registration java.time.LocalTime -> org.hibernate.type.BasicTypeReference@520ec7a7
2026-02-27 17:59:19 [main] DEBUG o.hibernate.type.BasicTypeRegistry - Adding type registration OffsetDateTime -> org.hibernate.type.BasicTypeReference@53551fef
2026-02-27 17:59:19 [main] DEBUG o.hibernate.type.BasicTypeRegistry - Adding type registration java.time.OffsetDateTime -> org.hibernate.type.BasicTypeReference@53551fef
2026-02-27 17:59:19 [main] DEBUG o.hibernate.type.BasicTypeRegistry - Adding type registration OffsetDateTimeWithTimezone -> org.hibernate.type.BasicTypeReference@7d5d77a6
2026-02-27 17:59:19 [main] DEBUG o.hibernate.type.BasicTypeRegistry - Adding type registration OffsetDateTimeWithoutTimezone -> org.hibernate.type.BasicTypeReference@71b7e9c8
2026-02-27 17:59:19 [main] DEBUG o.hibernate.type.BasicTypeRegistry - Adding type registration OffsetTime -> org.hibernate.type.BasicTypeReference@55202ba6
2026-02-27 17:59:19 [main] DEBUG o.hibernate.type.BasicTypeRegistry - Adding type registration java.time.OffsetTime -> org.hibernate.type.BasicTypeReference@55202ba6
2026-02-27 17:59:19 [main] DEBUG o.hibernate.type.BasicTypeRegistry - Adding type registration OffsetTimeUtc -> org.hibernate.type.BasicTypeReference@2ef1fc8a
2026-02-27 17:59:19 [main] DEBUG o.hibernate.type.BasicTypeRegistry - Adding type registration OffsetTimeWithTimezone -> org.hibernate.type.BasicTypeReference@38874eb5
2026-02-27 17:59:19 [main] DEBUG o.hibernate.type.BasicTypeRegistry - Adding type registration OffsetTimeWithoutTimezone -> org.hibernate.type.BasicTypeReference@76b019c4
2026-02-27 17:59:19 [main] DEBUG o.hibernate.type.BasicTypeRegistry - Adding type registration ZonedDateTime -> org.hibernate.type.BasicTypeReference@221961af
2026-02-27 17:59:19 [main] DEBUG o.hibernate.type.BasicTypeRegistry - Adding type registration java.time.ZonedDateTime -> org.hibernate.type.BasicTypeReference@221961af
2026-02-27 17:59:19 [main] DEBUG o.hibernate.type.BasicTypeRegistry - Adding type registration ZonedDateTimeWithTimezone -> org.hibernate.type.BasicTypeReference@32ddcca
2026-02-27 17:59:19 [main] DEBUG o.hibernate.type.BasicTypeRegistry - Adding type registration ZonedDateTimeWithoutTimezone -> org.hibernate.type.BasicTypeReference@1ddc8fc
2026-02-27 17:59:19 [main] DEBUG o.hibernate.type.BasicTypeRegistry - Adding type registration date -> org.hibernate.type.BasicTypeReference@77d58f3a
2026-02-27 17:59:19 [main] DEBUG o.hibernate.type.BasicTypeRegistry - Adding type registration java.sql.Date -> org.hibernate.type.BasicTypeReference@77d58f3a
2026-02-27 17:59:19 [main] DEBUG o.hibernate.type.BasicTypeRegistry - Adding type registration time -> org.hibernate.type.BasicTypeReference@1e288c76
2026-02-27 17:59:19 [main] DEBUG o.hibernate.type.BasicTypeRegistry - Adding type registration java.sql.Time -> org.hibernate.type.BasicTypeReference@1e288c76
2026-02-27 17:59:19 [main] DEBUG o.hibernate.type.BasicTypeRegistry - Adding type registration timestamp -> org.hibernate.type.BasicTypeReference@738ed8f5
2026-02-27 17:59:19 [main] DEBUG o.hibernate.type.BasicTypeRegistry - Adding type registration java.sql.Timestamp -> org.hibernate.type.BasicTypeReference@738ed8f5
2026-02-27 17:59:19 [main] DEBUG o.hibernate.type.BasicTypeRegistry - Adding type registration java.util.Date -> org.hibernate.type.BasicTypeReference@738ed8f5
2026-02-27 17:59:19 [main] DEBUG o.hibernate.type.BasicTypeRegistry - Adding type registration calendar -> org.hibernate.type.BasicTypeReference@1cfb7450
2026-02-27 17:59:19 [main] DEBUG o.hibernate.type.BasicTypeRegistry - Adding type registration java.util.Calendar -> org.hibernate.type.BasicTypeReference@1cfb7450
2026-02-27 17:59:19 [main] DEBUG o.hibernate.type.BasicTypeRegistry - Adding type registration java.util.GregorianCalendar -> org.hibernate.type.BasicTypeReference@1cfb7450
2026-02-27 17:59:19 [main] DEBUG o.hibernate.type.BasicTypeRegistry - Adding type registration calendar_date -> org.hibernate.type.BasicTypeReference@478c84aa
2026-02-27 17:59:19 [main] DEBUG o.hibernate.type.BasicTypeRegistry - Adding type registration calendar_time -> org.hibernate.type.BasicTypeReference@1d1deb11
2026-02-27 17:59:19 [main] DEBUG o.hibernate.type.BasicTypeRegistry - Adding type registration instant -> org.hibernate.type.BasicTypeReference@18d1d137
2026-02-27 17:59:19 [main] DEBUG o.hibernate.type.BasicTypeRegistry - Adding type registration java.time.Instant -> org.hibernate.type.BasicTypeReference@18d1d137
2026-02-27 17:59:19 [main] DEBUG o.hibernate.type.BasicTypeRegistry - Adding type registration uuid -> org.hibernate.type.BasicTypeReference@5f4f6f89
2026-02-27 17:59:19 [main] DEBUG o.hibernate.type.BasicTypeRegistry - Adding type registration java.util.UUID -> org.hibernate.type.BasicTypeReference@5f4f6f89
2026-02-27 17:59:19 [main] DEBUG o.hibernate.type.BasicTypeRegistry - Adding type registration pg-uuid -> org.hibernate.type.BasicTypeReference@5f4f6f89
2026-02-27 17:59:19 [main] DEBUG o.hibernate.type.BasicTypeRegistry - Adding type registration uuid-binary -> org.hibernate.type.BasicTypeReference@7c45191e
2026-02-27 17:59:19 [main] DEBUG o.hibernate.type.BasicTypeRegistry - Adding type registration uuid-char -> org.hibernate.type.BasicTypeReference@ef220e4
2026-02-27 17:59:19 [main] DEBUG o.hibernate.type.BasicTypeRegistry - Adding type registration class -> org.hibernate.type.BasicTypeReference@18bc1064
2026-02-27 17:59:19 [main] DEBUG o.hibernate.type.BasicTypeRegistry - Adding type registration java.lang.Class -> org.hibernate.type.BasicTypeReference@18bc1064
2026-02-27 17:59:19 [main] DEBUG o.hibernate.type.BasicTypeRegistry - Adding type registration currency -> org.hibernate.type.BasicTypeReference@3cab07dd
2026-02-27 17:59:19 [main] DEBUG o.hibernate.type.BasicTypeRegistry - Adding type registration Currency -> org.hibernate.type.BasicTypeReference@3cab07dd
2026-02-27 17:59:19 [main] DEBUG o.hibernate.type.BasicTypeRegistry - Adding type registration java.util.Currency -> org.hibernate.type.BasicTypeReference@3cab07dd
2026-02-27 17:59:19 [main] DEBUG o.hibernate.type.BasicTypeRegistry - Adding type registration locale -> org.hibernate.type.BasicTypeReference@68f264bf
2026-02-27 17:59:19 [main] DEBUG o.hibernate.type.BasicTypeRegistry - Adding type registration java.util.Locale -> org.hibernate.type.BasicTypeReference@68f264bf
2026-02-27 17:59:19 [main] DEBUG o.hibernate.type.BasicTypeRegistry - Adding type registration serializable -> org.hibernate.type.BasicTypeReference@77988c45
2026-02-27 17:59:19 [main] DEBUG o.hibernate.type.BasicTypeRegistry - Adding type registration java.io.Serializable -> org.hibernate.type.BasicTypeReference@77988c45
2026-02-27 17:59:19 [main] DEBUG o.hibernate.type.BasicTypeRegistry - Adding type registration timezone -> org.hibernate.type.BasicTypeReference@f5f8de2
2026-02-27 17:59:19 [main] DEBUG o.hibernate.type.BasicTypeRegistry - Adding type registration java.util.TimeZone -> org.hibernate.type.BasicTypeReference@f5f8de2
2026-02-27 17:59:19 [main] DEBUG o.hibernate.type.BasicTypeRegistry - Adding type registration ZoneOffset -> org.hibernate.type.BasicTypeReference@6baee63b
2026-02-27 17:59:19 [main] DEBUG o.hibernate.type.BasicTypeRegistry - Adding type registration java.time.ZoneOffset -> org.hibernate.type.BasicTypeReference@6baee63b
2026-02-27 17:59:19 [main] DEBUG o.hibernate.type.BasicTypeRegistry - Adding type registration url -> org.hibernate.type.BasicTypeReference@1002b06d
2026-02-27 17:59:19 [main] DEBUG o.hibernate.type.BasicTypeRegistry - Adding type registration java.net.URL -> org.hibernate.type.BasicTypeReference@1002b06d
2026-02-27 17:59:19 [main] DEBUG o.hibernate.type.BasicTypeRegistry - Adding type registration vector -> org.hibernate.type.BasicTypeReference@234bfc8c
2026-02-27 17:59:19 [main] DEBUG o.hibernate.type.BasicTypeRegistry - Adding type registration float_vector -> org.hibernate.type.BasicTypeReference@5008559a
2026-02-27 17:59:19 [main] DEBUG o.hibernate.type.BasicTypeRegistry - Adding type registration double_vector -> org.hibernate.type.BasicTypeReference@4c0bfe9e
2026-02-27 17:59:19 [main] DEBUG o.hibernate.type.BasicTypeRegistry - Adding type registration byte_vector -> org.hibernate.type.BasicTypeReference@490fbeaa
2026-02-27 17:59:19 [main] DEBUG o.hibernate.type.BasicTypeRegistry - Adding type registration row_version -> org.hibernate.type.BasicTypeReference@35dc849b
2026-02-27 17:59:19 [main] DEBUG o.hibernate.type.BasicTypeRegistry - Adding type registration object -> org.hibernate.type.JavaObjectType@767cc126
2026-02-27 17:59:19 [main] DEBUG o.hibernate.type.BasicTypeRegistry - Adding type registration java.lang.Object -> org.hibernate.type.JavaObjectType@767cc126
2026-02-27 17:59:19 [main] DEBUG o.hibernate.type.BasicTypeRegistry - Adding type registration null -> org.hibernate.type.NullType@acb1c9c
2026-02-27 17:59:19 [main] DEBUG o.hibernate.type.BasicTypeRegistry - Adding type registration imm_date -> org.hibernate.type.BasicTypeReference@1c681761
2026-02-27 17:59:19 [main] DEBUG o.hibernate.type.BasicTypeRegistry - Adding type registration imm_time -> org.hibernate.type.BasicTypeReference@411933
2026-02-27 17:59:19 [main] DEBUG o.hibernate.type.BasicTypeRegistry - Adding type registration imm_timestamp -> org.hibernate.type.BasicTypeReference@393e7546
2026-02-27 17:59:19 [main] DEBUG o.hibernate.type.BasicTypeRegistry - Adding type registration imm_calendar -> org.hibernate.type.BasicTypeReference@6b43b101
2026-02-27 17:59:19 [main] DEBUG o.hibernate.type.BasicTypeRegistry - Adding type registration imm_calendar_date -> org.hibernate.type.BasicTypeReference@37cc6017
2026-02-27 17:59:19 [main] DEBUG o.hibernate.type.BasicTypeRegistry - Adding type registration imm_calendar_time -> org.hibernate.type.BasicTypeReference@3fcc7f5c
2026-02-27 17:59:19 [main] DEBUG o.hibernate.type.BasicTypeRegistry - Adding type registration imm_binary -> org.hibernate.type.BasicTypeReference@7512a9a6
2026-02-27 17:59:19 [main] DEBUG o.hibernate.type.BasicTypeRegistry - Adding type registration imm_serializable -> org.hibernate.type.BasicTypeReference@32fd5bc
2026-02-27 17:59:19 [main] INFO  o.s.o.j.p.SpringPersistenceUnitInfo - No LoadTimeWeaver setup: ignoring JPA class transformer
2026-02-27 17:59:19 [main] INFO  com.zaxxer.hikari.HikariDataSource - HikariPool-1 - Starting...
2026-02-27 17:59:19 [main] INFO  com.zaxxer.hikari.pool.HikariPool - HikariPool-1 - Added connection org.postgresql.jdbc.PgConnection@b0c4905
2026-02-27 17:59:19 [main] INFO  com.zaxxer.hikari.HikariDataSource - HikariPool-1 - Start completed.
2026-02-27 17:59:19 [main] INFO  o.hibernate.orm.connections.pooling - HHH10001005: Database info:
	Database JDBC URL [Connecting through datasource 'HikariDataSource (HikariPool-1)']
	Database driver: undefined/unknown
	Database version: 16.12
	Autocommit mode: undefined/unknown
	Isolation level: undefined/unknown
	Minimum pool size: undefined/unknown
	Maximum pool size: undefined/unknown
2026-02-27 17:59:19 [main] DEBUG o.h.t.d.sql.spi.DdlTypeRegistry - addDescriptor(2003, org.hibernate.type.descriptor.sql.internal.ArrayDdlTypeImpl@61c4fc34) replaced previous registration(org.hibernate.type.descriptor.sql.internal.ArrayDdlTypeImpl@6f9999f6)
2026-02-27 17:59:19 [main] DEBUG o.h.t.d.sql.spi.DdlTypeRegistry - addDescriptor(6, org.hibernate.type.descriptor.sql.internal.CapacityDependentDdlType@5e085259) replaced previous registration(org.hibernate.type.descriptor.sql.internal.DdlTypeImpl@68ea1eb5)
2026-02-27 17:59:19 [main] DEBUG o.h.t.d.jdbc.spi.JdbcTypeRegistry - addDescriptor(2004, BlobTypeDescriptor(BLOB_BINDING)) replaced previous registration(BlobTypeDescriptor(DEFAULT))
2026-02-27 17:59:19 [main] DEBUG o.h.t.d.jdbc.spi.JdbcTypeRegistry - addDescriptor(2005, ClobTypeDescriptor(CLOB_BINDING)) replaced previous registration(ClobTypeDescriptor(DEFAULT))
2026-02-27 17:59:19 [main] DEBUG o.hibernate.type.BasicTypeRegistry - Adding type registration JAVA_OBJECT -> org.hibernate.type.JavaObjectType@22a2e581
2026-02-27 17:59:19 [main] DEBUG o.hibernate.type.BasicTypeRegistry - Adding type registration java.lang.Object -> org.hibernate.type.JavaObjectType@22a2e581
2026-02-27 17:59:19 [main] DEBUG o.hibernate.type.BasicTypeRegistry - Type registration key [java.lang.Object] overrode previous entry : `org.hibernate.type.JavaObjectType@767cc126`
2026-02-27 17:59:19 [main] DEBUG o.hibernate.type.BasicTypeRegistry - Adding type registration org.hibernate.type.DurationType -> basicType@1(java.time.Duration,3015)
2026-02-27 17:59:19 [main] DEBUG o.hibernate.type.BasicTypeRegistry - Adding type registration Duration -> basicType@1(java.time.Duration,3015)
2026-02-27 17:59:19 [main] DEBUG o.hibernate.type.BasicTypeRegistry - Adding type registration java.time.Duration -> basicType@1(java.time.Duration,3015)
2026-02-27 17:59:19 [main] DEBUG o.hibernate.type.BasicTypeRegistry - Adding type registration org.hibernate.type.OffsetDateTimeType -> basicType@2(java.time.OffsetDateTime,3003)
2026-02-27 17:59:19 [main] DEBUG o.hibernate.type.BasicTypeRegistry - Adding type registration OffsetDateTime -> basicType@2(java.time.OffsetDateTime,3003)
2026-02-27 17:59:19 [main] DEBUG o.hibernate.type.BasicTypeRegistry - Adding type registration java.time.OffsetDateTime -> basicType@2(java.time.OffsetDateTime,3003)
2026-02-27 17:59:19 [main] DEBUG o.hibernate.type.BasicTypeRegistry - Adding type registration org.hibernate.type.ZonedDateTimeType -> basicType@3(java.time.ZonedDateTime,3003)
2026-02-27 17:59:19 [main] DEBUG o.hibernate.type.BasicTypeRegistry - Adding type registration ZonedDateTime -> basicType@3(java.time.ZonedDateTime,3003)
2026-02-27 17:59:19 [main] DEBUG o.hibernate.type.BasicTypeRegistry - Adding type registration java.time.ZonedDateTime -> basicType@3(java.time.ZonedDateTime,3003)
2026-02-27 17:59:19 [main] DEBUG o.hibernate.type.BasicTypeRegistry - Adding type registration org.hibernate.type.OffsetTimeType -> basicType@4(java.time.OffsetTime,3007)
2026-02-27 17:59:19 [main] DEBUG o.hibernate.type.BasicTypeRegistry - Adding type registration OffsetTime -> basicType@4(java.time.OffsetTime,3007)
2026-02-27 17:59:19 [main] DEBUG o.hibernate.type.BasicTypeRegistry - Adding type registration java.time.OffsetTime -> basicType@4(java.time.OffsetTime,3007)
2026-02-27 17:59:19 [main] DEBUG o.h.type.spi.TypeConfiguration$Scope - Scoping TypeConfiguration [org.hibernate.type.spi.TypeConfiguration@73c1dda3] to MetadataBuildingContext [org.hibernate.boot.internal.MetadataBuildingContextRootImpl@c3c63c1]
2026-02-27 17:59:19 [main] INFO  o.h.e.t.j.p.i.JtaPlatformInitiator - HHH000489: No JTA platform available (set 'hibernate.transaction.jta.platform' to enable JTA platform integration)
2026-02-27 17:59:19 [main] DEBUG o.h.type.spi.TypeConfiguration$Scope - Scoping TypeConfiguration [org.hibernate.type.spi.TypeConfiguration@73c1dda3] to SessionFactoryImplementor [org.hibernate.internal.SessionFactoryImpl@1e5f3c4a]
2026-02-27 17:59:19 [main] TRACE o.h.type.spi.TypeConfiguration$Scope - Handling #sessionFactoryCreated from [org.hibernate.internal.SessionFactoryImpl@1e5f3c4a] for TypeConfiguration
2026-02-27 17:59:19 [main] INFO  o.s.o.j.LocalContainerEntityManagerFactoryBean - Initialized JPA EntityManagerFactory for persistence unit 'default'
2026-02-27 17:59:20 [main] WARN  o.s.b.a.o.j.JpaBaseConfiguration$JpaWebConfiguration - spring.jpa.open-in-view is enabled by default. Therefore, database queries may be performed during view rendering. Explicitly configure spring.jpa.open-in-view to disable this warning
2026-02-27 17:59:20 [main] WARN  o.s.b.a.s.s.UserDetailsServiceAutoConfiguration - 

Using generated security password: b67df9cc-e640-47e1-bfda-777ca3fcbf6a

This generated password is for development use only. Your security configuration must be updated before running your application in production.

2026-02-27 17:59:20 [main] INFO  o.s.s.c.a.a.c.InitializeUserDetailsBeanManagerConfigurer$InitializeUserDetailsManagerConfigurer - Global AuthenticationManager configured with UserDetailsService bean with name inMemoryUserDetailsManager
2026-02-27 17:59:21 [main] INFO  o.s.b.a.e.web.EndpointLinksResolver - Exposing 4 endpoints beneath base path '/actuator'
2026-02-27 17:59:23 [main] INFO  o.s.cloud.commons.util.InetUtils - Cannot determine local hostname
2026-02-27 17:59:23 [main] INFO  o.s.b.w.e.tomcat.TomcatWebServer - Tomcat started on port 8083 (http) with context path '/'
2026-02-27 17:59:24 [main] INFO  o.s.cloud.commons.util.InetUtils - Cannot determine local hostname
2026-02-27 17:59:24 [main] INFO  c.u.l.payment.PaymentApplication - Started PaymentApplication in 8.327 seconds (process running for 8.636)
2026-02-27 17:59:39 [http-nio-8083-exec-1] INFO  o.a.c.c.C.[Tomcat].[localhost].[/] - Initializing Spring DispatcherServlet 'dispatcherServlet'
2026-02-27 17:59:39 [http-nio-8083-exec-1] INFO  o.s.web.servlet.DispatcherServlet - Initializing Servlet 'dispatcherServlet'
2026-02-27 17:59:39 [http-nio-8083-exec-1] INFO  o.s.web.servlet.DispatcherServlet - Completed initialization in 2 ms
2026-02-27 19:51:46 [lettuce-nioEventLoop-6-1] INFO  i.l.core.protocol.CommandHandler - null Unexpected exception during request: java.net.SocketException: Connection reset
java.net.SocketException: Connection reset
	at java.base/sun.nio.ch.SocketChannelImpl.throwConnectionReset(SocketChannelImpl.java:401)
	at java.base/sun.nio.ch.SocketChannelImpl.read(SocketChannelImpl.java:434)
	at io.netty.buffer.PooledByteBuf.setBytes(PooledByteBuf.java:255)
	at io.netty.buffer.AbstractByteBuf.writeBytes(AbstractByteBuf.java:1132)
	at io.netty.channel.socket.nio.NioSocketChannel.doReadBytes(NioSocketChannel.java:356)
	at io.netty.channel.nio.AbstractNioByteChannel$NioByteUnsafe.read(AbstractNioByteChannel.java:151)
	at io.netty.channel.nio.NioEventLoop.processSelectedKey(NioEventLoop.java:788)
	at io.netty.channel.nio.NioEventLoop.processSelectedKeysOptimized(NioEventLoop.java:724)
	at io.netty.channel.nio.NioEventLoop.processSelectedKeys(NioEventLoop.java:650)
	at io.netty.channel.nio.NioEventLoop.run(NioEventLoop.java:562)
	at io.netty.util.concurrent.SingleThreadEventExecutor$4.run(SingleThreadEventExecutor.java:997)
	at io.netty.util.internal.ThreadExecutorMap$2.run(ThreadExecutorMap.java:74)
	at io.netty.util.concurrent.FastThreadLocalRunnable.run(FastThreadLocalRunnable.java:30)
	at java.base/java.lang.Thread.run(Thread.java:1583)
2026-02-27 19:51:46 [lettuce-eventExecutorLoop-1-2] INFO  i.l.core.protocol.ConnectionWatchdog - Reconnecting, last destination was localhost/127.0.0.1:16379
2026-02-27 19:51:46 [lettuce-nioEventLoop-6-2] WARN  i.l.core.protocol.ConnectionWatchdog - Cannot reconnect to [localhost/<unresolved>:16379]: Connection refused: no further information: localhost/127.0.0.1:16379
2026-02-27 19:51:55 [lettuce-eventExecutorLoop-1-14] INFO  i.l.core.protocol.ConnectionWatchdog - Reconnecting, last destination was localhost/<unresolved>:16379
2026-02-27 19:51:55 [lettuce-nioEventLoop-6-14] WARN  i.l.core.protocol.ConnectionWatchdog - Cannot reconnect to [localhost/<unresolved>:16379]: Connection refused: no further information: localhost/127.0.0.1:16379
2026-02-27 19:52:03 [lettuce-eventExecutorLoop-1-15] INFO  i.l.core.protocol.ConnectionWatchdog - Reconnecting, last destination was localhost/<unresolved>:16379
2026-02-27 19:52:03 [lettuce-nioEventLoop-6-15] WARN  i.l.core.protocol.ConnectionWatchdog - Cannot reconnect to [localhost/<unresolved>:16379]: Connection refused: no further information: localhost/127.0.0.1:16379
2026-02-27 19:52:19 [lettuce-eventExecutorLoop-1-16] INFO  i.l.core.protocol.ConnectionWatchdog - Reconnecting, last destination was localhost/<unresolved>:16379
2026-02-27 19:52:19 [lettuce-nioEventLoop-6-16] WARN  i.l.core.protocol.ConnectionWatchdog - Cannot reconnect to [localhost/<unresolved>:16379]: Connection refused: no further information: localhost/127.0.0.1:16379
2026-02-27 19:52:50 [lettuce-eventExecutorLoop-1-28] INFO  i.l.core.protocol.ConnectionWatchdog - Reconnecting, last destination was localhost/<unresolved>:16379
2026-02-27 19:52:50 [lettuce-nioEventLoop-6-17] WARN  i.l.core.protocol.ConnectionWatchdog - Cannot reconnect to [localhost/<unresolved>:16379]: Connection refused: no further information: localhost/127.0.0.1:16379
2026-02-27 19:53:20 [lettuce-eventExecutorLoop-1-32] INFO  i.l.core.protocol.ConnectionWatchdog - Reconnecting, last destination was localhost/<unresolved>:16379
2026-02-27 19:53:20 [lettuce-nioEventLoop-6-18] WARN  i.l.core.protocol.ConnectionWatchdog - Cannot reconnect to [localhost/<unresolved>:16379]: Connection refused: no further information: localhost/127.0.0.1:16379
2026-02-27 19:53:50 [lettuce-eventExecutorLoop-1-3] INFO  i.l.core.protocol.ConnectionWatchdog - Reconnecting, last destination was localhost/<unresolved>:16379
2026-02-27 19:53:50 [lettuce-nioEventLoop-6-19] WARN  i.l.core.protocol.ConnectionWatchdog - Cannot reconnect to [localhost/<unresolved>:16379]: Connection refused: no further information: localhost/127.0.0.1:16379
2026-02-27 19:54:20 [lettuce-eventExecutorLoop-1-5] INFO  i.l.core.protocol.ConnectionWatchdog - Reconnecting, last destination was localhost/<unresolved>:16379
2026-02-27 19:54:20 [lettuce-nioEventLoop-6-20] WARN  i.l.core.protocol.ConnectionWatchdog - Cannot reconnect to [localhost/<unresolved>:16379]: Connection refused: no further information: localhost/127.0.0.1:16379
2026-02-27 19:54:50 [lettuce-eventExecutorLoop-1-7] INFO  i.l.core.protocol.ConnectionWatchdog - Reconnecting, last destination was localhost/<unresolved>:16379
2026-02-27 19:54:50 [lettuce-nioEventLoop-6-21] WARN  i.l.core.protocol.ConnectionWatchdog - Cannot reconnect to [localhost/<unresolved>:16379]: Connection refused: no further information: localhost/127.0.0.1:16379
2026-02-27 19:55:20 [lettuce-eventExecutorLoop-1-9] INFO  i.l.core.protocol.ConnectionWatchdog - Reconnecting, last destination was localhost/<unresolved>:16379
2026-02-27 19:55:20 [lettuce-nioEventLoop-6-22] WARN  i.l.core.protocol.ConnectionWatchdog - Cannot reconnect to [localhost/<unresolved>:16379]: Connection refused: no further information: localhost/127.0.0.1:16379
2026-02-27 19:55:50 [lettuce-eventExecutorLoop-1-11] INFO  i.l.core.protocol.ConnectionWatchdog - Reconnecting, last destination was localhost/<unresolved>:16379
2026-02-27 19:55:50 [lettuce-nioEventLoop-6-23] WARN  i.l.core.protocol.ConnectionWatchdog - Cannot reconnect to [localhost/<unresolved>:16379]: Connection refused: no further information: localhost/127.0.0.1:16379
2026-02-27 19:56:20 [lettuce-eventExecutorLoop-1-13] INFO  i.l.core.protocol.ConnectionWatchdog - Reconnecting, last destination was localhost/<unresolved>:16379
2026-02-27 19:56:20 [lettuce-nioEventLoop-6-24] INFO  i.l.c.protocol.ReconnectionHandler - Reconnected to localhost/<unresolved>:16379
2026-02-27 19:56:59 [lettuce-nioEventLoop-6-24] INFO  i.l.core.protocol.CommandHandler - null Unexpected exception during request: java.net.SocketException: Connection reset
java.net.SocketException: Connection reset
	at java.base/sun.nio.ch.SocketChannelImpl.throwConnectionReset(SocketChannelImpl.java:401)
	at java.base/sun.nio.ch.SocketChannelImpl.read(SocketChannelImpl.java:434)
	at io.netty.buffer.PooledByteBuf.setBytes(PooledByteBuf.java:255)
	at io.netty.buffer.AbstractByteBuf.writeBytes(AbstractByteBuf.java:1132)
	at io.netty.channel.socket.nio.NioSocketChannel.doReadBytes(NioSocketChannel.java:356)
	at io.netty.channel.nio.AbstractNioByteChannel$NioByteUnsafe.read(AbstractNioByteChannel.java:151)
	at io.netty.channel.nio.NioEventLoop.processSelectedKey(NioEventLoop.java:788)
	at io.netty.channel.nio.NioEventLoop.processSelectedKeysOptimized(NioEventLoop.java:724)
	at io.netty.channel.nio.NioEventLoop.processSelectedKeys(NioEventLoop.java:650)
	at io.netty.channel.nio.NioEventLoop.run(NioEventLoop.java:562)
	at io.netty.util.concurrent.SingleThreadEventExecutor$4.run(SingleThreadEventExecutor.java:997)
	at io.netty.util.internal.ThreadExecutorMap$2.run(ThreadExecutorMap.java:74)
	at io.netty.util.concurrent.FastThreadLocalRunnable.run(FastThreadLocalRunnable.java:30)
	at java.base/java.lang.Thread.run(Thread.java:1583)
2026-02-27 19:56:59 [lettuce-eventExecutorLoop-1-15] INFO  i.l.core.protocol.ConnectionWatchdog - Reconnecting, last destination was localhost/127.0.0.1:16379
2026-02-27 19:56:59 [lettuce-nioEventLoop-6-25] WARN  i.l.core.protocol.ConnectionWatchdog - Cannot reconnect to [localhost/<unresolved>:16379]: Connection refused: no further information: localhost/127.0.0.1:16379
2026-02-27 19:57:08 [lettuce-eventExecutorLoop-1-27] INFO  i.l.core.protocol.ConnectionWatchdog - Reconnecting, last destination was localhost/<unresolved>:16379
2026-02-27 19:57:08 [lettuce-nioEventLoop-6-5] WARN  i.l.core.protocol.ConnectionWatchdog - Cannot reconnect to [localhost/<unresolved>:16379]: Connection refused: no further information: localhost/127.0.0.1:16379
2026-02-27 19:57:16 [lettuce-eventExecutorLoop-1-28] INFO  i.l.core.protocol.ConnectionWatchdog - Reconnecting, last destination was localhost/<unresolved>:16379
2026-02-27 19:57:16 [lettuce-nioEventLoop-6-6] WARN  i.l.core.protocol.ConnectionWatchdog - Cannot reconnect to [localhost/<unresolved>:16379]: Connection refused: no further information: localhost/127.0.0.1:16379
2026-02-27 19:57:33 [lettuce-eventExecutorLoop-1-29] INFO  i.l.core.protocol.ConnectionWatchdog - Reconnecting, last destination was localhost/<unresolved>:16379
2026-02-27 19:57:33 [lettuce-nioEventLoop-6-7] WARN  i.l.core.protocol.ConnectionWatchdog - Cannot reconnect to [localhost/<unresolved>:16379]: Connection refused: no further information: localhost/127.0.0.1:16379
2026-02-27 19:58:03 [lettuce-eventExecutorLoop-1-9] INFO  i.l.core.protocol.ConnectionWatchdog - Reconnecting, last destination was localhost/<unresolved>:16379
2026-02-27 19:58:03 [lettuce-nioEventLoop-6-8] WARN  i.l.core.protocol.ConnectionWatchdog - Cannot reconnect to [localhost/<unresolved>:16379]: Connection refused: no further information: localhost/127.0.0.1:16379
2026-02-27 19:58:33 [lettuce-eventExecutorLoop-1-14] INFO  i.l.core.protocol.ConnectionWatchdog - Reconnecting, last destination was localhost/<unresolved>:16379
2026-02-27 19:58:33 [lettuce-nioEventLoop-6-9] WARN  i.l.core.protocol.ConnectionWatchdog - Cannot reconnect to [localhost/<unresolved>:16379]: Connection refused: no further information: localhost/127.0.0.1:16379
2026-02-27 19:59:03 [lettuce-eventExecutorLoop-1-16] INFO  i.l.core.protocol.ConnectionWatchdog - Reconnecting, last destination was localhost/<unresolved>:16379
2026-02-27 19:59:03 [lettuce-nioEventLoop-6-10] WARN  i.l.core.protocol.ConnectionWatchdog - Cannot reconnect to [localhost/<unresolved>:16379]: Connection refused: no further information: localhost/127.0.0.1:16379
2026-02-27 19:59:33 [lettuce-eventExecutorLoop-1-18] INFO  i.l.core.protocol.ConnectionWatchdog - Reconnecting, last destination was localhost/<unresolved>:16379
2026-02-27 19:59:33 [lettuce-nioEventLoop-6-11] WARN  i.l.core.protocol.ConnectionWatchdog - Cannot reconnect to [localhost/<unresolved>:16379]: Connection refused: no further information: localhost/127.0.0.1:16379
2026-02-27 20:00:03 [lettuce-eventExecutorLoop-1-20] INFO  i.l.core.protocol.ConnectionWatchdog - Reconnecting, last destination was localhost/<unresolved>:16379
2026-02-27 20:00:03 [lettuce-nioEventLoop-6-12] WARN  i.l.core.protocol.ConnectionWatchdog - Cannot reconnect to [localhost/<unresolved>:16379]: Connection refused: no further information: localhost/127.0.0.1:16379
2026-02-27 20:00:33 [lettuce-eventExecutorLoop-1-22] INFO  i.l.core.protocol.ConnectionWatchdog - Reconnecting, last destination was localhost/<unresolved>:16379
2026-02-27 20:00:33 [lettuce-nioEventLoop-6-13] WARN  i.l.core.protocol.ConnectionWatchdog - Cannot reconnect to [localhost/<unresolved>:16379]: Connection refused: no further information: localhost/127.0.0.1:16379
2026-02-27 20:01:04 [lettuce-eventExecutorLoop-1-24] INFO  i.l.core.protocol.ConnectionWatchdog - Reconnecting, last destination was localhost/<unresolved>:16379
2026-02-27 20:01:04 [lettuce-nioEventLoop-6-14] WARN  i.l.core.protocol.ConnectionWatchdog - Cannot reconnect to [localhost/<unresolved>:16379]: Connection refused: no further information: localhost/127.0.0.1:16379
2026-02-27 20:01:34 [lettuce-eventExecutorLoop-1-26] INFO  i.l.core.protocol.ConnectionWatchdog - Reconnecting, last destination was localhost/<unresolved>:16379
2026-02-27 20:01:34 [lettuce-nioEventLoop-6-15] WARN  i.l.core.protocol.ConnectionWatchdog - Cannot reconnect to [localhost/<unresolved>:16379]: Connection refused: no further information: localhost/127.0.0.1:16379
2026-02-27 20:02:04 [lettuce-eventExecutorLoop-1-28] INFO  i.l.core.protocol.ConnectionWatchdog - Reconnecting, last destination was localhost/<unresolved>:16379
2026-02-27 20:02:04 [lettuce-nioEventLoop-6-16] WARN  i.l.core.protocol.ConnectionWatchdog - Cannot reconnect to [localhost/<unresolved>:16379]: Connection refused: no further information: localhost/127.0.0.1:16379
2026-02-27 20:02:34 [lettuce-eventExecutorLoop-1-30] INFO  i.l.core.protocol.ConnectionWatchdog - Reconnecting, last destination was localhost/<unresolved>:16379
2026-02-27 20:02:34 [lettuce-nioEventLoop-6-17] WARN  i.l.core.protocol.ConnectionWatchdog - Cannot reconnect to [localhost/<unresolved>:16379]: Connection refused: no further information: localhost/127.0.0.1:16379
2026-02-27 20:03:04 [lettuce-eventExecutorLoop-1-1] INFO  i.l.core.protocol.ConnectionWatchdog - Reconnecting, last destination was localhost/<unresolved>:16379
2026-02-27 20:03:04 [lettuce-nioEventLoop-6-18] WARN  i.l.core.protocol.ConnectionWatchdog - Cannot reconnect to [localhost/<unresolved>:16379]: Connection refused: no further information: localhost/127.0.0.1:16379
2026-02-27 20:03:34 [lettuce-eventExecutorLoop-1-2] INFO  i.l.core.protocol.ConnectionWatchdog - Reconnecting, last destination was localhost/<unresolved>:16379
2026-02-27 20:03:34 [lettuce-nioEventLoop-6-19] WARN  i.l.core.protocol.ConnectionWatchdog - Cannot reconnect to [localhost/<unresolved>:16379]: Connection refused: no further information: localhost/127.0.0.1:16379
2026-02-27 20:04:04 [lettuce-eventExecutorLoop-1-4] INFO  i.l.core.protocol.ConnectionWatchdog - Reconnecting, last destination was localhost/<unresolved>:16379
2026-02-27 20:04:04 [lettuce-nioEventLoop-6-20] WARN  i.l.core.protocol.ConnectionWatchdog - Cannot reconnect to [localhost/<unresolved>:16379]: Connection refused: no further information: localhost/127.0.0.1:16379
2026-02-27 20:11:03 [main] INFO  c.u.l.payment.PaymentApplication - Starting PaymentApplication using Java 21 with PID 21548 (C:\Users\hiond\workspace\lunch-menu-recommender\payment-service\build\classes\java\main started by hiond in C:\Users\hiond\workspace\lunch-menu-recommender\payment-service)
2026-02-27 20:11:03 [main] DEBUG c.u.l.payment.PaymentApplication - Running with Spring Boot v3.4.1, Spring v6.2.1
2026-02-27 20:11:03 [main] INFO  c.u.l.payment.PaymentApplication - The following 1 profile is active: "dev"
2026-02-27 20:11:03 [main] INFO  o.s.d.r.c.RepositoryConfigurationDelegate - Multiple Spring Data modules found, entering strict repository configuration mode
2026-02-27 20:11:03 [main] INFO  o.s.d.r.c.RepositoryConfigurationDelegate - Bootstrapping Spring Data JPA repositories in DEFAULT mode.
2026-02-27 20:11:04 [main] INFO  o.s.d.r.c.RepositoryConfigurationDelegate - Finished Spring Data repository scanning in 70 ms. Found 2 JPA repository interfaces.
2026-02-27 20:11:04 [main] INFO  o.s.d.r.c.RepositoryConfigurationDelegate - Multiple Spring Data modules found, entering strict repository configuration mode
2026-02-27 20:11:04 [main] INFO  o.s.d.r.c.RepositoryConfigurationDelegate - Bootstrapping Spring Data Redis repositories in DEFAULT mode.
2026-02-27 20:11:04 [main] INFO  o.s.d.r.c.RepositoryConfigurationExtensionSupport - Spring Data Redis - Could not safely identify store assignment for repository candidate interface com.unicorn.lunchpick.payment.repository.jpa.PaymentHistoryRepository; If you want this repository to be a Redis repository, consider annotating your entities with one of these annotations: org.springframework.data.redis.core.RedisHash (preferred), or consider extending one of the following types with your repository: org.springframework.data.keyvalue.repository.KeyValueRepository
2026-02-27 20:11:04 [main] INFO  o.s.d.r.c.RepositoryConfigurationExtensionSupport - Spring Data Redis - Could not safely identify store assignment for repository candidate interface com.unicorn.lunchpick.payment.repository.jpa.SubscriptionRepository; If you want this repository to be a Redis repository, consider annotating your entities with one of these annotations: org.springframework.data.redis.core.RedisHash (preferred), or consider extending one of the following types with your repository: org.springframework.data.keyvalue.repository.KeyValueRepository
2026-02-27 20:11:04 [main] INFO  o.s.d.r.c.RepositoryConfigurationDelegate - Finished Spring Data repository scanning in 12 ms. Found 0 Redis repository interfaces.
2026-02-27 20:11:04 [main] INFO  o.s.cloud.context.scope.GenericScope - BeanFactory id=02b1a61c-8ef2-383a-a384-7e602a4ce4c2
2026-02-27 20:11:05 [main] INFO  o.s.b.w.e.tomcat.TomcatWebServer - Tomcat initialized with port 8083 (http)
2026-02-27 20:11:05 [main] INFO  o.a.catalina.core.StandardService - Starting service [Tomcat]
2026-02-27 20:11:05 [main] INFO  o.a.catalina.core.StandardEngine - Starting Servlet engine: [Apache Tomcat/10.1.34]
2026-02-27 20:11:05 [main] INFO  o.a.c.c.C.[Tomcat].[localhost].[/] - Initializing Spring embedded WebApplicationContext
2026-02-27 20:11:05 [main] INFO  o.s.b.w.s.c.ServletWebServerApplicationContext - Root WebApplicationContext: initialization completed in 1662 ms
2026-02-27 20:11:05 [main] DEBUG c.u.l.p.c.j.JwtAuthenticationFilter - Filter 'jwtAuthenticationFilter' configured for use
2026-02-27 20:11:05 [main] INFO  o.h.jpa.internal.util.LogHelper - HHH000204: Processing PersistenceUnitInfo [name: default]
2026-02-27 20:11:05 [main] INFO  org.hibernate.Version - HHH000412: Hibernate ORM core version 6.6.4.Final
2026-02-27 20:11:05 [main] INFO  o.h.c.i.RegionFactoryInitiator - HHH000026: Second-level cache disabled
2026-02-27 20:11:05 [main] DEBUG o.hibernate.type.BasicTypeRegistry - Adding type registration boolean -> org.hibernate.type.BasicTypeReference@1be4a7e3
2026-02-27 20:11:05 [main] DEBUG o.hibernate.type.BasicTypeRegistry - Adding type registration boolean -> org.hibernate.type.BasicTypeReference@1be4a7e3
2026-02-27 20:11:05 [main] DEBUG o.hibernate.type.BasicTypeRegistry - Adding type registration java.lang.Boolean -> org.hibernate.type.BasicTypeReference@1be4a7e3
2026-02-27 20:11:05 [main] DEBUG o.hibernate.type.BasicTypeRegistry - Adding type registration numeric_boolean -> org.hibernate.type.BasicTypeReference@632b96b8
2026-02-27 20:11:05 [main] DEBUG o.hibernate.type.BasicTypeRegistry - Adding type registration org.hibernate.type.NumericBooleanConverter -> org.hibernate.type.BasicTypeReference@632b96b8
2026-02-27 20:11:05 [main] DEBUG o.hibernate.type.BasicTypeRegistry - Adding type registration true_false -> org.hibernate.type.BasicTypeReference@544e6b
2026-02-27 20:11:05 [main] DEBUG o.hibernate.type.BasicTypeRegistry - Adding type registration org.hibernate.type.TrueFalseConverter -> org.hibernate.type.BasicTypeReference@544e6b
2026-02-27 20:11:05 [main] DEBUG o.hibernate.type.BasicTypeRegistry - Adding type registration yes_no -> org.hibernate.type.BasicTypeReference@5b430541
2026-02-27 20:11:05 [main] DEBUG o.hibernate.type.BasicTypeRegistry - Adding type registration org.hibernate.type.YesNoConverter -> org.hibernate.type.BasicTypeReference@5b430541
2026-02-27 20:11:05 [main] DEBUG o.hibernate.type.BasicTypeRegistry - Adding type registration byte -> org.hibernate.type.BasicTypeReference@65a66a75
2026-02-27 20:11:05 [main] DEBUG o.hibernate.type.BasicTypeRegistry - Adding type registration byte -> org.hibernate.type.BasicTypeReference@65a66a75
2026-02-27 20:11:05 [main] DEBUG o.hibernate.type.BasicTypeRegistry - Adding type registration java.lang.Byte -> org.hibernate.type.BasicTypeReference@65a66a75
2026-02-27 20:11:05 [main] DEBUG o.hibernate.type.BasicTypeRegistry - Adding type registration binary -> org.hibernate.type.BasicTypeReference@5a07ae2f
2026-02-27 20:11:05 [main] DEBUG o.hibernate.type.BasicTypeRegistry - Adding type registration byte[] -> org.hibernate.type.BasicTypeReference@5a07ae2f
2026-02-27 20:11:05 [main] DEBUG o.hibernate.type.BasicTypeRegistry - Adding type registration [B -> org.hibernate.type.BasicTypeReference@5a07ae2f
2026-02-27 20:11:05 [main] DEBUG o.hibernate.type.BasicTypeRegistry - Adding type registration binary_wrapper -> org.hibernate.type.BasicTypeReference@78829412
2026-02-27 20:11:05 [main] DEBUG o.hibernate.type.BasicTypeRegistry - Adding type registration wrapper-binary -> org.hibernate.type.BasicTypeReference@78829412
2026-02-27 20:11:05 [main] DEBUG o.hibernate.type.BasicTypeRegistry - Adding type registration image -> org.hibernate.type.BasicTypeReference@3ba8ef4e
2026-02-27 20:11:05 [main] DEBUG o.hibernate.type.BasicTypeRegistry - Adding type registration blob -> org.hibernate.type.BasicTypeReference@6d0bcf8c
2026-02-27 20:11:05 [main] DEBUG o.hibernate.type.BasicTypeRegistry - Adding type registration java.sql.Blob -> org.hibernate.type.BasicTypeReference@6d0bcf8c
2026-02-27 20:11:05 [main] DEBUG o.hibernate.type.BasicTypeRegistry - Adding type registration materialized_blob -> org.hibernate.type.BasicTypeReference@a1a72d4
2026-02-27 20:11:05 [main] DEBUG o.hibernate.type.BasicTypeRegistry - Adding type registration materialized_blob_wrapper -> org.hibernate.type.BasicTypeReference@66d44581
2026-02-27 20:11:05 [main] DEBUG o.hibernate.type.BasicTypeRegistry - Adding type registration short -> org.hibernate.type.BasicTypeReference@1afa048a
2026-02-27 20:11:05 [main] DEBUG o.hibernate.type.BasicTypeRegistry - Adding type registration short -> org.hibernate.type.BasicTypeReference@1afa048a
2026-02-27 20:11:05 [main] DEBUG o.hibernate.type.BasicTypeRegistry - Adding type registration java.lang.Short -> org.hibernate.type.BasicTypeReference@1afa048a
2026-02-27 20:11:05 [main] DEBUG o.hibernate.type.BasicTypeRegistry - Adding type registration integer -> org.hibernate.type.BasicTypeReference@293ecff6
2026-02-27 20:11:05 [main] DEBUG o.hibernate.type.BasicTypeRegistry - Adding type registration int -> org.hibernate.type.BasicTypeReference@293ecff6
2026-02-27 20:11:05 [main] DEBUG o.hibernate.type.BasicTypeRegistry - Adding type registration java.lang.Integer -> org.hibernate.type.BasicTypeReference@293ecff6
2026-02-27 20:11:05 [main] DEBUG o.hibernate.type.BasicTypeRegistry - Adding type registration long -> org.hibernate.type.BasicTypeReference@70eb94d7
2026-02-27 20:11:05 [main] DEBUG o.hibernate.type.BasicTypeRegistry - Adding type registration long -> org.hibernate.type.BasicTypeReference@70eb94d7
2026-02-27 20:11:05 [main] DEBUG o.hibernate.type.BasicTypeRegistry - Adding type registration java.lang.Long -> org.hibernate.type.BasicTypeReference@70eb94d7
2026-02-27 20:11:05 [main] DEBUG o.hibernate.type.BasicTypeRegistry - Adding type registration float -> org.hibernate.type.BasicTypeReference@34d72f06
2026-02-27 20:11:05 [main] DEBUG o.hibernate.type.BasicTypeRegistry - Adding type registration float -> org.hibernate.type.BasicTypeReference@34d72f06
2026-02-27 20:11:05 [main] DEBUG o.hibernate.type.BasicTypeRegistry - Adding type registration java.lang.Float -> org.hibernate.type.BasicTypeReference@34d72f06
2026-02-27 20:11:05 [main] DEBUG o.hibernate.type.BasicTypeRegistry - Adding type registration double -> org.hibernate.type.BasicTypeReference@7e43b342
2026-02-27 20:11:05 [main] DEBUG o.hibernate.type.BasicTypeRegistry - Adding type registration double -> org.hibernate.type.BasicTypeReference@7e43b342
2026-02-27 20:11:05 [main] DEBUG o.hibernate.type.BasicTypeRegistry - Adding type registration java.lang.Double -> org.hibernate.type.BasicTypeReference@7e43b342
2026-02-27 20:11:05 [main] DEBUG o.hibernate.type.BasicTypeRegistry - Adding type registration big_integer -> org.hibernate.type.BasicTypeReference@21dd9203
2026-02-27 20:11:05 [main] DEBUG o.hibernate.type.BasicTypeRegistry - Adding type registration java.math.BigInteger -> org.hibernate.type.BasicTypeReference@21dd9203
2026-02-27 20:11:05 [main] DEBUG o.hibernate.type.BasicTypeRegistry - Adding type registration big_decimal -> org.hibernate.type.BasicTypeReference@dbcf7c3
2026-02-27 20:11:05 [main] DEBUG o.hibernate.type.BasicTypeRegistry - Adding type registration java.math.BigDecimal -> org.hibernate.type.BasicTypeReference@dbcf7c3
2026-02-27 20:11:05 [main] DEBUG o.hibernate.type.BasicTypeRegistry - Adding type registration character -> org.hibernate.type.BasicTypeReference@1e466d
2026-02-27 20:11:05 [main] DEBUG o.hibernate.type.BasicTypeRegistry - Adding type registration char -> org.hibernate.type.BasicTypeReference@1e466d
2026-02-27 20:11:05 [main] DEBUG o.hibernate.type.BasicTypeRegistry - Adding type registration java.lang.Character -> org.hibernate.type.BasicTypeReference@1e466d
2026-02-27 20:11:05 [main] DEBUG o.hibernate.type.BasicTypeRegistry - Adding type registration character_nchar -> org.hibernate.type.BasicTypeReference@63243c8f
2026-02-27 20:11:05 [main] DEBUG o.hibernate.type.BasicTypeRegistry - Adding type registration string -> org.hibernate.type.BasicTypeReference@2ea4e762
2026-02-27 20:11:05 [main] DEBUG o.hibernate.type.BasicTypeRegistry - Adding type registration java.lang.String -> org.hibernate.type.BasicTypeReference@2ea4e762
2026-02-27 20:11:05 [main] DEBUG o.hibernate.type.BasicTypeRegistry - Adding type registration nstring -> org.hibernate.type.BasicTypeReference@444c0f9a
2026-02-27 20:11:05 [main] DEBUG o.hibernate.type.BasicTypeRegistry - Adding type registration characters -> org.hibernate.type.BasicTypeReference@36931450
2026-02-27 20:11:05 [main] DEBUG o.hibernate.type.BasicTypeRegistry - Adding type registration char[] -> org.hibernate.type.BasicTypeReference@36931450
2026-02-27 20:11:05 [main] DEBUG o.hibernate.type.BasicTypeRegistry - Adding type registration [C -> org.hibernate.type.BasicTypeReference@36931450
2026-02-27 20:11:05 [main] DEBUG o.hibernate.type.BasicTypeRegistry - Adding type registration wrapper-characters -> org.hibernate.type.BasicTypeReference@74919649
2026-02-27 20:11:05 [main] DEBUG o.hibernate.type.BasicTypeRegistry - Adding type registration text -> org.hibernate.type.BasicTypeReference@7d07e04e
2026-02-27 20:11:05 [main] DEBUG o.hibernate.type.BasicTypeRegistry - Adding type registration ntext -> org.hibernate.type.BasicTypeReference@599310ab
2026-02-27 20:11:05 [main] DEBUG o.hibernate.type.BasicTypeRegistry - Adding type registration clob -> org.hibernate.type.BasicTypeReference@770cbe5d
2026-02-27 20:11:05 [main] DEBUG o.hibernate.type.BasicTypeRegistry - Adding type registration java.sql.Clob -> org.hibernate.type.BasicTypeReference@770cbe5d
2026-02-27 20:11:05 [main] DEBUG o.hibernate.type.BasicTypeRegistry - Adding type registration nclob -> org.hibernate.type.BasicTypeReference@f575d2b
2026-02-27 20:11:05 [main] DEBUG o.hibernate.type.BasicTypeRegistry - Adding type registration java.sql.NClob -> org.hibernate.type.BasicTypeReference@f575d2b
2026-02-27 20:11:05 [main] DEBUG o.hibernate.type.BasicTypeRegistry - Adding type registration materialized_clob -> org.hibernate.type.BasicTypeReference@4d90d91f
2026-02-27 20:11:05 [main] DEBUG o.hibernate.type.BasicTypeRegistry - Adding type registration materialized_clob_char_array -> org.hibernate.type.BasicTypeReference@c478e4e
2026-02-27 20:11:05 [main] DEBUG o.hibernate.type.BasicTypeRegistry - Adding type registration materialized_clob_character_array -> org.hibernate.type.BasicTypeReference@1e2b37cd
2026-02-27 20:11:05 [main] DEBUG o.hibernate.type.BasicTypeRegistry - Adding type registration materialized_nclob -> org.hibernate.type.BasicTypeReference@2ba08f26
2026-02-27 20:11:05 [main] DEBUG o.hibernate.type.BasicTypeRegistry - Adding type registration materialized_nclob_character_array -> org.hibernate.type.BasicTypeReference@6033f36c
2026-02-27 20:11:05 [main] DEBUG o.hibernate.type.BasicTypeRegistry - Adding type registration materialized_nclob_char_array -> org.hibernate.type.BasicTypeReference@50b624da
2026-02-27 20:11:05 [main] DEBUG o.hibernate.type.BasicTypeRegistry - Adding type registration Duration -> org.hibernate.type.BasicTypeReference@1764e45e
2026-02-27 20:11:05 [main] DEBUG o.hibernate.type.BasicTypeRegistry - Adding type registration java.time.Duration -> org.hibernate.type.BasicTypeReference@1764e45e
2026-02-27 20:11:05 [main] DEBUG o.hibernate.type.BasicTypeRegistry - Adding type registration LocalDateTime -> org.hibernate.type.BasicTypeReference@3892802b
2026-02-27 20:11:05 [main] DEBUG o.hibernate.type.BasicTypeRegistry - Adding type registration java.time.LocalDateTime -> org.hibernate.type.BasicTypeReference@3892802b
2026-02-27 20:11:05 [main] DEBUG o.hibernate.type.BasicTypeRegistry - Adding type registration LocalDate -> org.hibernate.type.BasicTypeReference@4745bcc6
2026-02-27 20:11:05 [main] DEBUG o.hibernate.type.BasicTypeRegistry - Adding type registration java.time.LocalDate -> org.hibernate.type.BasicTypeReference@4745bcc6
2026-02-27 20:11:05 [main] DEBUG o.hibernate.type.BasicTypeRegistry - Adding type registration LocalTime -> org.hibernate.type.BasicTypeReference@2634d000
2026-02-27 20:11:05 [main] DEBUG o.hibernate.type.BasicTypeRegistry - Adding type registration java.time.LocalTime -> org.hibernate.type.BasicTypeReference@2634d000
2026-02-27 20:11:05 [main] DEBUG o.hibernate.type.BasicTypeRegistry - Adding type registration OffsetDateTime -> org.hibernate.type.BasicTypeReference@1642968c
2026-02-27 20:11:05 [main] DEBUG o.hibernate.type.BasicTypeRegistry - Adding type registration java.time.OffsetDateTime -> org.hibernate.type.BasicTypeReference@1642968c
2026-02-27 20:11:05 [main] DEBUG o.hibernate.type.BasicTypeRegistry - Adding type registration OffsetDateTimeWithTimezone -> org.hibernate.type.BasicTypeReference@3a7dcfb7
2026-02-27 20:11:05 [main] DEBUG o.hibernate.type.BasicTypeRegistry - Adding type registration OffsetDateTimeWithoutTimezone -> org.hibernate.type.BasicTypeReference@50b4e7b2
2026-02-27 20:11:05 [main] DEBUG o.hibernate.type.BasicTypeRegistry - Adding type registration OffsetTime -> org.hibernate.type.BasicTypeReference@50008974
2026-02-27 20:11:05 [main] DEBUG o.hibernate.type.BasicTypeRegistry - Adding type registration java.time.OffsetTime -> org.hibernate.type.BasicTypeReference@50008974
2026-02-27 20:11:05 [main] DEBUG o.hibernate.type.BasicTypeRegistry - Adding type registration OffsetTimeUtc -> org.hibernate.type.BasicTypeReference@5274830e
2026-02-27 20:11:05 [main] DEBUG o.hibernate.type.BasicTypeRegistry - Adding type registration OffsetTimeWithTimezone -> org.hibernate.type.BasicTypeReference@6a0ee80
2026-02-27 20:11:05 [main] DEBUG o.hibernate.type.BasicTypeRegistry - Adding type registration OffsetTimeWithoutTimezone -> org.hibernate.type.BasicTypeReference@71de1091
2026-02-27 20:11:05 [main] DEBUG o.hibernate.type.BasicTypeRegistry - Adding type registration ZonedDateTime -> org.hibernate.type.BasicTypeReference@25c16cf7
2026-02-27 20:11:05 [main] DEBUG o.hibernate.type.BasicTypeRegistry - Adding type registration java.time.ZonedDateTime -> org.hibernate.type.BasicTypeReference@25c16cf7
2026-02-27 20:11:05 [main] DEBUG o.hibernate.type.BasicTypeRegistry - Adding type registration ZonedDateTimeWithTimezone -> org.hibernate.type.BasicTypeReference@53dbe7b2
2026-02-27 20:11:05 [main] DEBUG o.hibernate.type.BasicTypeRegistry - Adding type registration ZonedDateTimeWithoutTimezone -> org.hibernate.type.BasicTypeReference@520ec7a7
2026-02-27 20:11:05 [main] DEBUG o.hibernate.type.BasicTypeRegistry - Adding type registration date -> org.hibernate.type.BasicTypeReference@53551fef
2026-02-27 20:11:05 [main] DEBUG o.hibernate.type.BasicTypeRegistry - Adding type registration java.sql.Date -> org.hibernate.type.BasicTypeReference@53551fef
2026-02-27 20:11:05 [main] DEBUG o.hibernate.type.BasicTypeRegistry - Adding type registration time -> org.hibernate.type.BasicTypeReference@7d5d77a6
2026-02-27 20:11:05 [main] DEBUG o.hibernate.type.BasicTypeRegistry - Adding type registration java.sql.Time -> org.hibernate.type.BasicTypeReference@7d5d77a6
2026-02-27 20:11:05 [main] DEBUG o.hibernate.type.BasicTypeRegistry - Adding type registration timestamp -> org.hibernate.type.BasicTypeReference@71b7e9c8
2026-02-27 20:11:05 [main] DEBUG o.hibernate.type.BasicTypeRegistry - Adding type registration java.sql.Timestamp -> org.hibernate.type.BasicTypeReference@71b7e9c8
2026-02-27 20:11:05 [main] DEBUG o.hibernate.type.BasicTypeRegistry - Adding type registration java.util.Date -> org.hibernate.type.BasicTypeReference@71b7e9c8
2026-02-27 20:11:05 [main] DEBUG o.hibernate.type.BasicTypeRegistry - Adding type registration calendar -> org.hibernate.type.BasicTypeReference@55202ba6
2026-02-27 20:11:05 [main] DEBUG o.hibernate.type.BasicTypeRegistry - Adding type registration java.util.Calendar -> org.hibernate.type.BasicTypeReference@55202ba6
2026-02-27 20:11:05 [main] DEBUG o.hibernate.type.BasicTypeRegistry - Adding type registration java.util.GregorianCalendar -> org.hibernate.type.BasicTypeReference@55202ba6
2026-02-27 20:11:05 [main] DEBUG o.hibernate.type.BasicTypeRegistry - Adding type registration calendar_date -> org.hibernate.type.BasicTypeReference@2ef1fc8a
2026-02-27 20:11:05 [main] DEBUG o.hibernate.type.BasicTypeRegistry - Adding type registration calendar_time -> org.hibernate.type.BasicTypeReference@38874eb5
2026-02-27 20:11:05 [main] DEBUG o.hibernate.type.BasicTypeRegistry - Adding type registration instant -> org.hibernate.type.BasicTypeReference@76b019c4
2026-02-27 20:11:05 [main] DEBUG o.hibernate.type.BasicTypeRegistry - Adding type registration java.time.Instant -> org.hibernate.type.BasicTypeReference@76b019c4
2026-02-27 20:11:05 [main] DEBUG o.hibernate.type.BasicTypeRegistry - Adding type registration uuid -> org.hibernate.type.BasicTypeReference@221961af
2026-02-27 20:11:05 [main] DEBUG o.hibernate.type.BasicTypeRegistry - Adding type registration java.util.UUID -> org.hibernate.type.BasicTypeReference@221961af
2026-02-27 20:11:05 [main] DEBUG o.hibernate.type.BasicTypeRegistry - Adding type registration pg-uuid -> org.hibernate.type.BasicTypeReference@221961af
2026-02-27 20:11:05 [main] DEBUG o.hibernate.type.BasicTypeRegistry - Adding type registration uuid-binary -> org.hibernate.type.BasicTypeReference@32ddcca
2026-02-27 20:11:05 [main] DEBUG o.hibernate.type.BasicTypeRegistry - Adding type registration uuid-char -> org.hibernate.type.BasicTypeReference@1ddc8fc
2026-02-27 20:11:05 [main] DEBUG o.hibernate.type.BasicTypeRegistry - Adding type registration class -> org.hibernate.type.BasicTypeReference@77d58f3a
2026-02-27 20:11:05 [main] DEBUG o.hibernate.type.BasicTypeRegistry - Adding type registration java.lang.Class -> org.hibernate.type.BasicTypeReference@77d58f3a
2026-02-27 20:11:05 [main] DEBUG o.hibernate.type.BasicTypeRegistry - Adding type registration currency -> org.hibernate.type.BasicTypeReference@1e288c76
2026-02-27 20:11:05 [main] DEBUG o.hibernate.type.BasicTypeRegistry - Adding type registration Currency -> org.hibernate.type.BasicTypeReference@1e288c76
2026-02-27 20:11:05 [main] DEBUG o.hibernate.type.BasicTypeRegistry - Adding type registration java.util.Currency -> org.hibernate.type.BasicTypeReference@1e288c76
2026-02-27 20:11:05 [main] DEBUG o.hibernate.type.BasicTypeRegistry - Adding type registration locale -> org.hibernate.type.BasicTypeReference@738ed8f5
2026-02-27 20:11:05 [main] DEBUG o.hibernate.type.BasicTypeRegistry - Adding type registration java.util.Locale -> org.hibernate.type.BasicTypeReference@738ed8f5
2026-02-27 20:11:05 [main] DEBUG o.hibernate.type.BasicTypeRegistry - Adding type registration serializable -> org.hibernate.type.BasicTypeReference@1cfb7450
2026-02-27 20:11:05 [main] DEBUG o.hibernate.type.BasicTypeRegistry - Adding type registration java.io.Serializable -> org.hibernate.type.BasicTypeReference@1cfb7450
2026-02-27 20:11:05 [main] DEBUG o.hibernate.type.BasicTypeRegistry - Adding type registration timezone -> org.hibernate.type.BasicTypeReference@478c84aa
2026-02-27 20:11:05 [main] DEBUG o.hibernate.type.BasicTypeRegistry - Adding type registration java.util.TimeZone -> org.hibernate.type.BasicTypeReference@478c84aa
2026-02-27 20:11:05 [main] DEBUG o.hibernate.type.BasicTypeRegistry - Adding type registration ZoneOffset -> org.hibernate.type.BasicTypeReference@1d1deb11
2026-02-27 20:11:05 [main] DEBUG o.hibernate.type.BasicTypeRegistry - Adding type registration java.time.ZoneOffset -> org.hibernate.type.BasicTypeReference@1d1deb11
2026-02-27 20:11:05 [main] DEBUG o.hibernate.type.BasicTypeRegistry - Adding type registration url -> org.hibernate.type.BasicTypeReference@18d1d137
2026-02-27 20:11:05 [main] DEBUG o.hibernate.type.BasicTypeRegistry - Adding type registration java.net.URL -> org.hibernate.type.BasicTypeReference@18d1d137
2026-02-27 20:11:05 [main] DEBUG o.hibernate.type.BasicTypeRegistry - Adding type registration vector -> org.hibernate.type.BasicTypeReference@5f4f6f89
2026-02-27 20:11:05 [main] DEBUG o.hibernate.type.BasicTypeRegistry - Adding type registration float_vector -> org.hibernate.type.BasicTypeReference@7c45191e
2026-02-27 20:11:05 [main] DEBUG o.hibernate.type.BasicTypeRegistry - Adding type registration double_vector -> org.hibernate.type.BasicTypeReference@ef220e4
2026-02-27 20:11:05 [main] DEBUG o.hibernate.type.BasicTypeRegistry - Adding type registration byte_vector -> org.hibernate.type.BasicTypeReference@18bc1064
2026-02-27 20:11:05 [main] DEBUG o.hibernate.type.BasicTypeRegistry - Adding type registration row_version -> org.hibernate.type.BasicTypeReference@3cab07dd
2026-02-27 20:11:05 [main] DEBUG o.hibernate.type.BasicTypeRegistry - Adding type registration object -> org.hibernate.type.JavaObjectType@7aef21bb
2026-02-27 20:11:05 [main] DEBUG o.hibernate.type.BasicTypeRegistry - Adding type registration java.lang.Object -> org.hibernate.type.JavaObjectType@7aef21bb
2026-02-27 20:11:05 [main] DEBUG o.hibernate.type.BasicTypeRegistry - Adding type registration null -> org.hibernate.type.NullType@272c5abd
2026-02-27 20:11:05 [main] DEBUG o.hibernate.type.BasicTypeRegistry - Adding type registration imm_date -> org.hibernate.type.BasicTypeReference@60c8909a
2026-02-27 20:11:05 [main] DEBUG o.hibernate.type.BasicTypeRegistry - Adding type registration imm_time -> org.hibernate.type.BasicTypeReference@70ad0854
2026-02-27 20:11:05 [main] DEBUG o.hibernate.type.BasicTypeRegistry - Adding type registration imm_timestamp -> org.hibernate.type.BasicTypeReference@76208b80
2026-02-27 20:11:05 [main] DEBUG o.hibernate.type.BasicTypeRegistry - Adding type registration imm_calendar -> org.hibernate.type.BasicTypeReference@339cde4b
2026-02-27 20:11:05 [main] DEBUG o.hibernate.type.BasicTypeRegistry - Adding type registration imm_calendar_date -> org.hibernate.type.BasicTypeReference@1774c4e2
2026-02-27 20:11:05 [main] DEBUG o.hibernate.type.BasicTypeRegistry - Adding type registration imm_calendar_time -> org.hibernate.type.BasicTypeReference@f0381f0
2026-02-27 20:11:05 [main] DEBUG o.hibernate.type.BasicTypeRegistry - Adding type registration imm_binary -> org.hibernate.type.BasicTypeReference@7d8d671b
2026-02-27 20:11:05 [main] DEBUG o.hibernate.type.BasicTypeRegistry - Adding type registration imm_serializable -> org.hibernate.type.BasicTypeReference@28b68067
2026-02-27 20:11:05 [main] INFO  o.s.o.j.p.SpringPersistenceUnitInfo - No LoadTimeWeaver setup: ignoring JPA class transformer
2026-02-27 20:11:05 [main] INFO  com.zaxxer.hikari.HikariDataSource - HikariPool-1 - Starting...
2026-02-27 20:11:05 [main] INFO  com.zaxxer.hikari.pool.HikariPool - HikariPool-1 - Added connection org.postgresql.jdbc.PgConnection@2bf45b7c
2026-02-27 20:11:05 [main] INFO  com.zaxxer.hikari.HikariDataSource - HikariPool-1 - Start completed.
2026-02-27 20:11:05 [main] INFO  o.hibernate.orm.connections.pooling - HHH10001005: Database info:
	Database JDBC URL [Connecting through datasource 'HikariDataSource (HikariPool-1)']
	Database driver: undefined/unknown
	Database version: 16.12
	Autocommit mode: undefined/unknown
	Isolation level: undefined/unknown
	Minimum pool size: undefined/unknown
	Maximum pool size: undefined/unknown
2026-02-27 20:11:05 [main] DEBUG o.h.t.d.sql.spi.DdlTypeRegistry - addDescriptor(2003, org.hibernate.type.descriptor.sql.internal.ArrayDdlTypeImpl@6ac0fd1d) replaced previous registration(org.hibernate.type.descriptor.sql.internal.ArrayDdlTypeImpl@744199bb)
2026-02-27 20:11:05 [main] DEBUG o.h.t.d.sql.spi.DdlTypeRegistry - addDescriptor(6, org.hibernate.type.descriptor.sql.internal.CapacityDependentDdlType@6ce8bf64) replaced previous registration(org.hibernate.type.descriptor.sql.internal.DdlTypeImpl@6413eeb7)
2026-02-27 20:11:05 [main] DEBUG o.h.t.d.jdbc.spi.JdbcTypeRegistry - addDescriptor(2004, BlobTypeDescriptor(BLOB_BINDING)) replaced previous registration(BlobTypeDescriptor(DEFAULT))
2026-02-27 20:11:05 [main] DEBUG o.h.t.d.jdbc.spi.JdbcTypeRegistry - addDescriptor(2005, ClobTypeDescriptor(CLOB_BINDING)) replaced previous registration(ClobTypeDescriptor(DEFAULT))
2026-02-27 20:11:05 [main] DEBUG o.hibernate.type.BasicTypeRegistry - Adding type registration JAVA_OBJECT -> org.hibernate.type.JavaObjectType@2003edf
2026-02-27 20:11:05 [main] DEBUG o.hibernate.type.BasicTypeRegistry - Adding type registration java.lang.Object -> org.hibernate.type.JavaObjectType@2003edf
2026-02-27 20:11:05 [main] DEBUG o.hibernate.type.BasicTypeRegistry - Type registration key [java.lang.Object] overrode previous entry : `org.hibernate.type.JavaObjectType@7aef21bb`
2026-02-27 20:11:05 [main] DEBUG o.hibernate.type.BasicTypeRegistry - Adding type registration org.hibernate.type.DurationType -> basicType@1(java.time.Duration,3015)
2026-02-27 20:11:05 [main] DEBUG o.hibernate.type.BasicTypeRegistry - Adding type registration Duration -> basicType@1(java.time.Duration,3015)
2026-02-27 20:11:05 [main] DEBUG o.hibernate.type.BasicTypeRegistry - Adding type registration java.time.Duration -> basicType@1(java.time.Duration,3015)
2026-02-27 20:11:05 [main] DEBUG o.hibernate.type.BasicTypeRegistry - Adding type registration org.hibernate.type.OffsetDateTimeType -> basicType@2(java.time.OffsetDateTime,3003)
2026-02-27 20:11:05 [main] DEBUG o.hibernate.type.BasicTypeRegistry - Adding type registration OffsetDateTime -> basicType@2(java.time.OffsetDateTime,3003)
2026-02-27 20:11:05 [main] DEBUG o.hibernate.type.BasicTypeRegistry - Adding type registration java.time.OffsetDateTime -> basicType@2(java.time.OffsetDateTime,3003)
2026-02-27 20:11:05 [main] DEBUG o.hibernate.type.BasicTypeRegistry - Adding type registration org.hibernate.type.ZonedDateTimeType -> basicType@3(java.time.ZonedDateTime,3003)
2026-02-27 20:11:05 [main] DEBUG o.hibernate.type.BasicTypeRegistry - Adding type registration ZonedDateTime -> basicType@3(java.time.ZonedDateTime,3003)
2026-02-27 20:11:05 [main] DEBUG o.hibernate.type.BasicTypeRegistry - Adding type registration java.time.ZonedDateTime -> basicType@3(java.time.ZonedDateTime,3003)
2026-02-27 20:11:05 [main] DEBUG o.hibernate.type.BasicTypeRegistry - Adding type registration org.hibernate.type.OffsetTimeType -> basicType@4(java.time.OffsetTime,3007)
2026-02-27 20:11:05 [main] DEBUG o.hibernate.type.BasicTypeRegistry - Adding type registration OffsetTime -> basicType@4(java.time.OffsetTime,3007)
2026-02-27 20:11:05 [main] DEBUG o.hibernate.type.BasicTypeRegistry - Adding type registration java.time.OffsetTime -> basicType@4(java.time.OffsetTime,3007)
2026-02-27 20:11:05 [main] DEBUG o.h.type.spi.TypeConfiguration$Scope - Scoping TypeConfiguration [org.hibernate.type.spi.TypeConfiguration@543c887] to MetadataBuildingContext [org.hibernate.boot.internal.MetadataBuildingContextRootImpl@75f446df]
2026-02-27 20:11:06 [main] INFO  o.h.e.t.j.p.i.JtaPlatformInitiator - HHH000489: No JTA platform available (set 'hibernate.transaction.jta.platform' to enable JTA platform integration)
2026-02-27 20:11:06 [main] DEBUG o.h.type.spi.TypeConfiguration$Scope - Scoping TypeConfiguration [org.hibernate.type.spi.TypeConfiguration@543c887] to SessionFactoryImplementor [org.hibernate.internal.SessionFactoryImpl@3726fc3b]
2026-02-27 20:11:06 [main] TRACE o.h.type.spi.TypeConfiguration$Scope - Handling #sessionFactoryCreated from [org.hibernate.internal.SessionFactoryImpl@3726fc3b] for TypeConfiguration
2026-02-27 20:11:06 [main] INFO  o.s.o.j.LocalContainerEntityManagerFactoryBean - Initialized JPA EntityManagerFactory for persistence unit 'default'
2026-02-27 20:11:07 [main] WARN  o.s.b.a.o.j.JpaBaseConfiguration$JpaWebConfiguration - spring.jpa.open-in-view is enabled by default. Therefore, database queries may be performed during view rendering. Explicitly configure spring.jpa.open-in-view to disable this warning
2026-02-27 20:11:07 [main] WARN  o.s.b.a.s.s.UserDetailsServiceAutoConfiguration - 

Using generated security password: e867b2be-ef3f-4a53-98a6-2eb844af0b29

This generated password is for development use only. Your security configuration must be updated before running your application in production.

2026-02-27 20:11:07 [main] INFO  o.s.s.c.a.a.c.InitializeUserDetailsBeanManagerConfigurer$InitializeUserDetailsManagerConfigurer - Global AuthenticationManager configured with UserDetailsService bean with name inMemoryUserDetailsManager
2026-02-27 20:11:07 [main] INFO  o.s.b.a.e.web.EndpointLinksResolver - Exposing 4 endpoints beneath base path '/actuator'
2026-02-27 20:11:09 [main] INFO  o.s.cloud.commons.util.InetUtils - Cannot determine local hostname
2026-02-27 20:11:09 [main] INFO  o.s.b.w.e.tomcat.TomcatWebServer - Tomcat started on port 8083 (http) with context path '/'
2026-02-27 20:11:10 [main] INFO  o.s.cloud.commons.util.InetUtils - Cannot determine local hostname
2026-02-27 20:11:10 [main] INFO  c.u.l.payment.PaymentApplication - Started PaymentApplication in 8.643 seconds (process running for 8.934)
2026-02-27 20:11:59 [http-nio-8083-exec-1] INFO  o.a.c.c.C.[Tomcat].[localhost].[/] - Initializing Spring DispatcherServlet 'dispatcherServlet'
2026-02-27 20:11:59 [http-nio-8083-exec-1] INFO  o.s.web.servlet.DispatcherServlet - Initializing Servlet 'dispatcherServlet'
2026-02-27 20:11:59 [http-nio-8083-exec-1] INFO  o.s.web.servlet.DispatcherServlet - Completed initialization in 1 ms
2026-02-27 21:14:13 [http-nio-8083-exec-5] DEBUG c.u.l.p.c.j.JwtAuthenticationFilter - JWT 인증 완료 — memberId: 9e9447a9-3e25-4fcb-b374-8eb5a849bf87
2026-02-27 21:14:13 [http-nio-8083-exec-5] DEBUG org.hibernate.SQL - 
    /* <criteria> */ select
        se1_0.id,
        se1_0.cancel_reason,
        se1_0.cancel_reason_detail,
        se1_0.cancelled_at,
        se1_0.created_at,
        se1_0.current_period_ends_at,
        se1_0.member_id,
        se1_0.next_billing_at,
        se1_0.plan_id,
        se1_0.started_at,
        se1_0.status,
        se1_0.subscription_id,
        se1_0.trial_extension_used,
        se1_0.updated_at 
    from
        lunchpick_payment.subscription se1_0 
    where
        se1_0.member_id=? 
        and se1_0.status=?
2026-02-27 21:14:13 [http-nio-8083-exec-5] DEBUG c.u.l.p.s.i.SubscriptionServiceImpl - 구독 플랜 조회 완료 — memberId: 9e9447a9-3e25-4fcb-b374-8eb5a849bf87, currentPlan: FREE
2026-02-27 21:14:34 [http-nio-8083-exec-3] DEBUG c.u.l.p.c.j.JwtAuthenticationFilter - JWT 인증 완료 — memberId: 9e9447a9-3e25-4fcb-b374-8eb5a849bf87
2026-02-27 21:14:34 [http-nio-8083-exec-3] DEBUG org.hibernate.SQL - 
    /* <criteria> */ select
        se1_0.id 
    from
        lunchpick_payment.subscription se1_0 
    where
        se1_0.member_id=? 
        and se1_0.status=? 
    fetch
        first ? rows only
2026-02-27 21:14:34 [http-nio-8083-exec-3] INFO  c.u.l.p.s.i.SubscriptionServiceImpl - PG 결제 요청 — memberId: 9e9447a9-3e25-4fcb-b374-8eb5a849bf87, planId: PREMIUM_MONTHLY, amount: 4900, orderId: 2868ae05-a3fe-4ec6-b7df-3a47d92893f9
2026-02-27 21:14:34 [http-nio-8083-exec-3] WARN  c.u.l.payment.pg.MockPgGateway - Mock PG: 만료된 카드 — orderId: 2868ae05-a3fe-4ec6-b7df-3a47d92893f9, expiryYear: 2011, expiryMonth: 11
2026-02-27 21:14:34 [http-nio-8083-exec-3] WARN  c.u.l.p.s.i.SubscriptionServiceImpl - PG 게이트웨이 장애 — 결제 실패 처리 — memberId: 9e9447a9-3e25-4fcb-b374-8eb5a849bf87, cause: 카드 정보를 다시 확인해주세요.
2026-02-27 21:14:34 [http-nio-8083-exec-3] WARN  c.u.l.p.e.GlobalExceptionHandler - 비즈니스 예외 발생 — errorCode: PAYMENT_FAILED, message: 결제가 실패했어요. 다른 결제 수단을 시도해주세요.
2026-02-27 22:28:30 [http-nio-8083-exec-8] DEBUG c.u.l.p.c.j.JwtAuthenticationFilter - JWT 인증 완료 — memberId: 9e9447a9-3e25-4fcb-b374-8eb5a849bf87
2026-02-27 22:28:30 [http-nio-8083-exec-8] DEBUG org.hibernate.SQL - 
    /* <criteria> */ select
        se1_0.id,
        se1_0.cancel_reason,
        se1_0.cancel_reason_detail,
        se1_0.cancelled_at,
        se1_0.created_at,
        se1_0.current_period_ends_at,
        se1_0.member_id,
        se1_0.next_billing_at,
        se1_0.plan_id,
        se1_0.started_at,
        se1_0.status,
        se1_0.subscription_id,
        se1_0.trial_extension_used,
        se1_0.updated_at 
    from
        lunchpick_payment.subscription se1_0 
    where
        se1_0.member_id=? 
        and se1_0.status=?
2026-02-27 22:28:30 [http-nio-8083-exec-8] DEBUG c.u.l.p.s.i.SubscriptionServiceImpl - 구독 플랜 조회 완료 — memberId: 9e9447a9-3e25-4fcb-b374-8eb5a849bf87, currentPlan: FREE
2026-02-27 22:30:15 [http-nio-8083-exec-5] DEBUG c.u.l.p.c.j.JwtAuthenticationFilter - JWT 인증 완료 — memberId: 9e9447a9-3e25-4fcb-b374-8eb5a849bf87
2026-02-27 22:30:15 [http-nio-8083-exec-5] DEBUG c.u.l.p.s.i.SubscriptionServiceImpl - 구독 플랜 캐시 히트
2026-02-27 22:33:07 [http-nio-8083-exec-6] DEBUG c.u.l.p.c.j.JwtAuthenticationFilter - JWT 인증 완료 — memberId: 9e9447a9-3e25-4fcb-b374-8eb5a849bf87
2026-02-27 22:33:07 [http-nio-8083-exec-6] DEBUG c.u.l.p.s.i.SubscriptionServiceImpl - 구독 플랜 캐시 히트
2026-02-27 22:33:47 [http-nio-8083-exec-9] DEBUG c.u.l.p.c.j.JwtAuthenticationFilter - JWT 인증 완료 — memberId: 9e9447a9-3e25-4fcb-b374-8eb5a849bf87
2026-02-27 22:33:47 [http-nio-8083-exec-9] DEBUG org.hibernate.SQL - 
    /* <criteria> */ select
        se1_0.id 
    from
        lunchpick_payment.subscription se1_0 
    where
        se1_0.member_id=? 
        and se1_0.status=? 
    fetch
        first ? rows only
2026-02-27 22:33:47 [http-nio-8083-exec-9] INFO  c.u.l.p.s.i.SubscriptionServiceImpl - PG 결제 요청 — memberId: 9e9447a9-3e25-4fcb-b374-8eb5a849bf87, planId: PREMIUM_MONTHLY, amount: 4900, orderId: 929f7506-1851-4f35-8fc4-448d3395a47f
2026-02-27 22:33:47 [http-nio-8083-exec-9] INFO  c.u.l.payment.pg.MockPgGateway - Mock PG: 결제 승인 완료 — orderId: 929f7506-1851-4f35-8fc4-448d3395a47f, amount: 4900, pgTransactionId: pg-txn-d65db297
2026-02-27 22:33:47 [http-nio-8083-exec-9] DEBUG org.hibernate.SQL - 
    /* insert for
        com.unicorn.lunchpick.payment.repository.entity.PaymentHistoryEntity */insert 
    into
        lunchpick_payment.payment_history (amount, approved_at, auto_renewal_agreed, created_at, error_code, member_id, payment_id, pg_transaction_id, plan_id, requested_at, status, subscription_id, withdrawal_deadline, withdrawal_right_acknowledged) 
    values
        (?, ?, ?, ?, ?, ?, ?, ?, ?, ?, ?, ?, ?, ?)
2026-02-27 22:33:48 [http-nio-8083-exec-9] DEBUG org.hibernate.SQL - 
    /* insert for
        com.unicorn.lunchpick.payment.repository.entity.SubscriptionEntity */insert 
    into
        lunchpick_payment.subscription (cancel_reason, cancel_reason_detail, cancelled_at, created_at, current_period_ends_at, member_id, next_billing_at, plan_id, started_at, status, subscription_id, trial_extension_used, updated_at) 
    values
        (?, ?, ?, ?, ?, ?, ?, ?, ?, ?, ?, ?, ?)
2026-02-27 22:33:48 [http-nio-8083-exec-9] INFO  c.u.l.p.m.SubscriptionEventPublisher - 구독 이벤트 발행 완료 — eventType: SUBSCRIPTION_ACTIVATED, memberId: 9e9447a9-3e25-4fcb-b374-8eb5a849bf87
2026-02-27 22:33:48 [http-nio-8083-exec-9] INFO  c.u.l.p.s.i.SubscriptionServiceImpl - 구독 결제 완료 — memberId: 9e9447a9-3e25-4fcb-b374-8eb5a849bf87, subscriptionId: 45970fff-43e3-4ce1-947f-2849cbd844dd, planId: PREMIUM_MONTHLY
2026-02-27 22:33:48 [http-nio-8083-exec-8] DEBUG c.u.l.p.c.j.JwtAuthenticationFilter - JWT 인증 완료 — memberId: 9e9447a9-3e25-4fcb-b374-8eb5a849bf87
2026-02-27 22:33:48 [http-nio-8083-exec-8] DEBUG c.u.l.p.s.i.SubscriptionServiceImpl - 구독 플랜 캐시 히트
2026-02-27 22:34:14 [http-nio-8083-exec-2] DEBUG c.u.l.p.c.j.JwtAuthenticationFilter - JWT 인증 완료 — memberId: 9e9447a9-3e25-4fcb-b374-8eb5a849bf87
2026-02-27 22:34:14 [http-nio-8083-exec-2] DEBUG c.u.l.p.s.i.SubscriptionServiceImpl - 구독 플랜 캐시 히트
2026-02-27 22:34:41 [http-nio-8083-exec-4] DEBUG c.u.l.p.c.j.JwtAuthenticationFilter - JWT 인증 완료 — memberId: 9e9447a9-3e25-4fcb-b374-8eb5a849bf87
2026-02-27 22:34:41 [http-nio-8083-exec-4] DEBUG org.hibernate.SQL - 
    /* <criteria> */ select
        se1_0.id 
    from
        lunchpick_payment.subscription se1_0 
    where
        se1_0.member_id=? 
        and se1_0.status=? 
    fetch
        first ? rows only
2026-02-27 22:34:41 [http-nio-8083-exec-4] WARN  c.u.l.p.s.i.SubscriptionServiceImpl - PG 게이트웨이 장애 — 결제 실패 처리 — memberId: 9e9447a9-3e25-4fcb-b374-8eb5a849bf87, cause: 이미 프리미엄 구독이 활성화되어 있어요.
2026-02-27 22:34:41 [http-nio-8083-exec-4] WARN  c.u.l.p.e.GlobalExceptionHandler - 비즈니스 예외 발생 — errorCode: PAYMENT_FAILED, message: 결제가 실패했어요. 다른 결제 수단을 시도해주세요.
2026-02-27 22:35:49 [http-nio-8083-exec-7] DEBUG c.u.l.p.c.j.JwtAuthenticationFilter - JWT 인증 완료 — memberId: 9e9447a9-3e25-4fcb-b374-8eb5a849bf87
2026-02-27 22:35:49 [http-nio-8083-exec-7] DEBUG org.hibernate.SQL - 
    /* <criteria> */ select
        se1_0.id 
    from
        lunchpick_payment.subscription se1_0 
    where
        se1_0.member_id=? 
        and se1_0.status=? 
    fetch
        first ? rows only
2026-02-27 22:35:49 [http-nio-8083-exec-7] WARN  c.u.l.p.s.i.SubscriptionServiceImpl - PG 게이트웨이 장애 — 결제 실패 처리 — memberId: 9e9447a9-3e25-4fcb-b374-8eb5a849bf87, cause: 이미 프리미엄 구독이 활성화되어 있어요.
2026-02-27 22:35:49 [http-nio-8083-exec-7] WARN  c.u.l.p.e.GlobalExceptionHandler - 비즈니스 예외 발생 — errorCode: PAYMENT_FAILED, message: 결제가 실패했어요. 다른 결제 수단을 시도해주세요.
2026-02-27 22:36:10 [http-nio-8083-exec-10] DEBUG c.u.l.p.c.j.JwtAuthenticationFilter - JWT 인증 완료 — memberId: 9e9447a9-3e25-4fcb-b374-8eb5a849bf87
2026-02-27 22:36:10 [http-nio-8083-exec-10] DEBUG org.hibernate.SQL - 
    /* <criteria> */ select
        se1_0.id 
    from
        lunchpick_payment.subscription se1_0 
    where
        se1_0.member_id=? 
        and se1_0.status=? 
    fetch
        first ? rows only
2026-02-27 22:36:10 [http-nio-8083-exec-10] WARN  c.u.l.p.s.i.SubscriptionServiceImpl - PG 게이트웨이 장애 — 결제 실패 처리 — memberId: 9e9447a9-3e25-4fcb-b374-8eb5a849bf87, cause: 이미 프리미엄 구독이 활성화되어 있어요.
2026-02-27 22:36:10 [http-nio-8083-exec-10] WARN  c.u.l.p.e.GlobalExceptionHandler - 비즈니스 예외 발생 — errorCode: PAYMENT_FAILED, message: 결제가 실패했어요. 다른 결제 수단을 시도해주세요.
2026-02-27 22:41:44 [main] INFO  c.u.l.payment.PaymentApplication - Starting PaymentApplication using Java 21 with PID 14724 (C:\Users\hiond\workspace\lunch-menu-recommender\payment-service\build\classes\java\main started by hiond in C:\Users\hiond\workspace\lunch-menu-recommender\payment-service)
2026-02-27 22:41:44 [main] DEBUG c.u.l.payment.PaymentApplication - Running with Spring Boot v3.4.1, Spring v6.2.1
2026-02-27 22:41:44 [main] INFO  c.u.l.payment.PaymentApplication - The following 1 profile is active: "dev"
2026-02-27 22:41:45 [main] INFO  o.s.d.r.c.RepositoryConfigurationDelegate - Multiple Spring Data modules found, entering strict repository configuration mode
2026-02-27 22:41:45 [main] INFO  o.s.d.r.c.RepositoryConfigurationDelegate - Bootstrapping Spring Data JPA repositories in DEFAULT mode.
2026-02-27 22:41:45 [main] INFO  o.s.d.r.c.RepositoryConfigurationDelegate - Finished Spring Data repository scanning in 63 ms. Found 2 JPA repository interfaces.
2026-02-27 22:41:45 [main] INFO  o.s.d.r.c.RepositoryConfigurationDelegate - Multiple Spring Data modules found, entering strict repository configuration mode
2026-02-27 22:41:45 [main] INFO  o.s.d.r.c.RepositoryConfigurationDelegate - Bootstrapping Spring Data Redis repositories in DEFAULT mode.
2026-02-27 22:41:45 [main] INFO  o.s.d.r.c.RepositoryConfigurationExtensionSupport - Spring Data Redis - Could not safely identify store assignment for repository candidate interface com.unicorn.lunchpick.payment.repository.jpa.PaymentHistoryRepository; If you want this repository to be a Redis repository, consider annotating your entities with one of these annotations: org.springframework.data.redis.core.RedisHash (preferred), or consider extending one of the following types with your repository: org.springframework.data.keyvalue.repository.KeyValueRepository
2026-02-27 22:41:45 [main] INFO  o.s.d.r.c.RepositoryConfigurationExtensionSupport - Spring Data Redis - Could not safely identify store assignment for repository candidate interface com.unicorn.lunchpick.payment.repository.jpa.SubscriptionRepository; If you want this repository to be a Redis repository, consider annotating your entities with one of these annotations: org.springframework.data.redis.core.RedisHash (preferred), or consider extending one of the following types with your repository: org.springframework.data.keyvalue.repository.KeyValueRepository
2026-02-27 22:41:45 [main] INFO  o.s.d.r.c.RepositoryConfigurationDelegate - Finished Spring Data repository scanning in 12 ms. Found 0 Redis repository interfaces.
2026-02-27 22:41:45 [main] INFO  o.s.cloud.context.scope.GenericScope - BeanFactory id=02b1a61c-8ef2-383a-a384-7e602a4ce4c2
2026-02-27 22:41:46 [main] INFO  o.s.b.w.e.tomcat.TomcatWebServer - Tomcat initialized with port 8083 (http)
2026-02-27 22:41:46 [main] INFO  o.a.catalina.core.StandardService - Starting service [Tomcat]
2026-02-27 22:41:46 [main] INFO  o.a.catalina.core.StandardEngine - Starting Servlet engine: [Apache Tomcat/10.1.34]
2026-02-27 22:41:46 [main] INFO  o.a.c.c.C.[Tomcat].[localhost].[/] - Initializing Spring embedded WebApplicationContext
2026-02-27 22:41:46 [main] INFO  o.s.b.w.s.c.ServletWebServerApplicationContext - Root WebApplicationContext: initialization completed in 1335 ms
2026-02-27 22:41:46 [main] DEBUG c.u.l.p.c.j.JwtAuthenticationFilter - Filter 'jwtAuthenticationFilter' configured for use
2026-02-27 22:41:46 [main] INFO  o.h.jpa.internal.util.LogHelper - HHH000204: Processing PersistenceUnitInfo [name: default]
2026-02-27 22:41:46 [main] INFO  org.hibernate.Version - HHH000412: Hibernate ORM core version 6.6.4.Final
2026-02-27 22:41:46 [main] INFO  o.h.c.i.RegionFactoryInitiator - HHH000026: Second-level cache disabled
2026-02-27 22:41:46 [main] DEBUG o.hibernate.type.BasicTypeRegistry - Adding type registration boolean -> org.hibernate.type.BasicTypeReference@34d72f06
2026-02-27 22:41:46 [main] DEBUG o.hibernate.type.BasicTypeRegistry - Adding type registration boolean -> org.hibernate.type.BasicTypeReference@34d72f06
2026-02-27 22:41:46 [main] DEBUG o.hibernate.type.BasicTypeRegistry - Adding type registration java.lang.Boolean -> org.hibernate.type.BasicTypeReference@34d72f06
2026-02-27 22:41:46 [main] DEBUG o.hibernate.type.BasicTypeRegistry - Adding type registration numeric_boolean -> org.hibernate.type.BasicTypeReference@7e43b342
2026-02-27 22:41:46 [main] DEBUG o.hibernate.type.BasicTypeRegistry - Adding type registration org.hibernate.type.NumericBooleanConverter -> org.hibernate.type.BasicTypeReference@7e43b342
2026-02-27 22:41:46 [main] DEBUG o.hibernate.type.BasicTypeRegistry - Adding type registration true_false -> org.hibernate.type.BasicTypeReference@21dd9203
2026-02-27 22:41:46 [main] DEBUG o.hibernate.type.BasicTypeRegistry - Adding type registration org.hibernate.type.TrueFalseConverter -> org.hibernate.type.BasicTypeReference@21dd9203
2026-02-27 22:41:46 [main] DEBUG o.hibernate.type.BasicTypeRegistry - Adding type registration yes_no -> org.hibernate.type.BasicTypeReference@dbcf7c3
2026-02-27 22:41:46 [main] DEBUG o.hibernate.type.BasicTypeRegistry - Adding type registration org.hibernate.type.YesNoConverter -> org.hibernate.type.BasicTypeReference@dbcf7c3
2026-02-27 22:41:46 [main] DEBUG o.hibernate.type.BasicTypeRegistry - Adding type registration byte -> org.hibernate.type.BasicTypeReference@1e466d
2026-02-27 22:41:46 [main] DEBUG o.hibernate.type.BasicTypeRegistry - Adding type registration byte -> org.hibernate.type.BasicTypeReference@1e466d
2026-02-27 22:41:46 [main] DEBUG o.hibernate.type.BasicTypeRegistry - Adding type registration java.lang.Byte -> org.hibernate.type.BasicTypeReference@1e466d
2026-02-27 22:41:46 [main] DEBUG o.hibernate.type.BasicTypeRegistry - Adding type registration binary -> org.hibernate.type.BasicTypeReference@63243c8f
2026-02-27 22:41:46 [main] DEBUG o.hibernate.type.BasicTypeRegistry - Adding type registration byte[] -> org.hibernate.type.BasicTypeReference@63243c8f
2026-02-27 22:41:46 [main] DEBUG o.hibernate.type.BasicTypeRegistry - Adding type registration [B -> org.hibernate.type.BasicTypeReference@63243c8f
2026-02-27 22:41:46 [main] DEBUG o.hibernate.type.BasicTypeRegistry - Adding type registration binary_wrapper -> org.hibernate.type.BasicTypeReference@2ea4e762
2026-02-27 22:41:46 [main] DEBUG o.hibernate.type.BasicTypeRegistry - Adding type registration wrapper-binary -> org.hibernate.type.BasicTypeReference@2ea4e762
2026-02-27 22:41:46 [main] DEBUG o.hibernate.type.BasicTypeRegistry - Adding type registration image -> org.hibernate.type.BasicTypeReference@444c0f9a
2026-02-27 22:41:46 [main] DEBUG o.hibernate.type.BasicTypeRegistry - Adding type registration blob -> org.hibernate.type.BasicTypeReference@36931450
2026-02-27 22:41:46 [main] DEBUG o.hibernate.type.BasicTypeRegistry - Adding type registration java.sql.Blob -> org.hibernate.type.BasicTypeReference@36931450
2026-02-27 22:41:46 [main] DEBUG o.hibernate.type.BasicTypeRegistry - Adding type registration materialized_blob -> org.hibernate.type.BasicTypeReference@74919649
2026-02-27 22:41:46 [main] DEBUG o.hibernate.type.BasicTypeRegistry - Adding type registration materialized_blob_wrapper -> org.hibernate.type.BasicTypeReference@7d07e04e
2026-02-27 22:41:46 [main] DEBUG o.hibernate.type.BasicTypeRegistry - Adding type registration short -> org.hibernate.type.BasicTypeReference@599310ab
2026-02-27 22:41:46 [main] DEBUG o.hibernate.type.BasicTypeRegistry - Adding type registration short -> org.hibernate.type.BasicTypeReference@599310ab
2026-02-27 22:41:46 [main] DEBUG o.hibernate.type.BasicTypeRegistry - Adding type registration java.lang.Short -> org.hibernate.type.BasicTypeReference@599310ab
2026-02-27 22:41:46 [main] DEBUG o.hibernate.type.BasicTypeRegistry - Adding type registration integer -> org.hibernate.type.BasicTypeReference@770cbe5d
2026-02-27 22:41:46 [main] DEBUG o.hibernate.type.BasicTypeRegistry - Adding type registration int -> org.hibernate.type.BasicTypeReference@770cbe5d
2026-02-27 22:41:46 [main] DEBUG o.hibernate.type.BasicTypeRegistry - Adding type registration java.lang.Integer -> org.hibernate.type.BasicTypeReference@770cbe5d
2026-02-27 22:41:46 [main] DEBUG o.hibernate.type.BasicTypeRegistry - Adding type registration long -> org.hibernate.type.BasicTypeReference@f575d2b
2026-02-27 22:41:46 [main] DEBUG o.hibernate.type.BasicTypeRegistry - Adding type registration long -> org.hibernate.type.BasicTypeReference@f575d2b
2026-02-27 22:41:46 [main] DEBUG o.hibernate.type.BasicTypeRegistry - Adding type registration java.lang.Long -> org.hibernate.type.BasicTypeReference@f575d2b
2026-02-27 22:41:46 [main] DEBUG o.hibernate.type.BasicTypeRegistry - Adding type registration float -> org.hibernate.type.BasicTypeReference@4d90d91f
2026-02-27 22:41:46 [main] DEBUG o.hibernate.type.BasicTypeRegistry - Adding type registration float -> org.hibernate.type.BasicTypeReference@4d90d91f
2026-02-27 22:41:46 [main] DEBUG o.hibernate.type.BasicTypeRegistry - Adding type registration java.lang.Float -> org.hibernate.type.BasicTypeReference@4d90d91f
2026-02-27 22:41:46 [main] DEBUG o.hibernate.type.BasicTypeRegistry - Adding type registration double -> org.hibernate.type.BasicTypeReference@c478e4e
2026-02-27 22:41:46 [main] DEBUG o.hibernate.type.BasicTypeRegistry - Adding type registration double -> org.hibernate.type.BasicTypeReference@c478e4e
2026-02-27 22:41:46 [main] DEBUG o.hibernate.type.BasicTypeRegistry - Adding type registration java.lang.Double -> org.hibernate.type.BasicTypeReference@c478e4e
2026-02-27 22:41:46 [main] DEBUG o.hibernate.type.BasicTypeRegistry - Adding type registration big_integer -> org.hibernate.type.BasicTypeReference@1e2b37cd
2026-02-27 22:41:46 [main] DEBUG o.hibernate.type.BasicTypeRegistry - Adding type registration java.math.BigInteger -> org.hibernate.type.BasicTypeReference@1e2b37cd
2026-02-27 22:41:46 [main] DEBUG o.hibernate.type.BasicTypeRegistry - Adding type registration big_decimal -> org.hibernate.type.BasicTypeReference@2ba08f26
2026-02-27 22:41:46 [main] DEBUG o.hibernate.type.BasicTypeRegistry - Adding type registration java.math.BigDecimal -> org.hibernate.type.BasicTypeReference@2ba08f26
2026-02-27 22:41:46 [main] DEBUG o.hibernate.type.BasicTypeRegistry - Adding type registration character -> org.hibernate.type.BasicTypeReference@6033f36c
2026-02-27 22:41:46 [main] DEBUG o.hibernate.type.BasicTypeRegistry - Adding type registration char -> org.hibernate.type.BasicTypeReference@6033f36c
2026-02-27 22:41:46 [main] DEBUG o.hibernate.type.BasicTypeRegistry - Adding type registration java.lang.Character -> org.hibernate.type.BasicTypeReference@6033f36c
2026-02-27 22:41:46 [main] DEBUG o.hibernate.type.BasicTypeRegistry - Adding type registration character_nchar -> org.hibernate.type.BasicTypeReference@50b624da
2026-02-27 22:41:46 [main] DEBUG o.hibernate.type.BasicTypeRegistry - Adding type registration string -> org.hibernate.type.BasicTypeReference@1764e45e
2026-02-27 22:41:46 [main] DEBUG o.hibernate.type.BasicTypeRegistry - Adding type registration java.lang.String -> org.hibernate.type.BasicTypeReference@1764e45e
2026-02-27 22:41:46 [main] DEBUG o.hibernate.type.BasicTypeRegistry - Adding type registration nstring -> org.hibernate.type.BasicTypeReference@3892802b
2026-02-27 22:41:46 [main] DEBUG o.hibernate.type.BasicTypeRegistry - Adding type registration characters -> org.hibernate.type.BasicTypeReference@4745bcc6
2026-02-27 22:41:46 [main] DEBUG o.hibernate.type.BasicTypeRegistry - Adding type registration char[] -> org.hibernate.type.BasicTypeReference@4745bcc6
2026-02-27 22:41:46 [main] DEBUG o.hibernate.type.BasicTypeRegistry - Adding type registration [C -> org.hibernate.type.BasicTypeReference@4745bcc6
2026-02-27 22:41:46 [main] DEBUG o.hibernate.type.BasicTypeRegistry - Adding type registration wrapper-characters -> org.hibernate.type.BasicTypeReference@2634d000
2026-02-27 22:41:46 [main] DEBUG o.hibernate.type.BasicTypeRegistry - Adding type registration text -> org.hibernate.type.BasicTypeReference@1642968c
2026-02-27 22:41:46 [main] DEBUG o.hibernate.type.BasicTypeRegistry - Adding type registration ntext -> org.hibernate.type.BasicTypeReference@3a7dcfb7
2026-02-27 22:41:46 [main] DEBUG o.hibernate.type.BasicTypeRegistry - Adding type registration clob -> org.hibernate.type.BasicTypeReference@50b4e7b2
2026-02-27 22:41:46 [main] DEBUG o.hibernate.type.BasicTypeRegistry - Adding type registration java.sql.Clob -> org.hibernate.type.BasicTypeReference@50b4e7b2
2026-02-27 22:41:46 [main] DEBUG o.hibernate.type.BasicTypeRegistry - Adding type registration nclob -> org.hibernate.type.BasicTypeReference@50008974
2026-02-27 22:41:46 [main] DEBUG o.hibernate.type.BasicTypeRegistry - Adding type registration java.sql.NClob -> org.hibernate.type.BasicTypeReference@50008974
2026-02-27 22:41:46 [main] DEBUG o.hibernate.type.BasicTypeRegistry - Adding type registration materialized_clob -> org.hibernate.type.BasicTypeReference@5274830e
2026-02-27 22:41:46 [main] DEBUG o.hibernate.type.BasicTypeRegistry - Adding type registration materialized_clob_char_array -> org.hibernate.type.BasicTypeReference@6a0ee80
2026-02-27 22:41:46 [main] DEBUG o.hibernate.type.BasicTypeRegistry - Adding type registration materialized_clob_character_array -> org.hibernate.type.BasicTypeReference@71de1091
2026-02-27 22:41:46 [main] DEBUG o.hibernate.type.BasicTypeRegistry - Adding type registration materialized_nclob -> org.hibernate.type.BasicTypeReference@25c16cf7
2026-02-27 22:41:46 [main] DEBUG o.hibernate.type.BasicTypeRegistry - Adding type registration materialized_nclob_character_array -> org.hibernate.type.BasicTypeReference@53dbe7b2
2026-02-27 22:41:46 [main] DEBUG o.hibernate.type.BasicTypeRegistry - Adding type registration materialized_nclob_char_array -> org.hibernate.type.BasicTypeReference@520ec7a7
2026-02-27 22:41:46 [main] DEBUG o.hibernate.type.BasicTypeRegistry - Adding type registration Duration -> org.hibernate.type.BasicTypeReference@53551fef
2026-02-27 22:41:46 [main] DEBUG o.hibernate.type.BasicTypeRegistry - Adding type registration java.time.Duration -> org.hibernate.type.BasicTypeReference@53551fef
2026-02-27 22:41:46 [main] DEBUG o.hibernate.type.BasicTypeRegistry - Adding type registration LocalDateTime -> org.hibernate.type.BasicTypeReference@7d5d77a6
2026-02-27 22:41:46 [main] DEBUG o.hibernate.type.BasicTypeRegistry - Adding type registration java.time.LocalDateTime -> org.hibernate.type.BasicTypeReference@7d5d77a6
2026-02-27 22:41:46 [main] DEBUG o.hibernate.type.BasicTypeRegistry - Adding type registration LocalDate -> org.hibernate.type.BasicTypeReference@71b7e9c8
2026-02-27 22:41:46 [main] DEBUG o.hibernate.type.BasicTypeRegistry - Adding type registration java.time.LocalDate -> org.hibernate.type.BasicTypeReference@71b7e9c8
2026-02-27 22:41:46 [main] DEBUG o.hibernate.type.BasicTypeRegistry - Adding type registration LocalTime -> org.hibernate.type.BasicTypeReference@55202ba6
2026-02-27 22:41:46 [main] DEBUG o.hibernate.type.BasicTypeRegistry - Adding type registration java.time.LocalTime -> org.hibernate.type.BasicTypeReference@55202ba6
2026-02-27 22:41:46 [main] DEBUG o.hibernate.type.BasicTypeRegistry - Adding type registration OffsetDateTime -> org.hibernate.type.BasicTypeReference@2ef1fc8a
2026-02-27 22:41:46 [main] DEBUG o.hibernate.type.BasicTypeRegistry - Adding type registration java.time.OffsetDateTime -> org.hibernate.type.BasicTypeReference@2ef1fc8a
2026-02-27 22:41:46 [main] DEBUG o.hibernate.type.BasicTypeRegistry - Adding type registration OffsetDateTimeWithTimezone -> org.hibernate.type.BasicTypeReference@38874eb5
2026-02-27 22:41:46 [main] DEBUG o.hibernate.type.BasicTypeRegistry - Adding type registration OffsetDateTimeWithoutTimezone -> org.hibernate.type.BasicTypeReference@76b019c4
2026-02-27 22:41:46 [main] DEBUG o.hibernate.type.BasicTypeRegistry - Adding type registration OffsetTime -> org.hibernate.type.BasicTypeReference@221961af
2026-02-27 22:41:46 [main] DEBUG o.hibernate.type.BasicTypeRegistry - Adding type registration java.time.OffsetTime -> org.hibernate.type.BasicTypeReference@221961af
2026-02-27 22:41:46 [main] DEBUG o.hibernate.type.BasicTypeRegistry - Adding type registration OffsetTimeUtc -> org.hibernate.type.BasicTypeReference@32ddcca
2026-02-27 22:41:46 [main] DEBUG o.hibernate.type.BasicTypeRegistry - Adding type registration OffsetTimeWithTimezone -> org.hibernate.type.BasicTypeReference@1ddc8fc
2026-02-27 22:41:46 [main] DEBUG o.hibernate.type.BasicTypeRegistry - Adding type registration OffsetTimeWithoutTimezone -> org.hibernate.type.BasicTypeReference@77d58f3a
2026-02-27 22:41:46 [main] DEBUG o.hibernate.type.BasicTypeRegistry - Adding type registration ZonedDateTime -> org.hibernate.type.BasicTypeReference@1e288c76
2026-02-27 22:41:46 [main] DEBUG o.hibernate.type.BasicTypeRegistry - Adding type registration java.time.ZonedDateTime -> org.hibernate.type.BasicTypeReference@1e288c76
2026-02-27 22:41:46 [main] DEBUG o.hibernate.type.BasicTypeRegistry - Adding type registration ZonedDateTimeWithTimezone -> org.hibernate.type.BasicTypeReference@738ed8f5
2026-02-27 22:41:46 [main] DEBUG o.hibernate.type.BasicTypeRegistry - Adding type registration ZonedDateTimeWithoutTimezone -> org.hibernate.type.BasicTypeReference@1cfb7450
2026-02-27 22:41:46 [main] DEBUG o.hibernate.type.BasicTypeRegistry - Adding type registration date -> org.hibernate.type.BasicTypeReference@478c84aa
2026-02-27 22:41:46 [main] DEBUG o.hibernate.type.BasicTypeRegistry - Adding type registration java.sql.Date -> org.hibernate.type.BasicTypeReference@478c84aa
2026-02-27 22:41:46 [main] DEBUG o.hibernate.type.BasicTypeRegistry - Adding type registration time -> org.hibernate.type.BasicTypeReference@1d1deb11
2026-02-27 22:41:46 [main] DEBUG o.hibernate.type.BasicTypeRegistry - Adding type registration java.sql.Time -> org.hibernate.type.BasicTypeReference@1d1deb11
2026-02-27 22:41:46 [main] DEBUG o.hibernate.type.BasicTypeRegistry - Adding type registration timestamp -> org.hibernate.type.BasicTypeReference@18d1d137
2026-02-27 22:41:46 [main] DEBUG o.hibernate.type.BasicTypeRegistry - Adding type registration java.sql.Timestamp -> org.hibernate.type.BasicTypeReference@18d1d137
2026-02-27 22:41:46 [main] DEBUG o.hibernate.type.BasicTypeRegistry - Adding type registration java.util.Date -> org.hibernate.type.BasicTypeReference@18d1d137
2026-02-27 22:41:46 [main] DEBUG o.hibernate.type.BasicTypeRegistry - Adding type registration calendar -> org.hibernate.type.BasicTypeReference@5f4f6f89
2026-02-27 22:41:46 [main] DEBUG o.hibernate.type.BasicTypeRegistry - Adding type registration java.util.Calendar -> org.hibernate.type.BasicTypeReference@5f4f6f89
2026-02-27 22:41:46 [main] DEBUG o.hibernate.type.BasicTypeRegistry - Adding type registration java.util.GregorianCalendar -> org.hibernate.type.BasicTypeReference@5f4f6f89
2026-02-27 22:41:46 [main] DEBUG o.hibernate.type.BasicTypeRegistry - Adding type registration calendar_date -> org.hibernate.type.BasicTypeReference@7c45191e
2026-02-27 22:41:46 [main] DEBUG o.hibernate.type.BasicTypeRegistry - Adding type registration calendar_time -> org.hibernate.type.BasicTypeReference@ef220e4
2026-02-27 22:41:46 [main] DEBUG o.hibernate.type.BasicTypeRegistry - Adding type registration instant -> org.hibernate.type.BasicTypeReference@18bc1064
2026-02-27 22:41:46 [main] DEBUG o.hibernate.type.BasicTypeRegistry - Adding type registration java.time.Instant -> org.hibernate.type.BasicTypeReference@18bc1064
2026-02-27 22:41:46 [main] DEBUG o.hibernate.type.BasicTypeRegistry - Adding type registration uuid -> org.hibernate.type.BasicTypeReference@3cab07dd
2026-02-27 22:41:46 [main] DEBUG o.hibernate.type.BasicTypeRegistry - Adding type registration java.util.UUID -> org.hibernate.type.BasicTypeReference@3cab07dd
2026-02-27 22:41:46 [main] DEBUG o.hibernate.type.BasicTypeRegistry - Adding type registration pg-uuid -> org.hibernate.type.BasicTypeReference@3cab07dd
2026-02-27 22:41:46 [main] DEBUG o.hibernate.type.BasicTypeRegistry - Adding type registration uuid-binary -> org.hibernate.type.BasicTypeReference@68f264bf
2026-02-27 22:41:46 [main] DEBUG o.hibernate.type.BasicTypeRegistry - Adding type registration uuid-char -> org.hibernate.type.BasicTypeReference@77988c45
2026-02-27 22:41:46 [main] DEBUG o.hibernate.type.BasicTypeRegistry - Adding type registration class -> org.hibernate.type.BasicTypeReference@f5f8de2
2026-02-27 22:41:46 [main] DEBUG o.hibernate.type.BasicTypeRegistry - Adding type registration java.lang.Class -> org.hibernate.type.BasicTypeReference@f5f8de2
2026-02-27 22:41:46 [main] DEBUG o.hibernate.type.BasicTypeRegistry - Adding type registration currency -> org.hibernate.type.BasicTypeReference@6baee63b
2026-02-27 22:41:46 [main] DEBUG o.hibernate.type.BasicTypeRegistry - Adding type registration Currency -> org.hibernate.type.BasicTypeReference@6baee63b
2026-02-27 22:41:46 [main] DEBUG o.hibernate.type.BasicTypeRegistry - Adding type registration java.util.Currency -> org.hibernate.type.BasicTypeReference@6baee63b
2026-02-27 22:41:46 [main] DEBUG o.hibernate.type.BasicTypeRegistry - Adding type registration locale -> org.hibernate.type.BasicTypeReference@1002b06d
2026-02-27 22:41:46 [main] DEBUG o.hibernate.type.BasicTypeRegistry - Adding type registration java.util.Locale -> org.hibernate.type.BasicTypeReference@1002b06d
2026-02-27 22:41:46 [main] DEBUG o.hibernate.type.BasicTypeRegistry - Adding type registration serializable -> org.hibernate.type.BasicTypeReference@234bfc8c
2026-02-27 22:41:46 [main] DEBUG o.hibernate.type.BasicTypeRegistry - Adding type registration java.io.Serializable -> org.hibernate.type.BasicTypeReference@234bfc8c
2026-02-27 22:41:46 [main] DEBUG o.hibernate.type.BasicTypeRegistry - Adding type registration timezone -> org.hibernate.type.BasicTypeReference@5008559a
2026-02-27 22:41:46 [main] DEBUG o.hibernate.type.BasicTypeRegistry - Adding type registration java.util.TimeZone -> org.hibernate.type.BasicTypeReference@5008559a
2026-02-27 22:41:46 [main] DEBUG o.hibernate.type.BasicTypeRegistry - Adding type registration ZoneOffset -> org.hibernate.type.BasicTypeReference@4c0bfe9e
2026-02-27 22:41:46 [main] DEBUG o.hibernate.type.BasicTypeRegistry - Adding type registration java.time.ZoneOffset -> org.hibernate.type.BasicTypeReference@4c0bfe9e
2026-02-27 22:41:46 [main] DEBUG o.hibernate.type.BasicTypeRegistry - Adding type registration url -> org.hibernate.type.BasicTypeReference@490fbeaa
2026-02-27 22:41:46 [main] DEBUG o.hibernate.type.BasicTypeRegistry - Adding type registration java.net.URL -> org.hibernate.type.BasicTypeReference@490fbeaa
2026-02-27 22:41:46 [main] DEBUG o.hibernate.type.BasicTypeRegistry - Adding type registration vector -> org.hibernate.type.BasicTypeReference@35dc849b
2026-02-27 22:41:46 [main] DEBUG o.hibernate.type.BasicTypeRegistry - Adding type registration float_vector -> org.hibernate.type.BasicTypeReference@276aa33f
2026-02-27 22:41:46 [main] DEBUG o.hibernate.type.BasicTypeRegistry - Adding type registration double_vector -> org.hibernate.type.BasicTypeReference@34065642
2026-02-27 22:41:46 [main] DEBUG o.hibernate.type.BasicTypeRegistry - Adding type registration byte_vector -> org.hibernate.type.BasicTypeReference@c85486
2026-02-27 22:41:46 [main] DEBUG o.hibernate.type.BasicTypeRegistry - Adding type registration row_version -> org.hibernate.type.BasicTypeReference@51e1e058
2026-02-27 22:41:46 [main] DEBUG o.hibernate.type.BasicTypeRegistry - Adding type registration object -> org.hibernate.type.JavaObjectType@70ad0854
2026-02-27 22:41:46 [main] DEBUG o.hibernate.type.BasicTypeRegistry - Adding type registration java.lang.Object -> org.hibernate.type.JavaObjectType@70ad0854
2026-02-27 22:41:46 [main] DEBUG o.hibernate.type.BasicTypeRegistry - Adding type registration null -> org.hibernate.type.NullType@6b43b101
2026-02-27 22:41:46 [main] DEBUG o.hibernate.type.BasicTypeRegistry - Adding type registration imm_date -> org.hibernate.type.BasicTypeReference@37cc6017
2026-02-27 22:41:46 [main] DEBUG o.hibernate.type.BasicTypeRegistry - Adding type registration imm_time -> org.hibernate.type.BasicTypeReference@3fcc7f5c
2026-02-27 22:41:46 [main] DEBUG o.hibernate.type.BasicTypeRegistry - Adding type registration imm_timestamp -> org.hibernate.type.BasicTypeReference@7512a9a6
2026-02-27 22:41:46 [main] DEBUG o.hibernate.type.BasicTypeRegistry - Adding type registration imm_calendar -> org.hibernate.type.BasicTypeReference@32fd5bc
2026-02-27 22:41:46 [main] DEBUG o.hibernate.type.BasicTypeRegistry - Adding type registration imm_calendar_date -> org.hibernate.type.BasicTypeReference@5737d116
2026-02-27 22:41:46 [main] DEBUG o.hibernate.type.BasicTypeRegistry - Adding type registration imm_calendar_time -> org.hibernate.type.BasicTypeReference@b5d7233
2026-02-27 22:41:46 [main] DEBUG o.hibernate.type.BasicTypeRegistry - Adding type registration imm_binary -> org.hibernate.type.BasicTypeReference@6be2b567
2026-02-27 22:41:46 [main] DEBUG o.hibernate.type.BasicTypeRegistry - Adding type registration imm_serializable -> org.hibernate.type.BasicTypeReference@169d1f92
2026-02-27 22:41:46 [main] INFO  o.s.o.j.p.SpringPersistenceUnitInfo - No LoadTimeWeaver setup: ignoring JPA class transformer
2026-02-27 22:41:46 [main] INFO  com.zaxxer.hikari.HikariDataSource - HikariPool-1 - Starting...
2026-02-27 22:41:46 [main] INFO  com.zaxxer.hikari.pool.HikariPool - HikariPool-1 - Added connection org.postgresql.jdbc.PgConnection@519eab1e
2026-02-27 22:41:46 [main] INFO  com.zaxxer.hikari.HikariDataSource - HikariPool-1 - Start completed.
2026-02-27 22:41:46 [main] INFO  o.hibernate.orm.connections.pooling - HHH10001005: Database info:
	Database JDBC URL [Connecting through datasource 'HikariDataSource (HikariPool-1)']
	Database driver: undefined/unknown
	Database version: 16.12
	Autocommit mode: undefined/unknown
	Isolation level: undefined/unknown
	Minimum pool size: undefined/unknown
	Maximum pool size: undefined/unknown
2026-02-27 22:41:46 [main] DEBUG o.h.t.d.sql.spi.DdlTypeRegistry - addDescriptor(2003, org.hibernate.type.descriptor.sql.internal.ArrayDdlTypeImpl@2e096ac0) replaced previous registration(org.hibernate.type.descriptor.sql.internal.ArrayDdlTypeImpl@d7c00de)
2026-02-27 22:41:46 [main] DEBUG o.h.t.d.sql.spi.DdlTypeRegistry - addDescriptor(6, org.hibernate.type.descriptor.sql.internal.CapacityDependentDdlType@11fa11b2) replaced previous registration(org.hibernate.type.descriptor.sql.internal.DdlTypeImpl@29ddaa8e)
2026-02-27 22:41:46 [main] DEBUG o.h.t.d.jdbc.spi.JdbcTypeRegistry - addDescriptor(2004, BlobTypeDescriptor(BLOB_BINDING)) replaced previous registration(BlobTypeDescriptor(DEFAULT))
2026-02-27 22:41:46 [main] DEBUG o.h.t.d.jdbc.spi.JdbcTypeRegistry - addDescriptor(2005, ClobTypeDescriptor(CLOB_BINDING)) replaced previous registration(ClobTypeDescriptor(DEFAULT))
2026-02-27 22:41:46 [main] DEBUG o.hibernate.type.BasicTypeRegistry - Adding type registration JAVA_OBJECT -> org.hibernate.type.JavaObjectType@34d26a68
2026-02-27 22:41:46 [main] DEBUG o.hibernate.type.BasicTypeRegistry - Adding type registration java.lang.Object -> org.hibernate.type.JavaObjectType@34d26a68
2026-02-27 22:41:46 [main] DEBUG o.hibernate.type.BasicTypeRegistry - Type registration key [java.lang.Object] overrode previous entry : `org.hibernate.type.JavaObjectType@70ad0854`
2026-02-27 22:41:46 [main] DEBUG o.hibernate.type.BasicTypeRegistry - Adding type registration org.hibernate.type.DurationType -> basicType@1(java.time.Duration,3015)
2026-02-27 22:41:46 [main] DEBUG o.hibernate.type.BasicTypeRegistry - Adding type registration Duration -> basicType@1(java.time.Duration,3015)
2026-02-27 22:41:46 [main] DEBUG o.hibernate.type.BasicTypeRegistry - Adding type registration java.time.Duration -> basicType@1(java.time.Duration,3015)
2026-02-27 22:41:46 [main] DEBUG o.hibernate.type.BasicTypeRegistry - Adding type registration org.hibernate.type.OffsetDateTimeType -> basicType@2(java.time.OffsetDateTime,3003)
2026-02-27 22:41:46 [main] DEBUG o.hibernate.type.BasicTypeRegistry - Adding type registration OffsetDateTime -> basicType@2(java.time.OffsetDateTime,3003)
2026-02-27 22:41:46 [main] DEBUG o.hibernate.type.BasicTypeRegistry - Adding type registration java.time.OffsetDateTime -> basicType@2(java.time.OffsetDateTime,3003)
2026-02-27 22:41:46 [main] DEBUG o.hibernate.type.BasicTypeRegistry - Adding type registration org.hibernate.type.ZonedDateTimeType -> basicType@3(java.time.ZonedDateTime,3003)
2026-02-27 22:41:46 [main] DEBUG o.hibernate.type.BasicTypeRegistry - Adding type registration ZonedDateTime -> basicType@3(java.time.ZonedDateTime,3003)
2026-02-27 22:41:46 [main] DEBUG o.hibernate.type.BasicTypeRegistry - Adding type registration java.time.ZonedDateTime -> basicType@3(java.time.ZonedDateTime,3003)
2026-02-27 22:41:46 [main] DEBUG o.hibernate.type.BasicTypeRegistry - Adding type registration org.hibernate.type.OffsetTimeType -> basicType@4(java.time.OffsetTime,3007)
2026-02-27 22:41:46 [main] DEBUG o.hibernate.type.BasicTypeRegistry - Adding type registration OffsetTime -> basicType@4(java.time.OffsetTime,3007)
2026-02-27 22:41:46 [main] DEBUG o.hibernate.type.BasicTypeRegistry - Adding type registration java.time.OffsetTime -> basicType@4(java.time.OffsetTime,3007)
2026-02-27 22:41:46 [main] DEBUG o.h.type.spi.TypeConfiguration$Scope - Scoping TypeConfiguration [org.hibernate.type.spi.TypeConfiguration@12c30824] to MetadataBuildingContext [org.hibernate.boot.internal.MetadataBuildingContextRootImpl@7d0e43d6]
2026-02-27 22:41:47 [main] INFO  o.h.e.t.j.p.i.JtaPlatformInitiator - HHH000489: No JTA platform available (set 'hibernate.transaction.jta.platform' to enable JTA platform integration)
2026-02-27 22:41:47 [main] DEBUG o.h.type.spi.TypeConfiguration$Scope - Scoping TypeConfiguration [org.hibernate.type.spi.TypeConfiguration@12c30824] to SessionFactoryImplementor [org.hibernate.internal.SessionFactoryImpl@1c8d9ac9]
2026-02-27 22:41:47 [main] TRACE o.h.type.spi.TypeConfiguration$Scope - Handling #sessionFactoryCreated from [org.hibernate.internal.SessionFactoryImpl@1c8d9ac9] for TypeConfiguration
2026-02-27 22:41:47 [main] INFO  o.s.o.j.LocalContainerEntityManagerFactoryBean - Initialized JPA EntityManagerFactory for persistence unit 'default'
2026-02-27 22:41:48 [main] WARN  o.s.b.a.o.j.JpaBaseConfiguration$JpaWebConfiguration - spring.jpa.open-in-view is enabled by default. Therefore, database queries may be performed during view rendering. Explicitly configure spring.jpa.open-in-view to disable this warning
2026-02-27 22:41:48 [main] WARN  o.s.b.a.s.s.UserDetailsServiceAutoConfiguration - 

Using generated security password: 7ef3d4e0-5b33-4e26-a7b7-a4c1cd41940f

This generated password is for development use only. Your security configuration must be updated before running your application in production.

2026-02-27 22:41:48 [main] INFO  o.s.s.c.a.a.c.InitializeUserDetailsBeanManagerConfigurer$InitializeUserDetailsManagerConfigurer - Global AuthenticationManager configured with UserDetailsService bean with name inMemoryUserDetailsManager
2026-02-27 22:41:48 [main] INFO  o.s.b.a.e.web.EndpointLinksResolver - Exposing 4 endpoints beneath base path '/actuator'
2026-02-27 22:41:50 [main] INFO  o.s.cloud.commons.util.InetUtils - Cannot determine local hostname
2026-02-27 22:41:50 [main] INFO  o.s.b.w.e.tomcat.TomcatWebServer - Tomcat started on port 8083 (http) with context path '/'
2026-02-27 22:41:51 [main] INFO  o.s.cloud.commons.util.InetUtils - Cannot determine local hostname
2026-02-27 22:41:51 [main] INFO  c.u.l.payment.PaymentApplication - Started PaymentApplication in 7.73 seconds (process running for 8.023)
2026-02-27 22:42:07 [http-nio-8083-exec-3] INFO  o.a.c.c.C.[Tomcat].[localhost].[/] - Initializing Spring DispatcherServlet 'dispatcherServlet'
2026-02-27 22:42:07 [http-nio-8083-exec-3] INFO  o.s.web.servlet.DispatcherServlet - Initializing Servlet 'dispatcherServlet'
2026-02-27 22:42:07 [http-nio-8083-exec-3] INFO  o.s.web.servlet.DispatcherServlet - Completed initialization in 1 ms
2026-02-27 22:42:07 [http-nio-8083-exec-1] DEBUG c.u.l.p.c.j.JwtAuthenticationFilter - JWT 인증 완료 — memberId: 9e9447a9-3e25-4fcb-b374-8eb5a849bf87
2026-02-27 22:42:07 [http-nio-8083-exec-1] DEBUG c.u.l.p.s.i.SubscriptionServiceImpl - 구독 플랜 캐시 히트
2026-02-27 22:46:03 [http-nio-8083-exec-10] DEBUG c.u.l.p.c.j.JwtAuthenticationFilter - JWT 인증 완료 — memberId: 9e9447a9-3e25-4fcb-b374-8eb5a849bf87
2026-02-27 22:46:03 [http-nio-8083-exec-10] DEBUG org.hibernate.SQL - 
    /* <criteria> */ select
        se1_0.id,
        se1_0.cancel_reason,
        se1_0.cancel_reason_detail,
        se1_0.cancelled_at,
        se1_0.created_at,
        se1_0.current_period_ends_at,
        se1_0.member_id,
        se1_0.next_billing_at,
        se1_0.plan_id,
        se1_0.started_at,
        se1_0.status,
        se1_0.subscription_id,
        se1_0.trial_extension_used,
        se1_0.updated_at 
    from
        lunchpick_payment.subscription se1_0 
    where
        se1_0.member_id=? 
        and se1_0.status=?
2026-02-27 22:46:03 [http-nio-8083-exec-10] DEBUG c.u.l.p.s.i.SubscriptionServiceImpl - 구독 플랜 조회 완료 — memberId: 9e9447a9-3e25-4fcb-b374-8eb5a849bf87, currentPlan: FREE
2026-02-27 22:47:00 [http-nio-8083-exec-6] DEBUG c.u.l.p.c.j.JwtAuthenticationFilter - JWT 인증 완료 — memberId: 9e9447a9-3e25-4fcb-b374-8eb5a849bf87
2026-02-27 22:47:00 [http-nio-8083-exec-6] DEBUG c.u.l.p.s.i.SubscriptionServiceImpl - 구독 플랜 캐시 히트
2026-02-27 22:47:23 [http-nio-8083-exec-3] DEBUG c.u.l.p.c.j.JwtAuthenticationFilter - JWT 인증 완료 — memberId: 9e9447a9-3e25-4fcb-b374-8eb5a849bf87
2026-02-27 22:47:23 [http-nio-8083-exec-3] DEBUG org.hibernate.SQL - 
    /* <criteria> */ select
        se1_0.id 
    from
        lunchpick_payment.subscription se1_0 
    where
        se1_0.member_id=? 
        and se1_0.status=? 
    fetch
        first ? rows only
2026-02-27 22:47:23 [http-nio-8083-exec-3] INFO  c.u.l.p.s.i.SubscriptionServiceImpl - PG 결제 요청 — memberId: 9e9447a9-3e25-4fcb-b374-8eb5a849bf87, planId: PREMIUM_MONTHLY, amount: 4900, orderId: 24290b18-d757-4f5a-9207-60f6ee6f8c7d
2026-02-27 22:47:23 [http-nio-8083-exec-3] INFO  c.u.l.payment.pg.MockPgGateway - Mock PG: 결제 승인 완료 — orderId: 24290b18-d757-4f5a-9207-60f6ee6f8c7d, amount: 4900, pgTransactionId: pg-txn-ee1dc1e5
2026-02-27 22:47:23 [http-nio-8083-exec-3] DEBUG org.hibernate.SQL - 
    /* insert for
        com.unicorn.lunchpick.payment.repository.entity.PaymentHistoryEntity */insert 
    into
        lunchpick_payment.payment_history (amount, approved_at, auto_renewal_agreed, created_at, error_code, member_id, payment_id, pg_transaction_id, plan_id, requested_at, status, subscription_id, withdrawal_deadline, withdrawal_right_acknowledged) 
    values
        (?, ?, ?, ?, ?, ?, ?, ?, ?, ?, ?, ?, ?, ?)
2026-02-27 22:47:23 [http-nio-8083-exec-3] DEBUG org.hibernate.SQL - 
    /* insert for
        com.unicorn.lunchpick.payment.repository.entity.SubscriptionEntity */insert 
    into
        lunchpick_payment.subscription (cancel_reason, cancel_reason_detail, cancelled_at, created_at, current_period_ends_at, member_id, next_billing_at, plan_id, started_at, status, subscription_id, trial_extension_used, updated_at) 
    values
        (?, ?, ?, ?, ?, ?, ?, ?, ?, ?, ?, ?, ?)
2026-02-27 22:47:23 [http-nio-8083-exec-3] INFO  c.u.l.p.m.SubscriptionEventPublisher - 구독 이벤트 발행 완료 — eventType: SUBSCRIPTION_ACTIVATED, memberId: 9e9447a9-3e25-4fcb-b374-8eb5a849bf87
2026-02-27 22:47:23 [http-nio-8083-exec-3] INFO  c.u.l.p.s.i.SubscriptionServiceImpl - 구독 결제 완료 — memberId: 9e9447a9-3e25-4fcb-b374-8eb5a849bf87, subscriptionId: 6e27e912-8efd-4994-9183-19f3edfb8555, planId: PREMIUM_MONTHLY
2026-02-27 22:47:23 [http-nio-8083-exec-4] DEBUG c.u.l.p.c.j.JwtAuthenticationFilter - JWT 인증 완료 — memberId: 9e9447a9-3e25-4fcb-b374-8eb5a849bf87
2026-02-27 22:47:23 [http-nio-8083-exec-4] DEBUG c.u.l.p.s.i.SubscriptionServiceImpl - 구독 플랜 캐시 히트
2026-02-27 22:47:47 [http-nio-8083-exec-7] DEBUG c.u.l.p.c.j.JwtAuthenticationFilter - JWT 인증 완료 — memberId: 9e9447a9-3e25-4fcb-b374-8eb5a849bf87
2026-02-27 22:47:47 [http-nio-8083-exec-7] DEBUG org.hibernate.SQL - 
    /* <criteria> */ select
        se1_0.id 
    from
        lunchpick_payment.subscription se1_0 
    where
        se1_0.member_id=? 
        and se1_0.status=? 
    fetch
        first ? rows only
2026-02-27 22:47:47 [http-nio-8083-exec-7] WARN  c.u.l.p.e.GlobalExceptionHandler - 비즈니스 예외 발생 — errorCode: SUBSCRIPTION_ALREADY_ACTIVE, message: 이미 프리미엄을 이용 중이에요! 구독 페이지에서 현재 플랜을 확인해보세요.
2026-02-27 22:48:16 [http-nio-8083-exec-10] DEBUG c.u.l.p.c.j.JwtAuthenticationFilter - JWT 인증 완료 — memberId: 9e9447a9-3e25-4fcb-b374-8eb5a849bf87
2026-02-27 22:48:16 [http-nio-8083-exec-10] DEBUG org.hibernate.SQL - 
    /* <criteria> */ select
        se1_0.id 
    from
        lunchpick_payment.subscription se1_0 
    where
        se1_0.member_id=? 
        and se1_0.status=? 
    fetch
        first ? rows only
2026-02-27 22:48:16 [http-nio-8083-exec-10] WARN  c.u.l.p.e.GlobalExceptionHandler - 비즈니스 예외 발생 — errorCode: SUBSCRIPTION_ALREADY_ACTIVE, message: 이미 프리미엄을 이용 중이에요! 구독 페이지에서 현재 플랜을 확인해보세요.
2026-02-27 22:48:21 [http-nio-8083-exec-6] DEBUG c.u.l.p.c.j.JwtAuthenticationFilter - JWT 인증 완료 — memberId: 9e9447a9-3e25-4fcb-b374-8eb5a849bf87
2026-02-27 22:48:21 [http-nio-8083-exec-6] DEBUG org.hibernate.SQL - 
    /* <criteria> */ select
        se1_0.id 
    from
        lunchpick_payment.subscription se1_0 
    where
        se1_0.member_id=? 
        and se1_0.status=? 
    fetch
        first ? rows only
2026-02-27 22:48:21 [http-nio-8083-exec-6] WARN  c.u.l.p.e.GlobalExceptionHandler - 비즈니스 예외 발생 — errorCode: SUBSCRIPTION_ALREADY_ACTIVE, message: 이미 프리미엄을 이용 중이에요! 구독 페이지에서 현재 플랜을 확인해보세요.
2026-02-27 22:48:26 [http-nio-8083-exec-3] DEBUG c.u.l.p.c.j.JwtAuthenticationFilter - JWT 인증 완료 — memberId: 9e9447a9-3e25-4fcb-b374-8eb5a849bf87
2026-02-27 22:48:26 [http-nio-8083-exec-3] DEBUG c.u.l.p.s.i.SubscriptionServiceImpl - 구독 플랜 캐시 히트
2026-02-27 22:50:31 [main] INFO  c.u.l.payment.PaymentApplication - Starting PaymentApplication using Java 21 with PID 31356 (C:\Users\hiond\workspace\lunch-menu-recommender\payment-service\build\classes\java\main started by hiond in C:\Users\hiond\workspace\lunch-menu-recommender\payment-service)
2026-02-27 22:50:31 [main] DEBUG c.u.l.payment.PaymentApplication - Running with Spring Boot v3.4.1, Spring v6.2.1
2026-02-27 22:50:31 [main] INFO  c.u.l.payment.PaymentApplication - The following 1 profile is active: "dev"
2026-02-27 22:50:32 [main] INFO  o.s.d.r.c.RepositoryConfigurationDelegate - Multiple Spring Data modules found, entering strict repository configuration mode
2026-02-27 22:50:32 [main] INFO  o.s.d.r.c.RepositoryConfigurationDelegate - Bootstrapping Spring Data JPA repositories in DEFAULT mode.
2026-02-27 22:50:32 [main] INFO  o.s.d.r.c.RepositoryConfigurationDelegate - Finished Spring Data repository scanning in 61 ms. Found 2 JPA repository interfaces.
2026-02-27 22:50:32 [main] INFO  o.s.d.r.c.RepositoryConfigurationDelegate - Multiple Spring Data modules found, entering strict repository configuration mode
2026-02-27 22:50:32 [main] INFO  o.s.d.r.c.RepositoryConfigurationDelegate - Bootstrapping Spring Data Redis repositories in DEFAULT mode.
2026-02-27 22:50:32 [main] INFO  o.s.d.r.c.RepositoryConfigurationExtensionSupport - Spring Data Redis - Could not safely identify store assignment for repository candidate interface com.unicorn.lunchpick.payment.repository.jpa.PaymentHistoryRepository; If you want this repository to be a Redis repository, consider annotating your entities with one of these annotations: org.springframework.data.redis.core.RedisHash (preferred), or consider extending one of the following types with your repository: org.springframework.data.keyvalue.repository.KeyValueRepository
2026-02-27 22:50:32 [main] INFO  o.s.d.r.c.RepositoryConfigurationExtensionSupport - Spring Data Redis - Could not safely identify store assignment for repository candidate interface com.unicorn.lunchpick.payment.repository.jpa.SubscriptionRepository; If you want this repository to be a Redis repository, consider annotating your entities with one of these annotations: org.springframework.data.redis.core.RedisHash (preferred), or consider extending one of the following types with your repository: org.springframework.data.keyvalue.repository.KeyValueRepository
2026-02-27 22:50:32 [main] INFO  o.s.d.r.c.RepositoryConfigurationDelegate - Finished Spring Data repository scanning in 12 ms. Found 0 Redis repository interfaces.
2026-02-27 22:50:32 [main] INFO  o.s.cloud.context.scope.GenericScope - BeanFactory id=02b1a61c-8ef2-383a-a384-7e602a4ce4c2
2026-02-27 22:50:33 [main] INFO  o.s.b.w.e.tomcat.TomcatWebServer - Tomcat initialized with port 8083 (http)
2026-02-27 22:50:33 [main] INFO  o.a.catalina.core.StandardService - Starting service [Tomcat]
2026-02-27 22:50:33 [main] INFO  o.a.catalina.core.StandardEngine - Starting Servlet engine: [Apache Tomcat/10.1.34]
2026-02-27 22:50:33 [main] INFO  o.a.c.c.C.[Tomcat].[localhost].[/] - Initializing Spring embedded WebApplicationContext
2026-02-27 22:50:33 [main] INFO  o.s.b.w.s.c.ServletWebServerApplicationContext - Root WebApplicationContext: initialization completed in 1359 ms
2026-02-27 22:50:33 [main] DEBUG c.u.l.p.c.j.JwtAuthenticationFilter - Filter 'jwtAuthenticationFilter' configured for use
2026-02-27 22:50:33 [main] INFO  o.h.jpa.internal.util.LogHelper - HHH000204: Processing PersistenceUnitInfo [name: default]
2026-02-27 22:50:33 [main] INFO  org.hibernate.Version - HHH000412: Hibernate ORM core version 6.6.4.Final
2026-02-27 22:50:33 [main] INFO  o.h.c.i.RegionFactoryInitiator - HHH000026: Second-level cache disabled
2026-02-27 22:50:33 [main] DEBUG o.hibernate.type.BasicTypeRegistry - Adding type registration boolean -> org.hibernate.type.BasicTypeReference@2ea4e762
2026-02-27 22:50:33 [main] DEBUG o.hibernate.type.BasicTypeRegistry - Adding type registration boolean -> org.hibernate.type.BasicTypeReference@2ea4e762
2026-02-27 22:50:33 [main] DEBUG o.hibernate.type.BasicTypeRegistry - Adding type registration java.lang.Boolean -> org.hibernate.type.BasicTypeReference@2ea4e762
2026-02-27 22:50:33 [main] DEBUG o.hibernate.type.BasicTypeRegistry - Adding type registration numeric_boolean -> org.hibernate.type.BasicTypeReference@444c0f9a
2026-02-27 22:50:33 [main] DEBUG o.hibernate.type.BasicTypeRegistry - Adding type registration org.hibernate.type.NumericBooleanConverter -> org.hibernate.type.BasicTypeReference@444c0f9a
2026-02-27 22:50:33 [main] DEBUG o.hibernate.type.BasicTypeRegistry - Adding type registration true_false -> org.hibernate.type.BasicTypeReference@36931450
2026-02-27 22:50:33 [main] DEBUG o.hibernate.type.BasicTypeRegistry - Adding type registration org.hibernate.type.TrueFalseConverter -> org.hibernate.type.BasicTypeReference@36931450
2026-02-27 22:50:33 [main] DEBUG o.hibernate.type.BasicTypeRegistry - Adding type registration yes_no -> org.hibernate.type.BasicTypeReference@74919649
2026-02-27 22:50:33 [main] DEBUG o.hibernate.type.BasicTypeRegistry - Adding type registration org.hibernate.type.YesNoConverter -> org.hibernate.type.BasicTypeReference@74919649
2026-02-27 22:50:33 [main] DEBUG o.hibernate.type.BasicTypeRegistry - Adding type registration byte -> org.hibernate.type.BasicTypeReference@7d07e04e
2026-02-27 22:50:33 [main] DEBUG o.hibernate.type.BasicTypeRegistry - Adding type registration byte -> org.hibernate.type.BasicTypeReference@7d07e04e
2026-02-27 22:50:33 [main] DEBUG o.hibernate.type.BasicTypeRegistry - Adding type registration java.lang.Byte -> org.hibernate.type.BasicTypeReference@7d07e04e
2026-02-27 22:50:33 [main] DEBUG o.hibernate.type.BasicTypeRegistry - Adding type registration binary -> org.hibernate.type.BasicTypeReference@599310ab
2026-02-27 22:50:33 [main] DEBUG o.hibernate.type.BasicTypeRegistry - Adding type registration byte[] -> org.hibernate.type.BasicTypeReference@599310ab
2026-02-27 22:50:33 [main] DEBUG o.hibernate.type.BasicTypeRegistry - Adding type registration [B -> org.hibernate.type.BasicTypeReference@599310ab
2026-02-27 22:50:33 [main] DEBUG o.hibernate.type.BasicTypeRegistry - Adding type registration binary_wrapper -> org.hibernate.type.BasicTypeReference@770cbe5d
2026-02-27 22:50:33 [main] DEBUG o.hibernate.type.BasicTypeRegistry - Adding type registration wrapper-binary -> org.hibernate.type.BasicTypeReference@770cbe5d
2026-02-27 22:50:33 [main] DEBUG o.hibernate.type.BasicTypeRegistry - Adding type registration image -> org.hibernate.type.BasicTypeReference@f575d2b
2026-02-27 22:50:33 [main] DEBUG o.hibernate.type.BasicTypeRegistry - Adding type registration blob -> org.hibernate.type.BasicTypeReference@4d90d91f
2026-02-27 22:50:33 [main] DEBUG o.hibernate.type.BasicTypeRegistry - Adding type registration java.sql.Blob -> org.hibernate.type.BasicTypeReference@4d90d91f
2026-02-27 22:50:33 [main] DEBUG o.hibernate.type.BasicTypeRegistry - Adding type registration materialized_blob -> org.hibernate.type.BasicTypeReference@c478e4e
2026-02-27 22:50:33 [main] DEBUG o.hibernate.type.BasicTypeRegistry - Adding type registration materialized_blob_wrapper -> org.hibernate.type.BasicTypeReference@1e2b37cd
2026-02-27 22:50:33 [main] DEBUG o.hibernate.type.BasicTypeRegistry - Adding type registration short -> org.hibernate.type.BasicTypeReference@2ba08f26
2026-02-27 22:50:33 [main] DEBUG o.hibernate.type.BasicTypeRegistry - Adding type registration short -> org.hibernate.type.BasicTypeReference@2ba08f26
2026-02-27 22:50:33 [main] DEBUG o.hibernate.type.BasicTypeRegistry - Adding type registration java.lang.Short -> org.hibernate.type.BasicTypeReference@2ba08f26
2026-02-27 22:50:33 [main] DEBUG o.hibernate.type.BasicTypeRegistry - Adding type registration integer -> org.hibernate.type.BasicTypeReference@6033f36c
2026-02-27 22:50:33 [main] DEBUG o.hibernate.type.BasicTypeRegistry - Adding type registration int -> org.hibernate.type.BasicTypeReference@6033f36c
2026-02-27 22:50:33 [main] DEBUG o.hibernate.type.BasicTypeRegistry - Adding type registration java.lang.Integer -> org.hibernate.type.BasicTypeReference@6033f36c
2026-02-27 22:50:33 [main] DEBUG o.hibernate.type.BasicTypeRegistry - Adding type registration long -> org.hibernate.type.BasicTypeReference@50b624da
2026-02-27 22:50:33 [main] DEBUG o.hibernate.type.BasicTypeRegistry - Adding type registration long -> org.hibernate.type.BasicTypeReference@50b624da
2026-02-27 22:50:33 [main] DEBUG o.hibernate.type.BasicTypeRegistry - Adding type registration java.lang.Long -> org.hibernate.type.BasicTypeReference@50b624da
2026-02-27 22:50:33 [main] DEBUG o.hibernate.type.BasicTypeRegistry - Adding type registration float -> org.hibernate.type.BasicTypeReference@1764e45e
2026-02-27 22:50:33 [main] DEBUG o.hibernate.type.BasicTypeRegistry - Adding type registration float -> org.hibernate.type.BasicTypeReference@1764e45e
2026-02-27 22:50:33 [main] DEBUG o.hibernate.type.BasicTypeRegistry - Adding type registration java.lang.Float -> org.hibernate.type.BasicTypeReference@1764e45e
2026-02-27 22:50:33 [main] DEBUG o.hibernate.type.BasicTypeRegistry - Adding type registration double -> org.hibernate.type.BasicTypeReference@3892802b
2026-02-27 22:50:33 [main] DEBUG o.hibernate.type.BasicTypeRegistry - Adding type registration double -> org.hibernate.type.BasicTypeReference@3892802b
2026-02-27 22:50:33 [main] DEBUG o.hibernate.type.BasicTypeRegistry - Adding type registration java.lang.Double -> org.hibernate.type.BasicTypeReference@3892802b
2026-02-27 22:50:33 [main] DEBUG o.hibernate.type.BasicTypeRegistry - Adding type registration big_integer -> org.hibernate.type.BasicTypeReference@4745bcc6
2026-02-27 22:50:33 [main] DEBUG o.hibernate.type.BasicTypeRegistry - Adding type registration java.math.BigInteger -> org.hibernate.type.BasicTypeReference@4745bcc6
2026-02-27 22:50:33 [main] DEBUG o.hibernate.type.BasicTypeRegistry - Adding type registration big_decimal -> org.hibernate.type.BasicTypeReference@2634d000
2026-02-27 22:50:33 [main] DEBUG o.hibernate.type.BasicTypeRegistry - Adding type registration java.math.BigDecimal -> org.hibernate.type.BasicTypeReference@2634d000
2026-02-27 22:50:33 [main] DEBUG o.hibernate.type.BasicTypeRegistry - Adding type registration character -> org.hibernate.type.BasicTypeReference@1642968c
2026-02-27 22:50:33 [main] DEBUG o.hibernate.type.BasicTypeRegistry - Adding type registration char -> org.hibernate.type.BasicTypeReference@1642968c
2026-02-27 22:50:33 [main] DEBUG o.hibernate.type.BasicTypeRegistry - Adding type registration java.lang.Character -> org.hibernate.type.BasicTypeReference@1642968c
2026-02-27 22:50:33 [main] DEBUG o.hibernate.type.BasicTypeRegistry - Adding type registration character_nchar -> org.hibernate.type.BasicTypeReference@3a7dcfb7
2026-02-27 22:50:33 [main] DEBUG o.hibernate.type.BasicTypeRegistry - Adding type registration string -> org.hibernate.type.BasicTypeReference@50b4e7b2
2026-02-27 22:50:33 [main] DEBUG o.hibernate.type.BasicTypeRegistry - Adding type registration java.lang.String -> org.hibernate.type.BasicTypeReference@50b4e7b2
2026-02-27 22:50:33 [main] DEBUG o.hibernate.type.BasicTypeRegistry - Adding type registration nstring -> org.hibernate.type.BasicTypeReference@50008974
2026-02-27 22:50:33 [main] DEBUG o.hibernate.type.BasicTypeRegistry - Adding type registration characters -> org.hibernate.type.BasicTypeReference@5274830e
2026-02-27 22:50:33 [main] DEBUG o.hibernate.type.BasicTypeRegistry - Adding type registration char[] -> org.hibernate.type.BasicTypeReference@5274830e
2026-02-27 22:50:33 [main] DEBUG o.hibernate.type.BasicTypeRegistry - Adding type registration [C -> org.hibernate.type.BasicTypeReference@5274830e
2026-02-27 22:50:33 [main] DEBUG o.hibernate.type.BasicTypeRegistry - Adding type registration wrapper-characters -> org.hibernate.type.BasicTypeReference@6a0ee80
2026-02-27 22:50:33 [main] DEBUG o.hibernate.type.BasicTypeRegistry - Adding type registration text -> org.hibernate.type.BasicTypeReference@71de1091
2026-02-27 22:50:33 [main] DEBUG o.hibernate.type.BasicTypeRegistry - Adding type registration ntext -> org.hibernate.type.BasicTypeReference@25c16cf7
2026-02-27 22:50:33 [main] DEBUG o.hibernate.type.BasicTypeRegistry - Adding type registration clob -> org.hibernate.type.BasicTypeReference@53dbe7b2
2026-02-27 22:50:33 [main] DEBUG o.hibernate.type.BasicTypeRegistry - Adding type registration java.sql.Clob -> org.hibernate.type.BasicTypeReference@53dbe7b2
2026-02-27 22:50:33 [main] DEBUG o.hibernate.type.BasicTypeRegistry - Adding type registration nclob -> org.hibernate.type.BasicTypeReference@520ec7a7
2026-02-27 22:50:33 [main] DEBUG o.hibernate.type.BasicTypeRegistry - Adding type registration java.sql.NClob -> org.hibernate.type.BasicTypeReference@520ec7a7
2026-02-27 22:50:33 [main] DEBUG o.hibernate.type.BasicTypeRegistry - Adding type registration materialized_clob -> org.hibernate.type.BasicTypeReference@53551fef
2026-02-27 22:50:33 [main] DEBUG o.hibernate.type.BasicTypeRegistry - Adding type registration materialized_clob_char_array -> org.hibernate.type.BasicTypeReference@7d5d77a6
2026-02-27 22:50:33 [main] DEBUG o.hibernate.type.BasicTypeRegistry - Adding type registration materialized_clob_character_array -> org.hibernate.type.BasicTypeReference@71b7e9c8
2026-02-27 22:50:33 [main] DEBUG o.hibernate.type.BasicTypeRegistry - Adding type registration materialized_nclob -> org.hibernate.type.BasicTypeReference@55202ba6
2026-02-27 22:50:33 [main] DEBUG o.hibernate.type.BasicTypeRegistry - Adding type registration materialized_nclob_character_array -> org.hibernate.type.BasicTypeReference@2ef1fc8a
2026-02-27 22:50:33 [main] DEBUG o.hibernate.type.BasicTypeRegistry - Adding type registration materialized_nclob_char_array -> org.hibernate.type.BasicTypeReference@38874eb5
2026-02-27 22:50:33 [main] DEBUG o.hibernate.type.BasicTypeRegistry - Adding type registration Duration -> org.hibernate.type.BasicTypeReference@76b019c4
2026-02-27 22:50:33 [main] DEBUG o.hibernate.type.BasicTypeRegistry - Adding type registration java.time.Duration -> org.hibernate.type.BasicTypeReference@76b019c4
2026-02-27 22:50:33 [main] DEBUG o.hibernate.type.BasicTypeRegistry - Adding type registration LocalDateTime -> org.hibernate.type.BasicTypeReference@221961af
2026-02-27 22:50:33 [main] DEBUG o.hibernate.type.BasicTypeRegistry - Adding type registration java.time.LocalDateTime -> org.hibernate.type.BasicTypeReference@221961af
2026-02-27 22:50:33 [main] DEBUG o.hibernate.type.BasicTypeRegistry - Adding type registration LocalDate -> org.hibernate.type.BasicTypeReference@32ddcca
2026-02-27 22:50:33 [main] DEBUG o.hibernate.type.BasicTypeRegistry - Adding type registration java.time.LocalDate -> org.hibernate.type.BasicTypeReference@32ddcca
2026-02-27 22:50:33 [main] DEBUG o.hibernate.type.BasicTypeRegistry - Adding type registration LocalTime -> org.hibernate.type.BasicTypeReference@1ddc8fc
2026-02-27 22:50:33 [main] DEBUG o.hibernate.type.BasicTypeRegistry - Adding type registration java.time.LocalTime -> org.hibernate.type.BasicTypeReference@1ddc8fc
2026-02-27 22:50:33 [main] DEBUG o.hibernate.type.BasicTypeRegistry - Adding type registration OffsetDateTime -> org.hibernate.type.BasicTypeReference@77d58f3a
2026-02-27 22:50:33 [main] DEBUG o.hibernate.type.BasicTypeRegistry - Adding type registration java.time.OffsetDateTime -> org.hibernate.type.BasicTypeReference@77d58f3a
2026-02-27 22:50:33 [main] DEBUG o.hibernate.type.BasicTypeRegistry - Adding type registration OffsetDateTimeWithTimezone -> org.hibernate.type.BasicTypeReference@1e288c76
2026-02-27 22:50:33 [main] DEBUG o.hibernate.type.BasicTypeRegistry - Adding type registration OffsetDateTimeWithoutTimezone -> org.hibernate.type.BasicTypeReference@738ed8f5
2026-02-27 22:50:33 [main] DEBUG o.hibernate.type.BasicTypeRegistry - Adding type registration OffsetTime -> org.hibernate.type.BasicTypeReference@1cfb7450
2026-02-27 22:50:33 [main] DEBUG o.hibernate.type.BasicTypeRegistry - Adding type registration java.time.OffsetTime -> org.hibernate.type.BasicTypeReference@1cfb7450
2026-02-27 22:50:33 [main] DEBUG o.hibernate.type.BasicTypeRegistry - Adding type registration OffsetTimeUtc -> org.hibernate.type.BasicTypeReference@478c84aa
2026-02-27 22:50:33 [main] DEBUG o.hibernate.type.BasicTypeRegistry - Adding type registration OffsetTimeWithTimezone -> org.hibernate.type.BasicTypeReference@1d1deb11
2026-02-27 22:50:33 [main] DEBUG o.hibernate.type.BasicTypeRegistry - Adding type registration OffsetTimeWithoutTimezone -> org.hibernate.type.BasicTypeReference@18d1d137
2026-02-27 22:50:33 [main] DEBUG o.hibernate.type.BasicTypeRegistry - Adding type registration ZonedDateTime -> org.hibernate.type.BasicTypeReference@5f4f6f89
2026-02-27 22:50:33 [main] DEBUG o.hibernate.type.BasicTypeRegistry - Adding type registration java.time.ZonedDateTime -> org.hibernate.type.BasicTypeReference@5f4f6f89
2026-02-27 22:50:33 [main] DEBUG o.hibernate.type.BasicTypeRegistry - Adding type registration ZonedDateTimeWithTimezone -> org.hibernate.type.BasicTypeReference@7c45191e
2026-02-27 22:50:33 [main] DEBUG o.hibernate.type.BasicTypeRegistry - Adding type registration ZonedDateTimeWithoutTimezone -> org.hibernate.type.BasicTypeReference@ef220e4
2026-02-27 22:50:33 [main] DEBUG o.hibernate.type.BasicTypeRegistry - Adding type registration date -> org.hibernate.type.BasicTypeReference@18bc1064
2026-02-27 22:50:33 [main] DEBUG o.hibernate.type.BasicTypeRegistry - Adding type registration java.sql.Date -> org.hibernate.type.BasicTypeReference@18bc1064
2026-02-27 22:50:33 [main] DEBUG o.hibernate.type.BasicTypeRegistry - Adding type registration time -> org.hibernate.type.BasicTypeReference@3cab07dd
2026-02-27 22:50:33 [main] DEBUG o.hibernate.type.BasicTypeRegistry - Adding type registration java.sql.Time -> org.hibernate.type.BasicTypeReference@3cab07dd
2026-02-27 22:50:33 [main] DEBUG o.hibernate.type.BasicTypeRegistry - Adding type registration timestamp -> org.hibernate.type.BasicTypeReference@68f264bf
2026-02-27 22:50:33 [main] DEBUG o.hibernate.type.BasicTypeRegistry - Adding type registration java.sql.Timestamp -> org.hibernate.type.BasicTypeReference@68f264bf
2026-02-27 22:50:33 [main] DEBUG o.hibernate.type.BasicTypeRegistry - Adding type registration java.util.Date -> org.hibernate.type.BasicTypeReference@68f264bf
2026-02-27 22:50:33 [main] DEBUG o.hibernate.type.BasicTypeRegistry - Adding type registration calendar -> org.hibernate.type.BasicTypeReference@77988c45
2026-02-27 22:50:33 [main] DEBUG o.hibernate.type.BasicTypeRegistry - Adding type registration java.util.Calendar -> org.hibernate.type.BasicTypeReference@77988c45
2026-02-27 22:50:33 [main] DEBUG o.hibernate.type.BasicTypeRegistry - Adding type registration java.util.GregorianCalendar -> org.hibernate.type.BasicTypeReference@77988c45
2026-02-27 22:50:33 [main] DEBUG o.hibernate.type.BasicTypeRegistry - Adding type registration calendar_date -> org.hibernate.type.BasicTypeReference@f5f8de2
2026-02-27 22:50:33 [main] DEBUG o.hibernate.type.BasicTypeRegistry - Adding type registration calendar_time -> org.hibernate.type.BasicTypeReference@6baee63b
2026-02-27 22:50:33 [main] DEBUG o.hibernate.type.BasicTypeRegistry - Adding type registration instant -> org.hibernate.type.BasicTypeReference@1002b06d
2026-02-27 22:50:33 [main] DEBUG o.hibernate.type.BasicTypeRegistry - Adding type registration java.time.Instant -> org.hibernate.type.BasicTypeReference@1002b06d
2026-02-27 22:50:33 [main] DEBUG o.hibernate.type.BasicTypeRegistry - Adding type registration uuid -> org.hibernate.type.BasicTypeReference@234bfc8c
2026-02-27 22:50:33 [main] DEBUG o.hibernate.type.BasicTypeRegistry - Adding type registration java.util.UUID -> org.hibernate.type.BasicTypeReference@234bfc8c
2026-02-27 22:50:33 [main] DEBUG o.hibernate.type.BasicTypeRegistry - Adding type registration pg-uuid -> org.hibernate.type.BasicTypeReference@234bfc8c
2026-02-27 22:50:33 [main] DEBUG o.hibernate.type.BasicTypeRegistry - Adding type registration uuid-binary -> org.hibernate.type.BasicTypeReference@5008559a
2026-02-27 22:50:33 [main] DEBUG o.hibernate.type.BasicTypeRegistry - Adding type registration uuid-char -> org.hibernate.type.BasicTypeReference@4c0bfe9e
2026-02-27 22:50:33 [main] DEBUG o.hibernate.type.BasicTypeRegistry - Adding type registration class -> org.hibernate.type.BasicTypeReference@490fbeaa
2026-02-27 22:50:33 [main] DEBUG o.hibernate.type.BasicTypeRegistry - Adding type registration java.lang.Class -> org.hibernate.type.BasicTypeReference@490fbeaa
2026-02-27 22:50:33 [main] DEBUG o.hibernate.type.BasicTypeRegistry - Adding type registration currency -> org.hibernate.type.BasicTypeReference@35dc849b
2026-02-27 22:50:33 [main] DEBUG o.hibernate.type.BasicTypeRegistry - Adding type registration Currency -> org.hibernate.type.BasicTypeReference@35dc849b
2026-02-27 22:50:33 [main] DEBUG o.hibernate.type.BasicTypeRegistry - Adding type registration java.util.Currency -> org.hibernate.type.BasicTypeReference@35dc849b
2026-02-27 22:50:33 [main] DEBUG o.hibernate.type.BasicTypeRegistry - Adding type registration locale -> org.hibernate.type.BasicTypeReference@276aa33f
2026-02-27 22:50:33 [main] DEBUG o.hibernate.type.BasicTypeRegistry - Adding type registration java.util.Locale -> org.hibernate.type.BasicTypeReference@276aa33f
2026-02-27 22:50:33 [main] DEBUG o.hibernate.type.BasicTypeRegistry - Adding type registration serializable -> org.hibernate.type.BasicTypeReference@34065642
2026-02-27 22:50:33 [main] DEBUG o.hibernate.type.BasicTypeRegistry - Adding type registration java.io.Serializable -> org.hibernate.type.BasicTypeReference@34065642
2026-02-27 22:50:33 [main] DEBUG o.hibernate.type.BasicTypeRegistry - Adding type registration timezone -> org.hibernate.type.BasicTypeReference@c85486
2026-02-27 22:50:33 [main] DEBUG o.hibernate.type.BasicTypeRegistry - Adding type registration java.util.TimeZone -> org.hibernate.type.BasicTypeReference@c85486
2026-02-27 22:50:33 [main] DEBUG o.hibernate.type.BasicTypeRegistry - Adding type registration ZoneOffset -> org.hibernate.type.BasicTypeReference@51e1e058
2026-02-27 22:50:33 [main] DEBUG o.hibernate.type.BasicTypeRegistry - Adding type registration java.time.ZoneOffset -> org.hibernate.type.BasicTypeReference@51e1e058
2026-02-27 22:50:33 [main] DEBUG o.hibernate.type.BasicTypeRegistry - Adding type registration url -> org.hibernate.type.BasicTypeReference@23e0c200
2026-02-27 22:50:33 [main] DEBUG o.hibernate.type.BasicTypeRegistry - Adding type registration java.net.URL -> org.hibernate.type.BasicTypeReference@23e0c200
2026-02-27 22:50:33 [main] DEBUG o.hibernate.type.BasicTypeRegistry - Adding type registration vector -> org.hibernate.type.BasicTypeReference@25d23478
2026-02-27 22:50:33 [main] DEBUG o.hibernate.type.BasicTypeRegistry - Adding type registration float_vector -> org.hibernate.type.BasicTypeReference@677c2820
2026-02-27 22:50:33 [main] DEBUG o.hibernate.type.BasicTypeRegistry - Adding type registration double_vector -> org.hibernate.type.BasicTypeReference@39c1e7b7
2026-02-27 22:50:33 [main] DEBUG o.hibernate.type.BasicTypeRegistry - Adding type registration byte_vector -> org.hibernate.type.BasicTypeReference@1c14d24d
2026-02-27 22:50:33 [main] DEBUG o.hibernate.type.BasicTypeRegistry - Adding type registration row_version -> org.hibernate.type.BasicTypeReference@28515443
2026-02-27 22:50:33 [main] DEBUG o.hibernate.type.BasicTypeRegistry - Adding type registration object -> org.hibernate.type.JavaObjectType@28b68067
2026-02-27 22:50:33 [main] DEBUG o.hibernate.type.BasicTypeRegistry - Adding type registration java.lang.Object -> org.hibernate.type.JavaObjectType@28b68067
2026-02-27 22:50:33 [main] DEBUG o.hibernate.type.BasicTypeRegistry - Adding type registration null -> org.hibernate.type.NullType@b5d7233
2026-02-27 22:50:33 [main] DEBUG o.hibernate.type.BasicTypeRegistry - Adding type registration imm_date -> org.hibernate.type.BasicTypeReference@6be2b567
2026-02-27 22:50:33 [main] DEBUG o.hibernate.type.BasicTypeRegistry - Adding type registration imm_time -> org.hibernate.type.BasicTypeReference@169d1f92
2026-02-27 22:50:33 [main] DEBUG o.hibernate.type.BasicTypeRegistry - Adding type registration imm_timestamp -> org.hibernate.type.BasicTypeReference@7fcbc336
2026-02-27 22:50:33 [main] DEBUG o.hibernate.type.BasicTypeRegistry - Adding type registration imm_calendar -> org.hibernate.type.BasicTypeReference@1fe7fa16
2026-02-27 22:50:33 [main] DEBUG o.hibernate.type.BasicTypeRegistry - Adding type registration imm_calendar_date -> org.hibernate.type.BasicTypeReference@61503d00
2026-02-27 22:50:33 [main] DEBUG o.hibernate.type.BasicTypeRegistry - Adding type registration imm_calendar_time -> org.hibernate.type.BasicTypeReference@1fcfcf37
2026-02-27 22:50:33 [main] DEBUG o.hibernate.type.BasicTypeRegistry - Adding type registration imm_binary -> org.hibernate.type.BasicTypeReference@3ebc6d8b
2026-02-27 22:50:33 [main] DEBUG o.hibernate.type.BasicTypeRegistry - Adding type registration imm_serializable -> org.hibernate.type.BasicTypeReference@1eab0700
2026-02-27 22:50:33 [main] INFO  o.s.o.j.p.SpringPersistenceUnitInfo - No LoadTimeWeaver setup: ignoring JPA class transformer
2026-02-27 22:50:33 [main] INFO  com.zaxxer.hikari.HikariDataSource - HikariPool-1 - Starting...
2026-02-27 22:50:33 [main] INFO  com.zaxxer.hikari.pool.HikariPool - HikariPool-1 - Added connection org.postgresql.jdbc.PgConnection@6f12b637
2026-02-27 22:50:33 [main] INFO  com.zaxxer.hikari.HikariDataSource - HikariPool-1 - Start completed.
2026-02-27 22:50:33 [main] INFO  o.hibernate.orm.connections.pooling - HHH10001005: Database info:
	Database JDBC URL [Connecting through datasource 'HikariDataSource (HikariPool-1)']
	Database driver: undefined/unknown
	Database version: 16.12
	Autocommit mode: undefined/unknown
	Isolation level: undefined/unknown
	Minimum pool size: undefined/unknown
	Maximum pool size: undefined/unknown
2026-02-27 22:50:33 [main] DEBUG o.h.t.d.sql.spi.DdlTypeRegistry - addDescriptor(2003, org.hibernate.type.descriptor.sql.internal.ArrayDdlTypeImpl@6046fba0) replaced previous registration(org.hibernate.type.descriptor.sql.internal.ArrayDdlTypeImpl@248ba4fc)
2026-02-27 22:50:33 [main] DEBUG o.h.t.d.sql.spi.DdlTypeRegistry - addDescriptor(6, org.hibernate.type.descriptor.sql.internal.CapacityDependentDdlType@54cce500) replaced previous registration(org.hibernate.type.descriptor.sql.internal.DdlTypeImpl@755033c5)
2026-02-27 22:50:33 [main] DEBUG o.h.t.d.jdbc.spi.JdbcTypeRegistry - addDescriptor(2004, BlobTypeDescriptor(BLOB_BINDING)) replaced previous registration(BlobTypeDescriptor(DEFAULT))
2026-02-27 22:50:33 [main] DEBUG o.h.t.d.jdbc.spi.JdbcTypeRegistry - addDescriptor(2005, ClobTypeDescriptor(CLOB_BINDING)) replaced previous registration(ClobTypeDescriptor(DEFAULT))
2026-02-27 22:50:33 [main] DEBUG o.hibernate.type.BasicTypeRegistry - Adding type registration JAVA_OBJECT -> org.hibernate.type.JavaObjectType@22bca04e
2026-02-27 22:50:33 [main] DEBUG o.hibernate.type.BasicTypeRegistry - Adding type registration java.lang.Object -> org.hibernate.type.JavaObjectType@22bca04e
2026-02-27 22:50:33 [main] DEBUG o.hibernate.type.BasicTypeRegistry - Type registration key [java.lang.Object] overrode previous entry : `org.hibernate.type.JavaObjectType@28b68067`
2026-02-27 22:50:33 [main] DEBUG o.hibernate.type.BasicTypeRegistry - Adding type registration org.hibernate.type.DurationType -> basicType@1(java.time.Duration,3015)
2026-02-27 22:50:33 [main] DEBUG o.hibernate.type.BasicTypeRegistry - Adding type registration Duration -> basicType@1(java.time.Duration,3015)
2026-02-27 22:50:33 [main] DEBUG o.hibernate.type.BasicTypeRegistry - Adding type registration java.time.Duration -> basicType@1(java.time.Duration,3015)
2026-02-27 22:50:33 [main] DEBUG o.hibernate.type.BasicTypeRegistry - Adding type registration org.hibernate.type.OffsetDateTimeType -> basicType@2(java.time.OffsetDateTime,3003)
2026-02-27 22:50:33 [main] DEBUG o.hibernate.type.BasicTypeRegistry - Adding type registration OffsetDateTime -> basicType@2(java.time.OffsetDateTime,3003)
2026-02-27 22:50:33 [main] DEBUG o.hibernate.type.BasicTypeRegistry - Adding type registration java.time.OffsetDateTime -> basicType@2(java.time.OffsetDateTime,3003)
2026-02-27 22:50:33 [main] DEBUG o.hibernate.type.BasicTypeRegistry - Adding type registration org.hibernate.type.ZonedDateTimeType -> basicType@3(java.time.ZonedDateTime,3003)
2026-02-27 22:50:33 [main] DEBUG o.hibernate.type.BasicTypeRegistry - Adding type registration ZonedDateTime -> basicType@3(java.time.ZonedDateTime,3003)
2026-02-27 22:50:33 [main] DEBUG o.hibernate.type.BasicTypeRegistry - Adding type registration java.time.ZonedDateTime -> basicType@3(java.time.ZonedDateTime,3003)
2026-02-27 22:50:33 [main] DEBUG o.hibernate.type.BasicTypeRegistry - Adding type registration org.hibernate.type.OffsetTimeType -> basicType@4(java.time.OffsetTime,3007)
2026-02-27 22:50:33 [main] DEBUG o.hibernate.type.BasicTypeRegistry - Adding type registration OffsetTime -> basicType@4(java.time.OffsetTime,3007)
2026-02-27 22:50:33 [main] DEBUG o.hibernate.type.BasicTypeRegistry - Adding type registration java.time.OffsetTime -> basicType@4(java.time.OffsetTime,3007)
2026-02-27 22:50:33 [main] DEBUG o.h.type.spi.TypeConfiguration$Scope - Scoping TypeConfiguration [org.hibernate.type.spi.TypeConfiguration@7f7f544a] to MetadataBuildingContext [org.hibernate.boot.internal.MetadataBuildingContextRootImpl@70b0dc92]
2026-02-27 22:50:34 [main] INFO  o.h.e.t.j.p.i.JtaPlatformInitiator - HHH000489: No JTA platform available (set 'hibernate.transaction.jta.platform' to enable JTA platform integration)
2026-02-27 22:50:34 [main] DEBUG o.h.type.spi.TypeConfiguration$Scope - Scoping TypeConfiguration [org.hibernate.type.spi.TypeConfiguration@7f7f544a] to SessionFactoryImplementor [org.hibernate.internal.SessionFactoryImpl@d35d84a]
2026-02-27 22:50:34 [main] TRACE o.h.type.spi.TypeConfiguration$Scope - Handling #sessionFactoryCreated from [org.hibernate.internal.SessionFactoryImpl@d35d84a] for TypeConfiguration
2026-02-27 22:50:34 [main] INFO  o.s.o.j.LocalContainerEntityManagerFactoryBean - Initialized JPA EntityManagerFactory for persistence unit 'default'
2026-02-27 22:50:34 [main] WARN  o.s.b.a.o.j.JpaBaseConfiguration$JpaWebConfiguration - spring.jpa.open-in-view is enabled by default. Therefore, database queries may be performed during view rendering. Explicitly configure spring.jpa.open-in-view to disable this warning
2026-02-27 22:50:35 [main] WARN  o.s.b.a.s.s.UserDetailsServiceAutoConfiguration - 

Using generated security password: 6c814abe-8e39-4480-8fcf-43c429e72ff3

This generated password is for development use only. Your security configuration must be updated before running your application in production.

2026-02-27 22:50:35 [main] INFO  o.s.s.c.a.a.c.InitializeUserDetailsBeanManagerConfigurer$InitializeUserDetailsManagerConfigurer - Global AuthenticationManager configured with UserDetailsService bean with name inMemoryUserDetailsManager
2026-02-27 22:50:35 [main] INFO  o.s.b.a.e.web.EndpointLinksResolver - Exposing 4 endpoints beneath base path '/actuator'
2026-02-27 22:50:37 [main] INFO  o.s.cloud.commons.util.InetUtils - Cannot determine local hostname
2026-02-27 22:50:37 [main] INFO  o.s.b.w.e.tomcat.TomcatWebServer - Tomcat started on port 8083 (http) with context path '/'
2026-02-27 22:50:38 [main] INFO  o.s.cloud.commons.util.InetUtils - Cannot determine local hostname
2026-02-27 22:50:38 [main] INFO  c.u.l.payment.PaymentApplication - Started PaymentApplication in 7.672 seconds (process running for 8.027)
2026-02-27 22:50:47 [http-nio-8083-exec-1] INFO  o.a.c.c.C.[Tomcat].[localhost].[/] - Initializing Spring DispatcherServlet 'dispatcherServlet'
2026-02-27 22:50:47 [http-nio-8083-exec-1] INFO  o.s.web.servlet.DispatcherServlet - Initializing Servlet 'dispatcherServlet'
2026-02-27 22:50:47 [http-nio-8083-exec-1] INFO  o.s.web.servlet.DispatcherServlet - Completed initialization in 1 ms
2026-02-27 22:50:47 [http-nio-8083-exec-2] DEBUG c.u.l.p.c.j.JwtAuthenticationFilter - JWT 인증 완료 — memberId: 9e9447a9-3e25-4fcb-b374-8eb5a849bf87
2026-02-27 22:50:48 [http-nio-8083-exec-2] DEBUG org.hibernate.SQL - 
    /* <criteria> */ select
        se1_0.id,
        se1_0.cancel_reason,
        se1_0.cancel_reason_detail,
        se1_0.cancelled_at,
        se1_0.created_at,
        se1_0.current_period_ends_at,
        se1_0.member_id,
        se1_0.next_billing_at,
        se1_0.plan_id,
        se1_0.started_at,
        se1_0.status,
        se1_0.subscription_id,
        se1_0.trial_extension_used,
        se1_0.updated_at 
    from
        lunchpick_payment.subscription se1_0 
    where
        se1_0.member_id=? 
        and se1_0.status=?
2026-02-27 22:50:48 [http-nio-8083-exec-2] DEBUG c.u.l.p.s.i.SubscriptionServiceImpl - 구독 플랜 조회 완료 — memberId: 9e9447a9-3e25-4fcb-b374-8eb5a849bf87, currentPlan: FREE
2026-02-27 22:51:11 [http-nio-8083-exec-4] DEBUG c.u.l.p.c.j.JwtAuthenticationFilter - JWT 인증 완료 — memberId: 9e9447a9-3e25-4fcb-b374-8eb5a849bf87
2026-02-27 22:51:11 [http-nio-8083-exec-4] DEBUG org.hibernate.SQL - 
    /* <criteria> */ select
        se1_0.id 
    from
        lunchpick_payment.subscription se1_0 
    where
        se1_0.member_id=? 
        and se1_0.status=? 
    fetch
        first ? rows only
2026-02-27 22:51:11 [http-nio-8083-exec-4] INFO  c.u.l.p.s.i.SubscriptionServiceImpl - PG 결제 요청 — memberId: 9e9447a9-3e25-4fcb-b374-8eb5a849bf87, planId: PREMIUM_MONTHLY, amount: 4900, orderId: c0199d29-b8b8-4694-bc98-1997ad9ec265
2026-02-27 22:51:11 [http-nio-8083-exec-4] INFO  c.u.l.payment.pg.MockPgGateway - Mock PG: 결제 승인 완료 — orderId: c0199d29-b8b8-4694-bc98-1997ad9ec265, amount: 4900, pgTransactionId: pg-txn-2e1c62d9
2026-02-27 22:51:11 [http-nio-8083-exec-4] DEBUG org.hibernate.SQL - 
    /* insert for
        com.unicorn.lunchpick.payment.repository.entity.PaymentHistoryEntity */insert 
    into
        lunchpick_payment.payment_history (amount, approved_at, auto_renewal_agreed, created_at, error_code, member_id, payment_id, pg_transaction_id, plan_id, requested_at, status, subscription_id, withdrawal_deadline, withdrawal_right_acknowledged) 
    values
        (?, ?, ?, ?, ?, ?, ?, ?, ?, ?, ?, ?, ?, ?)
2026-02-27 22:51:11 [http-nio-8083-exec-4] DEBUG org.hibernate.SQL - 
    /* insert for
        com.unicorn.lunchpick.payment.repository.entity.SubscriptionEntity */insert 
    into
        lunchpick_payment.subscription (cancel_reason, cancel_reason_detail, cancelled_at, created_at, current_period_ends_at, member_id, next_billing_at, plan_id, started_at, status, subscription_id, trial_extension_used, updated_at) 
    values
        (?, ?, ?, ?, ?, ?, ?, ?, ?, ?, ?, ?, ?)
2026-02-27 22:51:11 [http-nio-8083-exec-4] INFO  c.u.l.p.m.SubscriptionEventPublisher - 구독 이벤트 발행 완료 — eventType: SUBSCRIPTION_ACTIVATED, memberId: 9e9447a9-3e25-4fcb-b374-8eb5a849bf87
2026-02-27 22:51:11 [http-nio-8083-exec-4] INFO  c.u.l.p.s.i.SubscriptionServiceImpl - 구독 결제 완료 — memberId: 9e9447a9-3e25-4fcb-b374-8eb5a849bf87, subscriptionId: 97907c30-01ae-46e3-a64d-fe936b4f96d5, planId: PREMIUM_MONTHLY
2026-02-27 22:51:11 [http-nio-8083-exec-6] DEBUG c.u.l.p.c.j.JwtAuthenticationFilter - JWT 인증 완료 — memberId: 9e9447a9-3e25-4fcb-b374-8eb5a849bf87
2026-02-27 22:51:11 [http-nio-8083-exec-6] DEBUG org.hibernate.SQL - 
    /* <criteria> */ select
        se1_0.id,
        se1_0.cancel_reason,
        se1_0.cancel_reason_detail,
        se1_0.cancelled_at,
        se1_0.created_at,
        se1_0.current_period_ends_at,
        se1_0.member_id,
        se1_0.next_billing_at,
        se1_0.plan_id,
        se1_0.started_at,
        se1_0.status,
        se1_0.subscription_id,
        se1_0.trial_extension_used,
        se1_0.updated_at 
    from
        lunchpick_payment.subscription se1_0 
    where
        se1_0.member_id=? 
        and se1_0.status=?
2026-02-27 22:51:11 [http-nio-8083-exec-6] DEBUG c.u.l.p.s.i.SubscriptionServiceImpl - 구독 플랜 조회 완료 — memberId: 9e9447a9-3e25-4fcb-b374-8eb5a849bf87, currentPlan: PREMIUM_MONTHLY
2026-02-27 22:56:30 [main] INFO  c.u.l.payment.PaymentApplication - Starting PaymentApplication using Java 21 with PID 30284 (C:\Users\hiond\workspace\lunch-menu-recommender\payment-service\build\classes\java\main started by hiond in C:\Users\hiond\workspace\lunch-menu-recommender\payment-service)
2026-02-27 22:56:30 [main] DEBUG c.u.l.payment.PaymentApplication - Running with Spring Boot v3.4.1, Spring v6.2.1
2026-02-27 22:56:30 [main] INFO  c.u.l.payment.PaymentApplication - The following 1 profile is active: "dev"
2026-02-27 22:56:30 [main] INFO  o.s.d.r.c.RepositoryConfigurationDelegate - Multiple Spring Data modules found, entering strict repository configuration mode
2026-02-27 22:56:30 [main] INFO  o.s.d.r.c.RepositoryConfigurationDelegate - Bootstrapping Spring Data JPA repositories in DEFAULT mode.
2026-02-27 22:56:30 [main] INFO  o.s.d.r.c.RepositoryConfigurationDelegate - Finished Spring Data repository scanning in 60 ms. Found 2 JPA repository interfaces.
2026-02-27 22:56:31 [main] INFO  o.s.d.r.c.RepositoryConfigurationDelegate - Multiple Spring Data modules found, entering strict repository configuration mode
2026-02-27 22:56:31 [main] INFO  o.s.d.r.c.RepositoryConfigurationDelegate - Bootstrapping Spring Data Redis repositories in DEFAULT mode.
2026-02-27 22:56:31 [main] INFO  o.s.d.r.c.RepositoryConfigurationExtensionSupport - Spring Data Redis - Could not safely identify store assignment for repository candidate interface com.unicorn.lunchpick.payment.repository.jpa.PaymentHistoryRepository; If you want this repository to be a Redis repository, consider annotating your entities with one of these annotations: org.springframework.data.redis.core.RedisHash (preferred), or consider extending one of the following types with your repository: org.springframework.data.keyvalue.repository.KeyValueRepository
2026-02-27 22:56:31 [main] INFO  o.s.d.r.c.RepositoryConfigurationExtensionSupport - Spring Data Redis - Could not safely identify store assignment for repository candidate interface com.unicorn.lunchpick.payment.repository.jpa.SubscriptionRepository; If you want this repository to be a Redis repository, consider annotating your entities with one of these annotations: org.springframework.data.redis.core.RedisHash (preferred), or consider extending one of the following types with your repository: org.springframework.data.keyvalue.repository.KeyValueRepository
2026-02-27 22:56:31 [main] INFO  o.s.d.r.c.RepositoryConfigurationDelegate - Finished Spring Data repository scanning in 10 ms. Found 0 Redis repository interfaces.
2026-02-27 22:56:31 [main] INFO  o.s.cloud.context.scope.GenericScope - BeanFactory id=02b1a61c-8ef2-383a-a384-7e602a4ce4c2
2026-02-27 22:56:31 [main] INFO  o.s.b.w.e.tomcat.TomcatWebServer - Tomcat initialized with port 8083 (http)
2026-02-27 22:56:31 [main] INFO  o.a.catalina.core.StandardService - Starting service [Tomcat]
2026-02-27 22:56:31 [main] INFO  o.a.catalina.core.StandardEngine - Starting Servlet engine: [Apache Tomcat/10.1.34]
2026-02-27 22:56:31 [main] INFO  o.a.c.c.C.[Tomcat].[localhost].[/] - Initializing Spring embedded WebApplicationContext
2026-02-27 22:56:31 [main] INFO  o.s.b.w.s.c.ServletWebServerApplicationContext - Root WebApplicationContext: initialization completed in 1355 ms
2026-02-27 22:56:32 [main] DEBUG c.u.l.p.c.j.JwtAuthenticationFilter - Filter 'jwtAuthenticationFilter' configured for use
2026-02-27 22:56:32 [main] INFO  o.h.jpa.internal.util.LogHelper - HHH000204: Processing PersistenceUnitInfo [name: default]
2026-02-27 22:56:32 [main] INFO  org.hibernate.Version - HHH000412: Hibernate ORM core version 6.6.4.Final
2026-02-27 22:56:32 [main] INFO  o.h.c.i.RegionFactoryInitiator - HHH000026: Second-level cache disabled
2026-02-27 22:56:32 [main] DEBUG o.hibernate.type.BasicTypeRegistry - Adding type registration boolean -> org.hibernate.type.BasicTypeReference@161c9468
2026-02-27 22:56:32 [main] DEBUG o.hibernate.type.BasicTypeRegistry - Adding type registration boolean -> org.hibernate.type.BasicTypeReference@161c9468
2026-02-27 22:56:32 [main] DEBUG o.hibernate.type.BasicTypeRegistry - Adding type registration java.lang.Boolean -> org.hibernate.type.BasicTypeReference@161c9468
2026-02-27 22:56:32 [main] DEBUG o.hibernate.type.BasicTypeRegistry - Adding type registration numeric_boolean -> org.hibernate.type.BasicTypeReference@629de8
2026-02-27 22:56:32 [main] DEBUG o.hibernate.type.BasicTypeRegistry - Adding type registration org.hibernate.type.NumericBooleanConverter -> org.hibernate.type.BasicTypeReference@629de8
2026-02-27 22:56:32 [main] DEBUG o.hibernate.type.BasicTypeRegistry - Adding type registration true_false -> org.hibernate.type.BasicTypeReference@6b32b678
2026-02-27 22:56:32 [main] DEBUG o.hibernate.type.BasicTypeRegistry - Adding type registration org.hibernate.type.TrueFalseConverter -> org.hibernate.type.BasicTypeReference@6b32b678
2026-02-27 22:56:32 [main] DEBUG o.hibernate.type.BasicTypeRegistry - Adding type registration yes_no -> org.hibernate.type.BasicTypeReference@1b6683c4
2026-02-27 22:56:32 [main] DEBUG o.hibernate.type.BasicTypeRegistry - Adding type registration org.hibernate.type.YesNoConverter -> org.hibernate.type.BasicTypeReference@1b6683c4
2026-02-27 22:56:32 [main] DEBUG o.hibernate.type.BasicTypeRegistry - Adding type registration byte -> org.hibernate.type.BasicTypeReference@69abeb14
2026-02-27 22:56:32 [main] DEBUG o.hibernate.type.BasicTypeRegistry - Adding type registration byte -> org.hibernate.type.BasicTypeReference@69abeb14
2026-02-27 22:56:32 [main] DEBUG o.hibernate.type.BasicTypeRegistry - Adding type registration java.lang.Byte -> org.hibernate.type.BasicTypeReference@69abeb14
2026-02-27 22:56:32 [main] DEBUG o.hibernate.type.BasicTypeRegistry - Adding type registration binary -> org.hibernate.type.BasicTypeReference@7db2b614
2026-02-27 22:56:32 [main] DEBUG o.hibernate.type.BasicTypeRegistry - Adding type registration byte[] -> org.hibernate.type.BasicTypeReference@7db2b614
2026-02-27 22:56:32 [main] DEBUG o.hibernate.type.BasicTypeRegistry - Adding type registration [B -> org.hibernate.type.BasicTypeReference@7db2b614
2026-02-27 22:56:32 [main] DEBUG o.hibernate.type.BasicTypeRegistry - Adding type registration binary_wrapper -> org.hibernate.type.BasicTypeReference@34d5eac
2026-02-27 22:56:32 [main] DEBUG o.hibernate.type.BasicTypeRegistry - Adding type registration wrapper-binary -> org.hibernate.type.BasicTypeReference@34d5eac
2026-02-27 22:56:32 [main] DEBUG o.hibernate.type.BasicTypeRegistry - Adding type registration image -> org.hibernate.type.BasicTypeReference@2c1a95a2
2026-02-27 22:56:32 [main] DEBUG o.hibernate.type.BasicTypeRegistry - Adding type registration blob -> org.hibernate.type.BasicTypeReference@1adf387e
2026-02-27 22:56:32 [main] DEBUG o.hibernate.type.BasicTypeRegistry - Adding type registration java.sql.Blob -> org.hibernate.type.BasicTypeReference@1adf387e
2026-02-27 22:56:32 [main] DEBUG o.hibernate.type.BasicTypeRegistry - Adding type registration materialized_blob -> org.hibernate.type.BasicTypeReference@72b53f27
2026-02-27 22:56:32 [main] DEBUG o.hibernate.type.BasicTypeRegistry - Adding type registration materialized_blob_wrapper -> org.hibernate.type.BasicTypeReference@1be4a7e3
2026-02-27 22:56:32 [main] DEBUG o.hibernate.type.BasicTypeRegistry - Adding type registration short -> org.hibernate.type.BasicTypeReference@632b96b8
2026-02-27 22:56:32 [main] DEBUG o.hibernate.type.BasicTypeRegistry - Adding type registration short -> org.hibernate.type.BasicTypeReference@632b96b8
2026-02-27 22:56:32 [main] DEBUG o.hibernate.type.BasicTypeRegistry - Adding type registration java.lang.Short -> org.hibernate.type.BasicTypeReference@632b96b8
2026-02-27 22:56:32 [main] DEBUG o.hibernate.type.BasicTypeRegistry - Adding type registration integer -> org.hibernate.type.BasicTypeReference@544e6b
2026-02-27 22:56:32 [main] DEBUG o.hibernate.type.BasicTypeRegistry - Adding type registration int -> org.hibernate.type.BasicTypeReference@544e6b
2026-02-27 22:56:32 [main] DEBUG o.hibernate.type.BasicTypeRegistry - Adding type registration java.lang.Integer -> org.hibernate.type.BasicTypeReference@544e6b
2026-02-27 22:56:32 [main] DEBUG o.hibernate.type.BasicTypeRegistry - Adding type registration long -> org.hibernate.type.BasicTypeReference@5b430541
2026-02-27 22:56:32 [main] DEBUG o.hibernate.type.BasicTypeRegistry - Adding type registration long -> org.hibernate.type.BasicTypeReference@5b430541
2026-02-27 22:56:32 [main] DEBUG o.hibernate.type.BasicTypeRegistry - Adding type registration java.lang.Long -> org.hibernate.type.BasicTypeReference@5b430541
2026-02-27 22:56:32 [main] DEBUG o.hibernate.type.BasicTypeRegistry - Adding type registration float -> org.hibernate.type.BasicTypeReference@65a66a75
2026-02-27 22:56:32 [main] DEBUG o.hibernate.type.BasicTypeRegistry - Adding type registration float -> org.hibernate.type.BasicTypeReference@65a66a75
2026-02-27 22:56:32 [main] DEBUG o.hibernate.type.BasicTypeRegistry - Adding type registration java.lang.Float -> org.hibernate.type.BasicTypeReference@65a66a75
2026-02-27 22:56:32 [main] DEBUG o.hibernate.type.BasicTypeRegistry - Adding type registration double -> org.hibernate.type.BasicTypeReference@5a07ae2f
2026-02-27 22:56:32 [main] DEBUG o.hibernate.type.BasicTypeRegistry - Adding type registration double -> org.hibernate.type.BasicTypeReference@5a07ae2f
2026-02-27 22:56:32 [main] DEBUG o.hibernate.type.BasicTypeRegistry - Adding type registration java.lang.Double -> org.hibernate.type.BasicTypeReference@5a07ae2f
2026-02-27 22:56:32 [main] DEBUG o.hibernate.type.BasicTypeRegistry - Adding type registration big_integer -> org.hibernate.type.BasicTypeReference@78829412
2026-02-27 22:56:32 [main] DEBUG o.hibernate.type.BasicTypeRegistry - Adding type registration java.math.BigInteger -> org.hibernate.type.BasicTypeReference@78829412
2026-02-27 22:56:32 [main] DEBUG o.hibernate.type.BasicTypeRegistry - Adding type registration big_decimal -> org.hibernate.type.BasicTypeReference@3ba8ef4e
2026-02-27 22:56:32 [main] DEBUG o.hibernate.type.BasicTypeRegistry - Adding type registration java.math.BigDecimal -> org.hibernate.type.BasicTypeReference@3ba8ef4e
2026-02-27 22:56:32 [main] DEBUG o.hibernate.type.BasicTypeRegistry - Adding type registration character -> org.hibernate.type.BasicTypeReference@6d0bcf8c
2026-02-27 22:56:32 [main] DEBUG o.hibernate.type.BasicTypeRegistry - Adding type registration char -> org.hibernate.type.BasicTypeReference@6d0bcf8c
2026-02-27 22:56:32 [main] DEBUG o.hibernate.type.BasicTypeRegistry - Adding type registration java.lang.Character -> org.hibernate.type.BasicTypeReference@6d0bcf8c
2026-02-27 22:56:32 [main] DEBUG o.hibernate.type.BasicTypeRegistry - Adding type registration character_nchar -> org.hibernate.type.BasicTypeReference@a1a72d4
2026-02-27 22:56:32 [main] DEBUG o.hibernate.type.BasicTypeRegistry - Adding type registration string -> org.hibernate.type.BasicTypeReference@66d44581
2026-02-27 22:56:32 [main] DEBUG o.hibernate.type.BasicTypeRegistry - Adding type registration java.lang.String -> org.hibernate.type.BasicTypeReference@66d44581
2026-02-27 22:56:32 [main] DEBUG o.hibernate.type.BasicTypeRegistry - Adding type registration nstring -> org.hibernate.type.BasicTypeReference@1afa048a
2026-02-27 22:56:32 [main] DEBUG o.hibernate.type.BasicTypeRegistry - Adding type registration characters -> org.hibernate.type.BasicTypeReference@293ecff6
2026-02-27 22:56:32 [main] DEBUG o.hibernate.type.BasicTypeRegistry - Adding type registration char[] -> org.hibernate.type.BasicTypeReference@293ecff6
2026-02-27 22:56:32 [main] DEBUG o.hibernate.type.BasicTypeRegistry - Adding type registration [C -> org.hibernate.type.BasicTypeReference@293ecff6
2026-02-27 22:56:32 [main] DEBUG o.hibernate.type.BasicTypeRegistry - Adding type registration wrapper-characters -> org.hibernate.type.BasicTypeReference@70eb94d7
2026-02-27 22:56:32 [main] DEBUG o.hibernate.type.BasicTypeRegistry - Adding type registration text -> org.hibernate.type.BasicTypeReference@34d72f06
2026-02-27 22:56:32 [main] DEBUG o.hibernate.type.BasicTypeRegistry - Adding type registration ntext -> org.hibernate.type.BasicTypeReference@7e43b342
2026-02-27 22:56:32 [main] DEBUG o.hibernate.type.BasicTypeRegistry - Adding type registration clob -> org.hibernate.type.BasicTypeReference@21dd9203
2026-02-27 22:56:32 [main] DEBUG o.hibernate.type.BasicTypeRegistry - Adding type registration java.sql.Clob -> org.hibernate.type.BasicTypeReference@21dd9203
2026-02-27 22:56:32 [main] DEBUG o.hibernate.type.BasicTypeRegistry - Adding type registration nclob -> org.hibernate.type.BasicTypeReference@dbcf7c3
2026-02-27 22:56:32 [main] DEBUG o.hibernate.type.BasicTypeRegistry - Adding type registration java.sql.NClob -> org.hibernate.type.BasicTypeReference@dbcf7c3
2026-02-27 22:56:32 [main] DEBUG o.hibernate.type.BasicTypeRegistry - Adding type registration materialized_clob -> org.hibernate.type.BasicTypeReference@1e466d
2026-02-27 22:56:32 [main] DEBUG o.hibernate.type.BasicTypeRegistry - Adding type registration materialized_clob_char_array -> org.hibernate.type.BasicTypeReference@63243c8f
2026-02-27 22:56:32 [main] DEBUG o.hibernate.type.BasicTypeRegistry - Adding type registration materialized_clob_character_array -> org.hibernate.type.BasicTypeReference@2ea4e762
2026-02-27 22:56:32 [main] DEBUG o.hibernate.type.BasicTypeRegistry - Adding type registration materialized_nclob -> org.hibernate.type.BasicTypeReference@444c0f9a
2026-02-27 22:56:32 [main] DEBUG o.hibernate.type.BasicTypeRegistry - Adding type registration materialized_nclob_character_array -> org.hibernate.type.BasicTypeReference@36931450
2026-02-27 22:56:32 [main] DEBUG o.hibernate.type.BasicTypeRegistry - Adding type registration materialized_nclob_char_array -> org.hibernate.type.BasicTypeReference@74919649
2026-02-27 22:56:32 [main] DEBUG o.hibernate.type.BasicTypeRegistry - Adding type registration Duration -> org.hibernate.type.BasicTypeReference@7d07e04e
2026-02-27 22:56:32 [main] DEBUG o.hibernate.type.BasicTypeRegistry - Adding type registration java.time.Duration -> org.hibernate.type.BasicTypeReference@7d07e04e
2026-02-27 22:56:32 [main] DEBUG o.hibernate.type.BasicTypeRegistry - Adding type registration LocalDateTime -> org.hibernate.type.BasicTypeReference@599310ab
2026-02-27 22:56:32 [main] DEBUG o.hibernate.type.BasicTypeRegistry - Adding type registration java.time.LocalDateTime -> org.hibernate.type.BasicTypeReference@599310ab
2026-02-27 22:56:32 [main] DEBUG o.hibernate.type.BasicTypeRegistry - Adding type registration LocalDate -> org.hibernate.type.BasicTypeReference@770cbe5d
2026-02-27 22:56:32 [main] DEBUG o.hibernate.type.BasicTypeRegistry - Adding type registration java.time.LocalDate -> org.hibernate.type.BasicTypeReference@770cbe5d
2026-02-27 22:56:32 [main] DEBUG o.hibernate.type.BasicTypeRegistry - Adding type registration LocalTime -> org.hibernate.type.BasicTypeReference@f575d2b
2026-02-27 22:56:32 [main] DEBUG o.hibernate.type.BasicTypeRegistry - Adding type registration java.time.LocalTime -> org.hibernate.type.BasicTypeReference@f575d2b
2026-02-27 22:56:32 [main] DEBUG o.hibernate.type.BasicTypeRegistry - Adding type registration OffsetDateTime -> org.hibernate.type.BasicTypeReference@4d90d91f
2026-02-27 22:56:32 [main] DEBUG o.hibernate.type.BasicTypeRegistry - Adding type registration java.time.OffsetDateTime -> org.hibernate.type.BasicTypeReference@4d90d91f
2026-02-27 22:56:32 [main] DEBUG o.hibernate.type.BasicTypeRegistry - Adding type registration OffsetDateTimeWithTimezone -> org.hibernate.type.BasicTypeReference@c478e4e
2026-02-27 22:56:32 [main] DEBUG o.hibernate.type.BasicTypeRegistry - Adding type registration OffsetDateTimeWithoutTimezone -> org.hibernate.type.BasicTypeReference@1e2b37cd
2026-02-27 22:56:32 [main] DEBUG o.hibernate.type.BasicTypeRegistry - Adding type registration OffsetTime -> org.hibernate.type.BasicTypeReference@2ba08f26
2026-02-27 22:56:32 [main] DEBUG o.hibernate.type.BasicTypeRegistry - Adding type registration java.time.OffsetTime -> org.hibernate.type.BasicTypeReference@2ba08f26
2026-02-27 22:56:32 [main] DEBUG o.hibernate.type.BasicTypeRegistry - Adding type registration OffsetTimeUtc -> org.hibernate.type.BasicTypeReference@6033f36c
2026-02-27 22:56:32 [main] DEBUG o.hibernate.type.BasicTypeRegistry - Adding type registration OffsetTimeWithTimezone -> org.hibernate.type.BasicTypeReference@50b624da
2026-02-27 22:56:32 [main] DEBUG o.hibernate.type.BasicTypeRegistry - Adding type registration OffsetTimeWithoutTimezone -> org.hibernate.type.BasicTypeReference@1764e45e
2026-02-27 22:56:32 [main] DEBUG o.hibernate.type.BasicTypeRegistry - Adding type registration ZonedDateTime -> org.hibernate.type.BasicTypeReference@3892802b
2026-02-27 22:56:32 [main] DEBUG o.hibernate.type.BasicTypeRegistry - Adding type registration java.time.ZonedDateTime -> org.hibernate.type.BasicTypeReference@3892802b
2026-02-27 22:56:32 [main] DEBUG o.hibernate.type.BasicTypeRegistry - Adding type registration ZonedDateTimeWithTimezone -> org.hibernate.type.BasicTypeReference@4745bcc6
2026-02-27 22:56:32 [main] DEBUG o.hibernate.type.BasicTypeRegistry - Adding type registration ZonedDateTimeWithoutTimezone -> org.hibernate.type.BasicTypeReference@2634d000
2026-02-27 22:56:32 [main] DEBUG o.hibernate.type.BasicTypeRegistry - Adding type registration date -> org.hibernate.type.BasicTypeReference@1642968c
2026-02-27 22:56:32 [main] DEBUG o.hibernate.type.BasicTypeRegistry - Adding type registration java.sql.Date -> org.hibernate.type.BasicTypeReference@1642968c
2026-02-27 22:56:32 [main] DEBUG o.hibernate.type.BasicTypeRegistry - Adding type registration time -> org.hibernate.type.BasicTypeReference@3a7dcfb7
2026-02-27 22:56:32 [main] DEBUG o.hibernate.type.BasicTypeRegistry - Adding type registration java.sql.Time -> org.hibernate.type.BasicTypeReference@3a7dcfb7
2026-02-27 22:56:32 [main] DEBUG o.hibernate.type.BasicTypeRegistry - Adding type registration timestamp -> org.hibernate.type.BasicTypeReference@50b4e7b2
2026-02-27 22:56:32 [main] DEBUG o.hibernate.type.BasicTypeRegistry - Adding type registration java.sql.Timestamp -> org.hibernate.type.BasicTypeReference@50b4e7b2
2026-02-27 22:56:32 [main] DEBUG o.hibernate.type.BasicTypeRegistry - Adding type registration java.util.Date -> org.hibernate.type.BasicTypeReference@50b4e7b2
2026-02-27 22:56:32 [main] DEBUG o.hibernate.type.BasicTypeRegistry - Adding type registration calendar -> org.hibernate.type.BasicTypeReference@50008974
2026-02-27 22:56:32 [main] DEBUG o.hibernate.type.BasicTypeRegistry - Adding type registration java.util.Calendar -> org.hibernate.type.BasicTypeReference@50008974
2026-02-27 22:56:32 [main] DEBUG o.hibernate.type.BasicTypeRegistry - Adding type registration java.util.GregorianCalendar -> org.hibernate.type.BasicTypeReference@50008974
2026-02-27 22:56:32 [main] DEBUG o.hibernate.type.BasicTypeRegistry - Adding type registration calendar_date -> org.hibernate.type.BasicTypeReference@5274830e
2026-02-27 22:56:32 [main] DEBUG o.hibernate.type.BasicTypeRegistry - Adding type registration calendar_time -> org.hibernate.type.BasicTypeReference@6a0ee80
2026-02-27 22:56:32 [main] DEBUG o.hibernate.type.BasicTypeRegistry - Adding type registration instant -> org.hibernate.type.BasicTypeReference@71de1091
2026-02-27 22:56:32 [main] DEBUG o.hibernate.type.BasicTypeRegistry - Adding type registration java.time.Instant -> org.hibernate.type.BasicTypeReference@71de1091
2026-02-27 22:56:32 [main] DEBUG o.hibernate.type.BasicTypeRegistry - Adding type registration uuid -> org.hibernate.type.BasicTypeReference@25c16cf7
2026-02-27 22:56:32 [main] DEBUG o.hibernate.type.BasicTypeRegistry - Adding type registration java.util.UUID -> org.hibernate.type.BasicTypeReference@25c16cf7
2026-02-27 22:56:32 [main] DEBUG o.hibernate.type.BasicTypeRegistry - Adding type registration pg-uuid -> org.hibernate.type.BasicTypeReference@25c16cf7
2026-02-27 22:56:32 [main] DEBUG o.hibernate.type.BasicTypeRegistry - Adding type registration uuid-binary -> org.hibernate.type.BasicTypeReference@53dbe7b2
2026-02-27 22:56:32 [main] DEBUG o.hibernate.type.BasicTypeRegistry - Adding type registration uuid-char -> org.hibernate.type.BasicTypeReference@520ec7a7
2026-02-27 22:56:32 [main] DEBUG o.hibernate.type.BasicTypeRegistry - Adding type registration class -> org.hibernate.type.BasicTypeReference@53551fef
2026-02-27 22:56:32 [main] DEBUG o.hibernate.type.BasicTypeRegistry - Adding type registration java.lang.Class -> org.hibernate.type.BasicTypeReference@53551fef
2026-02-27 22:56:32 [main] DEBUG o.hibernate.type.BasicTypeRegistry - Adding type registration currency -> org.hibernate.type.BasicTypeReference@7d5d77a6
2026-02-27 22:56:32 [main] DEBUG o.hibernate.type.BasicTypeRegistry - Adding type registration Currency -> org.hibernate.type.BasicTypeReference@7d5d77a6
2026-02-27 22:56:32 [main] DEBUG o.hibernate.type.BasicTypeRegistry - Adding type registration java.util.Currency -> org.hibernate.type.BasicTypeReference@7d5d77a6
2026-02-27 22:56:32 [main] DEBUG o.hibernate.type.BasicTypeRegistry - Adding type registration locale -> org.hibernate.type.BasicTypeReference@71b7e9c8
2026-02-27 22:56:32 [main] DEBUG o.hibernate.type.BasicTypeRegistry - Adding type registration java.util.Locale -> org.hibernate.type.BasicTypeReference@71b7e9c8
2026-02-27 22:56:32 [main] DEBUG o.hibernate.type.BasicTypeRegistry - Adding type registration serializable -> org.hibernate.type.BasicTypeReference@55202ba6
2026-02-27 22:56:32 [main] DEBUG o.hibernate.type.BasicTypeRegistry - Adding type registration java.io.Serializable -> org.hibernate.type.BasicTypeReference@55202ba6
2026-02-27 22:56:32 [main] DEBUG o.hibernate.type.BasicTypeRegistry - Adding type registration timezone -> org.hibernate.type.BasicTypeReference@2ef1fc8a
2026-02-27 22:56:32 [main] DEBUG o.hibernate.type.BasicTypeRegistry - Adding type registration java.util.TimeZone -> org.hibernate.type.BasicTypeReference@2ef1fc8a
2026-02-27 22:56:32 [main] DEBUG o.hibernate.type.BasicTypeRegistry - Adding type registration ZoneOffset -> org.hibernate.type.BasicTypeReference@38874eb5
2026-02-27 22:56:32 [main] DEBUG o.hibernate.type.BasicTypeRegistry - Adding type registration java.time.ZoneOffset -> org.hibernate.type.BasicTypeReference@38874eb5
2026-02-27 22:56:32 [main] DEBUG o.hibernate.type.BasicTypeRegistry - Adding type registration url -> org.hibernate.type.BasicTypeReference@76b019c4
2026-02-27 22:56:32 [main] DEBUG o.hibernate.type.BasicTypeRegistry - Adding type registration java.net.URL -> org.hibernate.type.BasicTypeReference@76b019c4
2026-02-27 22:56:32 [main] DEBUG o.hibernate.type.BasicTypeRegistry - Adding type registration vector -> org.hibernate.type.BasicTypeReference@221961af
2026-02-27 22:56:32 [main] DEBUG o.hibernate.type.BasicTypeRegistry - Adding type registration float_vector -> org.hibernate.type.BasicTypeReference@32ddcca
2026-02-27 22:56:32 [main] DEBUG o.hibernate.type.BasicTypeRegistry - Adding type registration double_vector -> org.hibernate.type.BasicTypeReference@1ddc8fc
2026-02-27 22:56:32 [main] DEBUG o.hibernate.type.BasicTypeRegistry - Adding type registration byte_vector -> org.hibernate.type.BasicTypeReference@77d58f3a
2026-02-27 22:56:32 [main] DEBUG o.hibernate.type.BasicTypeRegistry - Adding type registration row_version -> org.hibernate.type.BasicTypeReference@1e288c76
2026-02-27 22:56:32 [main] DEBUG o.hibernate.type.BasicTypeRegistry - Adding type registration object -> org.hibernate.type.JavaObjectType@2245ccaa
2026-02-27 22:56:32 [main] DEBUG o.hibernate.type.BasicTypeRegistry - Adding type registration java.lang.Object -> org.hibernate.type.JavaObjectType@2245ccaa
2026-02-27 22:56:32 [main] DEBUG o.hibernate.type.BasicTypeRegistry - Adding type registration null -> org.hibernate.type.NullType@642614b7
2026-02-27 22:56:32 [main] DEBUG o.hibernate.type.BasicTypeRegistry - Adding type registration imm_date -> org.hibernate.type.BasicTypeReference@345540f9
2026-02-27 22:56:32 [main] DEBUG o.hibernate.type.BasicTypeRegistry - Adding type registration imm_time -> org.hibernate.type.BasicTypeReference@37344d31
2026-02-27 22:56:32 [main] DEBUG o.hibernate.type.BasicTypeRegistry - Adding type registration imm_timestamp -> org.hibernate.type.BasicTypeReference@44a98a23
2026-02-27 22:56:32 [main] DEBUG o.hibernate.type.BasicTypeRegistry - Adding type registration imm_calendar -> org.hibernate.type.BasicTypeReference@107ebdad
2026-02-27 22:56:32 [main] DEBUG o.hibernate.type.BasicTypeRegistry - Adding type registration imm_calendar_date -> org.hibernate.type.BasicTypeReference@e3275d3
2026-02-27 22:56:32 [main] DEBUG o.hibernate.type.BasicTypeRegistry - Adding type registration imm_calendar_time -> org.hibernate.type.BasicTypeReference@1bfafce1
2026-02-27 22:56:32 [main] DEBUG o.hibernate.type.BasicTypeRegistry - Adding type registration imm_binary -> org.hibernate.type.BasicTypeReference@138a952f
2026-02-27 22:56:32 [main] DEBUG o.hibernate.type.BasicTypeRegistry - Adding type registration imm_serializable -> org.hibernate.type.BasicTypeReference@767cc126
2026-02-27 22:56:32 [main] INFO  o.s.o.j.p.SpringPersistenceUnitInfo - No LoadTimeWeaver setup: ignoring JPA class transformer
2026-02-27 22:56:32 [main] INFO  com.zaxxer.hikari.HikariDataSource - HikariPool-1 - Starting...
2026-02-27 22:56:32 [main] INFO  com.zaxxer.hikari.pool.HikariPool - HikariPool-1 - Added connection org.postgresql.jdbc.PgConnection@502b9399
2026-02-27 22:56:32 [main] INFO  com.zaxxer.hikari.HikariDataSource - HikariPool-1 - Start completed.
2026-02-27 22:56:32 [main] INFO  o.hibernate.orm.connections.pooling - HHH10001005: Database info:
	Database JDBC URL [Connecting through datasource 'HikariDataSource (HikariPool-1)']
	Database driver: undefined/unknown
	Database version: 16.12
	Autocommit mode: undefined/unknown
	Isolation level: undefined/unknown
	Minimum pool size: undefined/unknown
	Maximum pool size: undefined/unknown
2026-02-27 22:56:32 [main] DEBUG o.h.t.d.sql.spi.DdlTypeRegistry - addDescriptor(2003, org.hibernate.type.descriptor.sql.internal.ArrayDdlTypeImpl@6c68f29c) replaced previous registration(org.hibernate.type.descriptor.sql.internal.ArrayDdlTypeImpl@3b3b2290)
2026-02-27 22:56:32 [main] DEBUG o.h.t.d.sql.spi.DdlTypeRegistry - addDescriptor(6, org.hibernate.type.descriptor.sql.internal.CapacityDependentDdlType@47d7e4b6) replaced previous registration(org.hibernate.type.descriptor.sql.internal.DdlTypeImpl@623ed5ed)
2026-02-27 22:56:32 [main] DEBUG o.h.t.d.jdbc.spi.JdbcTypeRegistry - addDescriptor(2004, BlobTypeDescriptor(BLOB_BINDING)) replaced previous registration(BlobTypeDescriptor(DEFAULT))
2026-02-27 22:56:32 [main] DEBUG o.h.t.d.jdbc.spi.JdbcTypeRegistry - addDescriptor(2005, ClobTypeDescriptor(CLOB_BINDING)) replaced previous registration(ClobTypeDescriptor(DEFAULT))
2026-02-27 22:56:32 [main] DEBUG o.hibernate.type.BasicTypeRegistry - Adding type registration JAVA_OBJECT -> org.hibernate.type.JavaObjectType@4f5df012
2026-02-27 22:56:32 [main] DEBUG o.hibernate.type.BasicTypeRegistry - Adding type registration java.lang.Object -> org.hibernate.type.JavaObjectType@4f5df012
2026-02-27 22:56:32 [main] DEBUG o.hibernate.type.BasicTypeRegistry - Type registration key [java.lang.Object] overrode previous entry : `org.hibernate.type.JavaObjectType@2245ccaa`
2026-02-27 22:56:32 [main] DEBUG o.hibernate.type.BasicTypeRegistry - Adding type registration org.hibernate.type.DurationType -> basicType@1(java.time.Duration,3015)
2026-02-27 22:56:32 [main] DEBUG o.hibernate.type.BasicTypeRegistry - Adding type registration Duration -> basicType@1(java.time.Duration,3015)
2026-02-27 22:56:32 [main] DEBUG o.hibernate.type.BasicTypeRegistry - Adding type registration java.time.Duration -> basicType@1(java.time.Duration,3015)
2026-02-27 22:56:32 [main] DEBUG o.hibernate.type.BasicTypeRegistry - Adding type registration org.hibernate.type.OffsetDateTimeType -> basicType@2(java.time.OffsetDateTime,3003)
2026-02-27 22:56:32 [main] DEBUG o.hibernate.type.BasicTypeRegistry - Adding type registration OffsetDateTime -> basicType@2(java.time.OffsetDateTime,3003)
2026-02-27 22:56:32 [main] DEBUG o.hibernate.type.BasicTypeRegistry - Adding type registration java.time.OffsetDateTime -> basicType@2(java.time.OffsetDateTime,3003)
2026-02-27 22:56:32 [main] DEBUG o.hibernate.type.BasicTypeRegistry - Adding type registration org.hibernate.type.ZonedDateTimeType -> basicType@3(java.time.ZonedDateTime,3003)
2026-02-27 22:56:32 [main] DEBUG o.hibernate.type.BasicTypeRegistry - Adding type registration ZonedDateTime -> basicType@3(java.time.ZonedDateTime,3003)
2026-02-27 22:56:32 [main] DEBUG o.hibernate.type.BasicTypeRegistry - Adding type registration java.time.ZonedDateTime -> basicType@3(java.time.ZonedDateTime,3003)
2026-02-27 22:56:32 [main] DEBUG o.hibernate.type.BasicTypeRegistry - Adding type registration org.hibernate.type.OffsetTimeType -> basicType@4(java.time.OffsetTime,3007)
2026-02-27 22:56:32 [main] DEBUG o.hibernate.type.BasicTypeRegistry - Adding type registration OffsetTime -> basicType@4(java.time.OffsetTime,3007)
2026-02-27 22:56:32 [main] DEBUG o.hibernate.type.BasicTypeRegistry - Adding type registration java.time.OffsetTime -> basicType@4(java.time.OffsetTime,3007)
2026-02-27 22:56:32 [main] DEBUG o.h.type.spi.TypeConfiguration$Scope - Scoping TypeConfiguration [org.hibernate.type.spi.TypeConfiguration@751b901a] to MetadataBuildingContext [org.hibernate.boot.internal.MetadataBuildingContextRootImpl@6672b0ea]
2026-02-27 22:56:33 [main] INFO  o.h.e.t.j.p.i.JtaPlatformInitiator - HHH000489: No JTA platform available (set 'hibernate.transaction.jta.platform' to enable JTA platform integration)
2026-02-27 22:56:33 [main] DEBUG o.h.type.spi.TypeConfiguration$Scope - Scoping TypeConfiguration [org.hibernate.type.spi.TypeConfiguration@751b901a] to SessionFactoryImplementor [org.hibernate.internal.SessionFactoryImpl@2140de63]
2026-02-27 22:56:33 [main] TRACE o.h.type.spi.TypeConfiguration$Scope - Handling #sessionFactoryCreated from [org.hibernate.internal.SessionFactoryImpl@2140de63] for TypeConfiguration
2026-02-27 22:56:33 [main] INFO  o.s.o.j.LocalContainerEntityManagerFactoryBean - Initialized JPA EntityManagerFactory for persistence unit 'default'
2026-02-27 22:56:33 [main] WARN  o.s.b.a.o.j.JpaBaseConfiguration$JpaWebConfiguration - spring.jpa.open-in-view is enabled by default. Therefore, database queries may be performed during view rendering. Explicitly configure spring.jpa.open-in-view to disable this warning
2026-02-27 22:56:33 [main] WARN  o.s.b.a.s.s.UserDetailsServiceAutoConfiguration - 

Using generated security password: de0ea736-3f66-4014-950f-7ccbc25855ca

This generated password is for development use only. Your security configuration must be updated before running your application in production.

2026-02-27 22:56:34 [main] INFO  o.s.s.c.a.a.c.InitializeUserDetailsBeanManagerConfigurer$InitializeUserDetailsManagerConfigurer - Global AuthenticationManager configured with UserDetailsService bean with name inMemoryUserDetailsManager
2026-02-27 22:56:34 [main] INFO  o.s.b.a.e.web.EndpointLinksResolver - Exposing 4 endpoints beneath base path '/actuator'
2026-02-27 22:56:36 [main] INFO  o.s.cloud.commons.util.InetUtils - Cannot determine local hostname
2026-02-27 22:56:36 [main] INFO  o.s.b.w.e.tomcat.TomcatWebServer - Tomcat started on port 8083 (http) with context path '/'
2026-02-27 22:56:37 [main] INFO  o.s.cloud.commons.util.InetUtils - Cannot determine local hostname
2026-02-27 22:56:37 [main] INFO  c.u.l.payment.PaymentApplication - Started PaymentApplication in 8.101 seconds (process running for 8.417)
2026-02-27 22:56:44 [http-nio-8083-exec-1] INFO  o.a.c.c.C.[Tomcat].[localhost].[/] - Initializing Spring DispatcherServlet 'dispatcherServlet'
2026-02-27 22:56:44 [http-nio-8083-exec-1] INFO  o.s.web.servlet.DispatcherServlet - Initializing Servlet 'dispatcherServlet'
2026-02-27 22:56:44 [http-nio-8083-exec-1] INFO  o.s.web.servlet.DispatcherServlet - Completed initialization in 1 ms
2026-02-27 22:56:44 [http-nio-8083-exec-3] DEBUG c.u.l.p.c.j.JwtAuthenticationFilter - JWT 인증 완료 — memberId: 9e9447a9-3e25-4fcb-b374-8eb5a849bf87
2026-02-27 22:56:44 [http-nio-8083-exec-3] DEBUG org.hibernate.SQL - 
    /* <criteria> */ select
        se1_0.id,
        se1_0.cancel_reason,
        se1_0.cancel_reason_detail,
        se1_0.cancelled_at,
        se1_0.created_at,
        se1_0.current_period_ends_at,
        se1_0.member_id,
        se1_0.next_billing_at,
        se1_0.plan_id,
        se1_0.started_at,
        se1_0.status,
        se1_0.subscription_id,
        se1_0.trial_extension_used,
        se1_0.updated_at 
    from
        lunchpick_payment.subscription se1_0 
    where
        se1_0.member_id=? 
        and se1_0.status=?
2026-02-27 22:56:44 [http-nio-8083-exec-3] DEBUG c.u.l.p.s.i.SubscriptionServiceImpl - 구독 플랜 조회 완료 — memberId: 9e9447a9-3e25-4fcb-b374-8eb5a849bf87, currentPlan: FREE
2026-02-27 22:57:08 [http-nio-8083-exec-4] DEBUG c.u.l.p.c.j.JwtAuthenticationFilter - JWT 인증 완료 — memberId: 9e9447a9-3e25-4fcb-b374-8eb5a849bf87
2026-02-27 22:57:08 [http-nio-8083-exec-4] DEBUG c.u.l.p.s.i.SubscriptionServiceImpl - 구독 플랜 캐시 히트
2026-02-27 22:57:34 [http-nio-8083-exec-6] DEBUG c.u.l.p.c.j.JwtAuthenticationFilter - JWT 인증 완료 — memberId: 9e9447a9-3e25-4fcb-b374-8eb5a849bf87
2026-02-27 22:57:34 [http-nio-8083-exec-6] DEBUG org.hibernate.SQL - 
    /* <criteria> */ select
        se1_0.id 
    from
        lunchpick_payment.subscription se1_0 
    where
        se1_0.member_id=? 
        and se1_0.status=? 
    fetch
        first ? rows only
2026-02-27 22:57:34 [http-nio-8083-exec-6] INFO  c.u.l.p.s.i.SubscriptionServiceImpl - PG 결제 요청 — memberId: 9e9447a9-3e25-4fcb-b374-8eb5a849bf87, planId: PREMIUM_MONTHLY, amount: 4900, orderId: 1a65d25e-fe4e-4c9b-873b-8c1eca3b2d52
2026-02-27 22:57:34 [http-nio-8083-exec-6] INFO  c.u.l.payment.pg.MockPgGateway - Mock PG: 결제 승인 완료 — orderId: 1a65d25e-fe4e-4c9b-873b-8c1eca3b2d52, amount: 4900, pgTransactionId: pg-txn-7b607bc2
2026-02-27 22:57:34 [http-nio-8083-exec-6] DEBUG org.hibernate.SQL - 
    /* insert for
        com.unicorn.lunchpick.payment.repository.entity.PaymentHistoryEntity */insert 
    into
        lunchpick_payment.payment_history (amount, approved_at, auto_renewal_agreed, created_at, error_code, member_id, payment_id, pg_transaction_id, plan_id, requested_at, status, subscription_id, withdrawal_deadline, withdrawal_right_acknowledged) 
    values
        (?, ?, ?, ?, ?, ?, ?, ?, ?, ?, ?, ?, ?, ?)
2026-02-27 22:57:34 [http-nio-8083-exec-6] DEBUG org.hibernate.SQL - 
    /* insert for
        com.unicorn.lunchpick.payment.repository.entity.SubscriptionEntity */insert 
    into
        lunchpick_payment.subscription (cancel_reason, cancel_reason_detail, cancelled_at, created_at, current_period_ends_at, member_id, next_billing_at, plan_id, started_at, status, subscription_id, trial_extension_used, updated_at) 
    values
        (?, ?, ?, ?, ?, ?, ?, ?, ?, ?, ?, ?, ?)
2026-02-27 22:57:34 [http-nio-8083-exec-6] INFO  c.u.l.p.m.SubscriptionEventPublisher - 구독 이벤트 발행 완료 — eventType: SUBSCRIPTION_ACTIVATED, memberId: 9e9447a9-3e25-4fcb-b374-8eb5a849bf87
2026-02-27 22:57:34 [http-nio-8083-exec-6] INFO  c.u.l.p.s.i.SubscriptionServiceImpl - 구독 결제 완료 — memberId: 9e9447a9-3e25-4fcb-b374-8eb5a849bf87, subscriptionId: 840c1e6c-4a94-49cb-bdba-22eb4cd5b401, planId: PREMIUM_MONTHLY
2026-02-27 22:57:34 [http-nio-8083-exec-8] DEBUG c.u.l.p.c.j.JwtAuthenticationFilter - JWT 인증 완료 — memberId: 9e9447a9-3e25-4fcb-b374-8eb5a849bf87
2026-02-27 22:57:34 [http-nio-8083-exec-8] DEBUG org.hibernate.SQL - 
    /* <criteria> */ select
        se1_0.id,
        se1_0.cancel_reason,
        se1_0.cancel_reason_detail,
        se1_0.cancelled_at,
        se1_0.created_at,
        se1_0.current_period_ends_at,
        se1_0.member_id,
        se1_0.next_billing_at,
        se1_0.plan_id,
        se1_0.started_at,
        se1_0.status,
        se1_0.subscription_id,
        se1_0.trial_extension_used,
        se1_0.updated_at 
    from
        lunchpick_payment.subscription se1_0 
    where
        se1_0.member_id=? 
        and se1_0.status=?
2026-02-27 22:57:34 [http-nio-8083-exec-8] DEBUG c.u.l.p.s.i.SubscriptionServiceImpl - 구독 플랜 조회 완료 — memberId: 9e9447a9-3e25-4fcb-b374-8eb5a849bf87, currentPlan: PREMIUM_MONTHLY
2026-02-27 23:40:14 [http-nio-8083-exec-3] DEBUG c.u.l.p.c.j.JwtAuthenticationFilter - JWT 인증 완료 — memberId: 9e9447a9-3e25-4fcb-b374-8eb5a849bf87
2026-02-27 23:40:14 [http-nio-8083-exec-3] DEBUG c.u.l.p.s.i.SubscriptionServiceImpl - 구독 플랜 캐시 히트
2026-02-27 23:40:24 [http-nio-8083-exec-4] DEBUG c.u.l.p.c.j.JwtAuthenticationFilter - JWT 인증 완료 — memberId: 9e9447a9-3e25-4fcb-b374-8eb5a849bf87
2026-02-27 23:40:24 [http-nio-8083-exec-4] DEBUG org.hibernate.SQL - 
    /* <criteria> */ select
        se1_0.id,
        se1_0.cancel_reason,
        se1_0.cancel_reason_detail,
        se1_0.cancelled_at,
        se1_0.created_at,
        se1_0.current_period_ends_at,
        se1_0.member_id,
        se1_0.next_billing_at,
        se1_0.plan_id,
        se1_0.started_at,
        se1_0.status,
        se1_0.subscription_id,
        se1_0.trial_extension_used,
        se1_0.updated_at 
    from
        lunchpick_payment.subscription se1_0 
    where
        se1_0.member_id=? 
        and se1_0.status=?
2026-02-27 23:40:24 [http-nio-8083-exec-4] INFO  c.u.l.p.m.SubscriptionEventPublisher - 구독 이벤트 발행 완료 — eventType: SUBSCRIPTION_TRIAL_EXTENDED, memberId: 9e9447a9-3e25-4fcb-b374-8eb5a849bf87
2026-02-27 23:40:24 [http-nio-8083-exec-4] INFO  c.u.l.p.s.i.SubscriptionServiceImpl - 7일 무료 연장 완료 — memberId: 9e9447a9-3e25-4fcb-b374-8eb5a849bf87, newExpiresAt: 2026-04-03T22:57:34.665992
2026-02-27 23:40:24 [http-nio-8083-exec-4] DEBUG org.hibernate.SQL - 
    /* update
        for com.unicorn.lunchpick.payment.repository.entity.SubscriptionEntity */update lunchpick_payment.subscription 
    set
        cancel_reason=?,
        cancel_reason_detail=?,
        cancelled_at=?,
        current_period_ends_at=?,
        member_id=?,
        next_billing_at=?,
        plan_id=?,
        started_at=?,
        status=?,
        subscription_id=?,
        trial_extension_used=?,
        updated_at=? 
    where
        id=?
2026-02-27 23:40:24 [http-nio-8083-exec-6] DEBUG c.u.l.p.c.j.JwtAuthenticationFilter - JWT 인증 완료 — memberId: 9e9447a9-3e25-4fcb-b374-8eb5a849bf87
2026-02-27 23:40:24 [http-nio-8083-exec-6] DEBUG c.u.l.p.s.i.SubscriptionServiceImpl - 구독 플랜 캐시 히트
2026-02-27 23:40:29 [http-nio-8083-exec-8] DEBUG c.u.l.p.c.j.JwtAuthenticationFilter - JWT 인증 완료 — memberId: 9e9447a9-3e25-4fcb-b374-8eb5a849bf87
2026-02-27 23:40:29 [http-nio-8083-exec-8] DEBUG org.hibernate.SQL - 
    /* <criteria> */ select
        se1_0.id,
        se1_0.cancel_reason,
        se1_0.cancel_reason_detail,
        se1_0.cancelled_at,
        se1_0.created_at,
        se1_0.current_period_ends_at,
        se1_0.member_id,
        se1_0.next_billing_at,
        se1_0.plan_id,
        se1_0.started_at,
        se1_0.status,
        se1_0.subscription_id,
        se1_0.trial_extension_used,
        se1_0.updated_at 
    from
        lunchpick_payment.subscription se1_0 
    where
        se1_0.subscription_id=? 
        and se1_0.member_id=?
2026-02-27 23:40:29 [http-nio-8083-exec-8] WARN  c.u.l.p.e.GlobalExceptionHandler - 비즈니스 예외 발생 — errorCode: SUBSCRIPTION_NOT_FOUND, message: 활성 구독 정보를 찾을 수 없습니다.
2026-02-27 23:45:56 [http-nio-8083-exec-10] DEBUG c.u.l.p.c.j.JwtAuthenticationFilter - JWT 인증 완료 — memberId: 9e9447a9-3e25-4fcb-b374-8eb5a849bf87
2026-02-27 23:45:56 [http-nio-8083-exec-10] DEBUG c.u.l.p.s.i.SubscriptionServiceImpl - 구독 플랜 캐시 히트
2026-02-27 23:46:14 [http-nio-8083-exec-5] DEBUG c.u.l.p.c.j.JwtAuthenticationFilter - JWT 인증 완료 — memberId: 9e9447a9-3e25-4fcb-b374-8eb5a849bf87
2026-02-27 23:46:14 [http-nio-8083-exec-5] DEBUG org.hibernate.SQL - 
    /* <criteria> */ select
        se1_0.id,
        se1_0.cancel_reason,
        se1_0.cancel_reason_detail,
        se1_0.cancelled_at,
        se1_0.created_at,
        se1_0.current_period_ends_at,
        se1_0.member_id,
        se1_0.next_billing_at,
        se1_0.plan_id,
        se1_0.started_at,
        se1_0.status,
        se1_0.subscription_id,
        se1_0.trial_extension_used,
        se1_0.updated_at 
    from
        lunchpick_payment.subscription se1_0 
    where
        se1_0.subscription_id=? 
        and se1_0.member_id=?
2026-02-27 23:46:14 [http-nio-8083-exec-5] WARN  c.u.l.p.e.GlobalExceptionHandler - 비즈니스 예외 발생 — errorCode: SUBSCRIPTION_NOT_FOUND, message: 활성 구독 정보를 찾을 수 없습니다.
2026-02-27 23:50:05 [http-nio-8083-exec-8] DEBUG c.u.l.p.c.j.JwtAuthenticationFilter - JWT 인증 완료 — memberId: 9e9447a9-3e25-4fcb-b374-8eb5a849bf87
2026-02-27 23:50:06 [http-nio-8083-exec-8] ERROR c.u.l.p.e.GlobalExceptionHandler - 예기치 않은 오류 발생
org.springframework.web.HttpRequestMethodNotSupportedException: Request method 'GET' is not supported
	at org.springframework.web.servlet.mvc.method.RequestMappingInfoHandlerMapping.handleNoMatch(RequestMappingInfoHandlerMapping.java:267)
	at org.springframework.web.servlet.handler.AbstractHandlerMethodMapping.lookupHandlerMethod(AbstractHandlerMethodMapping.java:441)
	at org.springframework.web.servlet.handler.AbstractHandlerMethodMapping.getHandlerInternal(AbstractHandlerMethodMapping.java:382)
	at org.springframework.web.servlet.mvc.method.RequestMappingInfoHandlerMapping.getHandlerInternal(RequestMappingInfoHandlerMapping.java:127)
	at org.springframework.web.servlet.mvc.method.RequestMappingInfoHandlerMapping.getHandlerInternal(RequestMappingInfoHandlerMapping.java:68)
	at org.springframework.web.servlet.handler.AbstractHandlerMapping.getHandler(AbstractHandlerMapping.java:509)
	at org.springframework.web.servlet.DispatcherServlet.getHandler(DispatcherServlet.java:1283)
	at org.springframework.web.servlet.DispatcherServlet.doDispatch(DispatcherServlet.java:1064)
	at org.springframework.web.servlet.DispatcherServlet.doService(DispatcherServlet.java:978)
	at org.springframework.web.servlet.FrameworkServlet.processRequest(FrameworkServlet.java:1014)
	at org.springframework.web.servlet.FrameworkServlet.doGet(FrameworkServlet.java:903)
	at jakarta.servlet.http.HttpServlet.service(HttpServlet.java:564)
	at org.springframework.web.servlet.FrameworkServlet.service(FrameworkServlet.java:885)
	at jakarta.servlet.http.HttpServlet.service(HttpServlet.java:658)
	at org.apache.catalina.core.ApplicationFilterChain.internalDoFilter(ApplicationFilterChain.java:195)
	at org.apache.catalina.core.ApplicationFilterChain.doFilter(ApplicationFilterChain.java:140)
	at org.apache.tomcat.websocket.server.WsFilter.doFilter(WsFilter.java:51)
	at org.apache.catalina.core.ApplicationFilterChain.internalDoFilter(ApplicationFilterChain.java:164)
	at org.apache.catalina.core.ApplicationFilterChain.doFilter(ApplicationFilterChain.java:140)
	at org.springframework.web.filter.OncePerRequestFilter.doFilter(OncePerRequestFilter.java:110)
	at org.apache.catalina.core.ApplicationFilterChain.internalDoFilter(ApplicationFilterChain.java:164)
	at org.apache.catalina.core.ApplicationFilterChain.doFilter(ApplicationFilterChain.java:140)
	at org.springframework.web.filter.CompositeFilter$VirtualFilterChain.doFilter(CompositeFilter.java:108)
	at org.springframework.security.web.FilterChainProxy.lambda$doFilterInternal$3(FilterChainProxy.java:231)
	at org.springframework.security.web.ObservationFilterChainDecorator$FilterObservation$SimpleFilterObservation.lambda$wrap$1(ObservationFilterChainDecorator.java:479)
	at org.springframework.security.web.ObservationFilterChainDecorator$AroundFilterObservation$SimpleAroundFilterObservation.lambda$wrap$1(ObservationFilterChainDecorator.java:340)
	at org.springframework.security.web.ObservationFilterChainDecorator.lambda$wrapSecured$0(ObservationFilterChainDecorator.java:82)
	at org.springframework.security.web.ObservationFilterChainDecorator$VirtualFilterChain.doFilter(ObservationFilterChainDecorator.java:128)
	at org.springframework.security.web.access.intercept.AuthorizationFilter.doFilter(AuthorizationFilter.java:101)
	at org.springframework.security.web.ObservationFilterChainDecorator$ObservationFilter.wrapFilter(ObservationFilterChainDecorator.java:240)
	at org.springframework.security.web.ObservationFilterChainDecorator$ObservationFilter.doFilter(ObservationFilterChainDecorator.java:227)
	at org.springframework.security.web.ObservationFilterChainDecorator$VirtualFilterChain.doFilter(ObservationFilterChainDecorator.java:137)
	at org.springframework.security.web.access.ExceptionTranslationFilter.doFilter(ExceptionTranslationFilter.java:126)
	at org.springframework.security.web.access.ExceptionTranslationFilter.doFilter(ExceptionTranslationFilter.java:120)
	at org.springframework.security.web.ObservationFilterChainDecorator$ObservationFilter.wrapFilter(ObservationFilterChainDecorator.java:240)
	at org.springframework.security.web.ObservationFilterChainDecorator$ObservationFilter.doFilter(ObservationFilterChainDecorator.java:227)
	at org.springframework.security.web.ObservationFilterChainDecorator$VirtualFilterChain.doFilter(ObservationFilterChainDecorator.java:137)
	at org.springframework.security.web.session.SessionManagementFilter.doFilter(SessionManagementFilter.java:131)
	at org.springframework.security.web.session.SessionManagementFilter.doFilter(SessionManagementFilter.java:85)
	at org.springframework.security.web.ObservationFilterChainDecorator$ObservationFilter.wrapFilter(ObservationFilterChainDecorator.java:240)
	at org.springframework.security.web.ObservationFilterChainDecorator$ObservationFilter.doFilter(ObservationFilterChainDecorator.java:227)
	at org.springframework.security.web.ObservationFilterChainDecorator$VirtualFilterChain.doFilter(ObservationFilterChainDecorator.java:137)
	at org.springframework.security.web.authentication.AnonymousAuthenticationFilter.doFilter(AnonymousAuthenticationFilter.java:100)
	at org.springframework.security.web.ObservationFilterChainDecorator$ObservationFilter.wrapFilter(ObservationFilterChainDecorator.java:240)
	at org.springframework.security.web.ObservationFilterChainDecorator$ObservationFilter.doFilter(ObservationFilterChainDecorator.java:227)
	at org.springframework.security.web.ObservationFilterChainDecorator$VirtualFilterChain.doFilter(ObservationFilterChainDecorator.java:137)
	at org.springframework.security.web.servletapi.SecurityContextHolderAwareRequestFilter.doFilter(SecurityContextHolderAwareRequestFilter.java:179)
	at org.springframework.security.web.ObservationFilterChainDecorator$ObservationFilter.wrapFilter(ObservationFilterChainDecorator.java:240)
	at org.springframework.security.web.ObservationFilterChainDecorator$ObservationFilter.doFilter(ObservationFilterChainDecorator.java:227)
	at org.springframework.security.web.ObservationFilterChainDecorator$VirtualFilterChain.doFilter(ObservationFilterChainDecorator.java:137)
	at org.springframework.security.web.savedrequest.RequestCacheAwareFilter.doFilter(RequestCacheAwareFilter.java:63)
	at org.springframework.security.web.ObservationFilterChainDecorator$ObservationFilter.wrapFilter(ObservationFilterChainDecorator.java:240)
	at org.springframework.security.web.ObservationFilterChainDecorator$ObservationFilter.doFilter(ObservationFilterChainDecorator.java:227)
	at org.springframework.security.web.ObservationFilterChainDecorator$VirtualFilterChain.doFilter(ObservationFilterChainDecorator.java:137)
	at com.unicorn.lunchpick.payment.config.jwt.JwtAuthenticationFilter.doFilterInternal(JwtAuthenticationFilter.java:66)
	at org.springframework.web.filter.OncePerRequestFilter.doFilter(OncePerRequestFilter.java:116)
	at org.springframework.security.web.ObservationFilterChainDecorator$ObservationFilter.wrapFilter(ObservationFilterChainDecorator.java:240)
	at org.springframework.security.web.ObservationFilterChainDecorator$ObservationFilter.doFilter(ObservationFilterChainDecorator.java:227)
	at org.springframework.security.web.ObservationFilterChainDecorator$VirtualFilterChain.doFilter(ObservationFilterChainDecorator.java:137)
	at org.springframework.security.web.authentication.logout.LogoutFilter.doFilter(LogoutFilter.java:107)
	at org.springframework.security.web.authentication.logout.LogoutFilter.doFilter(LogoutFilter.java:93)
	at org.springframework.security.web.ObservationFilterChainDecorator$ObservationFilter.wrapFilter(ObservationFilterChainDecorator.java:240)
	at org.springframework.security.web.ObservationFilterChainDecorator$ObservationFilter.doFilter(ObservationFilterChainDecorator.java:227)
	at org.springframework.security.web.ObservationFilterChainDecorator$VirtualFilterChain.doFilter(ObservationFilterChainDecorator.java:137)
	at org.springframework.web.filter.CorsFilter.doFilterInternal(CorsFilter.java:91)
	at org.springframework.web.filter.OncePerRequestFilter.doFilter(OncePerRequestFilter.java:116)
	at org.springframework.security.web.ObservationFilterChainDecorator$ObservationFilter.wrapFilter(ObservationFilterChainDecorator.java:240)
	at org.springframework.security.web.ObservationFilterChainDecorator$ObservationFilter.doFilter(ObservationFilterChainDecorator.java:227)
	at org.springframework.security.web.ObservationFilterChainDecorator$VirtualFilterChain.doFilter(ObservationFilterChainDecorator.java:137)
	at org.springframework.security.web.header.HeaderWriterFilter.doHeadersAfter(HeaderWriterFilter.java:90)
	at org.springframework.security.web.header.HeaderWriterFilter.doFilterInternal(HeaderWriterFilter.java:75)
	at org.springframework.web.filter.OncePerRequestFilter.doFilter(OncePerRequestFilter.java:116)
	at org.springframework.security.web.ObservationFilterChainDecorator$ObservationFilter.wrapFilter(ObservationFilterChainDecorator.java:240)
	at org.springframework.security.web.ObservationFilterChainDecorator$ObservationFilter.doFilter(ObservationFilterChainDecorator.java:227)
	at org.springframework.security.web.ObservationFilterChainDecorator$VirtualFilterChain.doFilter(ObservationFilterChainDecorator.java:137)
	at org.springframework.security.web.context.SecurityContextHolderFilter.doFilter(SecurityContextHolderFilter.java:82)
	at org.springframework.security.web.context.SecurityContextHolderFilter.doFilter(SecurityContextHolderFilter.java:69)
	at org.springframework.security.web.ObservationFilterChainDecorator$ObservationFilter.wrapFilter(ObservationFilterChainDecorator.java:240)
	at org.springframework.security.web.ObservationFilterChainDecorator$ObservationFilter.doFilter(ObservationFilterChainDecorator.java:227)
	at org.springframework.security.web.ObservationFilterChainDecorator$VirtualFilterChain.doFilter(ObservationFilterChainDecorator.java:137)
	at org.springframework.security.web.context.request.async.WebAsyncManagerIntegrationFilter.doFilterInternal(WebAsyncManagerIntegrationFilter.java:62)
	at org.springframework.web.filter.OncePerRequestFilter.doFilter(OncePerRequestFilter.java:116)
	at org.springframework.security.web.ObservationFilterChainDecorator$ObservationFilter.wrapFilter(ObservationFilterChainDecorator.java:240)
	at org.springframework.security.web.ObservationFilterChainDecorator$ObservationFilter.doFilter(ObservationFilterChainDecorator.java:227)
	at org.springframework.security.web.ObservationFilterChainDecorator$VirtualFilterChain.doFilter(ObservationFilterChainDecorator.java:137)
	at org.springframework.security.web.session.DisableEncodeUrlFilter.doFilterInternal(DisableEncodeUrlFilter.java:42)
	at org.springframework.web.filter.OncePerRequestFilter.doFilter(OncePerRequestFilter.java:116)
	at org.springframework.security.web.ObservationFilterChainDecorator$ObservationFilter.wrapFilter(ObservationFilterChainDecorator.java:240)
	at org.springframework.security.web.ObservationFilterChainDecorator$AroundFilterObservation$SimpleAroundFilterObservation.lambda$wrap$0(ObservationFilterChainDecorator.java:323)
	at org.springframework.security.web.ObservationFilterChainDecorator$ObservationFilter.doFilter(ObservationFilterChainDecorator.java:224)
	at org.springframework.security.web.ObservationFilterChainDecorator$VirtualFilterChain.doFilter(ObservationFilterChainDecorator.java:137)
	at org.springframework.security.web.FilterChainProxy.doFilterInternal(FilterChainProxy.java:233)
	at org.springframework.security.web.FilterChainProxy.doFilter(FilterChainProxy.java:191)
	at org.springframework.web.filter.CompositeFilter$VirtualFilterChain.doFilter(CompositeFilter.java:113)
	at org.springframework.web.servlet.handler.HandlerMappingIntrospector.lambda$createCacheFilter$3(HandlerMappingIntrospector.java:243)
	at org.springframework.web.filter.CompositeFilter$VirtualFilterChain.doFilter(CompositeFilter.java:113)
	at org.springframework.web.filter.CompositeFilter.doFilter(CompositeFilter.java:74)
	at org.springframework.security.config.annotation.web.configuration.WebMvcSecurityConfiguration$CompositeFilterChainProxy.doFilter(WebMvcSecurityConfiguration.java:238)
	at org.springframework.web.filter.DelegatingFilterProxy.invokeDelegate(DelegatingFilterProxy.java:362)
	at org.springframework.web.filter.DelegatingFilterProxy.doFilter(DelegatingFilterProxy.java:278)
	at org.apache.catalina.core.ApplicationFilterChain.internalDoFilter(ApplicationFilterChain.java:164)
	at org.apache.catalina.core.ApplicationFilterChain.doFilter(ApplicationFilterChain.java:140)
	at org.springframework.web.filter.RequestContextFilter.doFilterInternal(RequestContextFilter.java:100)
	at org.springframework.web.filter.OncePerRequestFilter.doFilter(OncePerRequestFilter.java:116)
	at org.apache.catalina.core.ApplicationFilterChain.internalDoFilter(ApplicationFilterChain.java:164)
	at org.apache.catalina.core.ApplicationFilterChain.doFilter(ApplicationFilterChain.java:140)
	at org.springframework.web.filter.FormContentFilter.doFilterInternal(FormContentFilter.java:93)
	at org.springframework.web.filter.OncePerRequestFilter.doFilter(OncePerRequestFilter.java:116)
	at org.apache.catalina.core.ApplicationFilterChain.internalDoFilter(ApplicationFilterChain.java:164)
	at org.apache.catalina.core.ApplicationFilterChain.doFilter(ApplicationFilterChain.java:140)
	at org.springframework.web.filter.ServerHttpObservationFilter.doFilterInternal(ServerHttpObservationFilter.java:114)
	at org.springframework.web.filter.OncePerRequestFilter.doFilter(OncePerRequestFilter.java:116)
	at org.apache.catalina.core.ApplicationFilterChain.internalDoFilter(ApplicationFilterChain.java:164)
	at org.apache.catalina.core.ApplicationFilterChain.doFilter(ApplicationFilterChain.java:140)
	at org.springframework.web.filter.CharacterEncodingFilter.doFilterInternal(CharacterEncodingFilter.java:201)
	at org.springframework.web.filter.OncePerRequestFilter.doFilter(OncePerRequestFilter.java:116)
	at org.apache.catalina.core.ApplicationFilterChain.internalDoFilter(ApplicationFilterChain.java:164)
	at org.apache.catalina.core.ApplicationFilterChain.doFilter(ApplicationFilterChain.java:140)
	at org.apache.catalina.core.StandardWrapperValve.invoke(StandardWrapperValve.java:167)
	at org.apache.catalina.core.StandardContextValve.invoke(StandardContextValve.java:90)
	at org.apache.catalina.authenticator.AuthenticatorBase.invoke(AuthenticatorBase.java:483)
	at org.apache.catalina.core.StandardHostValve.invoke(StandardHostValve.java:115)
	at org.apache.catalina.valves.ErrorReportValve.invoke(ErrorReportValve.java:93)
	at org.apache.catalina.core.StandardEngineValve.invoke(StandardEngineValve.java:74)
	at org.apache.catalina.connector.CoyoteAdapter.service(CoyoteAdapter.java:344)
	at org.apache.coyote.http11.Http11Processor.service(Http11Processor.java:397)
	at org.apache.coyote.AbstractProcessorLight.process(AbstractProcessorLight.java:63)
	at org.apache.coyote.AbstractProtocol$ConnectionHandler.process(AbstractProtocol.java:905)
	at org.apache.tomcat.util.net.NioEndpoint$SocketProcessor.doRun(NioEndpoint.java:1741)
	at org.apache.tomcat.util.net.SocketProcessorBase.run(SocketProcessorBase.java:52)
	at org.apache.tomcat.util.threads.ThreadPoolExecutor.runWorker(ThreadPoolExecutor.java:1190)
	at org.apache.tomcat.util.threads.ThreadPoolExecutor$Worker.run(ThreadPoolExecutor.java:659)
	at org.apache.tomcat.util.threads.TaskThread$WrappingRunnable.run(TaskThread.java:63)
	at java.base/java.lang.Thread.run(Thread.java:1583)
2026-02-27 23:50:15 [http-nio-8083-exec-2] DEBUG c.u.l.p.c.j.JwtAuthenticationFilter - JWT 인증 완료 — memberId: 9e9447a9-3e25-4fcb-b374-8eb5a849bf87
2026-02-27 23:50:15 [http-nio-8083-exec-2] ERROR c.u.l.p.e.GlobalExceptionHandler - 예기치 않은 오류 발생
org.springframework.web.HttpRequestMethodNotSupportedException: Request method 'GET' is not supported
	at org.springframework.web.servlet.mvc.method.RequestMappingInfoHandlerMapping.handleNoMatch(RequestMappingInfoHandlerMapping.java:267)
	at org.springframework.web.servlet.handler.AbstractHandlerMethodMapping.lookupHandlerMethod(AbstractHandlerMethodMapping.java:441)
	at org.springframework.web.servlet.handler.AbstractHandlerMethodMapping.getHandlerInternal(AbstractHandlerMethodMapping.java:382)
	at org.springframework.web.servlet.mvc.method.RequestMappingInfoHandlerMapping.getHandlerInternal(RequestMappingInfoHandlerMapping.java:127)
	at org.springframework.web.servlet.mvc.method.RequestMappingInfoHandlerMapping.getHandlerInternal(RequestMappingInfoHandlerMapping.java:68)
	at org.springframework.web.servlet.handler.AbstractHandlerMapping.getHandler(AbstractHandlerMapping.java:509)
	at org.springframework.web.servlet.DispatcherServlet.getHandler(DispatcherServlet.java:1283)
	at org.springframework.web.servlet.DispatcherServlet.doDispatch(DispatcherServlet.java:1064)
	at org.springframework.web.servlet.DispatcherServlet.doService(DispatcherServlet.java:978)
	at org.springframework.web.servlet.FrameworkServlet.processRequest(FrameworkServlet.java:1014)
	at org.springframework.web.servlet.FrameworkServlet.doGet(FrameworkServlet.java:903)
	at jakarta.servlet.http.HttpServlet.service(HttpServlet.java:564)
	at org.springframework.web.servlet.FrameworkServlet.service(FrameworkServlet.java:885)
	at jakarta.servlet.http.HttpServlet.service(HttpServlet.java:658)
	at org.apache.catalina.core.ApplicationFilterChain.internalDoFilter(ApplicationFilterChain.java:195)
	at org.apache.catalina.core.ApplicationFilterChain.doFilter(ApplicationFilterChain.java:140)
	at org.apache.tomcat.websocket.server.WsFilter.doFilter(WsFilter.java:51)
	at org.apache.catalina.core.ApplicationFilterChain.internalDoFilter(ApplicationFilterChain.java:164)
	at org.apache.catalina.core.ApplicationFilterChain.doFilter(ApplicationFilterChain.java:140)
	at org.springframework.web.filter.OncePerRequestFilter.doFilter(OncePerRequestFilter.java:110)
	at org.apache.catalina.core.ApplicationFilterChain.internalDoFilter(ApplicationFilterChain.java:164)
	at org.apache.catalina.core.ApplicationFilterChain.doFilter(ApplicationFilterChain.java:140)
	at org.springframework.web.filter.CompositeFilter$VirtualFilterChain.doFilter(CompositeFilter.java:108)
	at org.springframework.security.web.FilterChainProxy.lambda$doFilterInternal$3(FilterChainProxy.java:231)
	at org.springframework.security.web.ObservationFilterChainDecorator$FilterObservation$SimpleFilterObservation.lambda$wrap$1(ObservationFilterChainDecorator.java:479)
	at org.springframework.security.web.ObservationFilterChainDecorator$AroundFilterObservation$SimpleAroundFilterObservation.lambda$wrap$1(ObservationFilterChainDecorator.java:340)
	at org.springframework.security.web.ObservationFilterChainDecorator.lambda$wrapSecured$0(ObservationFilterChainDecorator.java:82)
	at org.springframework.security.web.ObservationFilterChainDecorator$VirtualFilterChain.doFilter(ObservationFilterChainDecorator.java:128)
	at org.springframework.security.web.access.intercept.AuthorizationFilter.doFilter(AuthorizationFilter.java:101)
	at org.springframework.security.web.ObservationFilterChainDecorator$ObservationFilter.wrapFilter(ObservationFilterChainDecorator.java:240)
	at org.springframework.security.web.ObservationFilterChainDecorator$ObservationFilter.doFilter(ObservationFilterChainDecorator.java:227)
	at org.springframework.security.web.ObservationFilterChainDecorator$VirtualFilterChain.doFilter(ObservationFilterChainDecorator.java:137)
	at org.springframework.security.web.access.ExceptionTranslationFilter.doFilter(ExceptionTranslationFilter.java:126)
	at org.springframework.security.web.access.ExceptionTranslationFilter.doFilter(ExceptionTranslationFilter.java:120)
	at org.springframework.security.web.ObservationFilterChainDecorator$ObservationFilter.wrapFilter(ObservationFilterChainDecorator.java:240)
	at org.springframework.security.web.ObservationFilterChainDecorator$ObservationFilter.doFilter(ObservationFilterChainDecorator.java:227)
	at org.springframework.security.web.ObservationFilterChainDecorator$VirtualFilterChain.doFilter(ObservationFilterChainDecorator.java:137)
	at org.springframework.security.web.session.SessionManagementFilter.doFilter(SessionManagementFilter.java:131)
	at org.springframework.security.web.session.SessionManagementFilter.doFilter(SessionManagementFilter.java:85)
	at org.springframework.security.web.ObservationFilterChainDecorator$ObservationFilter.wrapFilter(ObservationFilterChainDecorator.java:240)
	at org.springframework.security.web.ObservationFilterChainDecorator$ObservationFilter.doFilter(ObservationFilterChainDecorator.java:227)
	at org.springframework.security.web.ObservationFilterChainDecorator$VirtualFilterChain.doFilter(ObservationFilterChainDecorator.java:137)
	at org.springframework.security.web.authentication.AnonymousAuthenticationFilter.doFilter(AnonymousAuthenticationFilter.java:100)
	at org.springframework.security.web.ObservationFilterChainDecorator$ObservationFilter.wrapFilter(ObservationFilterChainDecorator.java:240)
	at org.springframework.security.web.ObservationFilterChainDecorator$ObservationFilter.doFilter(ObservationFilterChainDecorator.java:227)
	at org.springframework.security.web.ObservationFilterChainDecorator$VirtualFilterChain.doFilter(ObservationFilterChainDecorator.java:137)
	at org.springframework.security.web.servletapi.SecurityContextHolderAwareRequestFilter.doFilter(SecurityContextHolderAwareRequestFilter.java:179)
	at org.springframework.security.web.ObservationFilterChainDecorator$ObservationFilter.wrapFilter(ObservationFilterChainDecorator.java:240)
	at org.springframework.security.web.ObservationFilterChainDecorator$ObservationFilter.doFilter(ObservationFilterChainDecorator.java:227)
	at org.springframework.security.web.ObservationFilterChainDecorator$VirtualFilterChain.doFilter(ObservationFilterChainDecorator.java:137)
	at org.springframework.security.web.savedrequest.RequestCacheAwareFilter.doFilter(RequestCacheAwareFilter.java:63)
	at org.springframework.security.web.ObservationFilterChainDecorator$ObservationFilter.wrapFilter(ObservationFilterChainDecorator.java:240)
	at org.springframework.security.web.ObservationFilterChainDecorator$ObservationFilter.doFilter(ObservationFilterChainDecorator.java:227)
	at org.springframework.security.web.ObservationFilterChainDecorator$VirtualFilterChain.doFilter(ObservationFilterChainDecorator.java:137)
	at com.unicorn.lunchpick.payment.config.jwt.JwtAuthenticationFilter.doFilterInternal(JwtAuthenticationFilter.java:66)
	at org.springframework.web.filter.OncePerRequestFilter.doFilter(OncePerRequestFilter.java:116)
	at org.springframework.security.web.ObservationFilterChainDecorator$ObservationFilter.wrapFilter(ObservationFilterChainDecorator.java:240)
	at org.springframework.security.web.ObservationFilterChainDecorator$ObservationFilter.doFilter(ObservationFilterChainDecorator.java:227)
	at org.springframework.security.web.ObservationFilterChainDecorator$VirtualFilterChain.doFilter(ObservationFilterChainDecorator.java:137)
	at org.springframework.security.web.authentication.logout.LogoutFilter.doFilter(LogoutFilter.java:107)
	at org.springframework.security.web.authentication.logout.LogoutFilter.doFilter(LogoutFilter.java:93)
	at org.springframework.security.web.ObservationFilterChainDecorator$ObservationFilter.wrapFilter(ObservationFilterChainDecorator.java:240)
	at org.springframework.security.web.ObservationFilterChainDecorator$ObservationFilter.doFilter(ObservationFilterChainDecorator.java:227)
	at org.springframework.security.web.ObservationFilterChainDecorator$VirtualFilterChain.doFilter(ObservationFilterChainDecorator.java:137)
	at org.springframework.web.filter.CorsFilter.doFilterInternal(CorsFilter.java:91)
	at org.springframework.web.filter.OncePerRequestFilter.doFilter(OncePerRequestFilter.java:116)
	at org.springframework.security.web.ObservationFilterChainDecorator$ObservationFilter.wrapFilter(ObservationFilterChainDecorator.java:240)
	at org.springframework.security.web.ObservationFilterChainDecorator$ObservationFilter.doFilter(ObservationFilterChainDecorator.java:227)
	at org.springframework.security.web.ObservationFilterChainDecorator$VirtualFilterChain.doFilter(ObservationFilterChainDecorator.java:137)
	at org.springframework.security.web.header.HeaderWriterFilter.doHeadersAfter(HeaderWriterFilter.java:90)
	at org.springframework.security.web.header.HeaderWriterFilter.doFilterInternal(HeaderWriterFilter.java:75)
	at org.springframework.web.filter.OncePerRequestFilter.doFilter(OncePerRequestFilter.java:116)
	at org.springframework.security.web.ObservationFilterChainDecorator$ObservationFilter.wrapFilter(ObservationFilterChainDecorator.java:240)
	at org.springframework.security.web.ObservationFilterChainDecorator$ObservationFilter.doFilter(ObservationFilterChainDecorator.java:227)
	at org.springframework.security.web.ObservationFilterChainDecorator$VirtualFilterChain.doFilter(ObservationFilterChainDecorator.java:137)
	at org.springframework.security.web.context.SecurityContextHolderFilter.doFilter(SecurityContextHolderFilter.java:82)
	at org.springframework.security.web.context.SecurityContextHolderFilter.doFilter(SecurityContextHolderFilter.java:69)
	at org.springframework.security.web.ObservationFilterChainDecorator$ObservationFilter.wrapFilter(ObservationFilterChainDecorator.java:240)
	at org.springframework.security.web.ObservationFilterChainDecorator$ObservationFilter.doFilter(ObservationFilterChainDecorator.java:227)
	at org.springframework.security.web.ObservationFilterChainDecorator$VirtualFilterChain.doFilter(ObservationFilterChainDecorator.java:137)
	at org.springframework.security.web.context.request.async.WebAsyncManagerIntegrationFilter.doFilterInternal(WebAsyncManagerIntegrationFilter.java:62)
	at org.springframework.web.filter.OncePerRequestFilter.doFilter(OncePerRequestFilter.java:116)
	at org.springframework.security.web.ObservationFilterChainDecorator$ObservationFilter.wrapFilter(ObservationFilterChainDecorator.java:240)
	at org.springframework.security.web.ObservationFilterChainDecorator$ObservationFilter.doFilter(ObservationFilterChainDecorator.java:227)
	at org.springframework.security.web.ObservationFilterChainDecorator$VirtualFilterChain.doFilter(ObservationFilterChainDecorator.java:137)
	at org.springframework.security.web.session.DisableEncodeUrlFilter.doFilterInternal(DisableEncodeUrlFilter.java:42)
	at org.springframework.web.filter.OncePerRequestFilter.doFilter(OncePerRequestFilter.java:116)
	at org.springframework.security.web.ObservationFilterChainDecorator$ObservationFilter.wrapFilter(ObservationFilterChainDecorator.java:240)
	at org.springframework.security.web.ObservationFilterChainDecorator$AroundFilterObservation$SimpleAroundFilterObservation.lambda$wrap$0(ObservationFilterChainDecorator.java:323)
	at org.springframework.security.web.ObservationFilterChainDecorator$ObservationFilter.doFilter(ObservationFilterChainDecorator.java:224)
	at org.springframework.security.web.ObservationFilterChainDecorator$VirtualFilterChain.doFilter(ObservationFilterChainDecorator.java:137)
	at org.springframework.security.web.FilterChainProxy.doFilterInternal(FilterChainProxy.java:233)
	at org.springframework.security.web.FilterChainProxy.doFilter(FilterChainProxy.java:191)
	at org.springframework.web.filter.CompositeFilter$VirtualFilterChain.doFilter(CompositeFilter.java:113)
	at org.springframework.web.servlet.handler.HandlerMappingIntrospector.lambda$createCacheFilter$3(HandlerMappingIntrospector.java:243)
	at org.springframework.web.filter.CompositeFilter$VirtualFilterChain.doFilter(CompositeFilter.java:113)
	at org.springframework.web.filter.CompositeFilter.doFilter(CompositeFilter.java:74)
	at org.springframework.security.config.annotation.web.configuration.WebMvcSecurityConfiguration$CompositeFilterChainProxy.doFilter(WebMvcSecurityConfiguration.java:238)
	at org.springframework.web.filter.DelegatingFilterProxy.invokeDelegate(DelegatingFilterProxy.java:362)
	at org.springframework.web.filter.DelegatingFilterProxy.doFilter(DelegatingFilterProxy.java:278)
	at org.apache.catalina.core.ApplicationFilterChain.internalDoFilter(ApplicationFilterChain.java:164)
	at org.apache.catalina.core.ApplicationFilterChain.doFilter(ApplicationFilterChain.java:140)
	at org.springframework.web.filter.RequestContextFilter.doFilterInternal(RequestContextFilter.java:100)
	at org.springframework.web.filter.OncePerRequestFilter.doFilter(OncePerRequestFilter.java:116)
	at org.apache.catalina.core.ApplicationFilterChain.internalDoFilter(ApplicationFilterChain.java:164)
	at org.apache.catalina.core.ApplicationFilterChain.doFilter(ApplicationFilterChain.java:140)
	at org.springframework.web.filter.FormContentFilter.doFilterInternal(FormContentFilter.java:93)
	at org.springframework.web.filter.OncePerRequestFilter.doFilter(OncePerRequestFilter.java:116)
	at org.apache.catalina.core.ApplicationFilterChain.internalDoFilter(ApplicationFilterChain.java:164)
	at org.apache.catalina.core.ApplicationFilterChain.doFilter(ApplicationFilterChain.java:140)
	at org.springframework.web.filter.ServerHttpObservationFilter.doFilterInternal(ServerHttpObservationFilter.java:114)
	at org.springframework.web.filter.OncePerRequestFilter.doFilter(OncePerRequestFilter.java:116)
	at org.apache.catalina.core.ApplicationFilterChain.internalDoFilter(ApplicationFilterChain.java:164)
	at org.apache.catalina.core.ApplicationFilterChain.doFilter(ApplicationFilterChain.java:140)
	at org.springframework.web.filter.CharacterEncodingFilter.doFilterInternal(CharacterEncodingFilter.java:201)
	at org.springframework.web.filter.OncePerRequestFilter.doFilter(OncePerRequestFilter.java:116)
	at org.apache.catalina.core.ApplicationFilterChain.internalDoFilter(ApplicationFilterChain.java:164)
	at org.apache.catalina.core.ApplicationFilterChain.doFilter(ApplicationFilterChain.java:140)
	at org.apache.catalina.core.StandardWrapperValve.invoke(StandardWrapperValve.java:167)
	at org.apache.catalina.core.StandardContextValve.invoke(StandardContextValve.java:90)
	at org.apache.catalina.authenticator.AuthenticatorBase.invoke(AuthenticatorBase.java:483)
	at org.apache.catalina.core.StandardHostValve.invoke(StandardHostValve.java:115)
	at org.apache.catalina.valves.ErrorReportValve.invoke(ErrorReportValve.java:93)
	at org.apache.catalina.core.StandardEngineValve.invoke(StandardEngineValve.java:74)
	at org.apache.catalina.connector.CoyoteAdapter.service(CoyoteAdapter.java:344)
	at org.apache.coyote.http11.Http11Processor.service(Http11Processor.java:397)
	at org.apache.coyote.AbstractProcessorLight.process(AbstractProcessorLight.java:63)
	at org.apache.coyote.AbstractProtocol$ConnectionHandler.process(AbstractProtocol.java:905)
	at org.apache.tomcat.util.net.NioEndpoint$SocketProcessor.doRun(NioEndpoint.java:1741)
	at org.apache.tomcat.util.net.SocketProcessorBase.run(SocketProcessorBase.java:52)
	at org.apache.tomcat.util.threads.ThreadPoolExecutor.runWorker(ThreadPoolExecutor.java:1190)
	at org.apache.tomcat.util.threads.ThreadPoolExecutor$Worker.run(ThreadPoolExecutor.java:659)
	at org.apache.tomcat.util.threads.TaskThread$WrappingRunnable.run(TaskThread.java:63)
	at java.base/java.lang.Thread.run(Thread.java:1583)
2026-02-27 23:51:08 [main] INFO  c.u.l.payment.PaymentApplication - Starting PaymentApplication using Java 21 with PID 50528 (C:\Users\hiond\workspace\lunch-menu-recommender\payment-service\build\classes\java\main started by hiond in C:\Users\hiond\workspace\lunch-menu-recommender\payment-service)
2026-02-27 23:51:08 [main] DEBUG c.u.l.payment.PaymentApplication - Running with Spring Boot v3.4.1, Spring v6.2.1
2026-02-27 23:51:08 [main] INFO  c.u.l.payment.PaymentApplication - The following 1 profile is active: "dev"
2026-02-27 23:51:08 [main] INFO  o.s.d.r.c.RepositoryConfigurationDelegate - Multiple Spring Data modules found, entering strict repository configuration mode
2026-02-27 23:51:08 [main] INFO  o.s.d.r.c.RepositoryConfigurationDelegate - Bootstrapping Spring Data JPA repositories in DEFAULT mode.
2026-02-27 23:51:09 [main] INFO  o.s.d.r.c.RepositoryConfigurationDelegate - Finished Spring Data repository scanning in 63 ms. Found 2 JPA repository interfaces.
2026-02-27 23:51:09 [main] INFO  o.s.d.r.c.RepositoryConfigurationDelegate - Multiple Spring Data modules found, entering strict repository configuration mode
2026-02-27 23:51:09 [main] INFO  o.s.d.r.c.RepositoryConfigurationDelegate - Bootstrapping Spring Data Redis repositories in DEFAULT mode.
2026-02-27 23:51:09 [main] INFO  o.s.d.r.c.RepositoryConfigurationExtensionSupport - Spring Data Redis - Could not safely identify store assignment for repository candidate interface com.unicorn.lunchpick.payment.repository.jpa.PaymentHistoryRepository; If you want this repository to be a Redis repository, consider annotating your entities with one of these annotations: org.springframework.data.redis.core.RedisHash (preferred), or consider extending one of the following types with your repository: org.springframework.data.keyvalue.repository.KeyValueRepository
2026-02-27 23:51:09 [main] INFO  o.s.d.r.c.RepositoryConfigurationExtensionSupport - Spring Data Redis - Could not safely identify store assignment for repository candidate interface com.unicorn.lunchpick.payment.repository.jpa.SubscriptionRepository; If you want this repository to be a Redis repository, consider annotating your entities with one of these annotations: org.springframework.data.redis.core.RedisHash (preferred), or consider extending one of the following types with your repository: org.springframework.data.keyvalue.repository.KeyValueRepository
2026-02-27 23:51:09 [main] INFO  o.s.d.r.c.RepositoryConfigurationDelegate - Finished Spring Data repository scanning in 11 ms. Found 0 Redis repository interfaces.
2026-02-27 23:51:09 [main] INFO  o.s.cloud.context.scope.GenericScope - BeanFactory id=02b1a61c-8ef2-383a-a384-7e602a4ce4c2
2026-02-27 23:51:09 [main] INFO  o.s.b.w.e.tomcat.TomcatWebServer - Tomcat initialized with port 8083 (http)
2026-02-27 23:51:09 [main] INFO  o.a.catalina.core.StandardService - Starting service [Tomcat]
2026-02-27 23:51:09 [main] INFO  o.a.catalina.core.StandardEngine - Starting Servlet engine: [Apache Tomcat/10.1.34]
2026-02-27 23:51:09 [main] INFO  o.a.c.c.C.[Tomcat].[localhost].[/] - Initializing Spring embedded WebApplicationContext
2026-02-27 23:51:09 [main] INFO  o.s.b.w.s.c.ServletWebServerApplicationContext - Root WebApplicationContext: initialization completed in 1396 ms
2026-02-27 23:51:10 [main] DEBUG c.u.l.p.c.j.JwtAuthenticationFilter - Filter 'jwtAuthenticationFilter' configured for use
2026-02-27 23:51:10 [main] INFO  o.h.jpa.internal.util.LogHelper - HHH000204: Processing PersistenceUnitInfo [name: default]
2026-02-27 23:51:10 [main] INFO  org.hibernate.Version - HHH000412: Hibernate ORM core version 6.6.4.Final
2026-02-27 23:51:10 [main] INFO  o.h.c.i.RegionFactoryInitiator - HHH000026: Second-level cache disabled
2026-02-27 23:51:10 [main] DEBUG o.hibernate.type.BasicTypeRegistry - Adding type registration boolean -> org.hibernate.type.BasicTypeReference@69abeb14
2026-02-27 23:51:10 [main] DEBUG o.hibernate.type.BasicTypeRegistry - Adding type registration boolean -> org.hibernate.type.BasicTypeReference@69abeb14
2026-02-27 23:51:10 [main] DEBUG o.hibernate.type.BasicTypeRegistry - Adding type registration java.lang.Boolean -> org.hibernate.type.BasicTypeReference@69abeb14
2026-02-27 23:51:10 [main] DEBUG o.hibernate.type.BasicTypeRegistry - Adding type registration numeric_boolean -> org.hibernate.type.BasicTypeReference@7db2b614
2026-02-27 23:51:10 [main] DEBUG o.hibernate.type.BasicTypeRegistry - Adding type registration org.hibernate.type.NumericBooleanConverter -> org.hibernate.type.BasicTypeReference@7db2b614
2026-02-27 23:51:10 [main] DEBUG o.hibernate.type.BasicTypeRegistry - Adding type registration true_false -> org.hibernate.type.BasicTypeReference@34d5eac
2026-02-27 23:51:10 [main] DEBUG o.hibernate.type.BasicTypeRegistry - Adding type registration org.hibernate.type.TrueFalseConverter -> org.hibernate.type.BasicTypeReference@34d5eac
2026-02-27 23:51:10 [main] DEBUG o.hibernate.type.BasicTypeRegistry - Adding type registration yes_no -> org.hibernate.type.BasicTypeReference@2c1a95a2
2026-02-27 23:51:10 [main] DEBUG o.hibernate.type.BasicTypeRegistry - Adding type registration org.hibernate.type.YesNoConverter -> org.hibernate.type.BasicTypeReference@2c1a95a2
2026-02-27 23:51:10 [main] DEBUG o.hibernate.type.BasicTypeRegistry - Adding type registration byte -> org.hibernate.type.BasicTypeReference@1adf387e
2026-02-27 23:51:10 [main] DEBUG o.hibernate.type.BasicTypeRegistry - Adding type registration byte -> org.hibernate.type.BasicTypeReference@1adf387e
2026-02-27 23:51:10 [main] DEBUG o.hibernate.type.BasicTypeRegistry - Adding type registration java.lang.Byte -> org.hibernate.type.BasicTypeReference@1adf387e
2026-02-27 23:51:10 [main] DEBUG o.hibernate.type.BasicTypeRegistry - Adding type registration binary -> org.hibernate.type.BasicTypeReference@72b53f27
2026-02-27 23:51:10 [main] DEBUG o.hibernate.type.BasicTypeRegistry - Adding type registration byte[] -> org.hibernate.type.BasicTypeReference@72b53f27
2026-02-27 23:51:10 [main] DEBUG o.hibernate.type.BasicTypeRegistry - Adding type registration [B -> org.hibernate.type.BasicTypeReference@72b53f27
2026-02-27 23:51:10 [main] DEBUG o.hibernate.type.BasicTypeRegistry - Adding type registration binary_wrapper -> org.hibernate.type.BasicTypeReference@1be4a7e3
2026-02-27 23:51:10 [main] DEBUG o.hibernate.type.BasicTypeRegistry - Adding type registration wrapper-binary -> org.hibernate.type.BasicTypeReference@1be4a7e3
2026-02-27 23:51:10 [main] DEBUG o.hibernate.type.BasicTypeRegistry - Adding type registration image -> org.hibernate.type.BasicTypeReference@632b96b8
2026-02-27 23:51:10 [main] DEBUG o.hibernate.type.BasicTypeRegistry - Adding type registration blob -> org.hibernate.type.BasicTypeReference@544e6b
2026-02-27 23:51:10 [main] DEBUG o.hibernate.type.BasicTypeRegistry - Adding type registration java.sql.Blob -> org.hibernate.type.BasicTypeReference@544e6b
2026-02-27 23:51:10 [main] DEBUG o.hibernate.type.BasicTypeRegistry - Adding type registration materialized_blob -> org.hibernate.type.BasicTypeReference@5b430541
2026-02-27 23:51:10 [main] DEBUG o.hibernate.type.BasicTypeRegistry - Adding type registration materialized_blob_wrapper -> org.hibernate.type.BasicTypeReference@65a66a75
2026-02-27 23:51:10 [main] DEBUG o.hibernate.type.BasicTypeRegistry - Adding type registration short -> org.hibernate.type.BasicTypeReference@5a07ae2f
2026-02-27 23:51:10 [main] DEBUG o.hibernate.type.BasicTypeRegistry - Adding type registration short -> org.hibernate.type.BasicTypeReference@5a07ae2f
2026-02-27 23:51:10 [main] DEBUG o.hibernate.type.BasicTypeRegistry - Adding type registration java.lang.Short -> org.hibernate.type.BasicTypeReference@5a07ae2f
2026-02-27 23:51:10 [main] DEBUG o.hibernate.type.BasicTypeRegistry - Adding type registration integer -> org.hibernate.type.BasicTypeReference@78829412
2026-02-27 23:51:10 [main] DEBUG o.hibernate.type.BasicTypeRegistry - Adding type registration int -> org.hibernate.type.BasicTypeReference@78829412
2026-02-27 23:51:10 [main] DEBUG o.hibernate.type.BasicTypeRegistry - Adding type registration java.lang.Integer -> org.hibernate.type.BasicTypeReference@78829412
2026-02-27 23:51:10 [main] DEBUG o.hibernate.type.BasicTypeRegistry - Adding type registration long -> org.hibernate.type.BasicTypeReference@3ba8ef4e
2026-02-27 23:51:10 [main] DEBUG o.hibernate.type.BasicTypeRegistry - Adding type registration long -> org.hibernate.type.BasicTypeReference@3ba8ef4e
2026-02-27 23:51:10 [main] DEBUG o.hibernate.type.BasicTypeRegistry - Adding type registration java.lang.Long -> org.hibernate.type.BasicTypeReference@3ba8ef4e
2026-02-27 23:51:10 [main] DEBUG o.hibernate.type.BasicTypeRegistry - Adding type registration float -> org.hibernate.type.BasicTypeReference@6d0bcf8c
2026-02-27 23:51:10 [main] DEBUG o.hibernate.type.BasicTypeRegistry - Adding type registration float -> org.hibernate.type.BasicTypeReference@6d0bcf8c
2026-02-27 23:51:10 [main] DEBUG o.hibernate.type.BasicTypeRegistry - Adding type registration java.lang.Float -> org.hibernate.type.BasicTypeReference@6d0bcf8c
2026-02-27 23:51:10 [main] DEBUG o.hibernate.type.BasicTypeRegistry - Adding type registration double -> org.hibernate.type.BasicTypeReference@a1a72d4
2026-02-27 23:51:10 [main] DEBUG o.hibernate.type.BasicTypeRegistry - Adding type registration double -> org.hibernate.type.BasicTypeReference@a1a72d4
2026-02-27 23:51:10 [main] DEBUG o.hibernate.type.BasicTypeRegistry - Adding type registration java.lang.Double -> org.hibernate.type.BasicTypeReference@a1a72d4
2026-02-27 23:51:10 [main] DEBUG o.hibernate.type.BasicTypeRegistry - Adding type registration big_integer -> org.hibernate.type.BasicTypeReference@66d44581
2026-02-27 23:51:10 [main] DEBUG o.hibernate.type.BasicTypeRegistry - Adding type registration java.math.BigInteger -> org.hibernate.type.BasicTypeReference@66d44581
2026-02-27 23:51:10 [main] DEBUG o.hibernate.type.BasicTypeRegistry - Adding type registration big_decimal -> org.hibernate.type.BasicTypeReference@1afa048a
2026-02-27 23:51:10 [main] DEBUG o.hibernate.type.BasicTypeRegistry - Adding type registration java.math.BigDecimal -> org.hibernate.type.BasicTypeReference@1afa048a
2026-02-27 23:51:10 [main] DEBUG o.hibernate.type.BasicTypeRegistry - Adding type registration character -> org.hibernate.type.BasicTypeReference@293ecff6
2026-02-27 23:51:10 [main] DEBUG o.hibernate.type.BasicTypeRegistry - Adding type registration char -> org.hibernate.type.BasicTypeReference@293ecff6
2026-02-27 23:51:10 [main] DEBUG o.hibernate.type.BasicTypeRegistry - Adding type registration java.lang.Character -> org.hibernate.type.BasicTypeReference@293ecff6
2026-02-27 23:51:10 [main] DEBUG o.hibernate.type.BasicTypeRegistry - Adding type registration character_nchar -> org.hibernate.type.BasicTypeReference@70eb94d7
2026-02-27 23:51:10 [main] DEBUG o.hibernate.type.BasicTypeRegistry - Adding type registration string -> org.hibernate.type.BasicTypeReference@34d72f06
2026-02-27 23:51:10 [main] DEBUG o.hibernate.type.BasicTypeRegistry - Adding type registration java.lang.String -> org.hibernate.type.BasicTypeReference@34d72f06
2026-02-27 23:51:10 [main] DEBUG o.hibernate.type.BasicTypeRegistry - Adding type registration nstring -> org.hibernate.type.BasicTypeReference@7e43b342
2026-02-27 23:51:10 [main] DEBUG o.hibernate.type.BasicTypeRegistry - Adding type registration characters -> org.hibernate.type.BasicTypeReference@21dd9203
2026-02-27 23:51:10 [main] DEBUG o.hibernate.type.BasicTypeRegistry - Adding type registration char[] -> org.hibernate.type.BasicTypeReference@21dd9203
2026-02-27 23:51:10 [main] DEBUG o.hibernate.type.BasicTypeRegistry - Adding type registration [C -> org.hibernate.type.BasicTypeReference@21dd9203
2026-02-27 23:51:10 [main] DEBUG o.hibernate.type.BasicTypeRegistry - Adding type registration wrapper-characters -> org.hibernate.type.BasicTypeReference@dbcf7c3
2026-02-27 23:51:10 [main] DEBUG o.hibernate.type.BasicTypeRegistry - Adding type registration text -> org.hibernate.type.BasicTypeReference@1e466d
2026-02-27 23:51:10 [main] DEBUG o.hibernate.type.BasicTypeRegistry - Adding type registration ntext -> org.hibernate.type.BasicTypeReference@63243c8f
2026-02-27 23:51:10 [main] DEBUG o.hibernate.type.BasicTypeRegistry - Adding type registration clob -> org.hibernate.type.BasicTypeReference@2ea4e762
2026-02-27 23:51:10 [main] DEBUG o.hibernate.type.BasicTypeRegistry - Adding type registration java.sql.Clob -> org.hibernate.type.BasicTypeReference@2ea4e762
2026-02-27 23:51:10 [main] DEBUG o.hibernate.type.BasicTypeRegistry - Adding type registration nclob -> org.hibernate.type.BasicTypeReference@444c0f9a
2026-02-27 23:51:10 [main] DEBUG o.hibernate.type.BasicTypeRegistry - Adding type registration java.sql.NClob -> org.hibernate.type.BasicTypeReference@444c0f9a
2026-02-27 23:51:10 [main] DEBUG o.hibernate.type.BasicTypeRegistry - Adding type registration materialized_clob -> org.hibernate.type.BasicTypeReference@36931450
2026-02-27 23:51:10 [main] DEBUG o.hibernate.type.BasicTypeRegistry - Adding type registration materialized_clob_char_array -> org.hibernate.type.BasicTypeReference@74919649
2026-02-27 23:51:10 [main] DEBUG o.hibernate.type.BasicTypeRegistry - Adding type registration materialized_clob_character_array -> org.hibernate.type.BasicTypeReference@7d07e04e
2026-02-27 23:51:10 [main] DEBUG o.hibernate.type.BasicTypeRegistry - Adding type registration materialized_nclob -> org.hibernate.type.BasicTypeReference@599310ab
2026-02-27 23:51:10 [main] DEBUG o.hibernate.type.BasicTypeRegistry - Adding type registration materialized_nclob_character_array -> org.hibernate.type.BasicTypeReference@770cbe5d
2026-02-27 23:51:10 [main] DEBUG o.hibernate.type.BasicTypeRegistry - Adding type registration materialized_nclob_char_array -> org.hibernate.type.BasicTypeReference@f575d2b
2026-02-27 23:51:10 [main] DEBUG o.hibernate.type.BasicTypeRegistry - Adding type registration Duration -> org.hibernate.type.BasicTypeReference@4d90d91f
2026-02-27 23:51:10 [main] DEBUG o.hibernate.type.BasicTypeRegistry - Adding type registration java.time.Duration -> org.hibernate.type.BasicTypeReference@4d90d91f
2026-02-27 23:51:10 [main] DEBUG o.hibernate.type.BasicTypeRegistry - Adding type registration LocalDateTime -> org.hibernate.type.BasicTypeReference@c478e4e
2026-02-27 23:51:10 [main] DEBUG o.hibernate.type.BasicTypeRegistry - Adding type registration java.time.LocalDateTime -> org.hibernate.type.BasicTypeReference@c478e4e
2026-02-27 23:51:10 [main] DEBUG o.hibernate.type.BasicTypeRegistry - Adding type registration LocalDate -> org.hibernate.type.BasicTypeReference@1e2b37cd
2026-02-27 23:51:10 [main] DEBUG o.hibernate.type.BasicTypeRegistry - Adding type registration java.time.LocalDate -> org.hibernate.type.BasicTypeReference@1e2b37cd
2026-02-27 23:51:10 [main] DEBUG o.hibernate.type.BasicTypeRegistry - Adding type registration LocalTime -> org.hibernate.type.BasicTypeReference@2ba08f26
2026-02-27 23:51:10 [main] DEBUG o.hibernate.type.BasicTypeRegistry - Adding type registration java.time.LocalTime -> org.hibernate.type.BasicTypeReference@2ba08f26
2026-02-27 23:51:10 [main] DEBUG o.hibernate.type.BasicTypeRegistry - Adding type registration OffsetDateTime -> org.hibernate.type.BasicTypeReference@6033f36c
2026-02-27 23:51:10 [main] DEBUG o.hibernate.type.BasicTypeRegistry - Adding type registration java.time.OffsetDateTime -> org.hibernate.type.BasicTypeReference@6033f36c
2026-02-27 23:51:10 [main] DEBUG o.hibernate.type.BasicTypeRegistry - Adding type registration OffsetDateTimeWithTimezone -> org.hibernate.type.BasicTypeReference@50b624da
2026-02-27 23:51:10 [main] DEBUG o.hibernate.type.BasicTypeRegistry - Adding type registration OffsetDateTimeWithoutTimezone -> org.hibernate.type.BasicTypeReference@1764e45e
2026-02-27 23:51:10 [main] DEBUG o.hibernate.type.BasicTypeRegistry - Adding type registration OffsetTime -> org.hibernate.type.BasicTypeReference@3892802b
2026-02-27 23:51:10 [main] DEBUG o.hibernate.type.BasicTypeRegistry - Adding type registration java.time.OffsetTime -> org.hibernate.type.BasicTypeReference@3892802b
2026-02-27 23:51:10 [main] DEBUG o.hibernate.type.BasicTypeRegistry - Adding type registration OffsetTimeUtc -> org.hibernate.type.BasicTypeReference@4745bcc6
2026-02-27 23:51:10 [main] DEBUG o.hibernate.type.BasicTypeRegistry - Adding type registration OffsetTimeWithTimezone -> org.hibernate.type.BasicTypeReference@2634d000
2026-02-27 23:51:10 [main] DEBUG o.hibernate.type.BasicTypeRegistry - Adding type registration OffsetTimeWithoutTimezone -> org.hibernate.type.BasicTypeReference@1642968c
2026-02-27 23:51:10 [main] DEBUG o.hibernate.type.BasicTypeRegistry - Adding type registration ZonedDateTime -> org.hibernate.type.BasicTypeReference@3a7dcfb7
2026-02-27 23:51:10 [main] DEBUG o.hibernate.type.BasicTypeRegistry - Adding type registration java.time.ZonedDateTime -> org.hibernate.type.BasicTypeReference@3a7dcfb7
2026-02-27 23:51:10 [main] DEBUG o.hibernate.type.BasicTypeRegistry - Adding type registration ZonedDateTimeWithTimezone -> org.hibernate.type.BasicTypeReference@50b4e7b2
2026-02-27 23:51:10 [main] DEBUG o.hibernate.type.BasicTypeRegistry - Adding type registration ZonedDateTimeWithoutTimezone -> org.hibernate.type.BasicTypeReference@50008974
2026-02-27 23:51:10 [main] DEBUG o.hibernate.type.BasicTypeRegistry - Adding type registration date -> org.hibernate.type.BasicTypeReference@5274830e
2026-02-27 23:51:10 [main] DEBUG o.hibernate.type.BasicTypeRegistry - Adding type registration java.sql.Date -> org.hibernate.type.BasicTypeReference@5274830e
2026-02-27 23:51:10 [main] DEBUG o.hibernate.type.BasicTypeRegistry - Adding type registration time -> org.hibernate.type.BasicTypeReference@6a0ee80
2026-02-27 23:51:10 [main] DEBUG o.hibernate.type.BasicTypeRegistry - Adding type registration java.sql.Time -> org.hibernate.type.BasicTypeReference@6a0ee80
2026-02-27 23:51:10 [main] DEBUG o.hibernate.type.BasicTypeRegistry - Adding type registration timestamp -> org.hibernate.type.BasicTypeReference@71de1091
2026-02-27 23:51:10 [main] DEBUG o.hibernate.type.BasicTypeRegistry - Adding type registration java.sql.Timestamp -> org.hibernate.type.BasicTypeReference@71de1091
2026-02-27 23:51:10 [main] DEBUG o.hibernate.type.BasicTypeRegistry - Adding type registration java.util.Date -> org.hibernate.type.BasicTypeReference@71de1091
2026-02-27 23:51:10 [main] DEBUG o.hibernate.type.BasicTypeRegistry - Adding type registration calendar -> org.hibernate.type.BasicTypeReference@25c16cf7
2026-02-27 23:51:10 [main] DEBUG o.hibernate.type.BasicTypeRegistry - Adding type registration java.util.Calendar -> org.hibernate.type.BasicTypeReference@25c16cf7
2026-02-27 23:51:10 [main] DEBUG o.hibernate.type.BasicTypeRegistry - Adding type registration java.util.GregorianCalendar -> org.hibernate.type.BasicTypeReference@25c16cf7
2026-02-27 23:51:10 [main] DEBUG o.hibernate.type.BasicTypeRegistry - Adding type registration calendar_date -> org.hibernate.type.BasicTypeReference@53dbe7b2
2026-02-27 23:51:10 [main] DEBUG o.hibernate.type.BasicTypeRegistry - Adding type registration calendar_time -> org.hibernate.type.BasicTypeReference@520ec7a7
2026-02-27 23:51:10 [main] DEBUG o.hibernate.type.BasicTypeRegistry - Adding type registration instant -> org.hibernate.type.BasicTypeReference@53551fef
2026-02-27 23:51:10 [main] DEBUG o.hibernate.type.BasicTypeRegistry - Adding type registration java.time.Instant -> org.hibernate.type.BasicTypeReference@53551fef
2026-02-27 23:51:10 [main] DEBUG o.hibernate.type.BasicTypeRegistry - Adding type registration uuid -> org.hibernate.type.BasicTypeReference@7d5d77a6
2026-02-27 23:51:10 [main] DEBUG o.hibernate.type.BasicTypeRegistry - Adding type registration java.util.UUID -> org.hibernate.type.BasicTypeReference@7d5d77a6
2026-02-27 23:51:10 [main] DEBUG o.hibernate.type.BasicTypeRegistry - Adding type registration pg-uuid -> org.hibernate.type.BasicTypeReference@7d5d77a6
2026-02-27 23:51:10 [main] DEBUG o.hibernate.type.BasicTypeRegistry - Adding type registration uuid-binary -> org.hibernate.type.BasicTypeReference@71b7e9c8
2026-02-27 23:51:10 [main] DEBUG o.hibernate.type.BasicTypeRegistry - Adding type registration uuid-char -> org.hibernate.type.BasicTypeReference@55202ba6
2026-02-27 23:51:10 [main] DEBUG o.hibernate.type.BasicTypeRegistry - Adding type registration class -> org.hibernate.type.BasicTypeReference@2ef1fc8a
2026-02-27 23:51:10 [main] DEBUG o.hibernate.type.BasicTypeRegistry - Adding type registration java.lang.Class -> org.hibernate.type.BasicTypeReference@2ef1fc8a
2026-02-27 23:51:10 [main] DEBUG o.hibernate.type.BasicTypeRegistry - Adding type registration currency -> org.hibernate.type.BasicTypeReference@38874eb5
2026-02-27 23:51:10 [main] DEBUG o.hibernate.type.BasicTypeRegistry - Adding type registration Currency -> org.hibernate.type.BasicTypeReference@38874eb5
2026-02-27 23:51:10 [main] DEBUG o.hibernate.type.BasicTypeRegistry - Adding type registration java.util.Currency -> org.hibernate.type.BasicTypeReference@38874eb5
2026-02-27 23:51:10 [main] DEBUG o.hibernate.type.BasicTypeRegistry - Adding type registration locale -> org.hibernate.type.BasicTypeReference@76b019c4
2026-02-27 23:51:10 [main] DEBUG o.hibernate.type.BasicTypeRegistry - Adding type registration java.util.Locale -> org.hibernate.type.BasicTypeReference@76b019c4
2026-02-27 23:51:10 [main] DEBUG o.hibernate.type.BasicTypeRegistry - Adding type registration serializable -> org.hibernate.type.BasicTypeReference@221961af
2026-02-27 23:51:10 [main] DEBUG o.hibernate.type.BasicTypeRegistry - Adding type registration java.io.Serializable -> org.hibernate.type.BasicTypeReference@221961af
2026-02-27 23:51:10 [main] DEBUG o.hibernate.type.BasicTypeRegistry - Adding type registration timezone -> org.hibernate.type.BasicTypeReference@32ddcca
2026-02-27 23:51:10 [main] DEBUG o.hibernate.type.BasicTypeRegistry - Adding type registration java.util.TimeZone -> org.hibernate.type.BasicTypeReference@32ddcca
2026-02-27 23:51:10 [main] DEBUG o.hibernate.type.BasicTypeRegistry - Adding type registration ZoneOffset -> org.hibernate.type.BasicTypeReference@1ddc8fc
2026-02-27 23:51:10 [main] DEBUG o.hibernate.type.BasicTypeRegistry - Adding type registration java.time.ZoneOffset -> org.hibernate.type.BasicTypeReference@1ddc8fc
2026-02-27 23:51:10 [main] DEBUG o.hibernate.type.BasicTypeRegistry - Adding type registration url -> org.hibernate.type.BasicTypeReference@77d58f3a
2026-02-27 23:51:10 [main] DEBUG o.hibernate.type.BasicTypeRegistry - Adding type registration java.net.URL -> org.hibernate.type.BasicTypeReference@77d58f3a
2026-02-27 23:51:10 [main] DEBUG o.hibernate.type.BasicTypeRegistry - Adding type registration vector -> org.hibernate.type.BasicTypeReference@1e288c76
2026-02-27 23:51:10 [main] DEBUG o.hibernate.type.BasicTypeRegistry - Adding type registration float_vector -> org.hibernate.type.BasicTypeReference@738ed8f5
2026-02-27 23:51:10 [main] DEBUG o.hibernate.type.BasicTypeRegistry - Adding type registration double_vector -> org.hibernate.type.BasicTypeReference@1cfb7450
2026-02-27 23:51:10 [main] DEBUG o.hibernate.type.BasicTypeRegistry - Adding type registration byte_vector -> org.hibernate.type.BasicTypeReference@478c84aa
2026-02-27 23:51:10 [main] DEBUG o.hibernate.type.BasicTypeRegistry - Adding type registration row_version -> org.hibernate.type.BasicTypeReference@1d1deb11
2026-02-27 23:51:10 [main] DEBUG o.hibernate.type.BasicTypeRegistry - Adding type registration object -> org.hibernate.type.JavaObjectType@4c24c40a
2026-02-27 23:51:10 [main] DEBUG o.hibernate.type.BasicTypeRegistry - Adding type registration java.lang.Object -> org.hibernate.type.JavaObjectType@4c24c40a
2026-02-27 23:51:10 [main] DEBUG o.hibernate.type.BasicTypeRegistry - Adding type registration null -> org.hibernate.type.NullType@107ebdad
2026-02-27 23:51:10 [main] DEBUG o.hibernate.type.BasicTypeRegistry - Adding type registration imm_date -> org.hibernate.type.BasicTypeReference@e3275d3
2026-02-27 23:51:10 [main] DEBUG o.hibernate.type.BasicTypeRegistry - Adding type registration imm_time -> org.hibernate.type.BasicTypeReference@1bfafce1
2026-02-27 23:51:10 [main] DEBUG o.hibernate.type.BasicTypeRegistry - Adding type registration imm_timestamp -> org.hibernate.type.BasicTypeReference@138a952f
2026-02-27 23:51:10 [main] DEBUG o.hibernate.type.BasicTypeRegistry - Adding type registration imm_calendar -> org.hibernate.type.BasicTypeReference@767cc126
2026-02-27 23:51:10 [main] DEBUG o.hibernate.type.BasicTypeRegistry - Adding type registration imm_calendar_date -> org.hibernate.type.BasicTypeReference@6bfdaed7
2026-02-27 23:51:10 [main] DEBUG o.hibernate.type.BasicTypeRegistry - Adding type registration imm_calendar_time -> org.hibernate.type.BasicTypeReference@272c5abd
2026-02-27 23:51:10 [main] DEBUG o.hibernate.type.BasicTypeRegistry - Adding type registration imm_binary -> org.hibernate.type.BasicTypeReference@60c8909a
2026-02-27 23:51:10 [main] DEBUG o.hibernate.type.BasicTypeRegistry - Adding type registration imm_serializable -> org.hibernate.type.BasicTypeReference@70ad0854
2026-02-27 23:51:10 [main] INFO  o.s.o.j.p.SpringPersistenceUnitInfo - No LoadTimeWeaver setup: ignoring JPA class transformer
2026-02-27 23:51:10 [main] INFO  com.zaxxer.hikari.HikariDataSource - HikariPool-1 - Starting...
2026-02-27 23:51:10 [main] INFO  com.zaxxer.hikari.pool.HikariPool - HikariPool-1 - Added connection org.postgresql.jdbc.PgConnection@35d53cd8
2026-02-27 23:51:10 [main] INFO  com.zaxxer.hikari.HikariDataSource - HikariPool-1 - Start completed.
2026-02-27 23:51:10 [main] INFO  o.hibernate.orm.connections.pooling - HHH10001005: Database info:
	Database JDBC URL [Connecting through datasource 'HikariDataSource (HikariPool-1)']
	Database driver: undefined/unknown
	Database version: 16.12
	Autocommit mode: undefined/unknown
	Isolation level: undefined/unknown
	Minimum pool size: undefined/unknown
	Maximum pool size: undefined/unknown
2026-02-27 23:51:10 [main] DEBUG o.h.t.d.sql.spi.DdlTypeRegistry - addDescriptor(2003, org.hibernate.type.descriptor.sql.internal.ArrayDdlTypeImpl@49e92724) replaced previous registration(org.hibernate.type.descriptor.sql.internal.ArrayDdlTypeImpl@2ba4b32b)
2026-02-27 23:51:10 [main] DEBUG o.h.t.d.sql.spi.DdlTypeRegistry - addDescriptor(6, org.hibernate.type.descriptor.sql.internal.CapacityDependentDdlType@532e00bd) replaced previous registration(org.hibernate.type.descriptor.sql.internal.DdlTypeImpl@47ab3688)
2026-02-27 23:51:10 [main] DEBUG o.h.t.d.jdbc.spi.JdbcTypeRegistry - addDescriptor(2004, BlobTypeDescriptor(BLOB_BINDING)) replaced previous registration(BlobTypeDescriptor(DEFAULT))
2026-02-27 23:51:10 [main] DEBUG o.h.t.d.jdbc.spi.JdbcTypeRegistry - addDescriptor(2005, ClobTypeDescriptor(CLOB_BINDING)) replaced previous registration(ClobTypeDescriptor(DEFAULT))
2026-02-27 23:51:10 [main] DEBUG o.hibernate.type.BasicTypeRegistry - Adding type registration JAVA_OBJECT -> org.hibernate.type.JavaObjectType@50d6af87
2026-02-27 23:51:10 [main] DEBUG o.hibernate.type.BasicTypeRegistry - Adding type registration java.lang.Object -> org.hibernate.type.JavaObjectType@50d6af87
2026-02-27 23:51:10 [main] DEBUG o.hibernate.type.BasicTypeRegistry - Type registration key [java.lang.Object] overrode previous entry : `org.hibernate.type.JavaObjectType@4c24c40a`
2026-02-27 23:51:10 [main] DEBUG o.hibernate.type.BasicTypeRegistry - Adding type registration org.hibernate.type.DurationType -> basicType@1(java.time.Duration,3015)
2026-02-27 23:51:10 [main] DEBUG o.hibernate.type.BasicTypeRegistry - Adding type registration Duration -> basicType@1(java.time.Duration,3015)
2026-02-27 23:51:10 [main] DEBUG o.hibernate.type.BasicTypeRegistry - Adding type registration java.time.Duration -> basicType@1(java.time.Duration,3015)
2026-02-27 23:51:10 [main] DEBUG o.hibernate.type.BasicTypeRegistry - Adding type registration org.hibernate.type.OffsetDateTimeType -> basicType@2(java.time.OffsetDateTime,3003)
2026-02-27 23:51:10 [main] DEBUG o.hibernate.type.BasicTypeRegistry - Adding type registration OffsetDateTime -> basicType@2(java.time.OffsetDateTime,3003)
2026-02-27 23:51:10 [main] DEBUG o.hibernate.type.BasicTypeRegistry - Adding type registration java.time.OffsetDateTime -> basicType@2(java.time.OffsetDateTime,3003)
2026-02-27 23:51:10 [main] DEBUG o.hibernate.type.BasicTypeRegistry - Adding type registration org.hibernate.type.ZonedDateTimeType -> basicType@3(java.time.ZonedDateTime,3003)
2026-02-27 23:51:10 [main] DEBUG o.hibernate.type.BasicTypeRegistry - Adding type registration ZonedDateTime -> basicType@3(java.time.ZonedDateTime,3003)
2026-02-27 23:51:10 [main] DEBUG o.hibernate.type.BasicTypeRegistry - Adding type registration java.time.ZonedDateTime -> basicType@3(java.time.ZonedDateTime,3003)
2026-02-27 23:51:10 [main] DEBUG o.hibernate.type.BasicTypeRegistry - Adding type registration org.hibernate.type.OffsetTimeType -> basicType@4(java.time.OffsetTime,3007)
2026-02-27 23:51:10 [main] DEBUG o.hibernate.type.BasicTypeRegistry - Adding type registration OffsetTime -> basicType@4(java.time.OffsetTime,3007)
2026-02-27 23:51:10 [main] DEBUG o.hibernate.type.BasicTypeRegistry - Adding type registration java.time.OffsetTime -> basicType@4(java.time.OffsetTime,3007)
2026-02-27 23:51:10 [main] DEBUG o.h.type.spi.TypeConfiguration$Scope - Scoping TypeConfiguration [org.hibernate.type.spi.TypeConfiguration@2926f7bd] to MetadataBuildingContext [org.hibernate.boot.internal.MetadataBuildingContextRootImpl@5a20f793]
2026-02-27 23:51:11 [main] INFO  o.h.e.t.j.p.i.JtaPlatformInitiator - HHH000489: No JTA platform available (set 'hibernate.transaction.jta.platform' to enable JTA platform integration)
2026-02-27 23:51:11 [main] DEBUG o.h.type.spi.TypeConfiguration$Scope - Scoping TypeConfiguration [org.hibernate.type.spi.TypeConfiguration@2926f7bd] to SessionFactoryImplementor [org.hibernate.internal.SessionFactoryImpl@7cc5bdbd]
2026-02-27 23:51:11 [main] TRACE o.h.type.spi.TypeConfiguration$Scope - Handling #sessionFactoryCreated from [org.hibernate.internal.SessionFactoryImpl@7cc5bdbd] for TypeConfiguration
2026-02-27 23:51:11 [main] INFO  o.s.o.j.LocalContainerEntityManagerFactoryBean - Initialized JPA EntityManagerFactory for persistence unit 'default'
2026-02-27 23:51:11 [main] WARN  o.s.b.a.o.j.JpaBaseConfiguration$JpaWebConfiguration - spring.jpa.open-in-view is enabled by default. Therefore, database queries may be performed during view rendering. Explicitly configure spring.jpa.open-in-view to disable this warning
2026-02-27 23:51:11 [main] WARN  o.s.b.a.s.s.UserDetailsServiceAutoConfiguration - 

Using generated security password: 08ddbf74-e970-460b-bc10-098c7eaee8dd

This generated password is for development use only. Your security configuration must be updated before running your application in production.

2026-02-27 23:51:11 [main] INFO  o.s.s.c.a.a.c.InitializeUserDetailsBeanManagerConfigurer$InitializeUserDetailsManagerConfigurer - Global AuthenticationManager configured with UserDetailsService bean with name inMemoryUserDetailsManager
2026-02-27 23:51:12 [main] INFO  o.s.b.a.e.web.EndpointLinksResolver - Exposing 4 endpoints beneath base path '/actuator'
2026-02-27 23:51:14 [main] INFO  o.s.cloud.commons.util.InetUtils - Cannot determine local hostname
2026-02-27 23:51:14 [main] INFO  o.s.b.w.e.tomcat.TomcatWebServer - Tomcat started on port 8083 (http) with context path '/'
2026-02-27 23:51:15 [main] INFO  o.s.cloud.commons.util.InetUtils - Cannot determine local hostname
2026-02-27 23:51:15 [main] INFO  c.u.l.payment.PaymentApplication - Started PaymentApplication in 8.194 seconds (process running for 8.612)
2026-02-27 23:51:17 [http-nio-8083-exec-1] INFO  o.a.c.c.C.[Tomcat].[localhost].[/] - Initializing Spring DispatcherServlet 'dispatcherServlet'
2026-02-27 23:51:17 [http-nio-8083-exec-1] INFO  o.s.web.servlet.DispatcherServlet - Initializing Servlet 'dispatcherServlet'
2026-02-27 23:51:17 [http-nio-8083-exec-1] INFO  o.s.web.servlet.DispatcherServlet - Completed initialization in 1 ms
2026-02-27 23:51:47 [http-nio-8083-exec-5] DEBUG c.u.l.p.c.j.JwtAuthenticationFilter - JWT 인증 완료 — memberId: 4ccc5886-a200-4ca0-8fe1-6c630d5677f5
2026-02-27 23:51:47 [http-nio-8083-exec-5] DEBUG org.hibernate.SQL - 
    /* <criteria> */ select
        se1_0.id,
        se1_0.cancel_reason,
        se1_0.cancel_reason_detail,
        se1_0.cancelled_at,
        se1_0.created_at,
        se1_0.current_period_ends_at,
        se1_0.member_id,
        se1_0.next_billing_at,
        se1_0.plan_id,
        se1_0.started_at,
        se1_0.status,
        se1_0.subscription_id,
        se1_0.trial_extension_used,
        se1_0.updated_at 
    from
        lunchpick_payment.subscription se1_0 
    where
        se1_0.member_id=? 
        and se1_0.status=?
2026-02-27 23:51:54 [http-nio-8083-exec-4] DEBUG c.u.l.p.c.j.JwtAuthenticationFilter - JWT 인증 완료 — memberId: 9e9447a9-3e25-4fcb-b374-8eb5a849bf87
2026-02-27 23:51:54 [http-nio-8083-exec-9] DEBUG c.u.l.p.c.j.JwtAuthenticationFilter - JWT 인증 완료 — memberId: 9e9447a9-3e25-4fcb-b374-8eb5a849bf87
2026-02-27 23:51:54 [http-nio-8083-exec-4] DEBUG org.hibernate.SQL - 
    /* <criteria> */ select
        se1_0.id,
        se1_0.cancel_reason,
        se1_0.cancel_reason_detail,
        se1_0.cancelled_at,
        se1_0.created_at,
        se1_0.current_period_ends_at,
        se1_0.member_id,
        se1_0.next_billing_at,
        se1_0.plan_id,
        se1_0.started_at,
        se1_0.status,
        se1_0.subscription_id,
        se1_0.trial_extension_used,
        se1_0.updated_at 
    from
        lunchpick_payment.subscription se1_0 
    where
        se1_0.member_id=? 
        and se1_0.status=?
2026-02-27 23:51:54 [http-nio-8083-exec-9] DEBUG c.u.l.p.s.i.SubscriptionServiceImpl - 구독 플랜 캐시 히트
2026-02-27 23:52:15 [http-nio-8083-exec-1] DEBUG c.u.l.p.c.j.JwtAuthenticationFilter - JWT 인증 완료 — memberId: 9e9447a9-3e25-4fcb-b374-8eb5a849bf87
2026-02-27 23:52:15 [http-nio-8083-exec-1] DEBUG org.hibernate.SQL - 
    /* <criteria> */ select
        se1_0.id,
        se1_0.cancel_reason,
        se1_0.cancel_reason_detail,
        se1_0.cancelled_at,
        se1_0.created_at,
        se1_0.current_period_ends_at,
        se1_0.member_id,
        se1_0.next_billing_at,
        se1_0.plan_id,
        se1_0.started_at,
        se1_0.status,
        se1_0.subscription_id,
        se1_0.trial_extension_used,
        se1_0.updated_at 
    from
        lunchpick_payment.subscription se1_0 
    where
        se1_0.subscription_id=? 
        and se1_0.member_id=?
2026-02-27 23:52:15 [http-nio-8083-exec-1] INFO  c.u.l.p.m.SubscriptionEventPublisher - 구독 이벤트 발행 완료 — eventType: SUBSCRIPTION_PENDING_CANCEL, memberId: 9e9447a9-3e25-4fcb-b374-8eb5a849bf87
2026-02-27 23:52:15 [http-nio-8083-exec-1] INFO  c.u.l.p.s.i.SubscriptionServiceImpl - 구독 해지 예약 완료 — memberId: 9e9447a9-3e25-4fcb-b374-8eb5a849bf87, subscriptionId: 840c1e6c-4a94-49cb-bdba-22eb4cd5b401, reason: COST
2026-02-27 23:52:15 [http-nio-8083-exec-1] DEBUG org.hibernate.SQL - 
    /* update
        for com.unicorn.lunchpick.payment.repository.entity.SubscriptionEntity */update lunchpick_payment.subscription 
    set
        cancel_reason=?,
        cancel_reason_detail=?,
        cancelled_at=?,
        current_period_ends_at=?,
        member_id=?,
        next_billing_at=?,
        plan_id=?,
        started_at=?,
        status=?,
        subscription_id=?,
        trial_extension_used=?,
        updated_at=? 
    where
        id=?
2026-02-27 23:52:15 [http-nio-8083-exec-5] DEBUG c.u.l.p.c.j.JwtAuthenticationFilter - JWT 인증 완료 — memberId: 9e9447a9-3e25-4fcb-b374-8eb5a849bf87
2026-02-27 23:52:15 [http-nio-8083-exec-6] DEBUG c.u.l.p.c.j.JwtAuthenticationFilter - JWT 인증 완료 — memberId: 9e9447a9-3e25-4fcb-b374-8eb5a849bf87
2026-02-27 23:52:15 [http-nio-8083-exec-5] DEBUG c.u.l.p.s.i.SubscriptionServiceImpl - 구독 플랜 캐시 히트
2026-02-27 23:52:15 [http-nio-8083-exec-6] DEBUG org.hibernate.SQL - 
    /* <criteria> */ select
        se1_0.id,
        se1_0.cancel_reason,
        se1_0.cancel_reason_detail,
        se1_0.cancelled_at,
        se1_0.created_at,
        se1_0.current_period_ends_at,
        se1_0.member_id,
        se1_0.next_billing_at,
        se1_0.plan_id,
        se1_0.started_at,
        se1_0.status,
        se1_0.subscription_id,
        se1_0.trial_extension_used,
        se1_0.updated_at 
    from
        lunchpick_payment.subscription se1_0 
    where
        se1_0.member_id=? 
        and se1_0.status=?
2026-02-27 23:52:33 [http-nio-8083-exec-7] DEBUG c.u.l.p.c.j.JwtAuthenticationFilter - JWT 인증 완료 — memberId: 9e9447a9-3e25-4fcb-b374-8eb5a849bf87
2026-02-27 23:52:33 [http-nio-8083-exec-7] DEBUG org.hibernate.SQL - 
    /* <criteria> */ select
        se1_0.id,
        se1_0.cancel_reason,
        se1_0.cancel_reason_detail,
        se1_0.cancelled_at,
        se1_0.created_at,
        se1_0.current_period_ends_at,
        se1_0.member_id,
        se1_0.next_billing_at,
        se1_0.plan_id,
        se1_0.started_at,
        se1_0.status,
        se1_0.subscription_id,
        se1_0.trial_extension_used,
        se1_0.updated_at 
    from
        lunchpick_payment.subscription se1_0 
    where
        se1_0.member_id=? 
        and se1_0.status=?
2026-02-27 23:52:45 [http-nio-8083-exec-10] DEBUG c.u.l.p.c.j.JwtAuthenticationFilter - JWT 인증 완료 — memberId: 9e9447a9-3e25-4fcb-b374-8eb5a849bf87
2026-02-27 23:52:45 [http-nio-8083-exec-1] DEBUG c.u.l.p.c.j.JwtAuthenticationFilter - JWT 인증 완료 — memberId: 9e9447a9-3e25-4fcb-b374-8eb5a849bf87
2026-02-27 23:52:45 [http-nio-8083-exec-10] DEBUG c.u.l.p.s.i.SubscriptionServiceImpl - 구독 플랜 캐시 히트
2026-02-27 23:52:45 [http-nio-8083-exec-1] DEBUG org.hibernate.SQL - 
    /* <criteria> */ select
        se1_0.id,
        se1_0.cancel_reason,
        se1_0.cancel_reason_detail,
        se1_0.cancelled_at,
        se1_0.created_at,
        se1_0.current_period_ends_at,
        se1_0.member_id,
        se1_0.next_billing_at,
        se1_0.plan_id,
        se1_0.started_at,
        se1_0.status,
        se1_0.subscription_id,
        se1_0.trial_extension_used,
        se1_0.updated_at 
    from
        lunchpick_payment.subscription se1_0 
    where
        se1_0.member_id=? 
        and se1_0.status=?
2026-02-27 23:53:21 [http-nio-8083-exec-5] DEBUG c.u.l.p.c.j.JwtAuthenticationFilter - JWT 인증 완료 — memberId: 9e9447a9-3e25-4fcb-b374-8eb5a849bf87
2026-02-27 23:53:21 [http-nio-8083-exec-6] DEBUG c.u.l.p.c.j.JwtAuthenticationFilter - JWT 인증 완료 — memberId: 9e9447a9-3e25-4fcb-b374-8eb5a849bf87
2026-02-27 23:53:21 [http-nio-8083-exec-5] DEBUG org.hibernate.SQL - 
    /* <criteria> */ select
        se1_0.id,
        se1_0.cancel_reason,
        se1_0.cancel_reason_detail,
        se1_0.cancelled_at,
        se1_0.created_at,
        se1_0.current_period_ends_at,
        se1_0.member_id,
        se1_0.next_billing_at,
        se1_0.plan_id,
        se1_0.started_at,
        se1_0.status,
        se1_0.subscription_id,
        se1_0.trial_extension_used,
        se1_0.updated_at 
    from
        lunchpick_payment.subscription se1_0 
    where
        se1_0.member_id=? 
        and se1_0.status=?
2026-02-27 23:53:21 [http-nio-8083-exec-6] DEBUG c.u.l.p.s.i.SubscriptionServiceImpl - 구독 플랜 캐시 히트
2026-02-27 23:53:22 [http-nio-8083-exec-8] DEBUG c.u.l.p.c.j.JwtAuthenticationFilter - JWT 인증 완료 — memberId: 9e9447a9-3e25-4fcb-b374-8eb5a849bf87
2026-02-27 23:53:22 [http-nio-8083-exec-7] DEBUG c.u.l.p.c.j.JwtAuthenticationFilter - JWT 인증 완료 — memberId: 9e9447a9-3e25-4fcb-b374-8eb5a849bf87
2026-02-27 23:53:22 [http-nio-8083-exec-8] DEBUG c.u.l.p.s.i.SubscriptionServiceImpl - 구독 플랜 캐시 히트
2026-02-27 23:53:22 [http-nio-8083-exec-7] DEBUG org.hibernate.SQL - 
    /* <criteria> */ select
        se1_0.id,
        se1_0.cancel_reason,
        se1_0.cancel_reason_detail,
        se1_0.cancelled_at,
        se1_0.created_at,
        se1_0.current_period_ends_at,
        se1_0.member_id,
        se1_0.next_billing_at,
        se1_0.plan_id,
        se1_0.started_at,
        se1_0.status,
        se1_0.subscription_id,
        se1_0.trial_extension_used,
        se1_0.updated_at 
    from
        lunchpick_payment.subscription se1_0 
    where
        se1_0.member_id=? 
        and se1_0.status=?
2026-02-27 23:53:23 [http-nio-8083-exec-4] DEBUG c.u.l.p.c.j.JwtAuthenticationFilter - JWT 인증 완료 — memberId: 9e9447a9-3e25-4fcb-b374-8eb5a849bf87
2026-02-27 23:53:23 [http-nio-8083-exec-9] DEBUG c.u.l.p.c.j.JwtAuthenticationFilter - JWT 인증 완료 — memberId: 9e9447a9-3e25-4fcb-b374-8eb5a849bf87
2026-02-27 23:53:23 [http-nio-8083-exec-4] DEBUG c.u.l.p.s.i.SubscriptionServiceImpl - 구독 플랜 캐시 히트
2026-02-27 23:53:23 [http-nio-8083-exec-9] DEBUG org.hibernate.SQL - 
    /* <criteria> */ select
        se1_0.id,
        se1_0.cancel_reason,
        se1_0.cancel_reason_detail,
        se1_0.cancelled_at,
        se1_0.created_at,
        se1_0.current_period_ends_at,
        se1_0.member_id,
        se1_0.next_billing_at,
        se1_0.plan_id,
        se1_0.started_at,
        se1_0.status,
        se1_0.subscription_id,
        se1_0.trial_extension_used,
        se1_0.updated_at 
    from
        lunchpick_payment.subscription se1_0 
    where
        se1_0.member_id=? 
        and se1_0.status=?
2026-02-27 23:53:23 [http-nio-8083-exec-1] DEBUG c.u.l.p.c.j.JwtAuthenticationFilter - JWT 인증 완료 — memberId: 9e9447a9-3e25-4fcb-b374-8eb5a849bf87
2026-02-27 23:53:23 [http-nio-8083-exec-10] DEBUG c.u.l.p.c.j.JwtAuthenticationFilter - JWT 인증 완료 — memberId: 9e9447a9-3e25-4fcb-b374-8eb5a849bf87
2026-02-27 23:53:23 [http-nio-8083-exec-1] DEBUG org.hibernate.SQL - 
    /* <criteria> */ select
        se1_0.id,
        se1_0.cancel_reason,
        se1_0.cancel_reason_detail,
        se1_0.cancelled_at,
        se1_0.created_at,
        se1_0.current_period_ends_at,
        se1_0.member_id,
        se1_0.next_billing_at,
        se1_0.plan_id,
        se1_0.started_at,
        se1_0.status,
        se1_0.subscription_id,
        se1_0.trial_extension_used,
        se1_0.updated_at 
    from
        lunchpick_payment.subscription se1_0 
    where
        se1_0.member_id=? 
        and se1_0.status=?
2026-02-27 23:53:23 [http-nio-8083-exec-10] DEBUG c.u.l.p.s.i.SubscriptionServiceImpl - 구독 플랜 캐시 히트
2026-02-27 23:53:23 [http-nio-8083-exec-2] DEBUG c.u.l.p.c.j.JwtAuthenticationFilter - JWT 인증 완료 — memberId: 9e9447a9-3e25-4fcb-b374-8eb5a849bf87
2026-02-27 23:53:23 [http-nio-8083-exec-3] DEBUG c.u.l.p.c.j.JwtAuthenticationFilter - JWT 인증 완료 — memberId: 9e9447a9-3e25-4fcb-b374-8eb5a849bf87
2026-02-27 23:53:23 [http-nio-8083-exec-3] DEBUG org.hibernate.SQL - 
    /* <criteria> */ select
        se1_0.id,
        se1_0.cancel_reason,
        se1_0.cancel_reason_detail,
        se1_0.cancelled_at,
        se1_0.created_at,
        se1_0.current_period_ends_at,
        se1_0.member_id,
        se1_0.next_billing_at,
        se1_0.plan_id,
        se1_0.started_at,
        se1_0.status,
        se1_0.subscription_id,
        se1_0.trial_extension_used,
        se1_0.updated_at 
    from
        lunchpick_payment.subscription se1_0 
    where
        se1_0.member_id=? 
        and se1_0.status=?
2026-02-27 23:53:23 [http-nio-8083-exec-2] DEBUG c.u.l.p.s.i.SubscriptionServiceImpl - 구독 플랜 캐시 히트
2026-02-27 23:53:24 [http-nio-8083-exec-5] DEBUG c.u.l.p.c.j.JwtAuthenticationFilter - JWT 인증 완료 — memberId: 9e9447a9-3e25-4fcb-b374-8eb5a849bf87
2026-02-27 23:53:24 [http-nio-8083-exec-6] DEBUG c.u.l.p.c.j.JwtAuthenticationFilter - JWT 인증 완료 — memberId: 9e9447a9-3e25-4fcb-b374-8eb5a849bf87
2026-02-27 23:53:24 [http-nio-8083-exec-5] DEBUG org.hibernate.SQL - 
    /* <criteria> */ select
        se1_0.id,
        se1_0.cancel_reason,
        se1_0.cancel_reason_detail,
        se1_0.cancelled_at,
        se1_0.created_at,
        se1_0.current_period_ends_at,
        se1_0.member_id,
        se1_0.next_billing_at,
        se1_0.plan_id,
        se1_0.started_at,
        se1_0.status,
        se1_0.subscription_id,
        se1_0.trial_extension_used,
        se1_0.updated_at 
    from
        lunchpick_payment.subscription se1_0 
    where
        se1_0.member_id=? 
        and se1_0.status=?
2026-02-27 23:53:24 [http-nio-8083-exec-6] DEBUG c.u.l.p.s.i.SubscriptionServiceImpl - 구독 플랜 캐시 히트
2026-02-27 23:54:19 [http-nio-8083-exec-9] DEBUG c.u.l.p.c.j.JwtAuthenticationFilter - JWT 인증 완료 — memberId: 9e9447a9-3e25-4fcb-b374-8eb5a849bf87
2026-02-27 23:54:19 [http-nio-8083-exec-4] DEBUG c.u.l.p.c.j.JwtAuthenticationFilter - JWT 인증 완료 — memberId: 9e9447a9-3e25-4fcb-b374-8eb5a849bf87
2026-02-27 23:54:19 [http-nio-8083-exec-9] DEBUG c.u.l.p.s.i.SubscriptionServiceImpl - 구독 플랜 캐시 히트
2026-02-27 23:54:19 [http-nio-8083-exec-4] DEBUG org.hibernate.SQL - 
    /* <criteria> */ select
        se1_0.id,
        se1_0.cancel_reason,
        se1_0.cancel_reason_detail,
        se1_0.cancelled_at,
        se1_0.created_at,
        se1_0.current_period_ends_at,
        se1_0.member_id,
        se1_0.next_billing_at,
        se1_0.plan_id,
        se1_0.started_at,
        se1_0.status,
        se1_0.subscription_id,
        se1_0.trial_extension_used,
        se1_0.updated_at 
    from
        lunchpick_payment.subscription se1_0 
    where
        se1_0.member_id=? 
        and se1_0.status=?
