2026-02-27 06:00:05 [main] INFO  c.u.l.member.MemberApplication - Starting MemberApplication using Java 21 with PID 48732 (C:\Users\hiond\workspace\lunch-menu-recommender\member-service\build\classes\java\main started by hiond in C:\Users\hiond\workspace\lunch-menu-recommender\member-service)
2026-02-27 06:00:05 [main] DEBUG c.u.l.member.MemberApplication - Running with Spring Boot v3.4.1, Spring v6.2.1
2026-02-27 06:00:05 [main] INFO  c.u.l.member.MemberApplication - The following 1 profile is active: "dev"
2026-02-27 06:00:06 [main] INFO  o.s.d.r.c.RepositoryConfigurationDelegate - Multiple Spring Data modules found, entering strict repository configuration mode
2026-02-27 06:00:06 [main] INFO  o.s.d.r.c.RepositoryConfigurationDelegate - Bootstrapping Spring Data JPA repositories in DEFAULT mode.
2026-02-27 06:00:06 [main] INFO  o.s.d.r.c.RepositoryConfigurationDelegate - Finished Spring Data repository scanning in 71 ms. Found 4 JPA repository interfaces.
2026-02-27 06:00:06 [main] INFO  o.s.d.r.c.RepositoryConfigurationDelegate - Multiple Spring Data modules found, entering strict repository configuration mode
2026-02-27 06:00:06 [main] INFO  o.s.d.r.c.RepositoryConfigurationDelegate - Bootstrapping Spring Data Redis repositories in DEFAULT mode.
2026-02-27 06:00:06 [main] INFO  o.s.d.r.c.RepositoryConfigurationExtensionSupport - Spring Data Redis - Could not safely identify store assignment for repository candidate interface com.unicorn.lunchpick.member.repository.jpa.DietaryRestrictionRepository; If you want this repository to be a Redis repository, consider annotating your entities with one of these annotations: org.springframework.data.redis.core.RedisHash (preferred), or consider extending one of the following types with your repository: org.springframework.data.keyvalue.repository.KeyValueRepository
2026-02-27 06:00:06 [main] INFO  o.s.d.r.c.RepositoryConfigurationExtensionSupport - Spring Data Redis - Could not safely identify store assignment for repository candidate interface com.unicorn.lunchpick.member.repository.jpa.LocationConsentRepository; If you want this repository to be a Redis repository, consider annotating your entities with one of these annotations: org.springframework.data.redis.core.RedisHash (preferred), or consider extending one of the following types with your repository: org.springframework.data.keyvalue.repository.KeyValueRepository
2026-02-27 06:00:06 [main] INFO  o.s.d.r.c.RepositoryConfigurationExtensionSupport - Spring Data Redis - Could not safely identify store assignment for repository candidate interface com.unicorn.lunchpick.member.repository.jpa.MemberRepository; If you want this repository to be a Redis repository, consider annotating your entities with one of these annotations: org.springframework.data.redis.core.RedisHash (preferred), or consider extending one of the following types with your repository: org.springframework.data.keyvalue.repository.KeyValueRepository
2026-02-27 06:00:06 [main] INFO  o.s.d.r.c.RepositoryConfigurationExtensionSupport - Spring Data Redis - Could not safely identify store assignment for repository candidate interface com.unicorn.lunchpick.member.repository.jpa.TasteProfileRepository; If you want this repository to be a Redis repository, consider annotating your entities with one of these annotations: org.springframework.data.redis.core.RedisHash (preferred), or consider extending one of the following types with your repository: org.springframework.data.keyvalue.repository.KeyValueRepository
2026-02-27 06:00:06 [main] INFO  o.s.d.r.c.RepositoryConfigurationDelegate - Finished Spring Data repository scanning in 12 ms. Found 0 Redis repository interfaces.
2026-02-27 06:00:06 [main] INFO  o.s.cloud.context.scope.GenericScope - BeanFactory id=553654bf-211d-3f3f-ba18-0e2dc1ff19bc
2026-02-27 06:00:07 [main] INFO  o.s.b.w.e.tomcat.TomcatWebServer - Tomcat initialized with port 8081 (http)
2026-02-27 06:00:07 [main] INFO  o.a.catalina.core.StandardService - Starting service [Tomcat]
2026-02-27 06:00:07 [main] INFO  o.a.catalina.core.StandardEngine - Starting Servlet engine: [Apache Tomcat/10.1.34]
2026-02-27 06:00:07 [main] INFO  o.a.c.c.C.[Tomcat].[localhost].[/] - Initializing Spring embedded WebApplicationContext
2026-02-27 06:00:07 [main] INFO  o.s.b.w.s.c.ServletWebServerApplicationContext - Root WebApplicationContext: initialization completed in 1313 ms
2026-02-27 06:00:07 [main] INFO  o.h.jpa.internal.util.LogHelper - HHH000204: Processing PersistenceUnitInfo [name: default]
2026-02-27 06:00:07 [main] INFO  org.hibernate.Version - HHH000412: Hibernate ORM core version 6.6.4.Final
2026-02-27 06:00:07 [main] INFO  o.h.c.i.RegionFactoryInitiator - HHH000026: Second-level cache disabled
2026-02-27 06:00:07 [main] DEBUG o.hibernate.type.BasicTypeRegistry - Adding type registration boolean -> org.hibernate.type.BasicTypeReference@11d422fd
2026-02-27 06:00:07 [main] DEBUG o.hibernate.type.BasicTypeRegistry - Adding type registration boolean -> org.hibernate.type.BasicTypeReference@11d422fd
2026-02-27 06:00:07 [main] DEBUG o.hibernate.type.BasicTypeRegistry - Adding type registration java.lang.Boolean -> org.hibernate.type.BasicTypeReference@11d422fd
2026-02-27 06:00:07 [main] DEBUG o.hibernate.type.BasicTypeRegistry - Adding type registration numeric_boolean -> org.hibernate.type.BasicTypeReference@6e489bb8
2026-02-27 06:00:07 [main] DEBUG o.hibernate.type.BasicTypeRegistry - Adding type registration org.hibernate.type.NumericBooleanConverter -> org.hibernate.type.BasicTypeReference@6e489bb8
2026-02-27 06:00:07 [main] DEBUG o.hibernate.type.BasicTypeRegistry - Adding type registration true_false -> org.hibernate.type.BasicTypeReference@1331d6fd
2026-02-27 06:00:07 [main] DEBUG o.hibernate.type.BasicTypeRegistry - Adding type registration org.hibernate.type.TrueFalseConverter -> org.hibernate.type.BasicTypeReference@1331d6fd
2026-02-27 06:00:07 [main] DEBUG o.hibernate.type.BasicTypeRegistry - Adding type registration yes_no -> org.hibernate.type.BasicTypeReference@6b6c0b7c
2026-02-27 06:00:07 [main] DEBUG o.hibernate.type.BasicTypeRegistry - Adding type registration org.hibernate.type.YesNoConverter -> org.hibernate.type.BasicTypeReference@6b6c0b7c
2026-02-27 06:00:07 [main] DEBUG o.hibernate.type.BasicTypeRegistry - Adding type registration byte -> org.hibernate.type.BasicTypeReference@5b1f0f26
2026-02-27 06:00:07 [main] DEBUG o.hibernate.type.BasicTypeRegistry - Adding type registration byte -> org.hibernate.type.BasicTypeReference@5b1f0f26
2026-02-27 06:00:07 [main] DEBUG o.hibernate.type.BasicTypeRegistry - Adding type registration java.lang.Byte -> org.hibernate.type.BasicTypeReference@5b1f0f26
2026-02-27 06:00:07 [main] DEBUG o.hibernate.type.BasicTypeRegistry - Adding type registration binary -> org.hibernate.type.BasicTypeReference@7120daa6
2026-02-27 06:00:07 [main] DEBUG o.hibernate.type.BasicTypeRegistry - Adding type registration byte[] -> org.hibernate.type.BasicTypeReference@7120daa6
2026-02-27 06:00:07 [main] DEBUG o.hibernate.type.BasicTypeRegistry - Adding type registration [B -> org.hibernate.type.BasicTypeReference@7120daa6
2026-02-27 06:00:07 [main] DEBUG o.hibernate.type.BasicTypeRegistry - Adding type registration binary_wrapper -> org.hibernate.type.BasicTypeReference@6cbb6c41
2026-02-27 06:00:07 [main] DEBUG o.hibernate.type.BasicTypeRegistry - Adding type registration wrapper-binary -> org.hibernate.type.BasicTypeReference@6cbb6c41
2026-02-27 06:00:07 [main] DEBUG o.hibernate.type.BasicTypeRegistry - Adding type registration image -> org.hibernate.type.BasicTypeReference@6787bd41
2026-02-27 06:00:07 [main] DEBUG o.hibernate.type.BasicTypeRegistry - Adding type registration blob -> org.hibernate.type.BasicTypeReference@44c2e8a8
2026-02-27 06:00:07 [main] DEBUG o.hibernate.type.BasicTypeRegistry - Adding type registration java.sql.Blob -> org.hibernate.type.BasicTypeReference@44c2e8a8
2026-02-27 06:00:07 [main] DEBUG o.hibernate.type.BasicTypeRegistry - Adding type registration materialized_blob -> org.hibernate.type.BasicTypeReference@3340ff7c
2026-02-27 06:00:07 [main] DEBUG o.hibernate.type.BasicTypeRegistry - Adding type registration materialized_blob_wrapper -> org.hibernate.type.BasicTypeReference@42e4431
2026-02-27 06:00:07 [main] DEBUG o.hibernate.type.BasicTypeRegistry - Adding type registration short -> org.hibernate.type.BasicTypeReference@5e198c40
2026-02-27 06:00:07 [main] DEBUG o.hibernate.type.BasicTypeRegistry - Adding type registration short -> org.hibernate.type.BasicTypeReference@5e198c40
2026-02-27 06:00:07 [main] DEBUG o.hibernate.type.BasicTypeRegistry - Adding type registration java.lang.Short -> org.hibernate.type.BasicTypeReference@5e198c40
2026-02-27 06:00:07 [main] DEBUG o.hibernate.type.BasicTypeRegistry - Adding type registration integer -> org.hibernate.type.BasicTypeReference@dcdb883
2026-02-27 06:00:07 [main] DEBUG o.hibernate.type.BasicTypeRegistry - Adding type registration int -> org.hibernate.type.BasicTypeReference@dcdb883
2026-02-27 06:00:07 [main] DEBUG o.hibernate.type.BasicTypeRegistry - Adding type registration java.lang.Integer -> org.hibernate.type.BasicTypeReference@dcdb883
2026-02-27 06:00:07 [main] DEBUG o.hibernate.type.BasicTypeRegistry - Adding type registration long -> org.hibernate.type.BasicTypeReference@39420d59
2026-02-27 06:00:07 [main] DEBUG o.hibernate.type.BasicTypeRegistry - Adding type registration long -> org.hibernate.type.BasicTypeReference@39420d59
2026-02-27 06:00:07 [main] DEBUG o.hibernate.type.BasicTypeRegistry - Adding type registration java.lang.Long -> org.hibernate.type.BasicTypeReference@39420d59
2026-02-27 06:00:07 [main] DEBUG o.hibernate.type.BasicTypeRegistry - Adding type registration float -> org.hibernate.type.BasicTypeReference@4fbbd98c
2026-02-27 06:00:07 [main] DEBUG o.hibernate.type.BasicTypeRegistry - Adding type registration float -> org.hibernate.type.BasicTypeReference@4fbbd98c
2026-02-27 06:00:07 [main] DEBUG o.hibernate.type.BasicTypeRegistry - Adding type registration java.lang.Float -> org.hibernate.type.BasicTypeReference@4fbbd98c
2026-02-27 06:00:07 [main] DEBUG o.hibernate.type.BasicTypeRegistry - Adding type registration double -> org.hibernate.type.BasicTypeReference@5dd227b7
2026-02-27 06:00:07 [main] DEBUG o.hibernate.type.BasicTypeRegistry - Adding type registration double -> org.hibernate.type.BasicTypeReference@5dd227b7
2026-02-27 06:00:07 [main] DEBUG o.hibernate.type.BasicTypeRegistry - Adding type registration java.lang.Double -> org.hibernate.type.BasicTypeReference@5dd227b7
2026-02-27 06:00:07 [main] DEBUG o.hibernate.type.BasicTypeRegistry - Adding type registration big_integer -> org.hibernate.type.BasicTypeReference@3d3b852e
2026-02-27 06:00:07 [main] DEBUG o.hibernate.type.BasicTypeRegistry - Adding type registration java.math.BigInteger -> org.hibernate.type.BasicTypeReference@3d3b852e
2026-02-27 06:00:07 [main] DEBUG o.hibernate.type.BasicTypeRegistry - Adding type registration big_decimal -> org.hibernate.type.BasicTypeReference@14ba7f15
2026-02-27 06:00:07 [main] DEBUG o.hibernate.type.BasicTypeRegistry - Adding type registration java.math.BigDecimal -> org.hibernate.type.BasicTypeReference@14ba7f15
2026-02-27 06:00:07 [main] DEBUG o.hibernate.type.BasicTypeRegistry - Adding type registration character -> org.hibernate.type.BasicTypeReference@55cb3b7
2026-02-27 06:00:07 [main] DEBUG o.hibernate.type.BasicTypeRegistry - Adding type registration char -> org.hibernate.type.BasicTypeReference@55cb3b7
2026-02-27 06:00:07 [main] DEBUG o.hibernate.type.BasicTypeRegistry - Adding type registration java.lang.Character -> org.hibernate.type.BasicTypeReference@55cb3b7
2026-02-27 06:00:07 [main] DEBUG o.hibernate.type.BasicTypeRegistry - Adding type registration character_nchar -> org.hibernate.type.BasicTypeReference@497fd334
2026-02-27 06:00:07 [main] DEBUG o.hibernate.type.BasicTypeRegistry - Adding type registration string -> org.hibernate.type.BasicTypeReference@280c3dc0
2026-02-27 06:00:07 [main] DEBUG o.hibernate.type.BasicTypeRegistry - Adding type registration java.lang.String -> org.hibernate.type.BasicTypeReference@280c3dc0
2026-02-27 06:00:07 [main] DEBUG o.hibernate.type.BasicTypeRegistry - Adding type registration nstring -> org.hibernate.type.BasicTypeReference@6f89ad03
2026-02-27 06:00:07 [main] DEBUG o.hibernate.type.BasicTypeRegistry - Adding type registration characters -> org.hibernate.type.BasicTypeReference@f287a4e
2026-02-27 06:00:07 [main] DEBUG o.hibernate.type.BasicTypeRegistry - Adding type registration char[] -> org.hibernate.type.BasicTypeReference@f287a4e
2026-02-27 06:00:07 [main] DEBUG o.hibernate.type.BasicTypeRegistry - Adding type registration [C -> org.hibernate.type.BasicTypeReference@f287a4e
2026-02-27 06:00:07 [main] DEBUG o.hibernate.type.BasicTypeRegistry - Adding type registration wrapper-characters -> org.hibernate.type.BasicTypeReference@3879feec
2026-02-27 06:00:07 [main] DEBUG o.hibernate.type.BasicTypeRegistry - Adding type registration text -> org.hibernate.type.BasicTypeReference@71d2261e
2026-02-27 06:00:07 [main] DEBUG o.hibernate.type.BasicTypeRegistry - Adding type registration ntext -> org.hibernate.type.BasicTypeReference@53917c92
2026-02-27 06:00:07 [main] DEBUG o.hibernate.type.BasicTypeRegistry - Adding type registration clob -> org.hibernate.type.BasicTypeReference@1fa796a4
2026-02-27 06:00:07 [main] DEBUG o.hibernate.type.BasicTypeRegistry - Adding type registration java.sql.Clob -> org.hibernate.type.BasicTypeReference@1fa796a4
2026-02-27 06:00:07 [main] DEBUG o.hibernate.type.BasicTypeRegistry - Adding type registration nclob -> org.hibernate.type.BasicTypeReference@68de8522
2026-02-27 06:00:07 [main] DEBUG o.hibernate.type.BasicTypeRegistry - Adding type registration java.sql.NClob -> org.hibernate.type.BasicTypeReference@68de8522
2026-02-27 06:00:07 [main] DEBUG o.hibernate.type.BasicTypeRegistry - Adding type registration materialized_clob -> org.hibernate.type.BasicTypeReference@8dcacf1
2026-02-27 06:00:07 [main] DEBUG o.hibernate.type.BasicTypeRegistry - Adding type registration materialized_clob_char_array -> org.hibernate.type.BasicTypeReference@50f13494
2026-02-27 06:00:07 [main] DEBUG o.hibernate.type.BasicTypeRegistry - Adding type registration materialized_clob_character_array -> org.hibernate.type.BasicTypeReference@73c09a98
2026-02-27 06:00:07 [main] DEBUG o.hibernate.type.BasicTypeRegistry - Adding type registration materialized_nclob -> org.hibernate.type.BasicTypeReference@6f2bf657
2026-02-27 06:00:07 [main] DEBUG o.hibernate.type.BasicTypeRegistry - Adding type registration materialized_nclob_character_array -> org.hibernate.type.BasicTypeReference@27d6467
2026-02-27 06:00:07 [main] DEBUG o.hibernate.type.BasicTypeRegistry - Adding type registration materialized_nclob_char_array -> org.hibernate.type.BasicTypeReference@5bf1b528
2026-02-27 06:00:07 [main] DEBUG o.hibernate.type.BasicTypeRegistry - Adding type registration Duration -> org.hibernate.type.BasicTypeReference@2c92f094
2026-02-27 06:00:07 [main] DEBUG o.hibernate.type.BasicTypeRegistry - Adding type registration java.time.Duration -> org.hibernate.type.BasicTypeReference@2c92f094
2026-02-27 06:00:07 [main] DEBUG o.hibernate.type.BasicTypeRegistry - Adding type registration LocalDateTime -> org.hibernate.type.BasicTypeReference@1c3b221f
2026-02-27 06:00:07 [main] DEBUG o.hibernate.type.BasicTypeRegistry - Adding type registration java.time.LocalDateTime -> org.hibernate.type.BasicTypeReference@1c3b221f
2026-02-27 06:00:07 [main] DEBUG o.hibernate.type.BasicTypeRegistry - Adding type registration LocalDate -> org.hibernate.type.BasicTypeReference@750c23a3
2026-02-27 06:00:07 [main] DEBUG o.hibernate.type.BasicTypeRegistry - Adding type registration java.time.LocalDate -> org.hibernate.type.BasicTypeReference@750c23a3
2026-02-27 06:00:07 [main] DEBUG o.hibernate.type.BasicTypeRegistry - Adding type registration LocalTime -> org.hibernate.type.BasicTypeReference@238280df
2026-02-27 06:00:07 [main] DEBUG o.hibernate.type.BasicTypeRegistry - Adding type registration java.time.LocalTime -> org.hibernate.type.BasicTypeReference@238280df
2026-02-27 06:00:07 [main] DEBUG o.hibernate.type.BasicTypeRegistry - Adding type registration OffsetDateTime -> org.hibernate.type.BasicTypeReference@182fd26b
2026-02-27 06:00:07 [main] DEBUG o.hibernate.type.BasicTypeRegistry - Adding type registration java.time.OffsetDateTime -> org.hibernate.type.BasicTypeReference@182fd26b
2026-02-27 06:00:07 [main] DEBUG o.hibernate.type.BasicTypeRegistry - Adding type registration OffsetDateTimeWithTimezone -> org.hibernate.type.BasicTypeReference@5dc120ab
2026-02-27 06:00:07 [main] DEBUG o.hibernate.type.BasicTypeRegistry - Adding type registration OffsetDateTimeWithoutTimezone -> org.hibernate.type.BasicTypeReference@49c4118b
2026-02-27 06:00:07 [main] DEBUG o.hibernate.type.BasicTypeRegistry - Adding type registration OffsetTime -> org.hibernate.type.BasicTypeReference@7ef7f414
2026-02-27 06:00:07 [main] DEBUG o.hibernate.type.BasicTypeRegistry - Adding type registration java.time.OffsetTime -> org.hibernate.type.BasicTypeReference@7ef7f414
2026-02-27 06:00:07 [main] DEBUG o.hibernate.type.BasicTypeRegistry - Adding type registration OffsetTimeUtc -> org.hibernate.type.BasicTypeReference@182dcd2b
2026-02-27 06:00:07 [main] DEBUG o.hibernate.type.BasicTypeRegistry - Adding type registration OffsetTimeWithTimezone -> org.hibernate.type.BasicTypeReference@4c3d72fd
2026-02-27 06:00:07 [main] DEBUG o.hibernate.type.BasicTypeRegistry - Adding type registration OffsetTimeWithoutTimezone -> org.hibernate.type.BasicTypeReference@259c6ab8
2026-02-27 06:00:07 [main] DEBUG o.hibernate.type.BasicTypeRegistry - Adding type registration ZonedDateTime -> org.hibernate.type.BasicTypeReference@640a6d4b
2026-02-27 06:00:07 [main] DEBUG o.hibernate.type.BasicTypeRegistry - Adding type registration java.time.ZonedDateTime -> org.hibernate.type.BasicTypeReference@640a6d4b
2026-02-27 06:00:07 [main] DEBUG o.hibernate.type.BasicTypeRegistry - Adding type registration ZonedDateTimeWithTimezone -> org.hibernate.type.BasicTypeReference@1238a074
2026-02-27 06:00:07 [main] DEBUG o.hibernate.type.BasicTypeRegistry - Adding type registration ZonedDateTimeWithoutTimezone -> org.hibernate.type.BasicTypeReference@35b58254
2026-02-27 06:00:07 [main] DEBUG o.hibernate.type.BasicTypeRegistry - Adding type registration date -> org.hibernate.type.BasicTypeReference@73baf7f0
2026-02-27 06:00:07 [main] DEBUG o.hibernate.type.BasicTypeRegistry - Adding type registration java.sql.Date -> org.hibernate.type.BasicTypeReference@73baf7f0
2026-02-27 06:00:07 [main] DEBUG o.hibernate.type.BasicTypeRegistry - Adding type registration time -> org.hibernate.type.BasicTypeReference@446dacf9
2026-02-27 06:00:07 [main] DEBUG o.hibernate.type.BasicTypeRegistry - Adding type registration java.sql.Time -> org.hibernate.type.BasicTypeReference@446dacf9
2026-02-27 06:00:07 [main] DEBUG o.hibernate.type.BasicTypeRegistry - Adding type registration timestamp -> org.hibernate.type.BasicTypeReference@13018f00
2026-02-27 06:00:07 [main] DEBUG o.hibernate.type.BasicTypeRegistry - Adding type registration java.sql.Timestamp -> org.hibernate.type.BasicTypeReference@13018f00
2026-02-27 06:00:07 [main] DEBUG o.hibernate.type.BasicTypeRegistry - Adding type registration java.util.Date -> org.hibernate.type.BasicTypeReference@13018f00
2026-02-27 06:00:07 [main] DEBUG o.hibernate.type.BasicTypeRegistry - Adding type registration calendar -> org.hibernate.type.BasicTypeReference@abf1816
2026-02-27 06:00:07 [main] DEBUG o.hibernate.type.BasicTypeRegistry - Adding type registration java.util.Calendar -> org.hibernate.type.BasicTypeReference@abf1816
2026-02-27 06:00:07 [main] DEBUG o.hibernate.type.BasicTypeRegistry - Adding type registration java.util.GregorianCalendar -> org.hibernate.type.BasicTypeReference@abf1816
2026-02-27 06:00:07 [main] DEBUG o.hibernate.type.BasicTypeRegistry - Adding type registration calendar_date -> org.hibernate.type.BasicTypeReference@2e1e7bc6
2026-02-27 06:00:07 [main] DEBUG o.hibernate.type.BasicTypeRegistry - Adding type registration calendar_time -> org.hibernate.type.BasicTypeReference@7bd1098
2026-02-27 06:00:07 [main] DEBUG o.hibernate.type.BasicTypeRegistry - Adding type registration instant -> org.hibernate.type.BasicTypeReference@185bf6e0
2026-02-27 06:00:07 [main] DEBUG o.hibernate.type.BasicTypeRegistry - Adding type registration java.time.Instant -> org.hibernate.type.BasicTypeReference@185bf6e0
2026-02-27 06:00:07 [main] DEBUG o.hibernate.type.BasicTypeRegistry - Adding type registration uuid -> org.hibernate.type.BasicTypeReference@6a562255
2026-02-27 06:00:07 [main] DEBUG o.hibernate.type.BasicTypeRegistry - Adding type registration java.util.UUID -> org.hibernate.type.BasicTypeReference@6a562255
2026-02-27 06:00:07 [main] DEBUG o.hibernate.type.BasicTypeRegistry - Adding type registration pg-uuid -> org.hibernate.type.BasicTypeReference@6a562255
2026-02-27 06:00:07 [main] DEBUG o.hibernate.type.BasicTypeRegistry - Adding type registration uuid-binary -> org.hibernate.type.BasicTypeReference@374ba492
2026-02-27 06:00:07 [main] DEBUG o.hibernate.type.BasicTypeRegistry - Adding type registration uuid-char -> org.hibernate.type.BasicTypeReference@581d5b33
2026-02-27 06:00:07 [main] DEBUG o.hibernate.type.BasicTypeRegistry - Adding type registration class -> org.hibernate.type.BasicTypeReference@1f365a26
2026-02-27 06:00:07 [main] DEBUG o.hibernate.type.BasicTypeRegistry - Adding type registration java.lang.Class -> org.hibernate.type.BasicTypeReference@1f365a26
2026-02-27 06:00:07 [main] DEBUG o.hibernate.type.BasicTypeRegistry - Adding type registration currency -> org.hibernate.type.BasicTypeReference@44a9971f
2026-02-27 06:00:07 [main] DEBUG o.hibernate.type.BasicTypeRegistry - Adding type registration Currency -> org.hibernate.type.BasicTypeReference@44a9971f
2026-02-27 06:00:07 [main] DEBUG o.hibernate.type.BasicTypeRegistry - Adding type registration java.util.Currency -> org.hibernate.type.BasicTypeReference@44a9971f
2026-02-27 06:00:07 [main] DEBUG o.hibernate.type.BasicTypeRegistry - Adding type registration locale -> org.hibernate.type.BasicTypeReference@2e2cd42c
2026-02-27 06:00:07 [main] DEBUG o.hibernate.type.BasicTypeRegistry - Adding type registration java.util.Locale -> org.hibernate.type.BasicTypeReference@2e2cd42c
2026-02-27 06:00:07 [main] DEBUG o.hibernate.type.BasicTypeRegistry - Adding type registration serializable -> org.hibernate.type.BasicTypeReference@1cdad619
2026-02-27 06:00:07 [main] DEBUG o.hibernate.type.BasicTypeRegistry - Adding type registration java.io.Serializable -> org.hibernate.type.BasicTypeReference@1cdad619
2026-02-27 06:00:07 [main] DEBUG o.hibernate.type.BasicTypeRegistry - Adding type registration timezone -> org.hibernate.type.BasicTypeReference@319058ce
2026-02-27 06:00:07 [main] DEBUG o.hibernate.type.BasicTypeRegistry - Adding type registration java.util.TimeZone -> org.hibernate.type.BasicTypeReference@319058ce
2026-02-27 06:00:07 [main] DEBUG o.hibernate.type.BasicTypeRegistry - Adding type registration ZoneOffset -> org.hibernate.type.BasicTypeReference@3909308c
2026-02-27 06:00:07 [main] DEBUG o.hibernate.type.BasicTypeRegistry - Adding type registration java.time.ZoneOffset -> org.hibernate.type.BasicTypeReference@3909308c
2026-02-27 06:00:07 [main] DEBUG o.hibernate.type.BasicTypeRegistry - Adding type registration url -> org.hibernate.type.BasicTypeReference@71cc0e35
2026-02-27 06:00:07 [main] DEBUG o.hibernate.type.BasicTypeRegistry - Adding type registration java.net.URL -> org.hibernate.type.BasicTypeReference@71cc0e35
2026-02-27 06:00:07 [main] DEBUG o.hibernate.type.BasicTypeRegistry - Adding type registration vector -> org.hibernate.type.BasicTypeReference@3b6c740b
2026-02-27 06:00:07 [main] DEBUG o.hibernate.type.BasicTypeRegistry - Adding type registration float_vector -> org.hibernate.type.BasicTypeReference@8091d80
2026-02-27 06:00:07 [main] DEBUG o.hibernate.type.BasicTypeRegistry - Adding type registration double_vector -> org.hibernate.type.BasicTypeReference@78f4d15d
2026-02-27 06:00:07 [main] DEBUG o.hibernate.type.BasicTypeRegistry - Adding type registration byte_vector -> org.hibernate.type.BasicTypeReference@6958d5d0
2026-02-27 06:00:07 [main] DEBUG o.hibernate.type.BasicTypeRegistry - Adding type registration row_version -> org.hibernate.type.BasicTypeReference@314c28dc
2026-02-27 06:00:07 [main] DEBUG o.hibernate.type.BasicTypeRegistry - Adding type registration object -> org.hibernate.type.JavaObjectType@6033f36c
2026-02-27 06:00:07 [main] DEBUG o.hibernate.type.BasicTypeRegistry - Adding type registration java.lang.Object -> org.hibernate.type.JavaObjectType@6033f36c
2026-02-27 06:00:07 [main] DEBUG o.hibernate.type.BasicTypeRegistry - Adding type registration null -> org.hibernate.type.NullType@71de1091
2026-02-27 06:00:07 [main] DEBUG o.hibernate.type.BasicTypeRegistry - Adding type registration imm_date -> org.hibernate.type.BasicTypeReference@25c16cf7
2026-02-27 06:00:07 [main] DEBUG o.hibernate.type.BasicTypeRegistry - Adding type registration imm_time -> org.hibernate.type.BasicTypeReference@53dbe7b2
2026-02-27 06:00:07 [main] DEBUG o.hibernate.type.BasicTypeRegistry - Adding type registration imm_timestamp -> org.hibernate.type.BasicTypeReference@520ec7a7
2026-02-27 06:00:07 [main] DEBUG o.hibernate.type.BasicTypeRegistry - Adding type registration imm_calendar -> org.hibernate.type.BasicTypeReference@53551fef
2026-02-27 06:00:07 [main] DEBUG o.hibernate.type.BasicTypeRegistry - Adding type registration imm_calendar_date -> org.hibernate.type.BasicTypeReference@7d5d77a6
2026-02-27 06:00:07 [main] DEBUG o.hibernate.type.BasicTypeRegistry - Adding type registration imm_calendar_time -> org.hibernate.type.BasicTypeReference@71b7e9c8
2026-02-27 06:00:07 [main] DEBUG o.hibernate.type.BasicTypeRegistry - Adding type registration imm_binary -> org.hibernate.type.BasicTypeReference@55202ba6
2026-02-27 06:00:07 [main] DEBUG o.hibernate.type.BasicTypeRegistry - Adding type registration imm_serializable -> org.hibernate.type.BasicTypeReference@2ef1fc8a
2026-02-27 06:00:07 [main] INFO  o.s.o.j.p.SpringPersistenceUnitInfo - No LoadTimeWeaver setup: ignoring JPA class transformer
2026-02-27 06:00:07 [main] INFO  com.zaxxer.hikari.HikariDataSource - HikariPool-1 - Starting...
2026-02-27 06:00:07 [main] INFO  com.zaxxer.hikari.pool.HikariPool - HikariPool-1 - Added connection org.postgresql.jdbc.PgConnection@ec70725
2026-02-27 06:00:07 [main] INFO  com.zaxxer.hikari.HikariDataSource - HikariPool-1 - Start completed.
2026-02-27 06:00:07 [main] INFO  o.hibernate.orm.connections.pooling - HHH10001005: Database info:
	Database JDBC URL [Connecting through datasource 'HikariDataSource (HikariPool-1)']
	Database driver: undefined/unknown
	Database version: 16.12
	Autocommit mode: undefined/unknown
	Isolation level: undefined/unknown
	Minimum pool size: undefined/unknown
	Maximum pool size: undefined/unknown
2026-02-27 06:00:07 [main] DEBUG o.h.t.d.sql.spi.DdlTypeRegistry - addDescriptor(2003, org.hibernate.type.descriptor.sql.internal.ArrayDdlTypeImpl@4629dde5) replaced previous registration(org.hibernate.type.descriptor.sql.internal.ArrayDdlTypeImpl@7e35d743)
2026-02-27 06:00:07 [main] DEBUG o.h.t.d.sql.spi.DdlTypeRegistry - addDescriptor(6, org.hibernate.type.descriptor.sql.internal.CapacityDependentDdlType@63b2418e) replaced previous registration(org.hibernate.type.descriptor.sql.internal.DdlTypeImpl@70d16858)
2026-02-27 06:00:07 [main] DEBUG o.h.t.d.jdbc.spi.JdbcTypeRegistry - addDescriptor(2004, BlobTypeDescriptor(BLOB_BINDING)) replaced previous registration(BlobTypeDescriptor(DEFAULT))
2026-02-27 06:00:07 [main] DEBUG o.h.t.d.jdbc.spi.JdbcTypeRegistry - addDescriptor(2005, ClobTypeDescriptor(CLOB_BINDING)) replaced previous registration(ClobTypeDescriptor(DEFAULT))
2026-02-27 06:00:07 [main] DEBUG o.hibernate.type.BasicTypeRegistry - Adding type registration JAVA_OBJECT -> org.hibernate.type.JavaObjectType@623ed5ed
2026-02-27 06:00:07 [main] DEBUG o.hibernate.type.BasicTypeRegistry - Adding type registration java.lang.Object -> org.hibernate.type.JavaObjectType@623ed5ed
2026-02-27 06:00:07 [main] DEBUG o.hibernate.type.BasicTypeRegistry - Type registration key [java.lang.Object] overrode previous entry : `org.hibernate.type.JavaObjectType@6033f36c`
2026-02-27 06:00:07 [main] DEBUG o.hibernate.type.BasicTypeRegistry - Adding type registration org.hibernate.type.DurationType -> basicType@1(java.time.Duration,3015)
2026-02-27 06:00:07 [main] DEBUG o.hibernate.type.BasicTypeRegistry - Adding type registration Duration -> basicType@1(java.time.Duration,3015)
2026-02-27 06:00:07 [main] DEBUG o.hibernate.type.BasicTypeRegistry - Adding type registration java.time.Duration -> basicType@1(java.time.Duration,3015)
2026-02-27 06:00:07 [main] DEBUG o.hibernate.type.BasicTypeRegistry - Adding type registration org.hibernate.type.OffsetDateTimeType -> basicType@2(java.time.OffsetDateTime,3003)
2026-02-27 06:00:07 [main] DEBUG o.hibernate.type.BasicTypeRegistry - Adding type registration OffsetDateTime -> basicType@2(java.time.OffsetDateTime,3003)
2026-02-27 06:00:07 [main] DEBUG o.hibernate.type.BasicTypeRegistry - Adding type registration java.time.OffsetDateTime -> basicType@2(java.time.OffsetDateTime,3003)
2026-02-27 06:00:07 [main] DEBUG o.hibernate.type.BasicTypeRegistry - Adding type registration org.hibernate.type.ZonedDateTimeType -> basicType@3(java.time.ZonedDateTime,3003)
2026-02-27 06:00:07 [main] DEBUG o.hibernate.type.BasicTypeRegistry - Adding type registration ZonedDateTime -> basicType@3(java.time.ZonedDateTime,3003)
2026-02-27 06:00:07 [main] DEBUG o.hibernate.type.BasicTypeRegistry - Adding type registration java.time.ZonedDateTime -> basicType@3(java.time.ZonedDateTime,3003)
2026-02-27 06:00:07 [main] DEBUG o.hibernate.type.BasicTypeRegistry - Adding type registration org.hibernate.type.OffsetTimeType -> basicType@4(java.time.OffsetTime,3007)
2026-02-27 06:00:07 [main] DEBUG o.hibernate.type.BasicTypeRegistry - Adding type registration OffsetTime -> basicType@4(java.time.OffsetTime,3007)
2026-02-27 06:00:07 [main] DEBUG o.hibernate.type.BasicTypeRegistry - Adding type registration java.time.OffsetTime -> basicType@4(java.time.OffsetTime,3007)
2026-02-27 06:00:07 [main] DEBUG o.h.type.spi.TypeConfiguration$Scope - Scoping TypeConfiguration [org.hibernate.type.spi.TypeConfiguration@7e5c8c80] to MetadataBuildingContext [org.hibernate.boot.internal.MetadataBuildingContextRootImpl@46df794e]
2026-02-27 06:00:08 [main] INFO  o.h.e.t.j.p.i.JtaPlatformInitiator - HHH000489: No JTA platform available (set 'hibernate.transaction.jta.platform' to enable JTA platform integration)
2026-02-27 06:00:08 [main] DEBUG o.h.type.spi.TypeConfiguration$Scope - Scoping TypeConfiguration [org.hibernate.type.spi.TypeConfiguration@7e5c8c80] to SessionFactoryImplementor [org.hibernate.internal.SessionFactoryImpl@670e6fa3]
2026-02-27 06:00:08 [main] TRACE o.h.type.spi.TypeConfiguration$Scope - Handling #sessionFactoryCreated from [org.hibernate.internal.SessionFactoryImpl@670e6fa3] for TypeConfiguration
2026-02-27 06:00:08 [main] INFO  o.s.o.j.LocalContainerEntityManagerFactoryBean - Initialized JPA EntityManagerFactory for persistence unit 'default'
2026-02-27 06:00:09 [main] WARN  o.s.b.a.o.j.JpaBaseConfiguration$JpaWebConfiguration - spring.jpa.open-in-view is enabled by default. Therefore, database queries may be performed during view rendering. Explicitly configure spring.jpa.open-in-view to disable this warning
2026-02-27 06:00:09 [main] INFO  o.s.s.c.a.a.c.InitializeUserDetailsBeanManagerConfigurer$InitializeUserDetailsManagerConfigurer - Global AuthenticationManager configured with UserDetailsService bean with name customUserDetailsService
2026-02-27 06:00:09 [main] INFO  o.s.b.a.e.web.EndpointLinksResolver - Exposing 3 endpoints beneath base path '/actuator'
2026-02-27 06:00:11 [main] INFO  o.s.cloud.commons.util.InetUtils - Cannot determine local hostname
2026-02-27 06:00:11 [main] INFO  o.s.b.w.e.tomcat.TomcatWebServer - Tomcat started on port 8081 (http) with context path '/'
2026-02-27 06:00:12 [main] INFO  o.s.cloud.commons.util.InetUtils - Cannot determine local hostname
2026-02-27 06:00:12 [main] INFO  c.u.l.member.MemberApplication - Started MemberApplication in 7.551 seconds (process running for 7.854)
2026-02-27 06:00:22 [http-nio-8081-exec-1] INFO  o.a.c.c.C.[Tomcat].[localhost].[/] - Initializing Spring DispatcherServlet 'dispatcherServlet'
2026-02-27 06:00:22 [http-nio-8081-exec-1] INFO  o.s.web.servlet.DispatcherServlet - Initializing Servlet 'dispatcherServlet'
2026-02-27 06:00:22 [http-nio-8081-exec-1] INFO  o.s.web.servlet.DispatcherServlet - Completed initialization in 1 ms
2026-02-27 06:09:45 [http-nio-8081-exec-6] DEBUG org.hibernate.SQL - 
    /* <criteria> */ select
        me1_0.id,
        me1_0.created_at,
        me1_0.email,
        me1_0.feedback_reminder,
        me1_0.kakao_id,
        me1_0.location_enabled,
        me1_0.member_id,
        me1_0.nickname,
        me1_0.onboarding_completed,
        me1_0.recommendation_alert,
        me1_0.updated_at 
    from
        lunchpick_member.member me1_0 
    where
        me1_0.nickname=?
2026-02-27 06:12:34 [http-nio-8081-exec-8] DEBUG org.hibernate.SQL - 
    /* <criteria> */ select
        me1_0.id,
        me1_0.created_at,
        me1_0.email,
        me1_0.feedback_reminder,
        me1_0.kakao_id,
        me1_0.location_enabled,
        me1_0.member_id,
        me1_0.nickname,
        me1_0.onboarding_completed,
        me1_0.recommendation_alert,
        me1_0.updated_at 
    from
        lunchpick_member.member me1_0 
    where
        me1_0.nickname=?
2026-02-27 06:17:54 [http-nio-8081-exec-10] DEBUG org.hibernate.SQL - 
    /* <criteria> */ select
        me1_0.id,
        me1_0.created_at,
        me1_0.email,
        me1_0.feedback_reminder,
        me1_0.kakao_id,
        me1_0.location_enabled,
        me1_0.member_id,
        me1_0.nickname,
        me1_0.onboarding_completed,
        me1_0.recommendation_alert,
        me1_0.updated_at 
    from
        lunchpick_member.member me1_0 
    where
        me1_0.nickname=?
2026-02-27 06:19:18 [http-nio-8081-exec-2] DEBUG c.u.l.m.c.j.JwtAuthenticationFilter - JWT 인증 완료 — memberId: 04a0c32a-8c35-4ce5-aed0-08a99077fb94
2026-02-27 06:19:18 [http-nio-8081-exec-2] DEBUG org.hibernate.SQL - 
    /* <criteria> */ select
        me1_0.id,
        me1_0.created_at,
        me1_0.email,
        me1_0.feedback_reminder,
        me1_0.kakao_id,
        me1_0.location_enabled,
        me1_0.member_id,
        me1_0.nickname,
        me1_0.onboarding_completed,
        me1_0.recommendation_alert,
        me1_0.updated_at 
    from
        lunchpick_member.member me1_0 
    where
        me1_0.member_id=?
2026-02-27 06:19:18 [http-nio-8081-exec-2] DEBUG org.hibernate.SQL - 
    /* <criteria> */ select
        dre1_0.id,
        dre1_0.allergens,
        dre1_0.custom_allergens,
        dre1_0.diet_type,
        dre1_0.health_info_consent_given,
        dre1_0.member_id,
        dre1_0.updated_at 
    from
        lunchpick_member.dietary_restriction dre1_0 
    where
        dre1_0.member_id=?
2026-02-27 06:35:59 [main] INFO  c.u.l.member.MemberApplication - Starting MemberApplication using Java 21 with PID 39628 (C:\Users\hiond\workspace\lunch-menu-recommender\member-service\build\classes\java\main started by hiond in C:\Users\hiond\workspace\lunch-menu-recommender\member-service)
2026-02-27 06:35:59 [main] DEBUG c.u.l.member.MemberApplication - Running with Spring Boot v3.4.1, Spring v6.2.1
2026-02-27 06:35:59 [main] INFO  c.u.l.member.MemberApplication - The following 1 profile is active: "dev"
2026-02-27 06:36:00 [main] INFO  o.s.d.r.c.RepositoryConfigurationDelegate - Multiple Spring Data modules found, entering strict repository configuration mode
2026-02-27 06:36:00 [main] INFO  o.s.d.r.c.RepositoryConfigurationDelegate - Bootstrapping Spring Data JPA repositories in DEFAULT mode.
2026-02-27 06:36:00 [main] INFO  o.s.d.r.c.RepositoryConfigurationDelegate - Finished Spring Data repository scanning in 82 ms. Found 4 JPA repository interfaces.
2026-02-27 06:36:01 [main] INFO  o.s.d.r.c.RepositoryConfigurationDelegate - Multiple Spring Data modules found, entering strict repository configuration mode
2026-02-27 06:36:01 [main] INFO  o.s.d.r.c.RepositoryConfigurationDelegate - Bootstrapping Spring Data Redis repositories in DEFAULT mode.
2026-02-27 06:36:01 [main] INFO  o.s.d.r.c.RepositoryConfigurationExtensionSupport - Spring Data Redis - Could not safely identify store assignment for repository candidate interface com.unicorn.lunchpick.member.repository.jpa.DietaryRestrictionRepository; If you want this repository to be a Redis repository, consider annotating your entities with one of these annotations: org.springframework.data.redis.core.RedisHash (preferred), or consider extending one of the following types with your repository: org.springframework.data.keyvalue.repository.KeyValueRepository
2026-02-27 06:36:01 [main] INFO  o.s.d.r.c.RepositoryConfigurationExtensionSupport - Spring Data Redis - Could not safely identify store assignment for repository candidate interface com.unicorn.lunchpick.member.repository.jpa.LocationConsentRepository; If you want this repository to be a Redis repository, consider annotating your entities with one of these annotations: org.springframework.data.redis.core.RedisHash (preferred), or consider extending one of the following types with your repository: org.springframework.data.keyvalue.repository.KeyValueRepository
2026-02-27 06:36:01 [main] INFO  o.s.d.r.c.RepositoryConfigurationExtensionSupport - Spring Data Redis - Could not safely identify store assignment for repository candidate interface com.unicorn.lunchpick.member.repository.jpa.MemberRepository; If you want this repository to be a Redis repository, consider annotating your entities with one of these annotations: org.springframework.data.redis.core.RedisHash (preferred), or consider extending one of the following types with your repository: org.springframework.data.keyvalue.repository.KeyValueRepository
2026-02-27 06:36:01 [main] INFO  o.s.d.r.c.RepositoryConfigurationExtensionSupport - Spring Data Redis - Could not safely identify store assignment for repository candidate interface com.unicorn.lunchpick.member.repository.jpa.TasteProfileRepository; If you want this repository to be a Redis repository, consider annotating your entities with one of these annotations: org.springframework.data.redis.core.RedisHash (preferred), or consider extending one of the following types with your repository: org.springframework.data.keyvalue.repository.KeyValueRepository
2026-02-27 06:36:01 [main] INFO  o.s.d.r.c.RepositoryConfigurationDelegate - Finished Spring Data repository scanning in 21 ms. Found 0 Redis repository interfaces.
2026-02-27 06:36:01 [main] INFO  o.s.cloud.context.scope.GenericScope - BeanFactory id=eed68f4a-866c-3b2e-9003-1dc1fce9a735
2026-02-27 06:36:02 [main] INFO  o.s.b.w.e.tomcat.TomcatWebServer - Tomcat initialized with port 8081 (http)
2026-02-27 06:36:02 [main] INFO  o.a.catalina.core.StandardService - Starting service [Tomcat]
2026-02-27 06:36:02 [main] INFO  o.a.catalina.core.StandardEngine - Starting Servlet engine: [Apache Tomcat/10.1.34]
2026-02-27 06:36:02 [main] INFO  o.a.c.c.C.[Tomcat].[localhost].[/] - Initializing Spring embedded WebApplicationContext
2026-02-27 06:36:02 [main] INFO  o.s.b.w.s.c.ServletWebServerApplicationContext - Root WebApplicationContext: initialization completed in 2285 ms
2026-02-27 06:36:02 [main] INFO  o.h.jpa.internal.util.LogHelper - HHH000204: Processing PersistenceUnitInfo [name: default]
2026-02-27 06:36:02 [main] INFO  org.hibernate.Version - HHH000412: Hibernate ORM core version 6.6.4.Final
2026-02-27 06:36:02 [main] INFO  o.h.c.i.RegionFactoryInitiator - HHH000026: Second-level cache disabled
2026-02-27 06:36:02 [main] DEBUG o.hibernate.type.BasicTypeRegistry - Adding type registration boolean -> org.hibernate.type.BasicTypeReference@7120daa6
2026-02-27 06:36:02 [main] DEBUG o.hibernate.type.BasicTypeRegistry - Adding type registration boolean -> org.hibernate.type.BasicTypeReference@7120daa6
2026-02-27 06:36:02 [main] DEBUG o.hibernate.type.BasicTypeRegistry - Adding type registration java.lang.Boolean -> org.hibernate.type.BasicTypeReference@7120daa6
2026-02-27 06:36:02 [main] DEBUG o.hibernate.type.BasicTypeRegistry - Adding type registration numeric_boolean -> org.hibernate.type.BasicTypeReference@6cbb6c41
2026-02-27 06:36:02 [main] DEBUG o.hibernate.type.BasicTypeRegistry - Adding type registration org.hibernate.type.NumericBooleanConverter -> org.hibernate.type.BasicTypeReference@6cbb6c41
2026-02-27 06:36:02 [main] DEBUG o.hibernate.type.BasicTypeRegistry - Adding type registration true_false -> org.hibernate.type.BasicTypeReference@6787bd41
2026-02-27 06:36:02 [main] DEBUG o.hibernate.type.BasicTypeRegistry - Adding type registration org.hibernate.type.TrueFalseConverter -> org.hibernate.type.BasicTypeReference@6787bd41
2026-02-27 06:36:02 [main] DEBUG o.hibernate.type.BasicTypeRegistry - Adding type registration yes_no -> org.hibernate.type.BasicTypeReference@44c2e8a8
2026-02-27 06:36:02 [main] DEBUG o.hibernate.type.BasicTypeRegistry - Adding type registration org.hibernate.type.YesNoConverter -> org.hibernate.type.BasicTypeReference@44c2e8a8
2026-02-27 06:36:02 [main] DEBUG o.hibernate.type.BasicTypeRegistry - Adding type registration byte -> org.hibernate.type.BasicTypeReference@3340ff7c
2026-02-27 06:36:02 [main] DEBUG o.hibernate.type.BasicTypeRegistry - Adding type registration byte -> org.hibernate.type.BasicTypeReference@3340ff7c
2026-02-27 06:36:02 [main] DEBUG o.hibernate.type.BasicTypeRegistry - Adding type registration java.lang.Byte -> org.hibernate.type.BasicTypeReference@3340ff7c
2026-02-27 06:36:02 [main] DEBUG o.hibernate.type.BasicTypeRegistry - Adding type registration binary -> org.hibernate.type.BasicTypeReference@42e4431
2026-02-27 06:36:02 [main] DEBUG o.hibernate.type.BasicTypeRegistry - Adding type registration byte[] -> org.hibernate.type.BasicTypeReference@42e4431
2026-02-27 06:36:02 [main] DEBUG o.hibernate.type.BasicTypeRegistry - Adding type registration [B -> org.hibernate.type.BasicTypeReference@42e4431
2026-02-27 06:36:02 [main] DEBUG o.hibernate.type.BasicTypeRegistry - Adding type registration binary_wrapper -> org.hibernate.type.BasicTypeReference@5e198c40
2026-02-27 06:36:02 [main] DEBUG o.hibernate.type.BasicTypeRegistry - Adding type registration wrapper-binary -> org.hibernate.type.BasicTypeReference@5e198c40
2026-02-27 06:36:02 [main] DEBUG o.hibernate.type.BasicTypeRegistry - Adding type registration image -> org.hibernate.type.BasicTypeReference@dcdb883
2026-02-27 06:36:02 [main] DEBUG o.hibernate.type.BasicTypeRegistry - Adding type registration blob -> org.hibernate.type.BasicTypeReference@39420d59
2026-02-27 06:36:02 [main] DEBUG o.hibernate.type.BasicTypeRegistry - Adding type registration java.sql.Blob -> org.hibernate.type.BasicTypeReference@39420d59
2026-02-27 06:36:02 [main] DEBUG o.hibernate.type.BasicTypeRegistry - Adding type registration materialized_blob -> org.hibernate.type.BasicTypeReference@4fbbd98c
2026-02-27 06:36:02 [main] DEBUG o.hibernate.type.BasicTypeRegistry - Adding type registration materialized_blob_wrapper -> org.hibernate.type.BasicTypeReference@5dd227b7
2026-02-27 06:36:02 [main] DEBUG o.hibernate.type.BasicTypeRegistry - Adding type registration short -> org.hibernate.type.BasicTypeReference@3d3b852e
2026-02-27 06:36:02 [main] DEBUG o.hibernate.type.BasicTypeRegistry - Adding type registration short -> org.hibernate.type.BasicTypeReference@3d3b852e
2026-02-27 06:36:02 [main] DEBUG o.hibernate.type.BasicTypeRegistry - Adding type registration java.lang.Short -> org.hibernate.type.BasicTypeReference@3d3b852e
2026-02-27 06:36:02 [main] DEBUG o.hibernate.type.BasicTypeRegistry - Adding type registration integer -> org.hibernate.type.BasicTypeReference@14ba7f15
2026-02-27 06:36:02 [main] DEBUG o.hibernate.type.BasicTypeRegistry - Adding type registration int -> org.hibernate.type.BasicTypeReference@14ba7f15
2026-02-27 06:36:02 [main] DEBUG o.hibernate.type.BasicTypeRegistry - Adding type registration java.lang.Integer -> org.hibernate.type.BasicTypeReference@14ba7f15
2026-02-27 06:36:02 [main] DEBUG o.hibernate.type.BasicTypeRegistry - Adding type registration long -> org.hibernate.type.BasicTypeReference@55cb3b7
2026-02-27 06:36:02 [main] DEBUG o.hibernate.type.BasicTypeRegistry - Adding type registration long -> org.hibernate.type.BasicTypeReference@55cb3b7
2026-02-27 06:36:02 [main] DEBUG o.hibernate.type.BasicTypeRegistry - Adding type registration java.lang.Long -> org.hibernate.type.BasicTypeReference@55cb3b7
2026-02-27 06:36:02 [main] DEBUG o.hibernate.type.BasicTypeRegistry - Adding type registration float -> org.hibernate.type.BasicTypeReference@497fd334
2026-02-27 06:36:02 [main] DEBUG o.hibernate.type.BasicTypeRegistry - Adding type registration float -> org.hibernate.type.BasicTypeReference@497fd334
2026-02-27 06:36:02 [main] DEBUG o.hibernate.type.BasicTypeRegistry - Adding type registration java.lang.Float -> org.hibernate.type.BasicTypeReference@497fd334
2026-02-27 06:36:02 [main] DEBUG o.hibernate.type.BasicTypeRegistry - Adding type registration double -> org.hibernate.type.BasicTypeReference@280c3dc0
2026-02-27 06:36:02 [main] DEBUG o.hibernate.type.BasicTypeRegistry - Adding type registration double -> org.hibernate.type.BasicTypeReference@280c3dc0
2026-02-27 06:36:02 [main] DEBUG o.hibernate.type.BasicTypeRegistry - Adding type registration java.lang.Double -> org.hibernate.type.BasicTypeReference@280c3dc0
2026-02-27 06:36:02 [main] DEBUG o.hibernate.type.BasicTypeRegistry - Adding type registration big_integer -> org.hibernate.type.BasicTypeReference@6f89ad03
2026-02-27 06:36:02 [main] DEBUG o.hibernate.type.BasicTypeRegistry - Adding type registration java.math.BigInteger -> org.hibernate.type.BasicTypeReference@6f89ad03
2026-02-27 06:36:02 [main] DEBUG o.hibernate.type.BasicTypeRegistry - Adding type registration big_decimal -> org.hibernate.type.BasicTypeReference@f287a4e
2026-02-27 06:36:02 [main] DEBUG o.hibernate.type.BasicTypeRegistry - Adding type registration java.math.BigDecimal -> org.hibernate.type.BasicTypeReference@f287a4e
2026-02-27 06:36:02 [main] DEBUG o.hibernate.type.BasicTypeRegistry - Adding type registration character -> org.hibernate.type.BasicTypeReference@3879feec
2026-02-27 06:36:02 [main] DEBUG o.hibernate.type.BasicTypeRegistry - Adding type registration char -> org.hibernate.type.BasicTypeReference@3879feec
2026-02-27 06:36:02 [main] DEBUG o.hibernate.type.BasicTypeRegistry - Adding type registration java.lang.Character -> org.hibernate.type.BasicTypeReference@3879feec
2026-02-27 06:36:02 [main] DEBUG o.hibernate.type.BasicTypeRegistry - Adding type registration character_nchar -> org.hibernate.type.BasicTypeReference@71d2261e
2026-02-27 06:36:02 [main] DEBUG o.hibernate.type.BasicTypeRegistry - Adding type registration string -> org.hibernate.type.BasicTypeReference@53917c92
2026-02-27 06:36:02 [main] DEBUG o.hibernate.type.BasicTypeRegistry - Adding type registration java.lang.String -> org.hibernate.type.BasicTypeReference@53917c92
2026-02-27 06:36:02 [main] DEBUG o.hibernate.type.BasicTypeRegistry - Adding type registration nstring -> org.hibernate.type.BasicTypeReference@1fa796a4
2026-02-27 06:36:02 [main] DEBUG o.hibernate.type.BasicTypeRegistry - Adding type registration characters -> org.hibernate.type.BasicTypeReference@68de8522
2026-02-27 06:36:02 [main] DEBUG o.hibernate.type.BasicTypeRegistry - Adding type registration char[] -> org.hibernate.type.BasicTypeReference@68de8522
2026-02-27 06:36:02 [main] DEBUG o.hibernate.type.BasicTypeRegistry - Adding type registration [C -> org.hibernate.type.BasicTypeReference@68de8522
2026-02-27 06:36:02 [main] DEBUG o.hibernate.type.BasicTypeRegistry - Adding type registration wrapper-characters -> org.hibernate.type.BasicTypeReference@8dcacf1
2026-02-27 06:36:02 [main] DEBUG o.hibernate.type.BasicTypeRegistry - Adding type registration text -> org.hibernate.type.BasicTypeReference@50f13494
2026-02-27 06:36:02 [main] DEBUG o.hibernate.type.BasicTypeRegistry - Adding type registration ntext -> org.hibernate.type.BasicTypeReference@73c09a98
2026-02-27 06:36:02 [main] DEBUG o.hibernate.type.BasicTypeRegistry - Adding type registration clob -> org.hibernate.type.BasicTypeReference@6f2bf657
2026-02-27 06:36:02 [main] DEBUG o.hibernate.type.BasicTypeRegistry - Adding type registration java.sql.Clob -> org.hibernate.type.BasicTypeReference@6f2bf657
2026-02-27 06:36:02 [main] DEBUG o.hibernate.type.BasicTypeRegistry - Adding type registration nclob -> org.hibernate.type.BasicTypeReference@27d6467
2026-02-27 06:36:02 [main] DEBUG o.hibernate.type.BasicTypeRegistry - Adding type registration java.sql.NClob -> org.hibernate.type.BasicTypeReference@27d6467
2026-02-27 06:36:02 [main] DEBUG o.hibernate.type.BasicTypeRegistry - Adding type registration materialized_clob -> org.hibernate.type.BasicTypeReference@5bf1b528
2026-02-27 06:36:02 [main] DEBUG o.hibernate.type.BasicTypeRegistry - Adding type registration materialized_clob_char_array -> org.hibernate.type.BasicTypeReference@2c92f094
2026-02-27 06:36:02 [main] DEBUG o.hibernate.type.BasicTypeRegistry - Adding type registration materialized_clob_character_array -> org.hibernate.type.BasicTypeReference@1c3b221f
2026-02-27 06:36:02 [main] DEBUG o.hibernate.type.BasicTypeRegistry - Adding type registration materialized_nclob -> org.hibernate.type.BasicTypeReference@750c23a3
2026-02-27 06:36:02 [main] DEBUG o.hibernate.type.BasicTypeRegistry - Adding type registration materialized_nclob_character_array -> org.hibernate.type.BasicTypeReference@238280df
2026-02-27 06:36:02 [main] DEBUG o.hibernate.type.BasicTypeRegistry - Adding type registration materialized_nclob_char_array -> org.hibernate.type.BasicTypeReference@182fd26b
2026-02-27 06:36:02 [main] DEBUG o.hibernate.type.BasicTypeRegistry - Adding type registration Duration -> org.hibernate.type.BasicTypeReference@5dc120ab
2026-02-27 06:36:02 [main] DEBUG o.hibernate.type.BasicTypeRegistry - Adding type registration java.time.Duration -> org.hibernate.type.BasicTypeReference@5dc120ab
2026-02-27 06:36:02 [main] DEBUG o.hibernate.type.BasicTypeRegistry - Adding type registration LocalDateTime -> org.hibernate.type.BasicTypeReference@49c4118b
2026-02-27 06:36:02 [main] DEBUG o.hibernate.type.BasicTypeRegistry - Adding type registration java.time.LocalDateTime -> org.hibernate.type.BasicTypeReference@49c4118b
2026-02-27 06:36:02 [main] DEBUG o.hibernate.type.BasicTypeRegistry - Adding type registration LocalDate -> org.hibernate.type.BasicTypeReference@7ef7f414
2026-02-27 06:36:02 [main] DEBUG o.hibernate.type.BasicTypeRegistry - Adding type registration java.time.LocalDate -> org.hibernate.type.BasicTypeReference@7ef7f414
2026-02-27 06:36:02 [main] DEBUG o.hibernate.type.BasicTypeRegistry - Adding type registration LocalTime -> org.hibernate.type.BasicTypeReference@182dcd2b
2026-02-27 06:36:02 [main] DEBUG o.hibernate.type.BasicTypeRegistry - Adding type registration java.time.LocalTime -> org.hibernate.type.BasicTypeReference@182dcd2b
2026-02-27 06:36:02 [main] DEBUG o.hibernate.type.BasicTypeRegistry - Adding type registration OffsetDateTime -> org.hibernate.type.BasicTypeReference@4c3d72fd
2026-02-27 06:36:02 [main] DEBUG o.hibernate.type.BasicTypeRegistry - Adding type registration java.time.OffsetDateTime -> org.hibernate.type.BasicTypeReference@4c3d72fd
2026-02-27 06:36:02 [main] DEBUG o.hibernate.type.BasicTypeRegistry - Adding type registration OffsetDateTimeWithTimezone -> org.hibernate.type.BasicTypeReference@259c6ab8
2026-02-27 06:36:02 [main] DEBUG o.hibernate.type.BasicTypeRegistry - Adding type registration OffsetDateTimeWithoutTimezone -> org.hibernate.type.BasicTypeReference@640a6d4b
2026-02-27 06:36:02 [main] DEBUG o.hibernate.type.BasicTypeRegistry - Adding type registration OffsetTime -> org.hibernate.type.BasicTypeReference@1238a074
2026-02-27 06:36:02 [main] DEBUG o.hibernate.type.BasicTypeRegistry - Adding type registration java.time.OffsetTime -> org.hibernate.type.BasicTypeReference@1238a074
2026-02-27 06:36:02 [main] DEBUG o.hibernate.type.BasicTypeRegistry - Adding type registration OffsetTimeUtc -> org.hibernate.type.BasicTypeReference@35b58254
2026-02-27 06:36:02 [main] DEBUG o.hibernate.type.BasicTypeRegistry - Adding type registration OffsetTimeWithTimezone -> org.hibernate.type.BasicTypeReference@73baf7f0
2026-02-27 06:36:02 [main] DEBUG o.hibernate.type.BasicTypeRegistry - Adding type registration OffsetTimeWithoutTimezone -> org.hibernate.type.BasicTypeReference@446dacf9
2026-02-27 06:36:02 [main] DEBUG o.hibernate.type.BasicTypeRegistry - Adding type registration ZonedDateTime -> org.hibernate.type.BasicTypeReference@13018f00
2026-02-27 06:36:02 [main] DEBUG o.hibernate.type.BasicTypeRegistry - Adding type registration java.time.ZonedDateTime -> org.hibernate.type.BasicTypeReference@13018f00
2026-02-27 06:36:02 [main] DEBUG o.hibernate.type.BasicTypeRegistry - Adding type registration ZonedDateTimeWithTimezone -> org.hibernate.type.BasicTypeReference@abf1816
2026-02-27 06:36:02 [main] DEBUG o.hibernate.type.BasicTypeRegistry - Adding type registration ZonedDateTimeWithoutTimezone -> org.hibernate.type.BasicTypeReference@2e1e7bc6
2026-02-27 06:36:02 [main] DEBUG o.hibernate.type.BasicTypeRegistry - Adding type registration date -> org.hibernate.type.BasicTypeReference@7bd1098
2026-02-27 06:36:02 [main] DEBUG o.hibernate.type.BasicTypeRegistry - Adding type registration java.sql.Date -> org.hibernate.type.BasicTypeReference@7bd1098
2026-02-27 06:36:02 [main] DEBUG o.hibernate.type.BasicTypeRegistry - Adding type registration time -> org.hibernate.type.BasicTypeReference@185bf6e0
2026-02-27 06:36:02 [main] DEBUG o.hibernate.type.BasicTypeRegistry - Adding type registration java.sql.Time -> org.hibernate.type.BasicTypeReference@185bf6e0
2026-02-27 06:36:02 [main] DEBUG o.hibernate.type.BasicTypeRegistry - Adding type registration timestamp -> org.hibernate.type.BasicTypeReference@6a562255
2026-02-27 06:36:02 [main] DEBUG o.hibernate.type.BasicTypeRegistry - Adding type registration java.sql.Timestamp -> org.hibernate.type.BasicTypeReference@6a562255
2026-02-27 06:36:02 [main] DEBUG o.hibernate.type.BasicTypeRegistry - Adding type registration java.util.Date -> org.hibernate.type.BasicTypeReference@6a562255
2026-02-27 06:36:02 [main] DEBUG o.hibernate.type.BasicTypeRegistry - Adding type registration calendar -> org.hibernate.type.BasicTypeReference@374ba492
2026-02-27 06:36:02 [main] DEBUG o.hibernate.type.BasicTypeRegistry - Adding type registration java.util.Calendar -> org.hibernate.type.BasicTypeReference@374ba492
2026-02-27 06:36:02 [main] DEBUG o.hibernate.type.BasicTypeRegistry - Adding type registration java.util.GregorianCalendar -> org.hibernate.type.BasicTypeReference@374ba492
2026-02-27 06:36:02 [main] DEBUG o.hibernate.type.BasicTypeRegistry - Adding type registration calendar_date -> org.hibernate.type.BasicTypeReference@581d5b33
2026-02-27 06:36:02 [main] DEBUG o.hibernate.type.BasicTypeRegistry - Adding type registration calendar_time -> org.hibernate.type.BasicTypeReference@1f365a26
2026-02-27 06:36:02 [main] DEBUG o.hibernate.type.BasicTypeRegistry - Adding type registration instant -> org.hibernate.type.BasicTypeReference@44a9971f
2026-02-27 06:36:02 [main] DEBUG o.hibernate.type.BasicTypeRegistry - Adding type registration java.time.Instant -> org.hibernate.type.BasicTypeReference@44a9971f
2026-02-27 06:36:02 [main] DEBUG o.hibernate.type.BasicTypeRegistry - Adding type registration uuid -> org.hibernate.type.BasicTypeReference@2e2cd42c
2026-02-27 06:36:02 [main] DEBUG o.hibernate.type.BasicTypeRegistry - Adding type registration java.util.UUID -> org.hibernate.type.BasicTypeReference@2e2cd42c
2026-02-27 06:36:02 [main] DEBUG o.hibernate.type.BasicTypeRegistry - Adding type registration pg-uuid -> org.hibernate.type.BasicTypeReference@2e2cd42c
2026-02-27 06:36:02 [main] DEBUG o.hibernate.type.BasicTypeRegistry - Adding type registration uuid-binary -> org.hibernate.type.BasicTypeReference@1cdad619
2026-02-27 06:36:02 [main] DEBUG o.hibernate.type.BasicTypeRegistry - Adding type registration uuid-char -> org.hibernate.type.BasicTypeReference@319058ce
2026-02-27 06:36:02 [main] DEBUG o.hibernate.type.BasicTypeRegistry - Adding type registration class -> org.hibernate.type.BasicTypeReference@3909308c
2026-02-27 06:36:02 [main] DEBUG o.hibernate.type.BasicTypeRegistry - Adding type registration java.lang.Class -> org.hibernate.type.BasicTypeReference@3909308c
2026-02-27 06:36:02 [main] DEBUG o.hibernate.type.BasicTypeRegistry - Adding type registration currency -> org.hibernate.type.BasicTypeReference@71cc0e35
2026-02-27 06:36:02 [main] DEBUG o.hibernate.type.BasicTypeRegistry - Adding type registration Currency -> org.hibernate.type.BasicTypeReference@71cc0e35
2026-02-27 06:36:02 [main] DEBUG o.hibernate.type.BasicTypeRegistry - Adding type registration java.util.Currency -> org.hibernate.type.BasicTypeReference@71cc0e35
2026-02-27 06:36:02 [main] DEBUG o.hibernate.type.BasicTypeRegistry - Adding type registration locale -> org.hibernate.type.BasicTypeReference@3b6c740b
2026-02-27 06:36:02 [main] DEBUG o.hibernate.type.BasicTypeRegistry - Adding type registration java.util.Locale -> org.hibernate.type.BasicTypeReference@3b6c740b
2026-02-27 06:36:02 [main] DEBUG o.hibernate.type.BasicTypeRegistry - Adding type registration serializable -> org.hibernate.type.BasicTypeReference@8091d80
2026-02-27 06:36:02 [main] DEBUG o.hibernate.type.BasicTypeRegistry - Adding type registration java.io.Serializable -> org.hibernate.type.BasicTypeReference@8091d80
2026-02-27 06:36:02 [main] DEBUG o.hibernate.type.BasicTypeRegistry - Adding type registration timezone -> org.hibernate.type.BasicTypeReference@78f4d15d
2026-02-27 06:36:02 [main] DEBUG o.hibernate.type.BasicTypeRegistry - Adding type registration java.util.TimeZone -> org.hibernate.type.BasicTypeReference@78f4d15d
2026-02-27 06:36:02 [main] DEBUG o.hibernate.type.BasicTypeRegistry - Adding type registration ZoneOffset -> org.hibernate.type.BasicTypeReference@6958d5d0
2026-02-27 06:36:02 [main] DEBUG o.hibernate.type.BasicTypeRegistry - Adding type registration java.time.ZoneOffset -> org.hibernate.type.BasicTypeReference@6958d5d0
2026-02-27 06:36:02 [main] DEBUG o.hibernate.type.BasicTypeRegistry - Adding type registration url -> org.hibernate.type.BasicTypeReference@314c28dc
2026-02-27 06:36:02 [main] DEBUG o.hibernate.type.BasicTypeRegistry - Adding type registration java.net.URL -> org.hibernate.type.BasicTypeReference@314c28dc
2026-02-27 06:36:02 [main] DEBUG o.hibernate.type.BasicTypeRegistry - Adding type registration vector -> org.hibernate.type.BasicTypeReference@7169d668
2026-02-27 06:36:02 [main] DEBUG o.hibernate.type.BasicTypeRegistry - Adding type registration float_vector -> org.hibernate.type.BasicTypeReference@2f498f21
2026-02-27 06:36:02 [main] DEBUG o.hibernate.type.BasicTypeRegistry - Adding type registration double_vector -> org.hibernate.type.BasicTypeReference@90394d
2026-02-27 06:36:02 [main] DEBUG o.hibernate.type.BasicTypeRegistry - Adding type registration byte_vector -> org.hibernate.type.BasicTypeReference@50caeb4b
2026-02-27 06:36:02 [main] DEBUG o.hibernate.type.BasicTypeRegistry - Adding type registration row_version -> org.hibernate.type.BasicTypeReference@6fafbdac
2026-02-27 06:36:02 [main] DEBUG o.hibernate.type.BasicTypeRegistry - Adding type registration object -> org.hibernate.type.JavaObjectType@2634d000
2026-02-27 06:36:02 [main] DEBUG o.hibernate.type.BasicTypeRegistry - Adding type registration java.lang.Object -> org.hibernate.type.JavaObjectType@2634d000
2026-02-27 06:36:02 [main] DEBUG o.hibernate.type.BasicTypeRegistry - Adding type registration null -> org.hibernate.type.NullType@7d5d77a6
2026-02-27 06:36:02 [main] DEBUG o.hibernate.type.BasicTypeRegistry - Adding type registration imm_date -> org.hibernate.type.BasicTypeReference@71b7e9c8
2026-02-27 06:36:02 [main] DEBUG o.hibernate.type.BasicTypeRegistry - Adding type registration imm_time -> org.hibernate.type.BasicTypeReference@55202ba6
2026-02-27 06:36:02 [main] DEBUG o.hibernate.type.BasicTypeRegistry - Adding type registration imm_timestamp -> org.hibernate.type.BasicTypeReference@2ef1fc8a
2026-02-27 06:36:02 [main] DEBUG o.hibernate.type.BasicTypeRegistry - Adding type registration imm_calendar -> org.hibernate.type.BasicTypeReference@38874eb5
2026-02-27 06:36:02 [main] DEBUG o.hibernate.type.BasicTypeRegistry - Adding type registration imm_calendar_date -> org.hibernate.type.BasicTypeReference@76b019c4
2026-02-27 06:36:02 [main] DEBUG o.hibernate.type.BasicTypeRegistry - Adding type registration imm_calendar_time -> org.hibernate.type.BasicTypeReference@221961af
2026-02-27 06:36:02 [main] DEBUG o.hibernate.type.BasicTypeRegistry - Adding type registration imm_binary -> org.hibernate.type.BasicTypeReference@32ddcca
2026-02-27 06:36:02 [main] DEBUG o.hibernate.type.BasicTypeRegistry - Adding type registration imm_serializable -> org.hibernate.type.BasicTypeReference@1ddc8fc
2026-02-27 06:36:03 [main] INFO  o.s.o.j.p.SpringPersistenceUnitInfo - No LoadTimeWeaver setup: ignoring JPA class transformer
2026-02-27 06:36:03 [main] INFO  com.zaxxer.hikari.HikariDataSource - HikariPool-1 - Starting...
2026-02-27 06:36:03 [main] INFO  com.zaxxer.hikari.pool.HikariPool - HikariPool-1 - Added connection org.postgresql.jdbc.PgConnection@28b4b10e
2026-02-27 06:36:03 [main] INFO  com.zaxxer.hikari.HikariDataSource - HikariPool-1 - Start completed.
2026-02-27 06:36:03 [main] INFO  o.hibernate.orm.connections.pooling - HHH10001005: Database info:
	Database JDBC URL [Connecting through datasource 'HikariDataSource (HikariPool-1)']
	Database driver: undefined/unknown
	Database version: 16.12
	Autocommit mode: undefined/unknown
	Isolation level: undefined/unknown
	Minimum pool size: undefined/unknown
	Maximum pool size: undefined/unknown
2026-02-27 06:36:03 [main] DEBUG o.h.t.d.sql.spi.DdlTypeRegistry - addDescriptor(2003, org.hibernate.type.descriptor.sql.internal.ArrayDdlTypeImpl@28c00acd) replaced previous registration(org.hibernate.type.descriptor.sql.internal.ArrayDdlTypeImpl@590f806a)
2026-02-27 06:36:03 [main] DEBUG o.h.t.d.sql.spi.DdlTypeRegistry - addDescriptor(6, org.hibernate.type.descriptor.sql.internal.CapacityDependentDdlType@2267b0bb) replaced previous registration(org.hibernate.type.descriptor.sql.internal.DdlTypeImpl@20505460)
2026-02-27 06:36:03 [main] DEBUG o.h.t.d.jdbc.spi.JdbcTypeRegistry - addDescriptor(2004, BlobTypeDescriptor(BLOB_BINDING)) replaced previous registration(BlobTypeDescriptor(DEFAULT))
2026-02-27 06:36:03 [main] DEBUG o.h.t.d.jdbc.spi.JdbcTypeRegistry - addDescriptor(2005, ClobTypeDescriptor(CLOB_BINDING)) replaced previous registration(ClobTypeDescriptor(DEFAULT))
2026-02-27 06:36:03 [main] DEBUG o.hibernate.type.BasicTypeRegistry - Adding type registration JAVA_OBJECT -> org.hibernate.type.JavaObjectType@47fbf95e
2026-02-27 06:36:03 [main] DEBUG o.hibernate.type.BasicTypeRegistry - Adding type registration java.lang.Object -> org.hibernate.type.JavaObjectType@47fbf95e
2026-02-27 06:36:03 [main] DEBUG o.hibernate.type.BasicTypeRegistry - Type registration key [java.lang.Object] overrode previous entry : `org.hibernate.type.JavaObjectType@2634d000`
2026-02-27 06:36:03 [main] DEBUG o.hibernate.type.BasicTypeRegistry - Adding type registration org.hibernate.type.DurationType -> basicType@1(java.time.Duration,3015)
2026-02-27 06:36:03 [main] DEBUG o.hibernate.type.BasicTypeRegistry - Adding type registration Duration -> basicType@1(java.time.Duration,3015)
2026-02-27 06:36:03 [main] DEBUG o.hibernate.type.BasicTypeRegistry - Adding type registration java.time.Duration -> basicType@1(java.time.Duration,3015)
2026-02-27 06:36:03 [main] DEBUG o.hibernate.type.BasicTypeRegistry - Adding type registration org.hibernate.type.OffsetDateTimeType -> basicType@2(java.time.OffsetDateTime,3003)
2026-02-27 06:36:03 [main] DEBUG o.hibernate.type.BasicTypeRegistry - Adding type registration OffsetDateTime -> basicType@2(java.time.OffsetDateTime,3003)
2026-02-27 06:36:03 [main] DEBUG o.hibernate.type.BasicTypeRegistry - Adding type registration java.time.OffsetDateTime -> basicType@2(java.time.OffsetDateTime,3003)
2026-02-27 06:36:03 [main] DEBUG o.hibernate.type.BasicTypeRegistry - Adding type registration org.hibernate.type.ZonedDateTimeType -> basicType@3(java.time.ZonedDateTime,3003)
2026-02-27 06:36:03 [main] DEBUG o.hibernate.type.BasicTypeRegistry - Adding type registration ZonedDateTime -> basicType@3(java.time.ZonedDateTime,3003)
2026-02-27 06:36:03 [main] DEBUG o.hibernate.type.BasicTypeRegistry - Adding type registration java.time.ZonedDateTime -> basicType@3(java.time.ZonedDateTime,3003)
2026-02-27 06:36:03 [main] DEBUG o.hibernate.type.BasicTypeRegistry - Adding type registration org.hibernate.type.OffsetTimeType -> basicType@4(java.time.OffsetTime,3007)
2026-02-27 06:36:03 [main] DEBUG o.hibernate.type.BasicTypeRegistry - Adding type registration OffsetTime -> basicType@4(java.time.OffsetTime,3007)
2026-02-27 06:36:03 [main] DEBUG o.hibernate.type.BasicTypeRegistry - Adding type registration java.time.OffsetTime -> basicType@4(java.time.OffsetTime,3007)
2026-02-27 06:36:03 [main] DEBUG o.h.type.spi.TypeConfiguration$Scope - Scoping TypeConfiguration [org.hibernate.type.spi.TypeConfiguration@4b5ceb5d] to MetadataBuildingContext [org.hibernate.boot.internal.MetadataBuildingContextRootImpl@22a2e581]
2026-02-27 06:36:04 [main] INFO  o.h.e.t.j.p.i.JtaPlatformInitiator - HHH000489: No JTA platform available (set 'hibernate.transaction.jta.platform' to enable JTA platform integration)
2026-02-27 06:36:04 [main] DEBUG o.h.type.spi.TypeConfiguration$Scope - Scoping TypeConfiguration [org.hibernate.type.spi.TypeConfiguration@4b5ceb5d] to SessionFactoryImplementor [org.hibernate.internal.SessionFactoryImpl@76cf849f]
2026-02-27 06:36:04 [main] TRACE o.h.type.spi.TypeConfiguration$Scope - Handling #sessionFactoryCreated from [org.hibernate.internal.SessionFactoryImpl@76cf849f] for TypeConfiguration
2026-02-27 06:36:04 [main] INFO  o.s.o.j.LocalContainerEntityManagerFactoryBean - Initialized JPA EntityManagerFactory for persistence unit 'default'
2026-02-27 06:36:05 [main] INFO  c.u.l.member.config.RedisConfig - Redis Streams 리스너 컨테이너 시작 — stream: subscription-events
2026-02-27 06:36:05 [main] INFO  c.u.l.member.config.RedisConfig - Consumer Group 생성 완료 — stream: subscription-events, group: member-service-group
2026-02-27 06:36:05 [main] INFO  c.u.l.member.config.RedisConfig - Redis Streams 구독 등록 완료 — stream: subscription-events, group: member-service-group, consumer: member-service-1
2026-02-27 06:36:05 [main] WARN  o.s.b.a.o.j.JpaBaseConfiguration$JpaWebConfiguration - spring.jpa.open-in-view is enabled by default. Therefore, database queries may be performed during view rendering. Explicitly configure spring.jpa.open-in-view to disable this warning
2026-02-27 06:36:05 [main] INFO  o.s.s.c.a.a.c.InitializeUserDetailsBeanManagerConfigurer$InitializeUserDetailsManagerConfigurer - Global AuthenticationManager configured with UserDetailsService bean with name customUserDetailsService
2026-02-27 06:36:06 [main] INFO  o.s.b.a.e.web.EndpointLinksResolver - Exposing 3 endpoints beneath base path '/actuator'
2026-02-27 06:36:08 [main] INFO  o.s.cloud.commons.util.InetUtils - Cannot determine local hostname
2026-02-27 06:36:08 [main] INFO  o.s.b.w.e.tomcat.TomcatWebServer - Tomcat started on port 8081 (http) with context path '/'
2026-02-27 06:36:09 [main] INFO  o.s.cloud.commons.util.InetUtils - Cannot determine local hostname
2026-02-27 06:36:09 [main] INFO  c.u.l.member.MemberApplication - Started MemberApplication in 11.156 seconds (process running for 11.521)
2026-02-27 06:36:42 [http-nio-8081-exec-1] INFO  o.a.c.c.C.[Tomcat].[localhost].[/] - Initializing Spring DispatcherServlet 'dispatcherServlet'
2026-02-27 06:36:42 [http-nio-8081-exec-1] INFO  o.s.web.servlet.DispatcherServlet - Initializing Servlet 'dispatcherServlet'
2026-02-27 06:36:42 [http-nio-8081-exec-1] INFO  o.s.web.servlet.DispatcherServlet - Completed initialization in 1 ms
2026-02-27 06:37:27 [http-nio-8081-exec-2] DEBUG org.hibernate.SQL - 
    /* <criteria> */ select
        me1_0.id,
        me1_0.created_at,
        me1_0.email,
        me1_0.feedback_reminder,
        me1_0.kakao_id,
        me1_0.location_enabled,
        me1_0.member_id,
        me1_0.nickname,
        me1_0.onboarding_completed,
        me1_0.recommendation_alert,
        me1_0.updated_at 
    from
        lunchpick_member.member me1_0 
    where
        me1_0.nickname=?
2026-02-27 06:37:40 [http-nio-8081-exec-4] DEBUG c.u.l.m.c.j.JwtAuthenticationFilter - JWT 인증 완료 — memberId: 0711f870-eeb6-435e-9862-1d74a8c02753
2026-02-27 06:37:40 [http-nio-8081-exec-4] DEBUG org.hibernate.SQL - 
    /* <criteria> */ select
        me1_0.id,
        me1_0.created_at,
        me1_0.email,
        me1_0.feedback_reminder,
        me1_0.kakao_id,
        me1_0.location_enabled,
        me1_0.member_id,
        me1_0.nickname,
        me1_0.onboarding_completed,
        me1_0.recommendation_alert,
        me1_0.updated_at 
    from
        lunchpick_member.member me1_0 
    where
        me1_0.member_id=?
2026-02-27 06:37:40 [http-nio-8081-exec-4] DEBUG org.hibernate.SQL - 
    /* <criteria> */ select
        dre1_0.id,
        dre1_0.allergens,
        dre1_0.custom_allergens,
        dre1_0.diet_type,
        dre1_0.health_info_consent_given,
        dre1_0.member_id,
        dre1_0.updated_at 
    from
        lunchpick_member.dietary_restriction dre1_0 
    where
        dre1_0.member_id=?
2026-02-27 06:38:38 [http-nio-8081-exec-6] DEBUG c.u.l.m.c.j.JwtAuthenticationFilter - JWT 인증 완료 — memberId: 0711f870-eeb6-435e-9862-1d74a8c02753
2026-02-27 06:38:38 [http-nio-8081-exec-6] DEBUG org.hibernate.SQL - 
    /* <criteria> */ select
        me1_0.id,
        me1_0.created_at,
        me1_0.email,
        me1_0.feedback_reminder,
        me1_0.kakao_id,
        me1_0.location_enabled,
        me1_0.member_id,
        me1_0.nickname,
        me1_0.onboarding_completed,
        me1_0.recommendation_alert,
        me1_0.updated_at 
    from
        lunchpick_member.member me1_0 
    where
        me1_0.member_id=?
2026-02-27 06:38:38 [http-nio-8081-exec-6] DEBUG org.hibernate.SQL - 
    /* <criteria> */ select
        dre1_0.id,
        dre1_0.allergens,
        dre1_0.custom_allergens,
        dre1_0.diet_type,
        dre1_0.health_info_consent_given,
        dre1_0.member_id,
        dre1_0.updated_at 
    from
        lunchpick_member.dietary_restriction dre1_0 
    where
        dre1_0.member_id=?
2026-02-27 06:39:30 [http-nio-8081-exec-10] DEBUG org.hibernate.SQL - 
    /* <criteria> */ select
        me1_0.id,
        me1_0.created_at,
        me1_0.email,
        me1_0.feedback_reminder,
        me1_0.kakao_id,
        me1_0.location_enabled,
        me1_0.member_id,
        me1_0.nickname,
        me1_0.onboarding_completed,
        me1_0.recommendation_alert,
        me1_0.updated_at 
    from
        lunchpick_member.member me1_0 
    where
        me1_0.nickname=?
2026-02-27 06:39:51 [http-nio-8081-exec-2] DEBUG c.u.l.m.c.j.JwtAuthenticationFilter - JWT 인증 완료 — memberId: 0711f870-eeb6-435e-9862-1d74a8c02753
2026-02-27 06:39:51 [http-nio-8081-exec-2] DEBUG org.hibernate.SQL - 
    /* <criteria> */ select
        me1_0.id,
        me1_0.created_at,
        me1_0.email,
        me1_0.feedback_reminder,
        me1_0.kakao_id,
        me1_0.location_enabled,
        me1_0.member_id,
        me1_0.nickname,
        me1_0.onboarding_completed,
        me1_0.recommendation_alert,
        me1_0.updated_at 
    from
        lunchpick_member.member me1_0 
    where
        me1_0.member_id=?
2026-02-27 06:39:51 [http-nio-8081-exec-2] DEBUG org.hibernate.SQL - 
    /* <criteria> */ select
        dre1_0.id,
        dre1_0.allergens,
        dre1_0.custom_allergens,
        dre1_0.diet_type,
        dre1_0.health_info_consent_given,
        dre1_0.member_id,
        dre1_0.updated_at 
    from
        lunchpick_member.dietary_restriction dre1_0 
    where
        dre1_0.member_id=?
2026-02-27 06:45:07 [http-nio-8081-exec-4] DEBUG org.hibernate.SQL - 
    /* <criteria> */ select
        me1_0.id,
        me1_0.created_at,
        me1_0.email,
        me1_0.feedback_reminder,
        me1_0.kakao_id,
        me1_0.location_enabled,
        me1_0.member_id,
        me1_0.nickname,
        me1_0.onboarding_completed,
        me1_0.recommendation_alert,
        me1_0.updated_at 
    from
        lunchpick_member.member me1_0 
    where
        me1_0.nickname=?
2026-02-27 06:45:07 [http-nio-8081-exec-4] DEBUG org.hibernate.SQL - 
    /* insert for
        com.unicorn.lunchpick.member.repository.entity.MemberEntity */insert 
    into
        lunchpick_member.member (created_at, email, feedback_reminder, kakao_id, location_enabled, member_id, nickname, onboarding_completed, recommendation_alert, updated_at) 
    values
        (?, ?, ?, ?, ?, ?, ?, ?, ?, ?)
2026-02-27 14:54:57 [main] INFO  c.u.l.member.MemberApplication - Starting MemberApplication using Java 21 with PID 37452 (C:\Users\hiond\workspace\lunch-menu-recommender\member-service\build\classes\java\main started by hiond in C:\Users\hiond\workspace\lunch-menu-recommender\member-service)
2026-02-27 14:54:57 [main] DEBUG c.u.l.member.MemberApplication - Running with Spring Boot v3.4.1, Spring v6.2.1
2026-02-27 14:54:57 [main] INFO  c.u.l.member.MemberApplication - The following 1 profile is active: "dev"
2026-02-27 14:54:57 [main] INFO  o.s.d.r.c.RepositoryConfigurationDelegate - Multiple Spring Data modules found, entering strict repository configuration mode
2026-02-27 14:54:57 [main] INFO  o.s.d.r.c.RepositoryConfigurationDelegate - Bootstrapping Spring Data JPA repositories in DEFAULT mode.
2026-02-27 14:54:57 [main] INFO  o.s.d.r.c.RepositoryConfigurationDelegate - Finished Spring Data repository scanning in 110 ms. Found 4 JPA repository interfaces.
2026-02-27 14:54:58 [main] INFO  o.s.d.r.c.RepositoryConfigurationDelegate - Multiple Spring Data modules found, entering strict repository configuration mode
2026-02-27 14:54:58 [main] INFO  o.s.d.r.c.RepositoryConfigurationDelegate - Bootstrapping Spring Data Redis repositories in DEFAULT mode.
2026-02-27 14:54:58 [main] INFO  o.s.d.r.c.RepositoryConfigurationExtensionSupport - Spring Data Redis - Could not safely identify store assignment for repository candidate interface com.unicorn.lunchpick.member.repository.jpa.DietaryRestrictionRepository; If you want this repository to be a Redis repository, consider annotating your entities with one of these annotations: org.springframework.data.redis.core.RedisHash (preferred), or consider extending one of the following types with your repository: org.springframework.data.keyvalue.repository.KeyValueRepository
2026-02-27 14:54:58 [main] INFO  o.s.d.r.c.RepositoryConfigurationExtensionSupport - Spring Data Redis - Could not safely identify store assignment for repository candidate interface com.unicorn.lunchpick.member.repository.jpa.LocationConsentRepository; If you want this repository to be a Redis repository, consider annotating your entities with one of these annotations: org.springframework.data.redis.core.RedisHash (preferred), or consider extending one of the following types with your repository: org.springframework.data.keyvalue.repository.KeyValueRepository
2026-02-27 14:54:58 [main] INFO  o.s.d.r.c.RepositoryConfigurationExtensionSupport - Spring Data Redis - Could not safely identify store assignment for repository candidate interface com.unicorn.lunchpick.member.repository.jpa.MemberRepository; If you want this repository to be a Redis repository, consider annotating your entities with one of these annotations: org.springframework.data.redis.core.RedisHash (preferred), or consider extending one of the following types with your repository: org.springframework.data.keyvalue.repository.KeyValueRepository
2026-02-27 14:54:58 [main] INFO  o.s.d.r.c.RepositoryConfigurationExtensionSupport - Spring Data Redis - Could not safely identify store assignment for repository candidate interface com.unicorn.lunchpick.member.repository.jpa.TasteProfileRepository; If you want this repository to be a Redis repository, consider annotating your entities with one of these annotations: org.springframework.data.redis.core.RedisHash (preferred), or consider extending one of the following types with your repository: org.springframework.data.keyvalue.repository.KeyValueRepository
2026-02-27 14:54:58 [main] INFO  o.s.d.r.c.RepositoryConfigurationDelegate - Finished Spring Data repository scanning in 16 ms. Found 0 Redis repository interfaces.
2026-02-27 14:54:58 [main] INFO  o.s.cloud.context.scope.GenericScope - BeanFactory id=1a3b27fb-12f5-300a-b35b-fe7cd5e0b075
2026-02-27 14:54:59 [main] INFO  o.s.b.w.e.tomcat.TomcatWebServer - Tomcat initialized with port 8081 (http)
2026-02-27 14:54:59 [main] INFO  o.a.catalina.core.StandardService - Starting service [Tomcat]
2026-02-27 14:54:59 [main] INFO  o.a.catalina.core.StandardEngine - Starting Servlet engine: [Apache Tomcat/10.1.34]
2026-02-27 14:54:59 [main] INFO  o.a.c.c.C.[Tomcat].[localhost].[/] - Initializing Spring embedded WebApplicationContext
2026-02-27 14:54:59 [main] INFO  o.s.b.w.s.c.ServletWebServerApplicationContext - Root WebApplicationContext: initialization completed in 2184 ms
2026-02-27 14:54:59 [main] INFO  o.h.jpa.internal.util.LogHelper - HHH000204: Processing PersistenceUnitInfo [name: default]
2026-02-27 14:55:00 [main] INFO  org.hibernate.Version - HHH000412: Hibernate ORM core version 6.6.4.Final
2026-02-27 14:55:00 [main] INFO  o.h.c.i.RegionFactoryInitiator - HHH000026: Second-level cache disabled
2026-02-27 14:55:00 [main] DEBUG o.hibernate.type.BasicTypeRegistry - Adding type registration boolean -> org.hibernate.type.BasicTypeReference@39420d59
2026-02-27 14:55:00 [main] DEBUG o.hibernate.type.BasicTypeRegistry - Adding type registration boolean -> org.hibernate.type.BasicTypeReference@39420d59
2026-02-27 14:55:00 [main] DEBUG o.hibernate.type.BasicTypeRegistry - Adding type registration java.lang.Boolean -> org.hibernate.type.BasicTypeReference@39420d59
2026-02-27 14:55:00 [main] DEBUG o.hibernate.type.BasicTypeRegistry - Adding type registration numeric_boolean -> org.hibernate.type.BasicTypeReference@4fbbd98c
2026-02-27 14:55:00 [main] DEBUG o.hibernate.type.BasicTypeRegistry - Adding type registration org.hibernate.type.NumericBooleanConverter -> org.hibernate.type.BasicTypeReference@4fbbd98c
2026-02-27 14:55:00 [main] DEBUG o.hibernate.type.BasicTypeRegistry - Adding type registration true_false -> org.hibernate.type.BasicTypeReference@5dd227b7
2026-02-27 14:55:00 [main] DEBUG o.hibernate.type.BasicTypeRegistry - Adding type registration org.hibernate.type.TrueFalseConverter -> org.hibernate.type.BasicTypeReference@5dd227b7
2026-02-27 14:55:00 [main] DEBUG o.hibernate.type.BasicTypeRegistry - Adding type registration yes_no -> org.hibernate.type.BasicTypeReference@3d3b852e
2026-02-27 14:55:00 [main] DEBUG o.hibernate.type.BasicTypeRegistry - Adding type registration org.hibernate.type.YesNoConverter -> org.hibernate.type.BasicTypeReference@3d3b852e
2026-02-27 14:55:00 [main] DEBUG o.hibernate.type.BasicTypeRegistry - Adding type registration byte -> org.hibernate.type.BasicTypeReference@14ba7f15
2026-02-27 14:55:00 [main] DEBUG o.hibernate.type.BasicTypeRegistry - Adding type registration byte -> org.hibernate.type.BasicTypeReference@14ba7f15
2026-02-27 14:55:00 [main] DEBUG o.hibernate.type.BasicTypeRegistry - Adding type registration java.lang.Byte -> org.hibernate.type.BasicTypeReference@14ba7f15
2026-02-27 14:55:00 [main] DEBUG o.hibernate.type.BasicTypeRegistry - Adding type registration binary -> org.hibernate.type.BasicTypeReference@55cb3b7
2026-02-27 14:55:00 [main] DEBUG o.hibernate.type.BasicTypeRegistry - Adding type registration byte[] -> org.hibernate.type.BasicTypeReference@55cb3b7
2026-02-27 14:55:00 [main] DEBUG o.hibernate.type.BasicTypeRegistry - Adding type registration [B -> org.hibernate.type.BasicTypeReference@55cb3b7
2026-02-27 14:55:00 [main] DEBUG o.hibernate.type.BasicTypeRegistry - Adding type registration binary_wrapper -> org.hibernate.type.BasicTypeReference@497fd334
2026-02-27 14:55:00 [main] DEBUG o.hibernate.type.BasicTypeRegistry - Adding type registration wrapper-binary -> org.hibernate.type.BasicTypeReference@497fd334
2026-02-27 14:55:00 [main] DEBUG o.hibernate.type.BasicTypeRegistry - Adding type registration image -> org.hibernate.type.BasicTypeReference@280c3dc0
2026-02-27 14:55:00 [main] DEBUG o.hibernate.type.BasicTypeRegistry - Adding type registration blob -> org.hibernate.type.BasicTypeReference@6f89ad03
2026-02-27 14:55:00 [main] DEBUG o.hibernate.type.BasicTypeRegistry - Adding type registration java.sql.Blob -> org.hibernate.type.BasicTypeReference@6f89ad03
2026-02-27 14:55:00 [main] DEBUG o.hibernate.type.BasicTypeRegistry - Adding type registration materialized_blob -> org.hibernate.type.BasicTypeReference@f287a4e
2026-02-27 14:55:00 [main] DEBUG o.hibernate.type.BasicTypeRegistry - Adding type registration materialized_blob_wrapper -> org.hibernate.type.BasicTypeReference@3879feec
2026-02-27 14:55:00 [main] DEBUG o.hibernate.type.BasicTypeRegistry - Adding type registration short -> org.hibernate.type.BasicTypeReference@71d2261e
2026-02-27 14:55:00 [main] DEBUG o.hibernate.type.BasicTypeRegistry - Adding type registration short -> org.hibernate.type.BasicTypeReference@71d2261e
2026-02-27 14:55:00 [main] DEBUG o.hibernate.type.BasicTypeRegistry - Adding type registration java.lang.Short -> org.hibernate.type.BasicTypeReference@71d2261e
2026-02-27 14:55:00 [main] DEBUG o.hibernate.type.BasicTypeRegistry - Adding type registration integer -> org.hibernate.type.BasicTypeReference@53917c92
2026-02-27 14:55:00 [main] DEBUG o.hibernate.type.BasicTypeRegistry - Adding type registration int -> org.hibernate.type.BasicTypeReference@53917c92
2026-02-27 14:55:00 [main] DEBUG o.hibernate.type.BasicTypeRegistry - Adding type registration java.lang.Integer -> org.hibernate.type.BasicTypeReference@53917c92
2026-02-27 14:55:00 [main] DEBUG o.hibernate.type.BasicTypeRegistry - Adding type registration long -> org.hibernate.type.BasicTypeReference@1fa796a4
2026-02-27 14:55:00 [main] DEBUG o.hibernate.type.BasicTypeRegistry - Adding type registration long -> org.hibernate.type.BasicTypeReference@1fa796a4
2026-02-27 14:55:00 [main] DEBUG o.hibernate.type.BasicTypeRegistry - Adding type registration java.lang.Long -> org.hibernate.type.BasicTypeReference@1fa796a4
2026-02-27 14:55:00 [main] DEBUG o.hibernate.type.BasicTypeRegistry - Adding type registration float -> org.hibernate.type.BasicTypeReference@68de8522
2026-02-27 14:55:00 [main] DEBUG o.hibernate.type.BasicTypeRegistry - Adding type registration float -> org.hibernate.type.BasicTypeReference@68de8522
2026-02-27 14:55:00 [main] DEBUG o.hibernate.type.BasicTypeRegistry - Adding type registration java.lang.Float -> org.hibernate.type.BasicTypeReference@68de8522
2026-02-27 14:55:00 [main] DEBUG o.hibernate.type.BasicTypeRegistry - Adding type registration double -> org.hibernate.type.BasicTypeReference@8dcacf1
2026-02-27 14:55:00 [main] DEBUG o.hibernate.type.BasicTypeRegistry - Adding type registration double -> org.hibernate.type.BasicTypeReference@8dcacf1
2026-02-27 14:55:00 [main] DEBUG o.hibernate.type.BasicTypeRegistry - Adding type registration java.lang.Double -> org.hibernate.type.BasicTypeReference@8dcacf1
2026-02-27 14:55:00 [main] DEBUG o.hibernate.type.BasicTypeRegistry - Adding type registration big_integer -> org.hibernate.type.BasicTypeReference@50f13494
2026-02-27 14:55:00 [main] DEBUG o.hibernate.type.BasicTypeRegistry - Adding type registration java.math.BigInteger -> org.hibernate.type.BasicTypeReference@50f13494
2026-02-27 14:55:00 [main] DEBUG o.hibernate.type.BasicTypeRegistry - Adding type registration big_decimal -> org.hibernate.type.BasicTypeReference@73c09a98
2026-02-27 14:55:00 [main] DEBUG o.hibernate.type.BasicTypeRegistry - Adding type registration java.math.BigDecimal -> org.hibernate.type.BasicTypeReference@73c09a98
2026-02-27 14:55:00 [main] DEBUG o.hibernate.type.BasicTypeRegistry - Adding type registration character -> org.hibernate.type.BasicTypeReference@6f2bf657
2026-02-27 14:55:00 [main] DEBUG o.hibernate.type.BasicTypeRegistry - Adding type registration char -> org.hibernate.type.BasicTypeReference@6f2bf657
2026-02-27 14:55:00 [main] DEBUG o.hibernate.type.BasicTypeRegistry - Adding type registration java.lang.Character -> org.hibernate.type.BasicTypeReference@6f2bf657
2026-02-27 14:55:00 [main] DEBUG o.hibernate.type.BasicTypeRegistry - Adding type registration character_nchar -> org.hibernate.type.BasicTypeReference@27d6467
2026-02-27 14:55:00 [main] DEBUG o.hibernate.type.BasicTypeRegistry - Adding type registration string -> org.hibernate.type.BasicTypeReference@5bf1b528
2026-02-27 14:55:00 [main] DEBUG o.hibernate.type.BasicTypeRegistry - Adding type registration java.lang.String -> org.hibernate.type.BasicTypeReference@5bf1b528
2026-02-27 14:55:00 [main] DEBUG o.hibernate.type.BasicTypeRegistry - Adding type registration nstring -> org.hibernate.type.BasicTypeReference@2c92f094
2026-02-27 14:55:00 [main] DEBUG o.hibernate.type.BasicTypeRegistry - Adding type registration characters -> org.hibernate.type.BasicTypeReference@1c3b221f
2026-02-27 14:55:00 [main] DEBUG o.hibernate.type.BasicTypeRegistry - Adding type registration char[] -> org.hibernate.type.BasicTypeReference@1c3b221f
2026-02-27 14:55:00 [main] DEBUG o.hibernate.type.BasicTypeRegistry - Adding type registration [C -> org.hibernate.type.BasicTypeReference@1c3b221f
2026-02-27 14:55:00 [main] DEBUG o.hibernate.type.BasicTypeRegistry - Adding type registration wrapper-characters -> org.hibernate.type.BasicTypeReference@750c23a3
2026-02-27 14:55:00 [main] DEBUG o.hibernate.type.BasicTypeRegistry - Adding type registration text -> org.hibernate.type.BasicTypeReference@238280df
2026-02-27 14:55:00 [main] DEBUG o.hibernate.type.BasicTypeRegistry - Adding type registration ntext -> org.hibernate.type.BasicTypeReference@182fd26b
2026-02-27 14:55:00 [main] DEBUG o.hibernate.type.BasicTypeRegistry - Adding type registration clob -> org.hibernate.type.BasicTypeReference@5dc120ab
2026-02-27 14:55:00 [main] DEBUG o.hibernate.type.BasicTypeRegistry - Adding type registration java.sql.Clob -> org.hibernate.type.BasicTypeReference@5dc120ab
2026-02-27 14:55:00 [main] DEBUG o.hibernate.type.BasicTypeRegistry - Adding type registration nclob -> org.hibernate.type.BasicTypeReference@49c4118b
2026-02-27 14:55:00 [main] DEBUG o.hibernate.type.BasicTypeRegistry - Adding type registration java.sql.NClob -> org.hibernate.type.BasicTypeReference@49c4118b
2026-02-27 14:55:00 [main] DEBUG o.hibernate.type.BasicTypeRegistry - Adding type registration materialized_clob -> org.hibernate.type.BasicTypeReference@7ef7f414
2026-02-27 14:55:00 [main] DEBUG o.hibernate.type.BasicTypeRegistry - Adding type registration materialized_clob_char_array -> org.hibernate.type.BasicTypeReference@182dcd2b
2026-02-27 14:55:00 [main] DEBUG o.hibernate.type.BasicTypeRegistry - Adding type registration materialized_clob_character_array -> org.hibernate.type.BasicTypeReference@4c3d72fd
2026-02-27 14:55:00 [main] DEBUG o.hibernate.type.BasicTypeRegistry - Adding type registration materialized_nclob -> org.hibernate.type.BasicTypeReference@259c6ab8
2026-02-27 14:55:00 [main] DEBUG o.hibernate.type.BasicTypeRegistry - Adding type registration materialized_nclob_character_array -> org.hibernate.type.BasicTypeReference@640a6d4b
2026-02-27 14:55:00 [main] DEBUG o.hibernate.type.BasicTypeRegistry - Adding type registration materialized_nclob_char_array -> org.hibernate.type.BasicTypeReference@1238a074
2026-02-27 14:55:00 [main] DEBUG o.hibernate.type.BasicTypeRegistry - Adding type registration Duration -> org.hibernate.type.BasicTypeReference@35b58254
2026-02-27 14:55:00 [main] DEBUG o.hibernate.type.BasicTypeRegistry - Adding type registration java.time.Duration -> org.hibernate.type.BasicTypeReference@35b58254
2026-02-27 14:55:00 [main] DEBUG o.hibernate.type.BasicTypeRegistry - Adding type registration LocalDateTime -> org.hibernate.type.BasicTypeReference@73baf7f0
2026-02-27 14:55:00 [main] DEBUG o.hibernate.type.BasicTypeRegistry - Adding type registration java.time.LocalDateTime -> org.hibernate.type.BasicTypeReference@73baf7f0
2026-02-27 14:55:00 [main] DEBUG o.hibernate.type.BasicTypeRegistry - Adding type registration LocalDate -> org.hibernate.type.BasicTypeReference@446dacf9
2026-02-27 14:55:00 [main] DEBUG o.hibernate.type.BasicTypeRegistry - Adding type registration java.time.LocalDate -> org.hibernate.type.BasicTypeReference@446dacf9
2026-02-27 14:55:00 [main] DEBUG o.hibernate.type.BasicTypeRegistry - Adding type registration LocalTime -> org.hibernate.type.BasicTypeReference@13018f00
2026-02-27 14:55:00 [main] DEBUG o.hibernate.type.BasicTypeRegistry - Adding type registration java.time.LocalTime -> org.hibernate.type.BasicTypeReference@13018f00
2026-02-27 14:55:00 [main] DEBUG o.hibernate.type.BasicTypeRegistry - Adding type registration OffsetDateTime -> org.hibernate.type.BasicTypeReference@abf1816
2026-02-27 14:55:00 [main] DEBUG o.hibernate.type.BasicTypeRegistry - Adding type registration java.time.OffsetDateTime -> org.hibernate.type.BasicTypeReference@abf1816
2026-02-27 14:55:00 [main] DEBUG o.hibernate.type.BasicTypeRegistry - Adding type registration OffsetDateTimeWithTimezone -> org.hibernate.type.BasicTypeReference@2e1e7bc6
2026-02-27 14:55:00 [main] DEBUG o.hibernate.type.BasicTypeRegistry - Adding type registration OffsetDateTimeWithoutTimezone -> org.hibernate.type.BasicTypeReference@7bd1098
2026-02-27 14:55:00 [main] DEBUG o.hibernate.type.BasicTypeRegistry - Adding type registration OffsetTime -> org.hibernate.type.BasicTypeReference@185bf6e0
2026-02-27 14:55:00 [main] DEBUG o.hibernate.type.BasicTypeRegistry - Adding type registration java.time.OffsetTime -> org.hibernate.type.BasicTypeReference@185bf6e0
2026-02-27 14:55:00 [main] DEBUG o.hibernate.type.BasicTypeRegistry - Adding type registration OffsetTimeUtc -> org.hibernate.type.BasicTypeReference@6a562255
2026-02-27 14:55:00 [main] DEBUG o.hibernate.type.BasicTypeRegistry - Adding type registration OffsetTimeWithTimezone -> org.hibernate.type.BasicTypeReference@374ba492
2026-02-27 14:55:00 [main] DEBUG o.hibernate.type.BasicTypeRegistry - Adding type registration OffsetTimeWithoutTimezone -> org.hibernate.type.BasicTypeReference@581d5b33
2026-02-27 14:55:00 [main] DEBUG o.hibernate.type.BasicTypeRegistry - Adding type registration ZonedDateTime -> org.hibernate.type.BasicTypeReference@1f365a26
2026-02-27 14:55:00 [main] DEBUG o.hibernate.type.BasicTypeRegistry - Adding type registration java.time.ZonedDateTime -> org.hibernate.type.BasicTypeReference@1f365a26
2026-02-27 14:55:00 [main] DEBUG o.hibernate.type.BasicTypeRegistry - Adding type registration ZonedDateTimeWithTimezone -> org.hibernate.type.BasicTypeReference@44a9971f
2026-02-27 14:55:00 [main] DEBUG o.hibernate.type.BasicTypeRegistry - Adding type registration ZonedDateTimeWithoutTimezone -> org.hibernate.type.BasicTypeReference@2e2cd42c
2026-02-27 14:55:00 [main] DEBUG o.hibernate.type.BasicTypeRegistry - Adding type registration date -> org.hibernate.type.BasicTypeReference@1cdad619
2026-02-27 14:55:00 [main] DEBUG o.hibernate.type.BasicTypeRegistry - Adding type registration java.sql.Date -> org.hibernate.type.BasicTypeReference@1cdad619
2026-02-27 14:55:00 [main] DEBUG o.hibernate.type.BasicTypeRegistry - Adding type registration time -> org.hibernate.type.BasicTypeReference@319058ce
2026-02-27 14:55:00 [main] DEBUG o.hibernate.type.BasicTypeRegistry - Adding type registration java.sql.Time -> org.hibernate.type.BasicTypeReference@319058ce
2026-02-27 14:55:00 [main] DEBUG o.hibernate.type.BasicTypeRegistry - Adding type registration timestamp -> org.hibernate.type.BasicTypeReference@3909308c
2026-02-27 14:55:00 [main] DEBUG o.hibernate.type.BasicTypeRegistry - Adding type registration java.sql.Timestamp -> org.hibernate.type.BasicTypeReference@3909308c
2026-02-27 14:55:00 [main] DEBUG o.hibernate.type.BasicTypeRegistry - Adding type registration java.util.Date -> org.hibernate.type.BasicTypeReference@3909308c
2026-02-27 14:55:00 [main] DEBUG o.hibernate.type.BasicTypeRegistry - Adding type registration calendar -> org.hibernate.type.BasicTypeReference@71cc0e35
2026-02-27 14:55:00 [main] DEBUG o.hibernate.type.BasicTypeRegistry - Adding type registration java.util.Calendar -> org.hibernate.type.BasicTypeReference@71cc0e35
2026-02-27 14:55:00 [main] DEBUG o.hibernate.type.BasicTypeRegistry - Adding type registration java.util.GregorianCalendar -> org.hibernate.type.BasicTypeReference@71cc0e35
2026-02-27 14:55:00 [main] DEBUG o.hibernate.type.BasicTypeRegistry - Adding type registration calendar_date -> org.hibernate.type.BasicTypeReference@3b6c740b
2026-02-27 14:55:00 [main] DEBUG o.hibernate.type.BasicTypeRegistry - Adding type registration calendar_time -> org.hibernate.type.BasicTypeReference@8091d80
2026-02-27 14:55:00 [main] DEBUG o.hibernate.type.BasicTypeRegistry - Adding type registration instant -> org.hibernate.type.BasicTypeReference@78f4d15d
2026-02-27 14:55:00 [main] DEBUG o.hibernate.type.BasicTypeRegistry - Adding type registration java.time.Instant -> org.hibernate.type.BasicTypeReference@78f4d15d
2026-02-27 14:55:00 [main] DEBUG o.hibernate.type.BasicTypeRegistry - Adding type registration uuid -> org.hibernate.type.BasicTypeReference@6958d5d0
2026-02-27 14:55:00 [main] DEBUG o.hibernate.type.BasicTypeRegistry - Adding type registration java.util.UUID -> org.hibernate.type.BasicTypeReference@6958d5d0
2026-02-27 14:55:00 [main] DEBUG o.hibernate.type.BasicTypeRegistry - Adding type registration pg-uuid -> org.hibernate.type.BasicTypeReference@6958d5d0
2026-02-27 14:55:00 [main] DEBUG o.hibernate.type.BasicTypeRegistry - Adding type registration uuid-binary -> org.hibernate.type.BasicTypeReference@314c28dc
2026-02-27 14:55:00 [main] DEBUG o.hibernate.type.BasicTypeRegistry - Adding type registration uuid-char -> org.hibernate.type.BasicTypeReference@7169d668
2026-02-27 14:55:00 [main] DEBUG o.hibernate.type.BasicTypeRegistry - Adding type registration class -> org.hibernate.type.BasicTypeReference@2f498f21
2026-02-27 14:55:00 [main] DEBUG o.hibernate.type.BasicTypeRegistry - Adding type registration java.lang.Class -> org.hibernate.type.BasicTypeReference@2f498f21
2026-02-27 14:55:00 [main] DEBUG o.hibernate.type.BasicTypeRegistry - Adding type registration currency -> org.hibernate.type.BasicTypeReference@90394d
2026-02-27 14:55:00 [main] DEBUG o.hibernate.type.BasicTypeRegistry - Adding type registration Currency -> org.hibernate.type.BasicTypeReference@90394d
2026-02-27 14:55:00 [main] DEBUG o.hibernate.type.BasicTypeRegistry - Adding type registration java.util.Currency -> org.hibernate.type.BasicTypeReference@90394d
2026-02-27 14:55:00 [main] DEBUG o.hibernate.type.BasicTypeRegistry - Adding type registration locale -> org.hibernate.type.BasicTypeReference@50caeb4b
2026-02-27 14:55:00 [main] DEBUG o.hibernate.type.BasicTypeRegistry - Adding type registration java.util.Locale -> org.hibernate.type.BasicTypeReference@50caeb4b
2026-02-27 14:55:00 [main] DEBUG o.hibernate.type.BasicTypeRegistry - Adding type registration serializable -> org.hibernate.type.BasicTypeReference@6fafbdac
2026-02-27 14:55:00 [main] DEBUG o.hibernate.type.BasicTypeRegistry - Adding type registration java.io.Serializable -> org.hibernate.type.BasicTypeReference@6fafbdac
2026-02-27 14:55:00 [main] DEBUG o.hibernate.type.BasicTypeRegistry - Adding type registration timezone -> org.hibernate.type.BasicTypeReference@c7c07ff
2026-02-27 14:55:00 [main] DEBUG o.hibernate.type.BasicTypeRegistry - Adding type registration java.util.TimeZone -> org.hibernate.type.BasicTypeReference@c7c07ff
2026-02-27 14:55:00 [main] DEBUG o.hibernate.type.BasicTypeRegistry - Adding type registration ZoneOffset -> org.hibernate.type.BasicTypeReference@d271d6c
2026-02-27 14:55:00 [main] DEBUG o.hibernate.type.BasicTypeRegistry - Adding type registration java.time.ZoneOffset -> org.hibernate.type.BasicTypeReference@d271d6c
2026-02-27 14:55:00 [main] DEBUG o.hibernate.type.BasicTypeRegistry - Adding type registration url -> org.hibernate.type.BasicTypeReference@a302f30
2026-02-27 14:55:00 [main] DEBUG o.hibernate.type.BasicTypeRegistry - Adding type registration java.net.URL -> org.hibernate.type.BasicTypeReference@a302f30
2026-02-27 14:55:00 [main] DEBUG o.hibernate.type.BasicTypeRegistry - Adding type registration vector -> org.hibernate.type.BasicTypeReference@1860b107
2026-02-27 14:55:00 [main] DEBUG o.hibernate.type.BasicTypeRegistry - Adding type registration float_vector -> org.hibernate.type.BasicTypeReference@744f0e0b
2026-02-27 14:55:00 [main] DEBUG o.hibernate.type.BasicTypeRegistry - Adding type registration double_vector -> org.hibernate.type.BasicTypeReference@4136b193
2026-02-27 14:55:00 [main] DEBUG o.hibernate.type.BasicTypeRegistry - Adding type registration byte_vector -> org.hibernate.type.BasicTypeReference@4af44f2a
2026-02-27 14:55:00 [main] DEBUG o.hibernate.type.BasicTypeRegistry - Adding type registration row_version -> org.hibernate.type.BasicTypeReference@570127fa
2026-02-27 14:55:00 [main] DEBUG o.hibernate.type.BasicTypeRegistry - Adding type registration object -> org.hibernate.type.JavaObjectType@25c16cf7
2026-02-27 14:55:00 [main] DEBUG o.hibernate.type.BasicTypeRegistry - Adding type registration java.lang.Object -> org.hibernate.type.JavaObjectType@25c16cf7
2026-02-27 14:55:00 [main] DEBUG o.hibernate.type.BasicTypeRegistry - Adding type registration null -> org.hibernate.type.NullType@1ddc8fc
2026-02-27 14:55:00 [main] DEBUG o.hibernate.type.BasicTypeRegistry - Adding type registration imm_date -> org.hibernate.type.BasicTypeReference@77d58f3a
2026-02-27 14:55:00 [main] DEBUG o.hibernate.type.BasicTypeRegistry - Adding type registration imm_time -> org.hibernate.type.BasicTypeReference@1e288c76
2026-02-27 14:55:00 [main] DEBUG o.hibernate.type.BasicTypeRegistry - Adding type registration imm_timestamp -> org.hibernate.type.BasicTypeReference@738ed8f5
2026-02-27 14:55:00 [main] DEBUG o.hibernate.type.BasicTypeRegistry - Adding type registration imm_calendar -> org.hibernate.type.BasicTypeReference@1cfb7450
2026-02-27 14:55:00 [main] DEBUG o.hibernate.type.BasicTypeRegistry - Adding type registration imm_calendar_date -> org.hibernate.type.BasicTypeReference@478c84aa
2026-02-27 14:55:00 [main] DEBUG o.hibernate.type.BasicTypeRegistry - Adding type registration imm_calendar_time -> org.hibernate.type.BasicTypeReference@1d1deb11
2026-02-27 14:55:00 [main] DEBUG o.hibernate.type.BasicTypeRegistry - Adding type registration imm_binary -> org.hibernate.type.BasicTypeReference@18d1d137
2026-02-27 14:55:00 [main] DEBUG o.hibernate.type.BasicTypeRegistry - Adding type registration imm_serializable -> org.hibernate.type.BasicTypeReference@5f4f6f89
2026-02-27 14:55:00 [main] INFO  o.s.o.j.p.SpringPersistenceUnitInfo - No LoadTimeWeaver setup: ignoring JPA class transformer
2026-02-27 14:55:00 [main] INFO  com.zaxxer.hikari.HikariDataSource - HikariPool-1 - Starting...
2026-02-27 14:55:00 [main] INFO  com.zaxxer.hikari.pool.HikariPool - HikariPool-1 - Added connection org.postgresql.jdbc.PgConnection@4244e477
2026-02-27 14:55:00 [main] INFO  com.zaxxer.hikari.HikariDataSource - HikariPool-1 - Start completed.
2026-02-27 14:55:00 [main] INFO  o.hibernate.orm.connections.pooling - HHH10001005: Database info:
	Database JDBC URL [Connecting through datasource 'HikariDataSource (HikariPool-1)']
	Database driver: undefined/unknown
	Database version: 16.12
	Autocommit mode: undefined/unknown
	Isolation level: undefined/unknown
	Minimum pool size: undefined/unknown
	Maximum pool size: undefined/unknown
2026-02-27 14:55:00 [main] DEBUG o.h.t.d.sql.spi.DdlTypeRegistry - addDescriptor(2003, org.hibernate.type.descriptor.sql.internal.ArrayDdlTypeImpl@6dde913e) replaced previous registration(org.hibernate.type.descriptor.sql.internal.ArrayDdlTypeImpl@7b44e98e)
2026-02-27 14:55:00 [main] DEBUG o.h.t.d.sql.spi.DdlTypeRegistry - addDescriptor(6, org.hibernate.type.descriptor.sql.internal.CapacityDependentDdlType@1e2bc241) replaced previous registration(org.hibernate.type.descriptor.sql.internal.DdlTypeImpl@543196f9)
2026-02-27 14:55:00 [main] DEBUG o.h.t.d.jdbc.spi.JdbcTypeRegistry - addDescriptor(2004, BlobTypeDescriptor(BLOB_BINDING)) replaced previous registration(BlobTypeDescriptor(DEFAULT))
2026-02-27 14:55:00 [main] DEBUG o.h.t.d.jdbc.spi.JdbcTypeRegistry - addDescriptor(2005, ClobTypeDescriptor(CLOB_BINDING)) replaced previous registration(ClobTypeDescriptor(DEFAULT))
2026-02-27 14:55:00 [main] DEBUG o.hibernate.type.BasicTypeRegistry - Adding type registration JAVA_OBJECT -> org.hibernate.type.JavaObjectType@58189132
2026-02-27 14:55:00 [main] DEBUG o.hibernate.type.BasicTypeRegistry - Adding type registration java.lang.Object -> org.hibernate.type.JavaObjectType@58189132
2026-02-27 14:55:00 [main] DEBUG o.hibernate.type.BasicTypeRegistry - Type registration key [java.lang.Object] overrode previous entry : `org.hibernate.type.JavaObjectType@25c16cf7`
2026-02-27 14:55:00 [main] DEBUG o.hibernate.type.BasicTypeRegistry - Adding type registration org.hibernate.type.DurationType -> basicType@1(java.time.Duration,3015)
2026-02-27 14:55:00 [main] DEBUG o.hibernate.type.BasicTypeRegistry - Adding type registration Duration -> basicType@1(java.time.Duration,3015)
2026-02-27 14:55:00 [main] DEBUG o.hibernate.type.BasicTypeRegistry - Adding type registration java.time.Duration -> basicType@1(java.time.Duration,3015)
2026-02-27 14:55:00 [main] DEBUG o.hibernate.type.BasicTypeRegistry - Adding type registration org.hibernate.type.OffsetDateTimeType -> basicType@2(java.time.OffsetDateTime,3003)
2026-02-27 14:55:00 [main] DEBUG o.hibernate.type.BasicTypeRegistry - Adding type registration OffsetDateTime -> basicType@2(java.time.OffsetDateTime,3003)
2026-02-27 14:55:00 [main] DEBUG o.hibernate.type.BasicTypeRegistry - Adding type registration java.time.OffsetDateTime -> basicType@2(java.time.OffsetDateTime,3003)
2026-02-27 14:55:00 [main] DEBUG o.hibernate.type.BasicTypeRegistry - Adding type registration org.hibernate.type.ZonedDateTimeType -> basicType@3(java.time.ZonedDateTime,3003)
2026-02-27 14:55:00 [main] DEBUG o.hibernate.type.BasicTypeRegistry - Adding type registration ZonedDateTime -> basicType@3(java.time.ZonedDateTime,3003)
2026-02-27 14:55:00 [main] DEBUG o.hibernate.type.BasicTypeRegistry - Adding type registration java.time.ZonedDateTime -> basicType@3(java.time.ZonedDateTime,3003)
2026-02-27 14:55:00 [main] DEBUG o.hibernate.type.BasicTypeRegistry - Adding type registration org.hibernate.type.OffsetTimeType -> basicType@4(java.time.OffsetTime,3007)
2026-02-27 14:55:00 [main] DEBUG o.hibernate.type.BasicTypeRegistry - Adding type registration OffsetTime -> basicType@4(java.time.OffsetTime,3007)
2026-02-27 14:55:00 [main] DEBUG o.hibernate.type.BasicTypeRegistry - Adding type registration java.time.OffsetTime -> basicType@4(java.time.OffsetTime,3007)
2026-02-27 14:55:00 [main] DEBUG o.h.type.spi.TypeConfiguration$Scope - Scoping TypeConfiguration [org.hibernate.type.spi.TypeConfiguration@733e3c19] to MetadataBuildingContext [org.hibernate.boot.internal.MetadataBuildingContextRootImpl@5418893c]
2026-02-27 14:55:01 [main] INFO  o.h.e.t.j.p.i.JtaPlatformInitiator - HHH000489: No JTA platform available (set 'hibernate.transaction.jta.platform' to enable JTA platform integration)
2026-02-27 14:55:01 [main] DEBUG o.h.type.spi.TypeConfiguration$Scope - Scoping TypeConfiguration [org.hibernate.type.spi.TypeConfiguration@733e3c19] to SessionFactoryImplementor [org.hibernate.internal.SessionFactoryImpl@57d6f569]
2026-02-27 14:55:01 [main] TRACE o.h.type.spi.TypeConfiguration$Scope - Handling #sessionFactoryCreated from [org.hibernate.internal.SessionFactoryImpl@57d6f569] for TypeConfiguration
2026-02-27 14:55:01 [main] INFO  o.s.o.j.LocalContainerEntityManagerFactoryBean - Initialized JPA EntityManagerFactory for persistence unit 'default'
2026-02-27 14:55:02 [main] INFO  c.u.l.member.config.RedisConfig - Redis Streams 리스너 컨테이너 시작 (DB 0) — stream: subscription-events
2026-02-27 14:55:02 [main] DEBUG c.u.l.member.config.RedisConfig - Consumer Group 이미 존재 (정상) — stream: subscription-events, group: member-service-group
2026-02-27 14:55:02 [main] INFO  c.u.l.member.config.RedisConfig - Redis Streams 구독 등록 완료 — stream: subscription-events, group: member-service-group, consumer: member-service-1
2026-02-27 14:55:02 [SimpleAsyncTaskExecutor-1] INFO  c.u.l.m.s.impl.MemberServiceImpl - 구독 캐시 갱신 완료 — memberId: dbdd71a7-cde8-478a-b786-8b90b7a5f667, plan: PREMIUM_MONTHLY
2026-02-27 14:55:02 [SimpleAsyncTaskExecutor-1] INFO  c.u.l.m.m.SubscriptionEventConsumer - 구독 이벤트 처리 완료 — memberId: dbdd71a7-cde8-478a-b786-8b90b7a5f667, plan: PREMIUM_MONTHLY
2026-02-27 14:55:02 [SimpleAsyncTaskExecutor-1] INFO  c.u.l.m.s.impl.MemberServiceImpl - 구독 캐시 갱신 완료 — memberId: dbdd71a7-cde8-478a-b786-8b90b7a5f667, plan: PREMIUM_MONTHLY
2026-02-27 14:55:02 [SimpleAsyncTaskExecutor-1] INFO  c.u.l.m.m.SubscriptionEventConsumer - 구독 이벤트 처리 완료 — memberId: dbdd71a7-cde8-478a-b786-8b90b7a5f667, plan: PREMIUM_MONTHLY
2026-02-27 14:55:02 [SimpleAsyncTaskExecutor-1] INFO  c.u.l.m.s.impl.MemberServiceImpl - 구독 캐시 갱신 완료 — memberId: dbdd71a7-cde8-478a-b786-8b90b7a5f667, plan: PREMIUM_MONTHLY
2026-02-27 14:55:02 [SimpleAsyncTaskExecutor-1] INFO  c.u.l.m.m.SubscriptionEventConsumer - 구독 이벤트 처리 완료 — memberId: dbdd71a7-cde8-478a-b786-8b90b7a5f667, plan: PREMIUM_MONTHLY
2026-02-27 14:55:03 [main] WARN  o.s.b.a.o.j.JpaBaseConfiguration$JpaWebConfiguration - spring.jpa.open-in-view is enabled by default. Therefore, database queries may be performed during view rendering. Explicitly configure spring.jpa.open-in-view to disable this warning
2026-02-27 14:55:03 [main] INFO  o.s.s.c.a.a.c.InitializeUserDetailsBeanManagerConfigurer$InitializeUserDetailsManagerConfigurer - Global AuthenticationManager configured with UserDetailsService bean with name customUserDetailsService
2026-02-27 14:55:03 [main] INFO  o.s.b.a.e.web.EndpointLinksResolver - Exposing 3 endpoints beneath base path '/actuator'
2026-02-27 14:55:05 [main] INFO  o.s.cloud.commons.util.InetUtils - Cannot determine local hostname
2026-02-27 14:55:05 [main] INFO  o.s.b.w.e.tomcat.TomcatWebServer - Tomcat started on port 8081 (http) with context path '/'
2026-02-27 14:55:06 [main] INFO  o.s.cloud.commons.util.InetUtils - Cannot determine local hostname
2026-02-27 14:55:06 [main] INFO  c.u.l.member.MemberApplication - Started MemberApplication in 10.842 seconds (process running for 11.173)
2026-02-27 15:24:43 [main] INFO  c.u.l.member.MemberApplication - Starting MemberApplication using Java 21 with PID 30348 (C:\Users\hiond\workspace\lunch-menu-recommender\member-service\build\classes\java\main started by hiond in C:\Users\hiond\workspace\lunch-menu-recommender\member-service)
2026-02-27 15:24:43 [main] DEBUG c.u.l.member.MemberApplication - Running with Spring Boot v3.4.1, Spring v6.2.1
2026-02-27 15:24:43 [main] INFO  c.u.l.member.MemberApplication - The following 1 profile is active: "dev"
2026-02-27 15:24:44 [main] INFO  o.s.d.r.c.RepositoryConfigurationDelegate - Multiple Spring Data modules found, entering strict repository configuration mode
2026-02-27 15:24:44 [main] INFO  o.s.d.r.c.RepositoryConfigurationDelegate - Bootstrapping Spring Data JPA repositories in DEFAULT mode.
2026-02-27 15:24:44 [main] INFO  o.s.d.r.c.RepositoryConfigurationDelegate - Finished Spring Data repository scanning in 75 ms. Found 4 JPA repository interfaces.
2026-02-27 15:24:44 [main] INFO  o.s.d.r.c.RepositoryConfigurationDelegate - Multiple Spring Data modules found, entering strict repository configuration mode
2026-02-27 15:24:44 [main] INFO  o.s.d.r.c.RepositoryConfigurationDelegate - Bootstrapping Spring Data Redis repositories in DEFAULT mode.
2026-02-27 15:24:44 [main] INFO  o.s.d.r.c.RepositoryConfigurationExtensionSupport - Spring Data Redis - Could not safely identify store assignment for repository candidate interface com.unicorn.lunchpick.member.repository.jpa.DietaryRestrictionRepository; If you want this repository to be a Redis repository, consider annotating your entities with one of these annotations: org.springframework.data.redis.core.RedisHash (preferred), or consider extending one of the following types with your repository: org.springframework.data.keyvalue.repository.KeyValueRepository
2026-02-27 15:24:44 [main] INFO  o.s.d.r.c.RepositoryConfigurationExtensionSupport - Spring Data Redis - Could not safely identify store assignment for repository candidate interface com.unicorn.lunchpick.member.repository.jpa.LocationConsentRepository; If you want this repository to be a Redis repository, consider annotating your entities with one of these annotations: org.springframework.data.redis.core.RedisHash (preferred), or consider extending one of the following types with your repository: org.springframework.data.keyvalue.repository.KeyValueRepository
2026-02-27 15:24:44 [main] INFO  o.s.d.r.c.RepositoryConfigurationExtensionSupport - Spring Data Redis - Could not safely identify store assignment for repository candidate interface com.unicorn.lunchpick.member.repository.jpa.MemberRepository; If you want this repository to be a Redis repository, consider annotating your entities with one of these annotations: org.springframework.data.redis.core.RedisHash (preferred), or consider extending one of the following types with your repository: org.springframework.data.keyvalue.repository.KeyValueRepository
2026-02-27 15:24:44 [main] INFO  o.s.d.r.c.RepositoryConfigurationExtensionSupport - Spring Data Redis - Could not safely identify store assignment for repository candidate interface com.unicorn.lunchpick.member.repository.jpa.TasteProfileRepository; If you want this repository to be a Redis repository, consider annotating your entities with one of these annotations: org.springframework.data.redis.core.RedisHash (preferred), or consider extending one of the following types with your repository: org.springframework.data.keyvalue.repository.KeyValueRepository
2026-02-27 15:24:44 [main] INFO  o.s.d.r.c.RepositoryConfigurationDelegate - Finished Spring Data repository scanning in 14 ms. Found 0 Redis repository interfaces.
2026-02-27 15:24:45 [main] INFO  o.s.cloud.context.scope.GenericScope - BeanFactory id=1a3b27fb-12f5-300a-b35b-fe7cd5e0b075
2026-02-27 15:24:45 [main] INFO  o.s.b.w.e.tomcat.TomcatWebServer - Tomcat initialized with port 8081 (http)
2026-02-27 15:24:45 [main] INFO  o.a.catalina.core.StandardService - Starting service [Tomcat]
2026-02-27 15:24:45 [main] INFO  o.a.catalina.core.StandardEngine - Starting Servlet engine: [Apache Tomcat/10.1.34]
2026-02-27 15:24:45 [main] INFO  o.a.c.c.C.[Tomcat].[localhost].[/] - Initializing Spring embedded WebApplicationContext
2026-02-27 15:24:45 [main] INFO  o.s.b.w.s.c.ServletWebServerApplicationContext - Root WebApplicationContext: initialization completed in 1656 ms
2026-02-27 15:24:45 [main] INFO  o.h.jpa.internal.util.LogHelper - HHH000204: Processing PersistenceUnitInfo [name: default]
2026-02-27 15:24:45 [main] INFO  org.hibernate.Version - HHH000412: Hibernate ORM core version 6.6.4.Final
2026-02-27 15:24:46 [main] INFO  o.h.c.i.RegionFactoryInitiator - HHH000026: Second-level cache disabled
2026-02-27 15:24:46 [main] DEBUG o.hibernate.type.BasicTypeRegistry - Adding type registration boolean -> org.hibernate.type.BasicTypeReference@5b1f0f26
2026-02-27 15:24:46 [main] DEBUG o.hibernate.type.BasicTypeRegistry - Adding type registration boolean -> org.hibernate.type.BasicTypeReference@5b1f0f26
2026-02-27 15:24:46 [main] DEBUG o.hibernate.type.BasicTypeRegistry - Adding type registration java.lang.Boolean -> org.hibernate.type.BasicTypeReference@5b1f0f26
2026-02-27 15:24:46 [main] DEBUG o.hibernate.type.BasicTypeRegistry - Adding type registration numeric_boolean -> org.hibernate.type.BasicTypeReference@7120daa6
2026-02-27 15:24:46 [main] DEBUG o.hibernate.type.BasicTypeRegistry - Adding type registration org.hibernate.type.NumericBooleanConverter -> org.hibernate.type.BasicTypeReference@7120daa6
2026-02-27 15:24:46 [main] DEBUG o.hibernate.type.BasicTypeRegistry - Adding type registration true_false -> org.hibernate.type.BasicTypeReference@6cbb6c41
2026-02-27 15:24:46 [main] DEBUG o.hibernate.type.BasicTypeRegistry - Adding type registration org.hibernate.type.TrueFalseConverter -> org.hibernate.type.BasicTypeReference@6cbb6c41
2026-02-27 15:24:46 [main] DEBUG o.hibernate.type.BasicTypeRegistry - Adding type registration yes_no -> org.hibernate.type.BasicTypeReference@6787bd41
2026-02-27 15:24:46 [main] DEBUG o.hibernate.type.BasicTypeRegistry - Adding type registration org.hibernate.type.YesNoConverter -> org.hibernate.type.BasicTypeReference@6787bd41
2026-02-27 15:24:46 [main] DEBUG o.hibernate.type.BasicTypeRegistry - Adding type registration byte -> org.hibernate.type.BasicTypeReference@44c2e8a8
2026-02-27 15:24:46 [main] DEBUG o.hibernate.type.BasicTypeRegistry - Adding type registration byte -> org.hibernate.type.BasicTypeReference@44c2e8a8
2026-02-27 15:24:46 [main] DEBUG o.hibernate.type.BasicTypeRegistry - Adding type registration java.lang.Byte -> org.hibernate.type.BasicTypeReference@44c2e8a8
2026-02-27 15:24:46 [main] DEBUG o.hibernate.type.BasicTypeRegistry - Adding type registration binary -> org.hibernate.type.BasicTypeReference@3340ff7c
2026-02-27 15:24:46 [main] DEBUG o.hibernate.type.BasicTypeRegistry - Adding type registration byte[] -> org.hibernate.type.BasicTypeReference@3340ff7c
2026-02-27 15:24:46 [main] DEBUG o.hibernate.type.BasicTypeRegistry - Adding type registration [B -> org.hibernate.type.BasicTypeReference@3340ff7c
2026-02-27 15:24:46 [main] DEBUG o.hibernate.type.BasicTypeRegistry - Adding type registration binary_wrapper -> org.hibernate.type.BasicTypeReference@42e4431
2026-02-27 15:24:46 [main] DEBUG o.hibernate.type.BasicTypeRegistry - Adding type registration wrapper-binary -> org.hibernate.type.BasicTypeReference@42e4431
2026-02-27 15:24:46 [main] DEBUG o.hibernate.type.BasicTypeRegistry - Adding type registration image -> org.hibernate.type.BasicTypeReference@5e198c40
2026-02-27 15:24:46 [main] DEBUG o.hibernate.type.BasicTypeRegistry - Adding type registration blob -> org.hibernate.type.BasicTypeReference@dcdb883
2026-02-27 15:24:46 [main] DEBUG o.hibernate.type.BasicTypeRegistry - Adding type registration java.sql.Blob -> org.hibernate.type.BasicTypeReference@dcdb883
2026-02-27 15:24:46 [main] DEBUG o.hibernate.type.BasicTypeRegistry - Adding type registration materialized_blob -> org.hibernate.type.BasicTypeReference@39420d59
2026-02-27 15:24:46 [main] DEBUG o.hibernate.type.BasicTypeRegistry - Adding type registration materialized_blob_wrapper -> org.hibernate.type.BasicTypeReference@4fbbd98c
2026-02-27 15:24:46 [main] DEBUG o.hibernate.type.BasicTypeRegistry - Adding type registration short -> org.hibernate.type.BasicTypeReference@5dd227b7
2026-02-27 15:24:46 [main] DEBUG o.hibernate.type.BasicTypeRegistry - Adding type registration short -> org.hibernate.type.BasicTypeReference@5dd227b7
2026-02-27 15:24:46 [main] DEBUG o.hibernate.type.BasicTypeRegistry - Adding type registration java.lang.Short -> org.hibernate.type.BasicTypeReference@5dd227b7
2026-02-27 15:24:46 [main] DEBUG o.hibernate.type.BasicTypeRegistry - Adding type registration integer -> org.hibernate.type.BasicTypeReference@3d3b852e
2026-02-27 15:24:46 [main] DEBUG o.hibernate.type.BasicTypeRegistry - Adding type registration int -> org.hibernate.type.BasicTypeReference@3d3b852e
2026-02-27 15:24:46 [main] DEBUG o.hibernate.type.BasicTypeRegistry - Adding type registration java.lang.Integer -> org.hibernate.type.BasicTypeReference@3d3b852e
2026-02-27 15:24:46 [main] DEBUG o.hibernate.type.BasicTypeRegistry - Adding type registration long -> org.hibernate.type.BasicTypeReference@14ba7f15
2026-02-27 15:24:46 [main] DEBUG o.hibernate.type.BasicTypeRegistry - Adding type registration long -> org.hibernate.type.BasicTypeReference@14ba7f15
2026-02-27 15:24:46 [main] DEBUG o.hibernate.type.BasicTypeRegistry - Adding type registration java.lang.Long -> org.hibernate.type.BasicTypeReference@14ba7f15
2026-02-27 15:24:46 [main] DEBUG o.hibernate.type.BasicTypeRegistry - Adding type registration float -> org.hibernate.type.BasicTypeReference@55cb3b7
2026-02-27 15:24:46 [main] DEBUG o.hibernate.type.BasicTypeRegistry - Adding type registration float -> org.hibernate.type.BasicTypeReference@55cb3b7
2026-02-27 15:24:46 [main] DEBUG o.hibernate.type.BasicTypeRegistry - Adding type registration java.lang.Float -> org.hibernate.type.BasicTypeReference@55cb3b7
2026-02-27 15:24:46 [main] DEBUG o.hibernate.type.BasicTypeRegistry - Adding type registration double -> org.hibernate.type.BasicTypeReference@497fd334
2026-02-27 15:24:46 [main] DEBUG o.hibernate.type.BasicTypeRegistry - Adding type registration double -> org.hibernate.type.BasicTypeReference@497fd334
2026-02-27 15:24:46 [main] DEBUG o.hibernate.type.BasicTypeRegistry - Adding type registration java.lang.Double -> org.hibernate.type.BasicTypeReference@497fd334
2026-02-27 15:24:46 [main] DEBUG o.hibernate.type.BasicTypeRegistry - Adding type registration big_integer -> org.hibernate.type.BasicTypeReference@280c3dc0
2026-02-27 15:24:46 [main] DEBUG o.hibernate.type.BasicTypeRegistry - Adding type registration java.math.BigInteger -> org.hibernate.type.BasicTypeReference@280c3dc0
2026-02-27 15:24:46 [main] DEBUG o.hibernate.type.BasicTypeRegistry - Adding type registration big_decimal -> org.hibernate.type.BasicTypeReference@6f89ad03
2026-02-27 15:24:46 [main] DEBUG o.hibernate.type.BasicTypeRegistry - Adding type registration java.math.BigDecimal -> org.hibernate.type.BasicTypeReference@6f89ad03
2026-02-27 15:24:46 [main] DEBUG o.hibernate.type.BasicTypeRegistry - Adding type registration character -> org.hibernate.type.BasicTypeReference@f287a4e
2026-02-27 15:24:46 [main] DEBUG o.hibernate.type.BasicTypeRegistry - Adding type registration char -> org.hibernate.type.BasicTypeReference@f287a4e
2026-02-27 15:24:46 [main] DEBUG o.hibernate.type.BasicTypeRegistry - Adding type registration java.lang.Character -> org.hibernate.type.BasicTypeReference@f287a4e
2026-02-27 15:24:46 [main] DEBUG o.hibernate.type.BasicTypeRegistry - Adding type registration character_nchar -> org.hibernate.type.BasicTypeReference@3879feec
2026-02-27 15:24:46 [main] DEBUG o.hibernate.type.BasicTypeRegistry - Adding type registration string -> org.hibernate.type.BasicTypeReference@71d2261e
2026-02-27 15:24:46 [main] DEBUG o.hibernate.type.BasicTypeRegistry - Adding type registration java.lang.String -> org.hibernate.type.BasicTypeReference@71d2261e
2026-02-27 15:24:46 [main] DEBUG o.hibernate.type.BasicTypeRegistry - Adding type registration nstring -> org.hibernate.type.BasicTypeReference@53917c92
2026-02-27 15:24:46 [main] DEBUG o.hibernate.type.BasicTypeRegistry - Adding type registration characters -> org.hibernate.type.BasicTypeReference@1fa796a4
2026-02-27 15:24:46 [main] DEBUG o.hibernate.type.BasicTypeRegistry - Adding type registration char[] -> org.hibernate.type.BasicTypeReference@1fa796a4
2026-02-27 15:24:46 [main] DEBUG o.hibernate.type.BasicTypeRegistry - Adding type registration [C -> org.hibernate.type.BasicTypeReference@1fa796a4
2026-02-27 15:24:46 [main] DEBUG o.hibernate.type.BasicTypeRegistry - Adding type registration wrapper-characters -> org.hibernate.type.BasicTypeReference@68de8522
2026-02-27 15:24:46 [main] DEBUG o.hibernate.type.BasicTypeRegistry - Adding type registration text -> org.hibernate.type.BasicTypeReference@8dcacf1
2026-02-27 15:24:46 [main] DEBUG o.hibernate.type.BasicTypeRegistry - Adding type registration ntext -> org.hibernate.type.BasicTypeReference@50f13494
2026-02-27 15:24:46 [main] DEBUG o.hibernate.type.BasicTypeRegistry - Adding type registration clob -> org.hibernate.type.BasicTypeReference@73c09a98
2026-02-27 15:24:46 [main] DEBUG o.hibernate.type.BasicTypeRegistry - Adding type registration java.sql.Clob -> org.hibernate.type.BasicTypeReference@73c09a98
2026-02-27 15:24:46 [main] DEBUG o.hibernate.type.BasicTypeRegistry - Adding type registration nclob -> org.hibernate.type.BasicTypeReference@6f2bf657
2026-02-27 15:24:46 [main] DEBUG o.hibernate.type.BasicTypeRegistry - Adding type registration java.sql.NClob -> org.hibernate.type.BasicTypeReference@6f2bf657
2026-02-27 15:24:46 [main] DEBUG o.hibernate.type.BasicTypeRegistry - Adding type registration materialized_clob -> org.hibernate.type.BasicTypeReference@27d6467
2026-02-27 15:24:46 [main] DEBUG o.hibernate.type.BasicTypeRegistry - Adding type registration materialized_clob_char_array -> org.hibernate.type.BasicTypeReference@5bf1b528
2026-02-27 15:24:46 [main] DEBUG o.hibernate.type.BasicTypeRegistry - Adding type registration materialized_clob_character_array -> org.hibernate.type.BasicTypeReference@2c92f094
2026-02-27 15:24:46 [main] DEBUG o.hibernate.type.BasicTypeRegistry - Adding type registration materialized_nclob -> org.hibernate.type.BasicTypeReference@1c3b221f
2026-02-27 15:24:46 [main] DEBUG o.hibernate.type.BasicTypeRegistry - Adding type registration materialized_nclob_character_array -> org.hibernate.type.BasicTypeReference@750c23a3
2026-02-27 15:24:46 [main] DEBUG o.hibernate.type.BasicTypeRegistry - Adding type registration materialized_nclob_char_array -> org.hibernate.type.BasicTypeReference@238280df
2026-02-27 15:24:46 [main] DEBUG o.hibernate.type.BasicTypeRegistry - Adding type registration Duration -> org.hibernate.type.BasicTypeReference@182fd26b
2026-02-27 15:24:46 [main] DEBUG o.hibernate.type.BasicTypeRegistry - Adding type registration java.time.Duration -> org.hibernate.type.BasicTypeReference@182fd26b
2026-02-27 15:24:46 [main] DEBUG o.hibernate.type.BasicTypeRegistry - Adding type registration LocalDateTime -> org.hibernate.type.BasicTypeReference@5dc120ab
2026-02-27 15:24:46 [main] DEBUG o.hibernate.type.BasicTypeRegistry - Adding type registration java.time.LocalDateTime -> org.hibernate.type.BasicTypeReference@5dc120ab
2026-02-27 15:24:46 [main] DEBUG o.hibernate.type.BasicTypeRegistry - Adding type registration LocalDate -> org.hibernate.type.BasicTypeReference@49c4118b
2026-02-27 15:24:46 [main] DEBUG o.hibernate.type.BasicTypeRegistry - Adding type registration java.time.LocalDate -> org.hibernate.type.BasicTypeReference@49c4118b
2026-02-27 15:24:46 [main] DEBUG o.hibernate.type.BasicTypeRegistry - Adding type registration LocalTime -> org.hibernate.type.BasicTypeReference@7ef7f414
2026-02-27 15:24:46 [main] DEBUG o.hibernate.type.BasicTypeRegistry - Adding type registration java.time.LocalTime -> org.hibernate.type.BasicTypeReference@7ef7f414
2026-02-27 15:24:46 [main] DEBUG o.hibernate.type.BasicTypeRegistry - Adding type registration OffsetDateTime -> org.hibernate.type.BasicTypeReference@182dcd2b
2026-02-27 15:24:46 [main] DEBUG o.hibernate.type.BasicTypeRegistry - Adding type registration java.time.OffsetDateTime -> org.hibernate.type.BasicTypeReference@182dcd2b
2026-02-27 15:24:46 [main] DEBUG o.hibernate.type.BasicTypeRegistry - Adding type registration OffsetDateTimeWithTimezone -> org.hibernate.type.BasicTypeReference@4c3d72fd
2026-02-27 15:24:46 [main] DEBUG o.hibernate.type.BasicTypeRegistry - Adding type registration OffsetDateTimeWithoutTimezone -> org.hibernate.type.BasicTypeReference@259c6ab8
2026-02-27 15:24:46 [main] DEBUG o.hibernate.type.BasicTypeRegistry - Adding type registration OffsetTime -> org.hibernate.type.BasicTypeReference@640a6d4b
2026-02-27 15:24:46 [main] DEBUG o.hibernate.type.BasicTypeRegistry - Adding type registration java.time.OffsetTime -> org.hibernate.type.BasicTypeReference@640a6d4b
2026-02-27 15:24:46 [main] DEBUG o.hibernate.type.BasicTypeRegistry - Adding type registration OffsetTimeUtc -> org.hibernate.type.BasicTypeReference@1238a074
2026-02-27 15:24:46 [main] DEBUG o.hibernate.type.BasicTypeRegistry - Adding type registration OffsetTimeWithTimezone -> org.hibernate.type.BasicTypeReference@35b58254
2026-02-27 15:24:46 [main] DEBUG o.hibernate.type.BasicTypeRegistry - Adding type registration OffsetTimeWithoutTimezone -> org.hibernate.type.BasicTypeReference@73baf7f0
2026-02-27 15:24:46 [main] DEBUG o.hibernate.type.BasicTypeRegistry - Adding type registration ZonedDateTime -> org.hibernate.type.BasicTypeReference@446dacf9
2026-02-27 15:24:46 [main] DEBUG o.hibernate.type.BasicTypeRegistry - Adding type registration java.time.ZonedDateTime -> org.hibernate.type.BasicTypeReference@446dacf9
2026-02-27 15:24:46 [main] DEBUG o.hibernate.type.BasicTypeRegistry - Adding type registration ZonedDateTimeWithTimezone -> org.hibernate.type.BasicTypeReference@13018f00
2026-02-27 15:24:46 [main] DEBUG o.hibernate.type.BasicTypeRegistry - Adding type registration ZonedDateTimeWithoutTimezone -> org.hibernate.type.BasicTypeReference@abf1816
2026-02-27 15:24:46 [main] DEBUG o.hibernate.type.BasicTypeRegistry - Adding type registration date -> org.hibernate.type.BasicTypeReference@2e1e7bc6
2026-02-27 15:24:46 [main] DEBUG o.hibernate.type.BasicTypeRegistry - Adding type registration java.sql.Date -> org.hibernate.type.BasicTypeReference@2e1e7bc6
2026-02-27 15:24:46 [main] DEBUG o.hibernate.type.BasicTypeRegistry - Adding type registration time -> org.hibernate.type.BasicTypeReference@7bd1098
2026-02-27 15:24:46 [main] DEBUG o.hibernate.type.BasicTypeRegistry - Adding type registration java.sql.Time -> org.hibernate.type.BasicTypeReference@7bd1098
2026-02-27 15:24:46 [main] DEBUG o.hibernate.type.BasicTypeRegistry - Adding type registration timestamp -> org.hibernate.type.BasicTypeReference@185bf6e0
2026-02-27 15:24:46 [main] DEBUG o.hibernate.type.BasicTypeRegistry - Adding type registration java.sql.Timestamp -> org.hibernate.type.BasicTypeReference@185bf6e0
2026-02-27 15:24:46 [main] DEBUG o.hibernate.type.BasicTypeRegistry - Adding type registration java.util.Date -> org.hibernate.type.BasicTypeReference@185bf6e0
2026-02-27 15:24:46 [main] DEBUG o.hibernate.type.BasicTypeRegistry - Adding type registration calendar -> org.hibernate.type.BasicTypeReference@6a562255
2026-02-27 15:24:46 [main] DEBUG o.hibernate.type.BasicTypeRegistry - Adding type registration java.util.Calendar -> org.hibernate.type.BasicTypeReference@6a562255
2026-02-27 15:24:46 [main] DEBUG o.hibernate.type.BasicTypeRegistry - Adding type registration java.util.GregorianCalendar -> org.hibernate.type.BasicTypeReference@6a562255
2026-02-27 15:24:46 [main] DEBUG o.hibernate.type.BasicTypeRegistry - Adding type registration calendar_date -> org.hibernate.type.BasicTypeReference@374ba492
2026-02-27 15:24:46 [main] DEBUG o.hibernate.type.BasicTypeRegistry - Adding type registration calendar_time -> org.hibernate.type.BasicTypeReference@581d5b33
2026-02-27 15:24:46 [main] DEBUG o.hibernate.type.BasicTypeRegistry - Adding type registration instant -> org.hibernate.type.BasicTypeReference@1f365a26
2026-02-27 15:24:46 [main] DEBUG o.hibernate.type.BasicTypeRegistry - Adding type registration java.time.Instant -> org.hibernate.type.BasicTypeReference@1f365a26
2026-02-27 15:24:46 [main] DEBUG o.hibernate.type.BasicTypeRegistry - Adding type registration uuid -> org.hibernate.type.BasicTypeReference@44a9971f
2026-02-27 15:24:46 [main] DEBUG o.hibernate.type.BasicTypeRegistry - Adding type registration java.util.UUID -> org.hibernate.type.BasicTypeReference@44a9971f
2026-02-27 15:24:46 [main] DEBUG o.hibernate.type.BasicTypeRegistry - Adding type registration pg-uuid -> org.hibernate.type.BasicTypeReference@44a9971f
2026-02-27 15:24:46 [main] DEBUG o.hibernate.type.BasicTypeRegistry - Adding type registration uuid-binary -> org.hibernate.type.BasicTypeReference@2e2cd42c
2026-02-27 15:24:46 [main] DEBUG o.hibernate.type.BasicTypeRegistry - Adding type registration uuid-char -> org.hibernate.type.BasicTypeReference@1cdad619
2026-02-27 15:24:46 [main] DEBUG o.hibernate.type.BasicTypeRegistry - Adding type registration class -> org.hibernate.type.BasicTypeReference@319058ce
2026-02-27 15:24:46 [main] DEBUG o.hibernate.type.BasicTypeRegistry - Adding type registration java.lang.Class -> org.hibernate.type.BasicTypeReference@319058ce
2026-02-27 15:24:46 [main] DEBUG o.hibernate.type.BasicTypeRegistry - Adding type registration currency -> org.hibernate.type.BasicTypeReference@3909308c
2026-02-27 15:24:46 [main] DEBUG o.hibernate.type.BasicTypeRegistry - Adding type registration Currency -> org.hibernate.type.BasicTypeReference@3909308c
2026-02-27 15:24:46 [main] DEBUG o.hibernate.type.BasicTypeRegistry - Adding type registration java.util.Currency -> org.hibernate.type.BasicTypeReference@3909308c
2026-02-27 15:24:46 [main] DEBUG o.hibernate.type.BasicTypeRegistry - Adding type registration locale -> org.hibernate.type.BasicTypeReference@71cc0e35
2026-02-27 15:24:46 [main] DEBUG o.hibernate.type.BasicTypeRegistry - Adding type registration java.util.Locale -> org.hibernate.type.BasicTypeReference@71cc0e35
2026-02-27 15:24:46 [main] DEBUG o.hibernate.type.BasicTypeRegistry - Adding type registration serializable -> org.hibernate.type.BasicTypeReference@3b6c740b
2026-02-27 15:24:46 [main] DEBUG o.hibernate.type.BasicTypeRegistry - Adding type registration java.io.Serializable -> org.hibernate.type.BasicTypeReference@3b6c740b
2026-02-27 15:24:46 [main] DEBUG o.hibernate.type.BasicTypeRegistry - Adding type registration timezone -> org.hibernate.type.BasicTypeReference@8091d80
2026-02-27 15:24:46 [main] DEBUG o.hibernate.type.BasicTypeRegistry - Adding type registration java.util.TimeZone -> org.hibernate.type.BasicTypeReference@8091d80
2026-02-27 15:24:46 [main] DEBUG o.hibernate.type.BasicTypeRegistry - Adding type registration ZoneOffset -> org.hibernate.type.BasicTypeReference@78f4d15d
2026-02-27 15:24:46 [main] DEBUG o.hibernate.type.BasicTypeRegistry - Adding type registration java.time.ZoneOffset -> org.hibernate.type.BasicTypeReference@78f4d15d
2026-02-27 15:24:46 [main] DEBUG o.hibernate.type.BasicTypeRegistry - Adding type registration url -> org.hibernate.type.BasicTypeReference@6958d5d0
2026-02-27 15:24:46 [main] DEBUG o.hibernate.type.BasicTypeRegistry - Adding type registration java.net.URL -> org.hibernate.type.BasicTypeReference@6958d5d0
2026-02-27 15:24:46 [main] DEBUG o.hibernate.type.BasicTypeRegistry - Adding type registration vector -> org.hibernate.type.BasicTypeReference@314c28dc
2026-02-27 15:24:46 [main] DEBUG o.hibernate.type.BasicTypeRegistry - Adding type registration float_vector -> org.hibernate.type.BasicTypeReference@7169d668
2026-02-27 15:24:46 [main] DEBUG o.hibernate.type.BasicTypeRegistry - Adding type registration double_vector -> org.hibernate.type.BasicTypeReference@2f498f21
2026-02-27 15:24:46 [main] DEBUG o.hibernate.type.BasicTypeRegistry - Adding type registration byte_vector -> org.hibernate.type.BasicTypeReference@90394d
2026-02-27 15:24:46 [main] DEBUG o.hibernate.type.BasicTypeRegistry - Adding type registration row_version -> org.hibernate.type.BasicTypeReference@50caeb4b
2026-02-27 15:24:46 [main] DEBUG o.hibernate.type.BasicTypeRegistry - Adding type registration object -> org.hibernate.type.JavaObjectType@4745bcc6
2026-02-27 15:24:46 [main] DEBUG o.hibernate.type.BasicTypeRegistry - Adding type registration java.lang.Object -> org.hibernate.type.JavaObjectType@4745bcc6
2026-02-27 15:24:46 [main] DEBUG o.hibernate.type.BasicTypeRegistry - Adding type registration null -> org.hibernate.type.NullType@53551fef
2026-02-27 15:24:46 [main] DEBUG o.hibernate.type.BasicTypeRegistry - Adding type registration imm_date -> org.hibernate.type.BasicTypeReference@7d5d77a6
2026-02-27 15:24:46 [main] DEBUG o.hibernate.type.BasicTypeRegistry - Adding type registration imm_time -> org.hibernate.type.BasicTypeReference@71b7e9c8
2026-02-27 15:24:46 [main] DEBUG o.hibernate.type.BasicTypeRegistry - Adding type registration imm_timestamp -> org.hibernate.type.BasicTypeReference@55202ba6
2026-02-27 15:24:46 [main] DEBUG o.hibernate.type.BasicTypeRegistry - Adding type registration imm_calendar -> org.hibernate.type.BasicTypeReference@2ef1fc8a
2026-02-27 15:24:46 [main] DEBUG o.hibernate.type.BasicTypeRegistry - Adding type registration imm_calendar_date -> org.hibernate.type.BasicTypeReference@38874eb5
2026-02-27 15:24:46 [main] DEBUG o.hibernate.type.BasicTypeRegistry - Adding type registration imm_calendar_time -> org.hibernate.type.BasicTypeReference@76b019c4
2026-02-27 15:24:46 [main] DEBUG o.hibernate.type.BasicTypeRegistry - Adding type registration imm_binary -> org.hibernate.type.BasicTypeReference@221961af
2026-02-27 15:24:46 [main] DEBUG o.hibernate.type.BasicTypeRegistry - Adding type registration imm_serializable -> org.hibernate.type.BasicTypeReference@32ddcca
2026-02-27 15:24:46 [main] INFO  o.s.o.j.p.SpringPersistenceUnitInfo - No LoadTimeWeaver setup: ignoring JPA class transformer
2026-02-27 15:24:46 [main] INFO  com.zaxxer.hikari.HikariDataSource - HikariPool-1 - Starting...
2026-02-27 15:24:46 [main] INFO  com.zaxxer.hikari.pool.HikariPool - HikariPool-1 - Added connection org.postgresql.jdbc.PgConnection@1f86f7da
2026-02-27 15:24:46 [main] INFO  com.zaxxer.hikari.HikariDataSource - HikariPool-1 - Start completed.
2026-02-27 15:24:46 [main] INFO  o.hibernate.orm.connections.pooling - HHH10001005: Database info:
	Database JDBC URL [Connecting through datasource 'HikariDataSource (HikariPool-1)']
	Database driver: undefined/unknown
	Database version: 16.12
	Autocommit mode: undefined/unknown
	Isolation level: undefined/unknown
	Minimum pool size: undefined/unknown
	Maximum pool size: undefined/unknown
2026-02-27 15:24:46 [main] DEBUG o.h.t.d.sql.spi.DdlTypeRegistry - addDescriptor(2003, org.hibernate.type.descriptor.sql.internal.ArrayDdlTypeImpl@789f5552) replaced previous registration(org.hibernate.type.descriptor.sql.internal.ArrayDdlTypeImpl@28c00acd)
2026-02-27 15:24:46 [main] DEBUG o.h.t.d.sql.spi.DdlTypeRegistry - addDescriptor(6, org.hibernate.type.descriptor.sql.internal.CapacityDependentDdlType@590f806a) replaced previous registration(org.hibernate.type.descriptor.sql.internal.DdlTypeImpl@2267b0bb)
2026-02-27 15:24:46 [main] DEBUG o.h.t.d.jdbc.spi.JdbcTypeRegistry - addDescriptor(2004, BlobTypeDescriptor(BLOB_BINDING)) replaced previous registration(BlobTypeDescriptor(DEFAULT))
2026-02-27 15:24:46 [main] DEBUG o.h.t.d.jdbc.spi.JdbcTypeRegistry - addDescriptor(2005, ClobTypeDescriptor(CLOB_BINDING)) replaced previous registration(ClobTypeDescriptor(DEFAULT))
2026-02-27 15:24:46 [main] DEBUG o.hibernate.type.BasicTypeRegistry - Adding type registration JAVA_OBJECT -> org.hibernate.type.JavaObjectType@47ab3688
2026-02-27 15:24:46 [main] DEBUG o.hibernate.type.BasicTypeRegistry - Adding type registration java.lang.Object -> org.hibernate.type.JavaObjectType@47ab3688
2026-02-27 15:24:46 [main] DEBUG o.hibernate.type.BasicTypeRegistry - Type registration key [java.lang.Object] overrode previous entry : `org.hibernate.type.JavaObjectType@4745bcc6`
2026-02-27 15:24:46 [main] DEBUG o.hibernate.type.BasicTypeRegistry - Adding type registration org.hibernate.type.DurationType -> basicType@1(java.time.Duration,3015)
2026-02-27 15:24:46 [main] DEBUG o.hibernate.type.BasicTypeRegistry - Adding type registration Duration -> basicType@1(java.time.Duration,3015)
2026-02-27 15:24:46 [main] DEBUG o.hibernate.type.BasicTypeRegistry - Adding type registration java.time.Duration -> basicType@1(java.time.Duration,3015)
2026-02-27 15:24:46 [main] DEBUG o.hibernate.type.BasicTypeRegistry - Adding type registration org.hibernate.type.OffsetDateTimeType -> basicType@2(java.time.OffsetDateTime,3003)
2026-02-27 15:24:46 [main] DEBUG o.hibernate.type.BasicTypeRegistry - Adding type registration OffsetDateTime -> basicType@2(java.time.OffsetDateTime,3003)
2026-02-27 15:24:46 [main] DEBUG o.hibernate.type.BasicTypeRegistry - Adding type registration java.time.OffsetDateTime -> basicType@2(java.time.OffsetDateTime,3003)
2026-02-27 15:24:46 [main] DEBUG o.hibernate.type.BasicTypeRegistry - Adding type registration org.hibernate.type.ZonedDateTimeType -> basicType@3(java.time.ZonedDateTime,3003)
2026-02-27 15:24:46 [main] DEBUG o.hibernate.type.BasicTypeRegistry - Adding type registration ZonedDateTime -> basicType@3(java.time.ZonedDateTime,3003)
2026-02-27 15:24:46 [main] DEBUG o.hibernate.type.BasicTypeRegistry - Adding type registration java.time.ZonedDateTime -> basicType@3(java.time.ZonedDateTime,3003)
2026-02-27 15:24:46 [main] DEBUG o.hibernate.type.BasicTypeRegistry - Adding type registration org.hibernate.type.OffsetTimeType -> basicType@4(java.time.OffsetTime,3007)
2026-02-27 15:24:46 [main] DEBUG o.hibernate.type.BasicTypeRegistry - Adding type registration OffsetTime -> basicType@4(java.time.OffsetTime,3007)
2026-02-27 15:24:46 [main] DEBUG o.hibernate.type.BasicTypeRegistry - Adding type registration java.time.OffsetTime -> basicType@4(java.time.OffsetTime,3007)
2026-02-27 15:24:46 [main] DEBUG o.h.type.spi.TypeConfiguration$Scope - Scoping TypeConfiguration [org.hibernate.type.spi.TypeConfiguration@7674f9d4] to MetadataBuildingContext [org.hibernate.boot.internal.MetadataBuildingContextRootImpl@4b5ceb5d]
2026-02-27 15:24:46 [main] INFO  o.h.e.t.j.p.i.JtaPlatformInitiator - HHH000489: No JTA platform available (set 'hibernate.transaction.jta.platform' to enable JTA platform integration)
2026-02-27 15:24:46 [main] DEBUG o.h.type.spi.TypeConfiguration$Scope - Scoping TypeConfiguration [org.hibernate.type.spi.TypeConfiguration@7674f9d4] to SessionFactoryImplementor [org.hibernate.internal.SessionFactoryImpl@2c841ac4]
2026-02-27 15:24:46 [main] TRACE o.h.type.spi.TypeConfiguration$Scope - Handling #sessionFactoryCreated from [org.hibernate.internal.SessionFactoryImpl@2c841ac4] for TypeConfiguration
2026-02-27 15:24:46 [main] INFO  o.s.o.j.LocalContainerEntityManagerFactoryBean - Initialized JPA EntityManagerFactory for persistence unit 'default'
2026-02-27 15:24:47 [main] INFO  c.u.l.member.config.RedisConfig - Redis Streams 리스너 컨테이너 시작 (DB 0) — stream: subscription-events
2026-02-27 15:24:47 [main] DEBUG c.u.l.member.config.RedisConfig - Consumer Group 이미 존재 (정상) — stream: subscription-events, group: member-service-group
2026-02-27 15:24:47 [main] INFO  c.u.l.member.config.RedisConfig - Redis Streams 구독 등록 완료 — stream: subscription-events, group: member-service-group, consumer: member-service-1
2026-02-27 15:24:48 [main] WARN  o.s.b.a.o.j.JpaBaseConfiguration$JpaWebConfiguration - spring.jpa.open-in-view is enabled by default. Therefore, database queries may be performed during view rendering. Explicitly configure spring.jpa.open-in-view to disable this warning
2026-02-27 15:24:48 [main] INFO  o.s.s.c.a.a.c.InitializeUserDetailsBeanManagerConfigurer$InitializeUserDetailsManagerConfigurer - Global AuthenticationManager configured with UserDetailsService bean with name customUserDetailsService
2026-02-27 15:24:48 [main] INFO  o.s.b.a.e.web.EndpointLinksResolver - Exposing 3 endpoints beneath base path '/actuator'
2026-02-27 15:24:50 [main] INFO  o.s.cloud.commons.util.InetUtils - Cannot determine local hostname
2026-02-27 15:24:50 [main] INFO  o.s.b.w.e.tomcat.TomcatWebServer - Tomcat started on port 8081 (http) with context path '/'
2026-02-27 15:24:51 [main] INFO  o.s.cloud.commons.util.InetUtils - Cannot determine local hostname
2026-02-27 15:24:51 [main] INFO  c.u.l.member.MemberApplication - Started MemberApplication in 9.013 seconds (process running for 9.304)
2026-02-27 15:25:04 [http-nio-8081-exec-1] INFO  o.a.c.c.C.[Tomcat].[localhost].[/] - Initializing Spring DispatcherServlet 'dispatcherServlet'
2026-02-27 15:25:04 [http-nio-8081-exec-1] INFO  o.s.web.servlet.DispatcherServlet - Initializing Servlet 'dispatcherServlet'
2026-02-27 15:25:04 [http-nio-8081-exec-1] INFO  o.s.web.servlet.DispatcherServlet - Completed initialization in 2 ms
2026-02-27 15:25:19 [http-nio-8081-exec-7] WARN  c.u.l.m.c.oauth2.KakaoOAuthClient - 카카오 토큰 교환 실패 — HTTP 400 BAD_REQUEST: {"error":"invalid_grant","error_description":"Redirect URI mismatch.","error_code":"KOE303"}
2026-02-27 15:25:19 [http-nio-8081-exec-7] WARN  c.u.l.m.e.GlobalExceptionHandler - 비즈니스 예외 발생 — errorCode: KAKAO_AUTH_FAILED, message: 인증에 실패했어요. 다시 시도해주세요.
2026-02-27 15:26:11 [main] INFO  c.u.l.member.MemberApplication - Starting MemberApplication using Java 21 with PID 72264 (C:\Users\hiond\workspace\lunch-menu-recommender\member-service\build\classes\java\main started by hiond in C:\Users\hiond\workspace\lunch-menu-recommender\member-service)
2026-02-27 15:26:11 [main] DEBUG c.u.l.member.MemberApplication - Running with Spring Boot v3.4.1, Spring v6.2.1
2026-02-27 15:26:11 [main] INFO  c.u.l.member.MemberApplication - The following 1 profile is active: "dev"
2026-02-27 15:26:11 [main] INFO  o.s.d.r.c.RepositoryConfigurationDelegate - Multiple Spring Data modules found, entering strict repository configuration mode
2026-02-27 15:26:11 [main] INFO  o.s.d.r.c.RepositoryConfigurationDelegate - Bootstrapping Spring Data JPA repositories in DEFAULT mode.
2026-02-27 15:26:12 [main] INFO  o.s.d.r.c.RepositoryConfigurationDelegate - Finished Spring Data repository scanning in 67 ms. Found 4 JPA repository interfaces.
2026-02-27 15:26:12 [main] INFO  o.s.d.r.c.RepositoryConfigurationDelegate - Multiple Spring Data modules found, entering strict repository configuration mode
2026-02-27 15:26:12 [main] INFO  o.s.d.r.c.RepositoryConfigurationDelegate - Bootstrapping Spring Data Redis repositories in DEFAULT mode.
2026-02-27 15:26:12 [main] INFO  o.s.d.r.c.RepositoryConfigurationExtensionSupport - Spring Data Redis - Could not safely identify store assignment for repository candidate interface com.unicorn.lunchpick.member.repository.jpa.DietaryRestrictionRepository; If you want this repository to be a Redis repository, consider annotating your entities with one of these annotations: org.springframework.data.redis.core.RedisHash (preferred), or consider extending one of the following types with your repository: org.springframework.data.keyvalue.repository.KeyValueRepository
2026-02-27 15:26:12 [main] INFO  o.s.d.r.c.RepositoryConfigurationExtensionSupport - Spring Data Redis - Could not safely identify store assignment for repository candidate interface com.unicorn.lunchpick.member.repository.jpa.LocationConsentRepository; If you want this repository to be a Redis repository, consider annotating your entities with one of these annotations: org.springframework.data.redis.core.RedisHash (preferred), or consider extending one of the following types with your repository: org.springframework.data.keyvalue.repository.KeyValueRepository
2026-02-27 15:26:12 [main] INFO  o.s.d.r.c.RepositoryConfigurationExtensionSupport - Spring Data Redis - Could not safely identify store assignment for repository candidate interface com.unicorn.lunchpick.member.repository.jpa.MemberRepository; If you want this repository to be a Redis repository, consider annotating your entities with one of these annotations: org.springframework.data.redis.core.RedisHash (preferred), or consider extending one of the following types with your repository: org.springframework.data.keyvalue.repository.KeyValueRepository
2026-02-27 15:26:12 [main] INFO  o.s.d.r.c.RepositoryConfigurationExtensionSupport - Spring Data Redis - Could not safely identify store assignment for repository candidate interface com.unicorn.lunchpick.member.repository.jpa.TasteProfileRepository; If you want this repository to be a Redis repository, consider annotating your entities with one of these annotations: org.springframework.data.redis.core.RedisHash (preferred), or consider extending one of the following types with your repository: org.springframework.data.keyvalue.repository.KeyValueRepository
2026-02-27 15:26:12 [main] INFO  o.s.d.r.c.RepositoryConfigurationDelegate - Finished Spring Data repository scanning in 13 ms. Found 0 Redis repository interfaces.
2026-02-27 15:26:12 [main] INFO  o.s.cloud.context.scope.GenericScope - BeanFactory id=1a3b27fb-12f5-300a-b35b-fe7cd5e0b075
2026-02-27 15:26:12 [main] INFO  o.s.b.w.e.tomcat.TomcatWebServer - Tomcat initialized with port 8081 (http)
2026-02-27 15:26:12 [main] INFO  o.a.catalina.core.StandardService - Starting service [Tomcat]
2026-02-27 15:26:12 [main] INFO  o.a.catalina.core.StandardEngine - Starting Servlet engine: [Apache Tomcat/10.1.34]
2026-02-27 15:26:12 [main] INFO  o.a.c.c.C.[Tomcat].[localhost].[/] - Initializing Spring embedded WebApplicationContext
2026-02-27 15:26:12 [main] INFO  o.s.b.w.s.c.ServletWebServerApplicationContext - Root WebApplicationContext: initialization completed in 1401 ms
2026-02-27 15:26:13 [main] INFO  o.h.jpa.internal.util.LogHelper - HHH000204: Processing PersistenceUnitInfo [name: default]
2026-02-27 15:26:13 [main] INFO  org.hibernate.Version - HHH000412: Hibernate ORM core version 6.6.4.Final
2026-02-27 15:26:13 [main] INFO  o.h.c.i.RegionFactoryInitiator - HHH000026: Second-level cache disabled
2026-02-27 15:26:13 [main] DEBUG o.hibernate.type.BasicTypeRegistry - Adding type registration boolean -> org.hibernate.type.BasicTypeReference@240291d9
2026-02-27 15:26:13 [main] DEBUG o.hibernate.type.BasicTypeRegistry - Adding type registration boolean -> org.hibernate.type.BasicTypeReference@240291d9
2026-02-27 15:26:13 [main] DEBUG o.hibernate.type.BasicTypeRegistry - Adding type registration java.lang.Boolean -> org.hibernate.type.BasicTypeReference@240291d9
2026-02-27 15:26:13 [main] DEBUG o.hibernate.type.BasicTypeRegistry - Adding type registration numeric_boolean -> org.hibernate.type.BasicTypeReference@450f0d89
2026-02-27 15:26:13 [main] DEBUG o.hibernate.type.BasicTypeRegistry - Adding type registration org.hibernate.type.NumericBooleanConverter -> org.hibernate.type.BasicTypeReference@450f0d89
2026-02-27 15:26:13 [main] DEBUG o.hibernate.type.BasicTypeRegistry - Adding type registration true_false -> org.hibernate.type.BasicTypeReference@50a1af86
2026-02-27 15:26:13 [main] DEBUG o.hibernate.type.BasicTypeRegistry - Adding type registration org.hibernate.type.TrueFalseConverter -> org.hibernate.type.BasicTypeReference@50a1af86
2026-02-27 15:26:13 [main] DEBUG o.hibernate.type.BasicTypeRegistry - Adding type registration yes_no -> org.hibernate.type.BasicTypeReference@3e0327dd
2026-02-27 15:26:13 [main] DEBUG o.hibernate.type.BasicTypeRegistry - Adding type registration org.hibernate.type.YesNoConverter -> org.hibernate.type.BasicTypeReference@3e0327dd
2026-02-27 15:26:13 [main] DEBUG o.hibernate.type.BasicTypeRegistry - Adding type registration byte -> org.hibernate.type.BasicTypeReference@ebff59d
2026-02-27 15:26:13 [main] DEBUG o.hibernate.type.BasicTypeRegistry - Adding type registration byte -> org.hibernate.type.BasicTypeReference@ebff59d
2026-02-27 15:26:13 [main] DEBUG o.hibernate.type.BasicTypeRegistry - Adding type registration java.lang.Byte -> org.hibernate.type.BasicTypeReference@ebff59d
2026-02-27 15:26:13 [main] DEBUG o.hibernate.type.BasicTypeRegistry - Adding type registration binary -> org.hibernate.type.BasicTypeReference@3361d286
2026-02-27 15:26:13 [main] DEBUG o.hibernate.type.BasicTypeRegistry - Adding type registration byte[] -> org.hibernate.type.BasicTypeReference@3361d286
2026-02-27 15:26:13 [main] DEBUG o.hibernate.type.BasicTypeRegistry - Adding type registration [B -> org.hibernate.type.BasicTypeReference@3361d286
2026-02-27 15:26:13 [main] DEBUG o.hibernate.type.BasicTypeRegistry - Adding type registration binary_wrapper -> org.hibernate.type.BasicTypeReference@6ee186f3
2026-02-27 15:26:13 [main] DEBUG o.hibernate.type.BasicTypeRegistry - Adding type registration wrapper-binary -> org.hibernate.type.BasicTypeReference@6ee186f3
2026-02-27 15:26:13 [main] DEBUG o.hibernate.type.BasicTypeRegistry - Adding type registration image -> org.hibernate.type.BasicTypeReference@49fb693d
2026-02-27 15:26:13 [main] DEBUG o.hibernate.type.BasicTypeRegistry - Adding type registration blob -> org.hibernate.type.BasicTypeReference@38197e82
2026-02-27 15:26:13 [main] DEBUG o.hibernate.type.BasicTypeRegistry - Adding type registration java.sql.Blob -> org.hibernate.type.BasicTypeReference@38197e82
2026-02-27 15:26:13 [main] DEBUG o.hibernate.type.BasicTypeRegistry - Adding type registration materialized_blob -> org.hibernate.type.BasicTypeReference@5516ee5
2026-02-27 15:26:13 [main] DEBUG o.hibernate.type.BasicTypeRegistry - Adding type registration materialized_blob_wrapper -> org.hibernate.type.BasicTypeReference@6765b6a2
2026-02-27 15:26:13 [main] DEBUG o.hibernate.type.BasicTypeRegistry - Adding type registration short -> org.hibernate.type.BasicTypeReference@75c589f2
2026-02-27 15:26:13 [main] DEBUG o.hibernate.type.BasicTypeRegistry - Adding type registration short -> org.hibernate.type.BasicTypeReference@75c589f2
2026-02-27 15:26:13 [main] DEBUG o.hibernate.type.BasicTypeRegistry - Adding type registration java.lang.Short -> org.hibernate.type.BasicTypeReference@75c589f2
2026-02-27 15:26:13 [main] DEBUG o.hibernate.type.BasicTypeRegistry - Adding type registration integer -> org.hibernate.type.BasicTypeReference@6db04a6
2026-02-27 15:26:13 [main] DEBUG o.hibernate.type.BasicTypeRegistry - Adding type registration int -> org.hibernate.type.BasicTypeReference@6db04a6
2026-02-27 15:26:13 [main] DEBUG o.hibernate.type.BasicTypeRegistry - Adding type registration java.lang.Integer -> org.hibernate.type.BasicTypeReference@6db04a6
2026-02-27 15:26:13 [main] DEBUG o.hibernate.type.BasicTypeRegistry - Adding type registration long -> org.hibernate.type.BasicTypeReference@8f374de
2026-02-27 15:26:13 [main] DEBUG o.hibernate.type.BasicTypeRegistry - Adding type registration long -> org.hibernate.type.BasicTypeReference@8f374de
2026-02-27 15:26:13 [main] DEBUG o.hibernate.type.BasicTypeRegistry - Adding type registration java.lang.Long -> org.hibernate.type.BasicTypeReference@8f374de
2026-02-27 15:26:13 [main] DEBUG o.hibernate.type.BasicTypeRegistry - Adding type registration float -> org.hibernate.type.BasicTypeReference@426913c4
2026-02-27 15:26:13 [main] DEBUG o.hibernate.type.BasicTypeRegistry - Adding type registration float -> org.hibernate.type.BasicTypeReference@426913c4
2026-02-27 15:26:13 [main] DEBUG o.hibernate.type.BasicTypeRegistry - Adding type registration java.lang.Float -> org.hibernate.type.BasicTypeReference@426913c4
2026-02-27 15:26:13 [main] DEBUG o.hibernate.type.BasicTypeRegistry - Adding type registration double -> org.hibernate.type.BasicTypeReference@1bba9862
2026-02-27 15:26:13 [main] DEBUG o.hibernate.type.BasicTypeRegistry - Adding type registration double -> org.hibernate.type.BasicTypeReference@1bba9862
2026-02-27 15:26:13 [main] DEBUG o.hibernate.type.BasicTypeRegistry - Adding type registration java.lang.Double -> org.hibernate.type.BasicTypeReference@1bba9862
2026-02-27 15:26:13 [main] DEBUG o.hibernate.type.BasicTypeRegistry - Adding type registration big_integer -> org.hibernate.type.BasicTypeReference@451a4187
2026-02-27 15:26:13 [main] DEBUG o.hibernate.type.BasicTypeRegistry - Adding type registration java.math.BigInteger -> org.hibernate.type.BasicTypeReference@451a4187
2026-02-27 15:26:13 [main] DEBUG o.hibernate.type.BasicTypeRegistry - Adding type registration big_decimal -> org.hibernate.type.BasicTypeReference@565c887e
2026-02-27 15:26:13 [main] DEBUG o.hibernate.type.BasicTypeRegistry - Adding type registration java.math.BigDecimal -> org.hibernate.type.BasicTypeReference@565c887e
2026-02-27 15:26:13 [main] DEBUG o.hibernate.type.BasicTypeRegistry - Adding type registration character -> org.hibernate.type.BasicTypeReference@5c215642
2026-02-27 15:26:13 [main] DEBUG o.hibernate.type.BasicTypeRegistry - Adding type registration char -> org.hibernate.type.BasicTypeReference@5c215642
2026-02-27 15:26:13 [main] DEBUG o.hibernate.type.BasicTypeRegistry - Adding type registration java.lang.Character -> org.hibernate.type.BasicTypeReference@5c215642
2026-02-27 15:26:13 [main] DEBUG o.hibernate.type.BasicTypeRegistry - Adding type registration character_nchar -> org.hibernate.type.BasicTypeReference@1317ac2c
2026-02-27 15:26:13 [main] DEBUG o.hibernate.type.BasicTypeRegistry - Adding type registration string -> org.hibernate.type.BasicTypeReference@416c1b0
2026-02-27 15:26:13 [main] DEBUG o.hibernate.type.BasicTypeRegistry - Adding type registration java.lang.String -> org.hibernate.type.BasicTypeReference@416c1b0
2026-02-27 15:26:13 [main] DEBUG o.hibernate.type.BasicTypeRegistry - Adding type registration nstring -> org.hibernate.type.BasicTypeReference@363ba634
2026-02-27 15:26:13 [main] DEBUG o.hibernate.type.BasicTypeRegistry - Adding type registration characters -> org.hibernate.type.BasicTypeReference@60fe75f7
2026-02-27 15:26:13 [main] DEBUG o.hibernate.type.BasicTypeRegistry - Adding type registration char[] -> org.hibernate.type.BasicTypeReference@60fe75f7
2026-02-27 15:26:13 [main] DEBUG o.hibernate.type.BasicTypeRegistry - Adding type registration [C -> org.hibernate.type.BasicTypeReference@60fe75f7
2026-02-27 15:26:13 [main] DEBUG o.hibernate.type.BasicTypeRegistry - Adding type registration wrapper-characters -> org.hibernate.type.BasicTypeReference@4e26c308
2026-02-27 15:26:13 [main] DEBUG o.hibernate.type.BasicTypeRegistry - Adding type registration text -> org.hibernate.type.BasicTypeReference@7c8f803d
2026-02-27 15:26:13 [main] DEBUG o.hibernate.type.BasicTypeRegistry - Adding type registration ntext -> org.hibernate.type.BasicTypeReference@176e839e
2026-02-27 15:26:13 [main] DEBUG o.hibernate.type.BasicTypeRegistry - Adding type registration clob -> org.hibernate.type.BasicTypeReference@4ac0d49
2026-02-27 15:26:13 [main] DEBUG o.hibernate.type.BasicTypeRegistry - Adding type registration java.sql.Clob -> org.hibernate.type.BasicTypeReference@4ac0d49
2026-02-27 15:26:13 [main] DEBUG o.hibernate.type.BasicTypeRegistry - Adding type registration nclob -> org.hibernate.type.BasicTypeReference@7c6ab057
2026-02-27 15:26:13 [main] DEBUG o.hibernate.type.BasicTypeRegistry - Adding type registration java.sql.NClob -> org.hibernate.type.BasicTypeReference@7c6ab057
2026-02-27 15:26:13 [main] DEBUG o.hibernate.type.BasicTypeRegistry - Adding type registration materialized_clob -> org.hibernate.type.BasicTypeReference@7ce4498f
2026-02-27 15:26:13 [main] DEBUG o.hibernate.type.BasicTypeRegistry - Adding type registration materialized_clob_char_array -> org.hibernate.type.BasicTypeReference@1f7557fe
2026-02-27 15:26:13 [main] DEBUG o.hibernate.type.BasicTypeRegistry - Adding type registration materialized_clob_character_array -> org.hibernate.type.BasicTypeReference@7bd7d71c
2026-02-27 15:26:13 [main] DEBUG o.hibernate.type.BasicTypeRegistry - Adding type registration materialized_nclob -> org.hibernate.type.BasicTypeReference@52963839
2026-02-27 15:26:13 [main] DEBUG o.hibernate.type.BasicTypeRegistry - Adding type registration materialized_nclob_character_array -> org.hibernate.type.BasicTypeReference@ce0bbd5
2026-02-27 15:26:13 [main] DEBUG o.hibernate.type.BasicTypeRegistry - Adding type registration materialized_nclob_char_array -> org.hibernate.type.BasicTypeReference@399fd710
2026-02-27 15:26:13 [main] DEBUG o.hibernate.type.BasicTypeRegistry - Adding type registration Duration -> org.hibernate.type.BasicTypeReference@7c359808
2026-02-27 15:26:13 [main] DEBUG o.hibernate.type.BasicTypeRegistry - Adding type registration java.time.Duration -> org.hibernate.type.BasicTypeReference@7c359808
2026-02-27 15:26:13 [main] DEBUG o.hibernate.type.BasicTypeRegistry - Adding type registration LocalDateTime -> org.hibernate.type.BasicTypeReference@1f013047
2026-02-27 15:26:13 [main] DEBUG o.hibernate.type.BasicTypeRegistry - Adding type registration java.time.LocalDateTime -> org.hibernate.type.BasicTypeReference@1f013047
2026-02-27 15:26:13 [main] DEBUG o.hibernate.type.BasicTypeRegistry - Adding type registration LocalDate -> org.hibernate.type.BasicTypeReference@16361e61
2026-02-27 15:26:13 [main] DEBUG o.hibernate.type.BasicTypeRegistry - Adding type registration java.time.LocalDate -> org.hibernate.type.BasicTypeReference@16361e61
2026-02-27 15:26:13 [main] DEBUG o.hibernate.type.BasicTypeRegistry - Adding type registration LocalTime -> org.hibernate.type.BasicTypeReference@51566ce0
2026-02-27 15:26:13 [main] DEBUG o.hibernate.type.BasicTypeRegistry - Adding type registration java.time.LocalTime -> org.hibernate.type.BasicTypeReference@51566ce0
2026-02-27 15:26:13 [main] DEBUG o.hibernate.type.BasicTypeRegistry - Adding type registration OffsetDateTime -> org.hibernate.type.BasicTypeReference@1734b1a
2026-02-27 15:26:13 [main] DEBUG o.hibernate.type.BasicTypeRegistry - Adding type registration java.time.OffsetDateTime -> org.hibernate.type.BasicTypeReference@1734b1a
2026-02-27 15:26:13 [main] DEBUG o.hibernate.type.BasicTypeRegistry - Adding type registration OffsetDateTimeWithTimezone -> org.hibernate.type.BasicTypeReference@17e6d07b
2026-02-27 15:26:13 [main] DEBUG o.hibernate.type.BasicTypeRegistry - Adding type registration OffsetDateTimeWithoutTimezone -> org.hibernate.type.BasicTypeReference@318511f0
2026-02-27 15:26:13 [main] DEBUG o.hibernate.type.BasicTypeRegistry - Adding type registration OffsetTime -> org.hibernate.type.BasicTypeReference@53564a4c
2026-02-27 15:26:13 [main] DEBUG o.hibernate.type.BasicTypeRegistry - Adding type registration java.time.OffsetTime -> org.hibernate.type.BasicTypeReference@53564a4c
2026-02-27 15:26:13 [main] DEBUG o.hibernate.type.BasicTypeRegistry - Adding type registration OffsetTimeUtc -> org.hibernate.type.BasicTypeReference@4866e0a7
2026-02-27 15:26:13 [main] DEBUG o.hibernate.type.BasicTypeRegistry - Adding type registration OffsetTimeWithTimezone -> org.hibernate.type.BasicTypeReference@69a294d8
2026-02-27 15:26:13 [main] DEBUG o.hibernate.type.BasicTypeRegistry - Adding type registration OffsetTimeWithoutTimezone -> org.hibernate.type.BasicTypeReference@70b1028d
2026-02-27 15:26:13 [main] DEBUG o.hibernate.type.BasicTypeRegistry - Adding type registration ZonedDateTime -> org.hibernate.type.BasicTypeReference@11d422fd
2026-02-27 15:26:13 [main] DEBUG o.hibernate.type.BasicTypeRegistry - Adding type registration java.time.ZonedDateTime -> org.hibernate.type.BasicTypeReference@11d422fd
2026-02-27 15:26:13 [main] DEBUG o.hibernate.type.BasicTypeRegistry - Adding type registration ZonedDateTimeWithTimezone -> org.hibernate.type.BasicTypeReference@6e489bb8
2026-02-27 15:26:13 [main] DEBUG o.hibernate.type.BasicTypeRegistry - Adding type registration ZonedDateTimeWithoutTimezone -> org.hibernate.type.BasicTypeReference@1331d6fd
2026-02-27 15:26:13 [main] DEBUG o.hibernate.type.BasicTypeRegistry - Adding type registration date -> org.hibernate.type.BasicTypeReference@6b6c0b7c
2026-02-27 15:26:13 [main] DEBUG o.hibernate.type.BasicTypeRegistry - Adding type registration java.sql.Date -> org.hibernate.type.BasicTypeReference@6b6c0b7c
2026-02-27 15:26:13 [main] DEBUG o.hibernate.type.BasicTypeRegistry - Adding type registration time -> org.hibernate.type.BasicTypeReference@5b1f0f26
2026-02-27 15:26:13 [main] DEBUG o.hibernate.type.BasicTypeRegistry - Adding type registration java.sql.Time -> org.hibernate.type.BasicTypeReference@5b1f0f26
2026-02-27 15:26:13 [main] DEBUG o.hibernate.type.BasicTypeRegistry - Adding type registration timestamp -> org.hibernate.type.BasicTypeReference@7120daa6
2026-02-27 15:26:13 [main] DEBUG o.hibernate.type.BasicTypeRegistry - Adding type registration java.sql.Timestamp -> org.hibernate.type.BasicTypeReference@7120daa6
2026-02-27 15:26:13 [main] DEBUG o.hibernate.type.BasicTypeRegistry - Adding type registration java.util.Date -> org.hibernate.type.BasicTypeReference@7120daa6
2026-02-27 15:26:13 [main] DEBUG o.hibernate.type.BasicTypeRegistry - Adding type registration calendar -> org.hibernate.type.BasicTypeReference@6cbb6c41
2026-02-27 15:26:13 [main] DEBUG o.hibernate.type.BasicTypeRegistry - Adding type registration java.util.Calendar -> org.hibernate.type.BasicTypeReference@6cbb6c41
2026-02-27 15:26:13 [main] DEBUG o.hibernate.type.BasicTypeRegistry - Adding type registration java.util.GregorianCalendar -> org.hibernate.type.BasicTypeReference@6cbb6c41
2026-02-27 15:26:13 [main] DEBUG o.hibernate.type.BasicTypeRegistry - Adding type registration calendar_date -> org.hibernate.type.BasicTypeReference@6787bd41
2026-02-27 15:26:13 [main] DEBUG o.hibernate.type.BasicTypeRegistry - Adding type registration calendar_time -> org.hibernate.type.BasicTypeReference@44c2e8a8
2026-02-27 15:26:13 [main] DEBUG o.hibernate.type.BasicTypeRegistry - Adding type registration instant -> org.hibernate.type.BasicTypeReference@3340ff7c
2026-02-27 15:26:13 [main] DEBUG o.hibernate.type.BasicTypeRegistry - Adding type registration java.time.Instant -> org.hibernate.type.BasicTypeReference@3340ff7c
2026-02-27 15:26:13 [main] DEBUG o.hibernate.type.BasicTypeRegistry - Adding type registration uuid -> org.hibernate.type.BasicTypeReference@42e4431
2026-02-27 15:26:13 [main] DEBUG o.hibernate.type.BasicTypeRegistry - Adding type registration java.util.UUID -> org.hibernate.type.BasicTypeReference@42e4431
2026-02-27 15:26:13 [main] DEBUG o.hibernate.type.BasicTypeRegistry - Adding type registration pg-uuid -> org.hibernate.type.BasicTypeReference@42e4431
2026-02-27 15:26:13 [main] DEBUG o.hibernate.type.BasicTypeRegistry - Adding type registration uuid-binary -> org.hibernate.type.BasicTypeReference@5e198c40
2026-02-27 15:26:13 [main] DEBUG o.hibernate.type.BasicTypeRegistry - Adding type registration uuid-char -> org.hibernate.type.BasicTypeReference@dcdb883
2026-02-27 15:26:13 [main] DEBUG o.hibernate.type.BasicTypeRegistry - Adding type registration class -> org.hibernate.type.BasicTypeReference@39420d59
2026-02-27 15:26:13 [main] DEBUG o.hibernate.type.BasicTypeRegistry - Adding type registration java.lang.Class -> org.hibernate.type.BasicTypeReference@39420d59
2026-02-27 15:26:13 [main] DEBUG o.hibernate.type.BasicTypeRegistry - Adding type registration currency -> org.hibernate.type.BasicTypeReference@4fbbd98c
2026-02-27 15:26:13 [main] DEBUG o.hibernate.type.BasicTypeRegistry - Adding type registration Currency -> org.hibernate.type.BasicTypeReference@4fbbd98c
2026-02-27 15:26:13 [main] DEBUG o.hibernate.type.BasicTypeRegistry - Adding type registration java.util.Currency -> org.hibernate.type.BasicTypeReference@4fbbd98c
2026-02-27 15:26:13 [main] DEBUG o.hibernate.type.BasicTypeRegistry - Adding type registration locale -> org.hibernate.type.BasicTypeReference@5dd227b7
2026-02-27 15:26:13 [main] DEBUG o.hibernate.type.BasicTypeRegistry - Adding type registration java.util.Locale -> org.hibernate.type.BasicTypeReference@5dd227b7
2026-02-27 15:26:13 [main] DEBUG o.hibernate.type.BasicTypeRegistry - Adding type registration serializable -> org.hibernate.type.BasicTypeReference@3d3b852e
2026-02-27 15:26:13 [main] DEBUG o.hibernate.type.BasicTypeRegistry - Adding type registration java.io.Serializable -> org.hibernate.type.BasicTypeReference@3d3b852e
2026-02-27 15:26:13 [main] DEBUG o.hibernate.type.BasicTypeRegistry - Adding type registration timezone -> org.hibernate.type.BasicTypeReference@14ba7f15
2026-02-27 15:26:13 [main] DEBUG o.hibernate.type.BasicTypeRegistry - Adding type registration java.util.TimeZone -> org.hibernate.type.BasicTypeReference@14ba7f15
2026-02-27 15:26:13 [main] DEBUG o.hibernate.type.BasicTypeRegistry - Adding type registration ZoneOffset -> org.hibernate.type.BasicTypeReference@55cb3b7
2026-02-27 15:26:13 [main] DEBUG o.hibernate.type.BasicTypeRegistry - Adding type registration java.time.ZoneOffset -> org.hibernate.type.BasicTypeReference@55cb3b7
2026-02-27 15:26:13 [main] DEBUG o.hibernate.type.BasicTypeRegistry - Adding type registration url -> org.hibernate.type.BasicTypeReference@497fd334
2026-02-27 15:26:13 [main] DEBUG o.hibernate.type.BasicTypeRegistry - Adding type registration java.net.URL -> org.hibernate.type.BasicTypeReference@497fd334
2026-02-27 15:26:13 [main] DEBUG o.hibernate.type.BasicTypeRegistry - Adding type registration vector -> org.hibernate.type.BasicTypeReference@280c3dc0
2026-02-27 15:26:13 [main] DEBUG o.hibernate.type.BasicTypeRegistry - Adding type registration float_vector -> org.hibernate.type.BasicTypeReference@6f89ad03
2026-02-27 15:26:13 [main] DEBUG o.hibernate.type.BasicTypeRegistry - Adding type registration double_vector -> org.hibernate.type.BasicTypeReference@f287a4e
2026-02-27 15:26:13 [main] DEBUG o.hibernate.type.BasicTypeRegistry - Adding type registration byte_vector -> org.hibernate.type.BasicTypeReference@3879feec
2026-02-27 15:26:13 [main] DEBUG o.hibernate.type.BasicTypeRegistry - Adding type registration row_version -> org.hibernate.type.BasicTypeReference@71d2261e
2026-02-27 15:26:13 [main] DEBUG o.hibernate.type.BasicTypeRegistry - Adding type registration object -> org.hibernate.type.JavaObjectType@19f1f330
2026-02-27 15:26:13 [main] DEBUG o.hibernate.type.BasicTypeRegistry - Adding type registration java.lang.Object -> org.hibernate.type.JavaObjectType@19f1f330
2026-02-27 15:26:13 [main] DEBUG o.hibernate.type.BasicTypeRegistry - Adding type registration null -> org.hibernate.type.NullType@72b53f27
2026-02-27 15:26:13 [main] DEBUG o.hibernate.type.BasicTypeRegistry - Adding type registration imm_date -> org.hibernate.type.BasicTypeReference@1be4a7e3
2026-02-27 15:26:13 [main] DEBUG o.hibernate.type.BasicTypeRegistry - Adding type registration imm_time -> org.hibernate.type.BasicTypeReference@632b96b8
2026-02-27 15:26:13 [main] DEBUG o.hibernate.type.BasicTypeRegistry - Adding type registration imm_timestamp -> org.hibernate.type.BasicTypeReference@544e6b
2026-02-27 15:26:13 [main] DEBUG o.hibernate.type.BasicTypeRegistry - Adding type registration imm_calendar -> org.hibernate.type.BasicTypeReference@5b430541
2026-02-27 15:26:13 [main] DEBUG o.hibernate.type.BasicTypeRegistry - Adding type registration imm_calendar_date -> org.hibernate.type.BasicTypeReference@65a66a75
2026-02-27 15:26:13 [main] DEBUG o.hibernate.type.BasicTypeRegistry - Adding type registration imm_calendar_time -> org.hibernate.type.BasicTypeReference@5a07ae2f
2026-02-27 15:26:13 [main] DEBUG o.hibernate.type.BasicTypeRegistry - Adding type registration imm_binary -> org.hibernate.type.BasicTypeReference@78829412
2026-02-27 15:26:13 [main] DEBUG o.hibernate.type.BasicTypeRegistry - Adding type registration imm_serializable -> org.hibernate.type.BasicTypeReference@3ba8ef4e
2026-02-27 15:26:13 [main] INFO  o.s.o.j.p.SpringPersistenceUnitInfo - No LoadTimeWeaver setup: ignoring JPA class transformer
2026-02-27 15:26:13 [main] INFO  com.zaxxer.hikari.HikariDataSource - HikariPool-1 - Starting...
2026-02-27 15:26:13 [main] INFO  com.zaxxer.hikari.pool.HikariPool - HikariPool-1 - Added connection org.postgresql.jdbc.PgConnection@1c879f07
2026-02-27 15:26:13 [main] INFO  com.zaxxer.hikari.HikariDataSource - HikariPool-1 - Start completed.
2026-02-27 15:26:13 [main] INFO  o.hibernate.orm.connections.pooling - HHH10001005: Database info:
	Database JDBC URL [Connecting through datasource 'HikariDataSource (HikariPool-1)']
	Database driver: undefined/unknown
	Database version: 16.12
	Autocommit mode: undefined/unknown
	Isolation level: undefined/unknown
	Minimum pool size: undefined/unknown
	Maximum pool size: undefined/unknown
2026-02-27 15:26:13 [main] DEBUG o.h.t.d.sql.spi.DdlTypeRegistry - addDescriptor(2003, org.hibernate.type.descriptor.sql.internal.ArrayDdlTypeImpl@73e63b4d) replaced previous registration(org.hibernate.type.descriptor.sql.internal.ArrayDdlTypeImpl@8aafd70)
2026-02-27 15:26:13 [main] DEBUG o.h.t.d.sql.spi.DdlTypeRegistry - addDescriptor(6, org.hibernate.type.descriptor.sql.internal.CapacityDependentDdlType@3c717ef2) replaced previous registration(org.hibernate.type.descriptor.sql.internal.DdlTypeImpl@7ca0b05e)
2026-02-27 15:26:13 [main] DEBUG o.h.t.d.jdbc.spi.JdbcTypeRegistry - addDescriptor(2004, BlobTypeDescriptor(BLOB_BINDING)) replaced previous registration(BlobTypeDescriptor(DEFAULT))
2026-02-27 15:26:13 [main] DEBUG o.h.t.d.jdbc.spi.JdbcTypeRegistry - addDescriptor(2005, ClobTypeDescriptor(CLOB_BINDING)) replaced previous registration(ClobTypeDescriptor(DEFAULT))
2026-02-27 15:26:13 [main] DEBUG o.hibernate.type.BasicTypeRegistry - Adding type registration JAVA_OBJECT -> org.hibernate.type.JavaObjectType@5d24703e
2026-02-27 15:26:13 [main] DEBUG o.hibernate.type.BasicTypeRegistry - Adding type registration java.lang.Object -> org.hibernate.type.JavaObjectType@5d24703e
2026-02-27 15:26:13 [main] DEBUG o.hibernate.type.BasicTypeRegistry - Type registration key [java.lang.Object] overrode previous entry : `org.hibernate.type.JavaObjectType@19f1f330`
2026-02-27 15:26:13 [main] DEBUG o.hibernate.type.BasicTypeRegistry - Adding type registration org.hibernate.type.DurationType -> basicType@1(java.time.Duration,3015)
2026-02-27 15:26:13 [main] DEBUG o.hibernate.type.BasicTypeRegistry - Adding type registration Duration -> basicType@1(java.time.Duration,3015)
2026-02-27 15:26:13 [main] DEBUG o.hibernate.type.BasicTypeRegistry - Adding type registration java.time.Duration -> basicType@1(java.time.Duration,3015)
2026-02-27 15:26:13 [main] DEBUG o.hibernate.type.BasicTypeRegistry - Adding type registration org.hibernate.type.OffsetDateTimeType -> basicType@2(java.time.OffsetDateTime,3003)
2026-02-27 15:26:13 [main] DEBUG o.hibernate.type.BasicTypeRegistry - Adding type registration OffsetDateTime -> basicType@2(java.time.OffsetDateTime,3003)
2026-02-27 15:26:13 [main] DEBUG o.hibernate.type.BasicTypeRegistry - Adding type registration java.time.OffsetDateTime -> basicType@2(java.time.OffsetDateTime,3003)
2026-02-27 15:26:13 [main] DEBUG o.hibernate.type.BasicTypeRegistry - Adding type registration org.hibernate.type.ZonedDateTimeType -> basicType@3(java.time.ZonedDateTime,3003)
2026-02-27 15:26:13 [main] DEBUG o.hibernate.type.BasicTypeRegistry - Adding type registration ZonedDateTime -> basicType@3(java.time.ZonedDateTime,3003)
2026-02-27 15:26:13 [main] DEBUG o.hibernate.type.BasicTypeRegistry - Adding type registration java.time.ZonedDateTime -> basicType@3(java.time.ZonedDateTime,3003)
2026-02-27 15:26:13 [main] DEBUG o.hibernate.type.BasicTypeRegistry - Adding type registration org.hibernate.type.OffsetTimeType -> basicType@4(java.time.OffsetTime,3007)
2026-02-27 15:26:13 [main] DEBUG o.hibernate.type.BasicTypeRegistry - Adding type registration OffsetTime -> basicType@4(java.time.OffsetTime,3007)
2026-02-27 15:26:13 [main] DEBUG o.hibernate.type.BasicTypeRegistry - Adding type registration java.time.OffsetTime -> basicType@4(java.time.OffsetTime,3007)
2026-02-27 15:26:13 [main] DEBUG o.h.type.spi.TypeConfiguration$Scope - Scoping TypeConfiguration [org.hibernate.type.spi.TypeConfiguration@7a491a60] to MetadataBuildingContext [org.hibernate.boot.internal.MetadataBuildingContextRootImpl@80b6098]
2026-02-27 15:26:14 [main] INFO  o.h.e.t.j.p.i.JtaPlatformInitiator - HHH000489: No JTA platform available (set 'hibernate.transaction.jta.platform' to enable JTA platform integration)
2026-02-27 15:26:14 [main] DEBUG o.h.type.spi.TypeConfiguration$Scope - Scoping TypeConfiguration [org.hibernate.type.spi.TypeConfiguration@7a491a60] to SessionFactoryImplementor [org.hibernate.internal.SessionFactoryImpl@53141d3f]
2026-02-27 15:26:14 [main] TRACE o.h.type.spi.TypeConfiguration$Scope - Handling #sessionFactoryCreated from [org.hibernate.internal.SessionFactoryImpl@53141d3f] for TypeConfiguration
2026-02-27 15:26:14 [main] INFO  o.s.o.j.LocalContainerEntityManagerFactoryBean - Initialized JPA EntityManagerFactory for persistence unit 'default'
2026-02-27 15:26:14 [main] INFO  c.u.l.member.config.RedisConfig - Redis Streams 리스너 컨테이너 시작 (DB 0) — stream: subscription-events
2026-02-27 15:26:14 [main] DEBUG c.u.l.member.config.RedisConfig - Consumer Group 이미 존재 (정상) — stream: subscription-events, group: member-service-group
2026-02-27 15:26:14 [main] INFO  c.u.l.member.config.RedisConfig - Redis Streams 구독 등록 완료 — stream: subscription-events, group: member-service-group, consumer: member-service-1
2026-02-27 15:26:14 [main] WARN  o.s.b.a.o.j.JpaBaseConfiguration$JpaWebConfiguration - spring.jpa.open-in-view is enabled by default. Therefore, database queries may be performed during view rendering. Explicitly configure spring.jpa.open-in-view to disable this warning
2026-02-27 15:26:15 [main] INFO  o.s.s.c.a.a.c.InitializeUserDetailsBeanManagerConfigurer$InitializeUserDetailsManagerConfigurer - Global AuthenticationManager configured with UserDetailsService bean with name customUserDetailsService
2026-02-27 15:26:15 [main] INFO  o.s.b.a.e.web.EndpointLinksResolver - Exposing 3 endpoints beneath base path '/actuator'
2026-02-27 15:26:17 [main] INFO  o.s.cloud.commons.util.InetUtils - Cannot determine local hostname
2026-02-27 15:26:17 [main] INFO  o.s.b.w.e.tomcat.TomcatWebServer - Tomcat started on port 8081 (http) with context path '/'
2026-02-27 15:26:18 [main] INFO  o.s.cloud.commons.util.InetUtils - Cannot determine local hostname
2026-02-27 15:26:18 [main] INFO  c.u.l.member.MemberApplication - Started MemberApplication in 7.998 seconds (process running for 8.283)
2026-02-27 15:26:22 [http-nio-8081-exec-1] INFO  o.a.c.c.C.[Tomcat].[localhost].[/] - Initializing Spring DispatcherServlet 'dispatcherServlet'
2026-02-27 15:26:22 [http-nio-8081-exec-1] INFO  o.s.web.servlet.DispatcherServlet - Initializing Servlet 'dispatcherServlet'
2026-02-27 15:26:22 [http-nio-8081-exec-1] INFO  o.s.web.servlet.DispatcherServlet - Completed initialization in 1 ms
2026-02-27 15:26:37 [http-nio-8081-exec-2] DEBUG org.hibernate.SQL - 
    /* <criteria> */ select
        me1_0.id,
        me1_0.created_at,
        me1_0.email,
        me1_0.feedback_reminder,
        me1_0.kakao_id,
        me1_0.location_enabled,
        me1_0.member_id,
        me1_0.nickname,
        me1_0.onboarding_completed,
        me1_0.recommendation_alert,
        me1_0.updated_at 
    from
        lunchpick_member.member me1_0 
    where
        me1_0.kakao_id=?
2026-02-27 15:26:37 [http-nio-8081-exec-2] DEBUG org.hibernate.SQL - 
    /* insert for
        com.unicorn.lunchpick.member.repository.entity.MemberEntity */insert 
    into
        lunchpick_member.member (created_at, email, feedback_reminder, kakao_id, location_enabled, member_id, nickname, onboarding_completed, recommendation_alert, updated_at) 
    values
        (?, ?, ?, ?, ?, ?, ?, ?, ?, ?)
2026-02-27 15:26:37 [http-nio-8081-exec-2] INFO  c.u.l.m.service.impl.AuthServiceImpl - 신규 회원 가입 — memberId: 9e9447a9-3e25-4fcb-b374-8eb5a849bf87
2026-02-27 15:36:13 [http-nio-8081-exec-5] DEBUG c.u.l.m.c.j.JwtAuthenticationFilter - JWT 인증 완료 — memberId: 9e9447a9-3e25-4fcb-b374-8eb5a849bf87
2026-02-27 15:36:14 [http-nio-8081-exec-5] DEBUG c.u.l.m.s.impl.OnboardingServiceImpl - 온보딩 진행 상태 저장 — memberId: 9e9447a9-3e25-4fcb-b374-8eb5a849bf87, count: 3
2026-02-27 15:36:15 [http-nio-8081-exec-6] DEBUG c.u.l.m.c.j.JwtAuthenticationFilter - JWT 인증 완료 — memberId: 9e9447a9-3e25-4fcb-b374-8eb5a849bf87
2026-02-27 15:36:15 [http-nio-8081-exec-6] DEBUG c.u.l.m.s.impl.OnboardingServiceImpl - 온보딩 진행 상태 저장 — memberId: 9e9447a9-3e25-4fcb-b374-8eb5a849bf87, count: 6
2026-02-27 15:36:16 [http-nio-8081-exec-7] DEBUG c.u.l.m.c.j.JwtAuthenticationFilter - JWT 인증 완료 — memberId: 9e9447a9-3e25-4fcb-b374-8eb5a849bf87
2026-02-27 15:36:16 [http-nio-8081-exec-7] DEBUG c.u.l.m.s.impl.OnboardingServiceImpl - 온보딩 진행 상태 저장 — memberId: 9e9447a9-3e25-4fcb-b374-8eb5a849bf87, count: 9
2026-02-27 15:36:19 [http-nio-8081-exec-9] DEBUG c.u.l.m.c.j.JwtAuthenticationFilter - JWT 인증 완료 — memberId: 9e9447a9-3e25-4fcb-b374-8eb5a849bf87
2026-02-27 15:36:19 [http-nio-8081-exec-9] DEBUG org.hibernate.SQL - 
    /* <criteria> */ select
        me1_0.id,
        me1_0.created_at,
        me1_0.email,
        me1_0.feedback_reminder,
        me1_0.kakao_id,
        me1_0.location_enabled,
        me1_0.member_id,
        me1_0.nickname,
        me1_0.onboarding_completed,
        me1_0.recommendation_alert,
        me1_0.updated_at 
    from
        lunchpick_member.member me1_0 
    where
        me1_0.member_id=?
2026-02-27 15:36:19 [http-nio-8081-exec-9] DEBUG c.u.l.m.s.i.TasteVectorServiceImpl - 취향 벡터 계산 완료 — 카테고리 수: 8
2026-02-27 15:36:19 [http-nio-8081-exec-9] DEBUG org.hibernate.SQL - 
    /* <criteria> */ select
        tpe1_0.id,
        tpe1_0.feedback_count,
        tpe1_0.is_cold_start,
        tpe1_0.member_id,
        tpe1_0.taste_vector,
        tpe1_0.updated_at 
    from
        lunchpick_member.taste_profile tpe1_0 
    where
        tpe1_0.member_id=?
2026-02-27 15:36:19 [http-nio-8081-exec-9] DEBUG org.hibernate.SQL - 
    /* insert for
        com.unicorn.lunchpick.member.repository.entity.TasteProfileEntity */insert 
    into
        lunchpick_member.taste_profile (feedback_count, is_cold_start, member_id, taste_vector, updated_at) 
    values
        (?, ?, ?, ?, ?)
2026-02-27 15:36:19 [http-nio-8081-exec-9] DEBUG org.hibernate.SQL - 
    /* <criteria> */ select
        dre1_0.id,
        dre1_0.allergens,
        dre1_0.custom_allergens,
        dre1_0.diet_type,
        dre1_0.health_info_consent_given,
        dre1_0.member_id,
        dre1_0.updated_at 
    from
        lunchpick_member.dietary_restriction dre1_0 
    where
        dre1_0.member_id=?
2026-02-27 15:36:19 [http-nio-8081-exec-9] DEBUG org.hibernate.SQL - 
    /* insert for
        com.unicorn.lunchpick.member.repository.entity.DietaryRestrictionEntity */insert 
    into
        lunchpick_member.dietary_restriction (allergens, custom_allergens, diet_type, health_info_consent_given, member_id, updated_at) 
    values
        (?, ?, ?, ?, ?, ?)
2026-02-27 15:36:19 [http-nio-8081-exec-9] INFO  c.u.l.m.s.impl.OnboardingServiceImpl - 온보딩 완료 — memberId: 9e9447a9-3e25-4fcb-b374-8eb5a849bf87, topCategories: [한식, 양식, 중식]
2026-02-27 15:36:19 [http-nio-8081-exec-9] DEBUG org.hibernate.SQL - 
    /* update
        for com.unicorn.lunchpick.member.repository.entity.MemberEntity */update lunchpick_member.member 
    set
        email=?,
        feedback_reminder=?,
        kakao_id=?,
        location_enabled=?,
        member_id=?,
        nickname=?,
        onboarding_completed=?,
        recommendation_alert=?,
        updated_at=? 
    where
        id=?
2026-02-27 15:36:21 [http-nio-8081-exec-1] DEBUG c.u.l.m.c.j.JwtAuthenticationFilter - JWT 인증 완료 — memberId: 9e9447a9-3e25-4fcb-b374-8eb5a849bf87
2026-02-27 15:36:21 [http-nio-8081-exec-1] DEBUG org.hibernate.SQL - 
    /* <criteria> */ select
        me1_0.id,
        me1_0.created_at,
        me1_0.email,
        me1_0.feedback_reminder,
        me1_0.kakao_id,
        me1_0.location_enabled,
        me1_0.member_id,
        me1_0.nickname,
        me1_0.onboarding_completed,
        me1_0.recommendation_alert,
        me1_0.updated_at 
    from
        lunchpick_member.member me1_0 
    where
        me1_0.member_id=?
2026-02-27 15:36:21 [http-nio-8081-exec-1] DEBUG org.hibernate.SQL - 
    /* insert for
        com.unicorn.lunchpick.member.repository.entity.LocationConsentEntity */insert 
    into
        lunchpick_member.location_consent (consented, consented_at, created_at, member_id) 
    values
        (?, ?, ?, ?)
2026-02-27 15:36:21 [http-nio-8081-exec-1] INFO  c.u.l.m.s.impl.MemberServiceImpl - 위치 동의 처리 완료 — memberId: 9e9447a9-3e25-4fcb-b374-8eb5a849bf87, consented: true
2026-02-27 15:36:21 [http-nio-8081-exec-1] DEBUG org.hibernate.SQL - 
    /* update
        for com.unicorn.lunchpick.member.repository.entity.MemberEntity */update lunchpick_member.member 
    set
        email=?,
        feedback_reminder=?,
        kakao_id=?,
        location_enabled=?,
        member_id=?,
        nickname=?,
        onboarding_completed=?,
        recommendation_alert=?,
        updated_at=? 
    where
        id=?
2026-02-27 15:36:24 [http-nio-8081-exec-3] DEBUG c.u.l.m.c.j.JwtAuthenticationFilter - JWT 인증 완료 — memberId: 9e9447a9-3e25-4fcb-b374-8eb5a849bf87
2026-02-27 15:36:24 [http-nio-8081-exec-3] DEBUG org.hibernate.SQL - 
    /* <criteria> */ select
        me1_0.id,
        me1_0.created_at,
        me1_0.email,
        me1_0.feedback_reminder,
        me1_0.kakao_id,
        me1_0.location_enabled,
        me1_0.member_id,
        me1_0.nickname,
        me1_0.onboarding_completed,
        me1_0.recommendation_alert,
        me1_0.updated_at 
    from
        lunchpick_member.member me1_0 
    where
        me1_0.member_id=?
2026-02-27 15:36:24 [http-nio-8081-exec-3] DEBUG org.hibernate.SQL - 
    /* <criteria> */ select
        dre1_0.id,
        dre1_0.allergens,
        dre1_0.custom_allergens,
        dre1_0.diet_type,
        dre1_0.health_info_consent_given,
        dre1_0.member_id,
        dre1_0.updated_at 
    from
        lunchpick_member.dietary_restriction dre1_0 
    where
        dre1_0.member_id=?
2026-02-27 15:36:24 [http-nio-8081-exec-3] INFO  c.u.l.m.s.impl.MemberServiceImpl - 식이 제한 설정 완료 — memberId: 9e9447a9-3e25-4fcb-b374-8eb5a849bf87, dietType: 일반
2026-02-27 15:37:10 [http-nio-8081-exec-5] DEBUG c.u.l.m.c.j.JwtAuthenticationFilter - JWT 인증 완료 — memberId: 9e9447a9-3e25-4fcb-b374-8eb5a849bf87
2026-02-27 15:37:10 [http-nio-8081-exec-5] DEBUG org.hibernate.SQL - 
    /* <criteria> */ select
        me1_0.id,
        me1_0.created_at,
        me1_0.email,
        me1_0.feedback_reminder,
        me1_0.kakao_id,
        me1_0.location_enabled,
        me1_0.member_id,
        me1_0.nickname,
        me1_0.onboarding_completed,
        me1_0.recommendation_alert,
        me1_0.updated_at 
    from
        lunchpick_member.member me1_0 
    where
        me1_0.member_id=?
2026-02-27 15:37:10 [http-nio-8081-exec-5] DEBUG org.hibernate.SQL - 
    /* <criteria> */ select
        dre1_0.id,
        dre1_0.allergens,
        dre1_0.custom_allergens,
        dre1_0.diet_type,
        dre1_0.health_info_consent_given,
        dre1_0.member_id,
        dre1_0.updated_at 
    from
        lunchpick_member.dietary_restriction dre1_0 
    where
        dre1_0.member_id=?
2026-02-27 15:54:09 [http-nio-8081-exec-8] WARN  c.u.l.m.c.oauth2.KakaoOAuthClient - 카카오 토큰 교환 실패 — HTTP 400 BAD_REQUEST: {"error":"invalid_grant","error_description":"authorization code not found for code=hqoPnT1Gb27RhQxRow-wz10HFUB_soH3EX8FmeITkmd8cB18orLmjQAAAAQKDSHZAAABnJ3COLtSGUcvaFb1Eg","error_code":"KOE320"}
2026-02-27 15:54:09 [http-nio-8081-exec-8] WARN  c.u.l.m.e.GlobalExceptionHandler - 비즈니스 예외 발생 — errorCode: KAKAO_AUTH_FAILED, message: 인증에 실패했어요. 다시 시도해주세요.
2026-02-27 15:54:22 [http-nio-8081-exec-9] WARN  c.u.l.m.c.oauth2.KakaoOAuthClient - 카카오 토큰 교환 실패 — HTTP 400 BAD_REQUEST: {"error":"invalid_grant","error_description":"authorization code not found for code=hqoPnT1Gb27RhQxRow-wz10HFUB_soH3EX8FmeITkmd8cB18orLmjQAAAAQKDSHZAAABnJ3COLtSGUcvaFb1Eg","error_code":"KOE320"}
2026-02-27 15:54:22 [http-nio-8081-exec-9] WARN  c.u.l.m.e.GlobalExceptionHandler - 비즈니스 예외 발생 — errorCode: KAKAO_AUTH_FAILED, message: 인증에 실패했어요. 다시 시도해주세요.
2026-02-27 15:55:08 [http-nio-8081-exec-10] WARN  c.u.l.m.c.oauth2.KakaoOAuthClient - 카카오 토큰 교환 실패 — HTTP 400 BAD_REQUEST: {"error":"invalid_grant","error_description":"authorization code not found for code=hqoPnT1Gb27RhQxRow-wz10HFUB_soH3EX8FmeITkmd8cB18orLmjQAAAAQKDSHZAAABnJ3COLtSGUcvaFb1Eg","error_code":"KOE320"}
2026-02-27 15:55:08 [http-nio-8081-exec-10] WARN  c.u.l.m.e.GlobalExceptionHandler - 비즈니스 예외 발생 — errorCode: KAKAO_AUTH_FAILED, message: 인증에 실패했어요. 다시 시도해주세요.
2026-02-27 16:50:11 [http-nio-8081-exec-1] WARN  c.u.l.m.c.oauth2.KakaoOAuthClient - 카카오 토큰 교환 실패 — HTTP 400 BAD_REQUEST: {"error":"invalid_grant","error_description":"authorization code not found for code=hqoPnT1Gb27RhQxRow-wz10HFUB_soH3EX8FmeITkmd8cB18orLmjQAAAAQKDSHZAAABnJ3COLtSGUcvaFb1Eg","error_code":"KOE320"}
2026-02-27 16:50:11 [http-nio-8081-exec-1] WARN  c.u.l.m.e.GlobalExceptionHandler - 비즈니스 예외 발생 — errorCode: KAKAO_AUTH_FAILED, message: 인증에 실패했어요. 다시 시도해주세요.
2026-02-27 17:07:10 [http-nio-8081-exec-4] ERROR c.u.l.m.e.GlobalExceptionHandler - 서버 내부 오류 발생
org.springframework.http.converter.HttpMessageNotReadableException: JSON parse error: Invalid UTF-8 middle byte 0xd7
	at org.springframework.http.converter.json.AbstractJackson2HttpMessageConverter.readJavaType(AbstractJackson2HttpMessageConverter.java:409)
	at org.springframework.http.converter.json.AbstractJackson2HttpMessageConverter.read(AbstractJackson2HttpMessageConverter.java:357)
	at org.springframework.web.servlet.mvc.method.annotation.AbstractMessageConverterMethodArgumentResolver.readWithMessageConverters(AbstractMessageConverterMethodArgumentResolver.java:204)
	at org.springframework.web.servlet.mvc.method.annotation.RequestResponseBodyMethodProcessor.readWithMessageConverters(RequestResponseBodyMethodProcessor.java:176)
	at org.springframework.web.servlet.mvc.method.annotation.RequestResponseBodyMethodProcessor.resolveArgument(RequestResponseBodyMethodProcessor.java:150)
	at org.springframework.web.method.support.HandlerMethodArgumentResolverComposite.resolveArgument(HandlerMethodArgumentResolverComposite.java:122)
	at org.springframework.web.method.support.InvocableHandlerMethod.getMethodArgumentValues(InvocableHandlerMethod.java:226)
	at org.springframework.web.method.support.InvocableHandlerMethod.invokeForRequest(InvocableHandlerMethod.java:180)
	at org.springframework.web.servlet.mvc.method.annotation.ServletInvocableHandlerMethod.invokeAndHandle(ServletInvocableHandlerMethod.java:118)
	at org.springframework.web.servlet.mvc.method.annotation.RequestMappingHandlerAdapter.invokeHandlerMethod(RequestMappingHandlerAdapter.java:986)
	at org.springframework.web.servlet.mvc.method.annotation.RequestMappingHandlerAdapter.handleInternal(RequestMappingHandlerAdapter.java:891)
	at org.springframework.web.servlet.mvc.method.AbstractHandlerMethodAdapter.handle(AbstractHandlerMethodAdapter.java:87)
	at org.springframework.web.servlet.DispatcherServlet.doDispatch(DispatcherServlet.java:1088)
	at org.springframework.web.servlet.DispatcherServlet.doService(DispatcherServlet.java:978)
	at org.springframework.web.servlet.FrameworkServlet.processRequest(FrameworkServlet.java:1014)
	at org.springframework.web.servlet.FrameworkServlet.doPost(FrameworkServlet.java:914)
	at jakarta.servlet.http.HttpServlet.service(HttpServlet.java:590)
	at org.springframework.web.servlet.FrameworkServlet.service(FrameworkServlet.java:885)
	at jakarta.servlet.http.HttpServlet.service(HttpServlet.java:658)
	at org.apache.catalina.core.ApplicationFilterChain.internalDoFilter(ApplicationFilterChain.java:195)
	at org.apache.catalina.core.ApplicationFilterChain.doFilter(ApplicationFilterChain.java:140)
	at org.apache.tomcat.websocket.server.WsFilter.doFilter(WsFilter.java:51)
	at org.apache.catalina.core.ApplicationFilterChain.internalDoFilter(ApplicationFilterChain.java:164)
	at org.apache.catalina.core.ApplicationFilterChain.doFilter(ApplicationFilterChain.java:140)
	at org.springframework.web.filter.CompositeFilter$VirtualFilterChain.doFilter(CompositeFilter.java:108)
	at org.springframework.security.web.FilterChainProxy.lambda$doFilterInternal$3(FilterChainProxy.java:231)
	at org.springframework.security.web.ObservationFilterChainDecorator$FilterObservation$SimpleFilterObservation.lambda$wrap$1(ObservationFilterChainDecorator.java:479)
	at org.springframework.security.web.ObservationFilterChainDecorator$AroundFilterObservation$SimpleAroundFilterObservation.lambda$wrap$1(ObservationFilterChainDecorator.java:340)
	at org.springframework.security.web.ObservationFilterChainDecorator.lambda$wrapSecured$0(ObservationFilterChainDecorator.java:82)
	at org.springframework.security.web.ObservationFilterChainDecorator$VirtualFilterChain.doFilter(ObservationFilterChainDecorator.java:128)
	at org.springframework.security.web.access.intercept.AuthorizationFilter.doFilter(AuthorizationFilter.java:101)
	at org.springframework.security.web.ObservationFilterChainDecorator$ObservationFilter.wrapFilter(ObservationFilterChainDecorator.java:240)
	at org.springframework.security.web.ObservationFilterChainDecorator$ObservationFilter.doFilter(ObservationFilterChainDecorator.java:227)
	at org.springframework.security.web.ObservationFilterChainDecorator$VirtualFilterChain.doFilter(ObservationFilterChainDecorator.java:137)
	at org.springframework.security.web.access.ExceptionTranslationFilter.doFilter(ExceptionTranslationFilter.java:126)
	at org.springframework.security.web.access.ExceptionTranslationFilter.doFilter(ExceptionTranslationFilter.java:120)
	at org.springframework.security.web.ObservationFilterChainDecorator$ObservationFilter.wrapFilter(ObservationFilterChainDecorator.java:240)
	at org.springframework.security.web.ObservationFilterChainDecorator$ObservationFilter.doFilter(ObservationFilterChainDecorator.java:227)
	at org.springframework.security.web.ObservationFilterChainDecorator$VirtualFilterChain.doFilter(ObservationFilterChainDecorator.java:137)
	at org.springframework.security.web.session.SessionManagementFilter.doFilter(SessionManagementFilter.java:131)
	at org.springframework.security.web.session.SessionManagementFilter.doFilter(SessionManagementFilter.java:85)
	at org.springframework.security.web.ObservationFilterChainDecorator$ObservationFilter.wrapFilter(ObservationFilterChainDecorator.java:240)
	at org.springframework.security.web.ObservationFilterChainDecorator$ObservationFilter.doFilter(ObservationFilterChainDecorator.java:227)
	at org.springframework.security.web.ObservationFilterChainDecorator$VirtualFilterChain.doFilter(ObservationFilterChainDecorator.java:137)
	at org.springframework.security.web.authentication.AnonymousAuthenticationFilter.doFilter(AnonymousAuthenticationFilter.java:100)
	at org.springframework.security.web.ObservationFilterChainDecorator$ObservationFilter.wrapFilter(ObservationFilterChainDecorator.java:240)
	at org.springframework.security.web.ObservationFilterChainDecorator$ObservationFilter.doFilter(ObservationFilterChainDecorator.java:227)
	at org.springframework.security.web.ObservationFilterChainDecorator$VirtualFilterChain.doFilter(ObservationFilterChainDecorator.java:137)
	at org.springframework.security.web.servletapi.SecurityContextHolderAwareRequestFilter.doFilter(SecurityContextHolderAwareRequestFilter.java:179)
	at org.springframework.security.web.ObservationFilterChainDecorator$ObservationFilter.wrapFilter(ObservationFilterChainDecorator.java:240)
	at org.springframework.security.web.ObservationFilterChainDecorator$ObservationFilter.doFilter(ObservationFilterChainDecorator.java:227)
	at org.springframework.security.web.ObservationFilterChainDecorator$VirtualFilterChain.doFilter(ObservationFilterChainDecorator.java:137)
	at org.springframework.security.web.savedrequest.RequestCacheAwareFilter.doFilter(RequestCacheAwareFilter.java:63)
	at org.springframework.security.web.ObservationFilterChainDecorator$ObservationFilter.wrapFilter(ObservationFilterChainDecorator.java:240)
	at org.springframework.security.web.ObservationFilterChainDecorator$ObservationFilter.doFilter(ObservationFilterChainDecorator.java:227)
	at org.springframework.security.web.ObservationFilterChainDecorator$VirtualFilterChain.doFilter(ObservationFilterChainDecorator.java:137)
	at com.unicorn.lunchpick.member.config.jwt.JwtAuthenticationFilter.doFilterInternal(JwtAuthenticationFilter.java:91)
	at org.springframework.web.filter.OncePerRequestFilter.doFilter(OncePerRequestFilter.java:116)
	at org.springframework.security.web.ObservationFilterChainDecorator$ObservationFilter.wrapFilter(ObservationFilterChainDecorator.java:240)
	at org.springframework.security.web.ObservationFilterChainDecorator$ObservationFilter.doFilter(ObservationFilterChainDecorator.java:227)
	at org.springframework.security.web.ObservationFilterChainDecorator$VirtualFilterChain.doFilter(ObservationFilterChainDecorator.java:137)
	at org.springframework.security.web.authentication.logout.LogoutFilter.doFilter(LogoutFilter.java:107)
	at org.springframework.security.web.authentication.logout.LogoutFilter.doFilter(LogoutFilter.java:93)
	at org.springframework.security.web.ObservationFilterChainDecorator$ObservationFilter.wrapFilter(ObservationFilterChainDecorator.java:240)
	at org.springframework.security.web.ObservationFilterChainDecorator$ObservationFilter.doFilter(ObservationFilterChainDecorator.java:227)
	at org.springframework.security.web.ObservationFilterChainDecorator$VirtualFilterChain.doFilter(ObservationFilterChainDecorator.java:137)
	at org.springframework.web.filter.CorsFilter.doFilterInternal(CorsFilter.java:91)
	at org.springframework.web.filter.OncePerRequestFilter.doFilter(OncePerRequestFilter.java:116)
	at org.springframework.security.web.ObservationFilterChainDecorator$ObservationFilter.wrapFilter(ObservationFilterChainDecorator.java:240)
	at org.springframework.security.web.ObservationFilterChainDecorator$ObservationFilter.doFilter(ObservationFilterChainDecorator.java:227)
	at org.springframework.security.web.ObservationFilterChainDecorator$VirtualFilterChain.doFilter(ObservationFilterChainDecorator.java:137)
	at org.springframework.security.web.header.HeaderWriterFilter.doHeadersAfter(HeaderWriterFilter.java:90)
	at org.springframework.security.web.header.HeaderWriterFilter.doFilterInternal(HeaderWriterFilter.java:75)
	at org.springframework.web.filter.OncePerRequestFilter.doFilter(OncePerRequestFilter.java:116)
	at org.springframework.security.web.ObservationFilterChainDecorator$ObservationFilter.wrapFilter(ObservationFilterChainDecorator.java:240)
	at org.springframework.security.web.ObservationFilterChainDecorator$ObservationFilter.doFilter(ObservationFilterChainDecorator.java:227)
	at org.springframework.security.web.ObservationFilterChainDecorator$VirtualFilterChain.doFilter(ObservationFilterChainDecorator.java:137)
	at org.springframework.security.web.context.SecurityContextHolderFilter.doFilter(SecurityContextHolderFilter.java:82)
	at org.springframework.security.web.context.SecurityContextHolderFilter.doFilter(SecurityContextHolderFilter.java:69)
	at org.springframework.security.web.ObservationFilterChainDecorator$ObservationFilter.wrapFilter(ObservationFilterChainDecorator.java:240)
	at org.springframework.security.web.ObservationFilterChainDecorator$ObservationFilter.doFilter(ObservationFilterChainDecorator.java:227)
	at org.springframework.security.web.ObservationFilterChainDecorator$VirtualFilterChain.doFilter(ObservationFilterChainDecorator.java:137)
	at org.springframework.security.web.context.request.async.WebAsyncManagerIntegrationFilter.doFilterInternal(WebAsyncManagerIntegrationFilter.java:62)
	at org.springframework.web.filter.OncePerRequestFilter.doFilter(OncePerRequestFilter.java:116)
	at org.springframework.security.web.ObservationFilterChainDecorator$ObservationFilter.wrapFilter(ObservationFilterChainDecorator.java:240)
	at org.springframework.security.web.ObservationFilterChainDecorator$ObservationFilter.doFilter(ObservationFilterChainDecorator.java:227)
	at org.springframework.security.web.ObservationFilterChainDecorator$VirtualFilterChain.doFilter(ObservationFilterChainDecorator.java:137)
	at org.springframework.security.web.session.DisableEncodeUrlFilter.doFilterInternal(DisableEncodeUrlFilter.java:42)
	at org.springframework.web.filter.OncePerRequestFilter.doFilter(OncePerRequestFilter.java:116)
	at org.springframework.security.web.ObservationFilterChainDecorator$ObservationFilter.wrapFilter(ObservationFilterChainDecorator.java:240)
	at org.springframework.security.web.ObservationFilterChainDecorator$AroundFilterObservation$SimpleAroundFilterObservation.lambda$wrap$0(ObservationFilterChainDecorator.java:323)
	at org.springframework.security.web.ObservationFilterChainDecorator$ObservationFilter.doFilter(ObservationFilterChainDecorator.java:224)
	at org.springframework.security.web.ObservationFilterChainDecorator$VirtualFilterChain.doFilter(ObservationFilterChainDecorator.java:137)
	at org.springframework.security.web.FilterChainProxy.doFilterInternal(FilterChainProxy.java:233)
	at org.springframework.security.web.FilterChainProxy.doFilter(FilterChainProxy.java:191)
	at org.springframework.web.filter.CompositeFilter$VirtualFilterChain.doFilter(CompositeFilter.java:113)
	at org.springframework.web.servlet.handler.HandlerMappingIntrospector.lambda$createCacheFilter$3(HandlerMappingIntrospector.java:243)
	at org.springframework.web.filter.CompositeFilter$VirtualFilterChain.doFilter(CompositeFilter.java:113)
	at org.springframework.web.filter.CompositeFilter.doFilter(CompositeFilter.java:74)
	at org.springframework.security.config.annotation.web.configuration.WebMvcSecurityConfiguration$CompositeFilterChainProxy.doFilter(WebMvcSecurityConfiguration.java:238)
	at org.springframework.web.filter.DelegatingFilterProxy.invokeDelegate(DelegatingFilterProxy.java:362)
	at org.springframework.web.filter.DelegatingFilterProxy.doFilter(DelegatingFilterProxy.java:278)
	at org.apache.catalina.core.ApplicationFilterChain.internalDoFilter(ApplicationFilterChain.java:164)
	at org.apache.catalina.core.ApplicationFilterChain.doFilter(ApplicationFilterChain.java:140)
	at org.springframework.web.filter.RequestContextFilter.doFilterInternal(RequestContextFilter.java:100)
	at org.springframework.web.filter.OncePerRequestFilter.doFilter(OncePerRequestFilter.java:116)
	at org.apache.catalina.core.ApplicationFilterChain.internalDoFilter(ApplicationFilterChain.java:164)
	at org.apache.catalina.core.ApplicationFilterChain.doFilter(ApplicationFilterChain.java:140)
	at org.springframework.web.filter.FormContentFilter.doFilterInternal(FormContentFilter.java:93)
	at org.springframework.web.filter.OncePerRequestFilter.doFilter(OncePerRequestFilter.java:116)
	at org.apache.catalina.core.ApplicationFilterChain.internalDoFilter(ApplicationFilterChain.java:164)
	at org.apache.catalina.core.ApplicationFilterChain.doFilter(ApplicationFilterChain.java:140)
	at org.springframework.web.filter.ServerHttpObservationFilter.doFilterInternal(ServerHttpObservationFilter.java:114)
	at org.springframework.web.filter.OncePerRequestFilter.doFilter(OncePerRequestFilter.java:116)
	at org.apache.catalina.core.ApplicationFilterChain.internalDoFilter(ApplicationFilterChain.java:164)
	at org.apache.catalina.core.ApplicationFilterChain.doFilter(ApplicationFilterChain.java:140)
	at org.springframework.web.filter.CharacterEncodingFilter.doFilterInternal(CharacterEncodingFilter.java:201)
	at org.springframework.web.filter.OncePerRequestFilter.doFilter(OncePerRequestFilter.java:116)
	at org.apache.catalina.core.ApplicationFilterChain.internalDoFilter(ApplicationFilterChain.java:164)
	at org.apache.catalina.core.ApplicationFilterChain.doFilter(ApplicationFilterChain.java:140)
	at org.apache.catalina.core.StandardWrapperValve.invoke(StandardWrapperValve.java:167)
	at org.apache.catalina.core.StandardContextValve.invoke(StandardContextValve.java:90)
	at org.apache.catalina.authenticator.AuthenticatorBase.invoke(AuthenticatorBase.java:483)
	at org.apache.catalina.core.StandardHostValve.invoke(StandardHostValve.java:115)
	at org.apache.catalina.valves.ErrorReportValve.invoke(ErrorReportValve.java:93)
	at org.apache.catalina.core.StandardEngineValve.invoke(StandardEngineValve.java:74)
	at org.apache.catalina.connector.CoyoteAdapter.service(CoyoteAdapter.java:344)
	at org.apache.coyote.http11.Http11Processor.service(Http11Processor.java:397)
	at org.apache.coyote.AbstractProcessorLight.process(AbstractProcessorLight.java:63)
	at org.apache.coyote.AbstractProtocol$ConnectionHandler.process(AbstractProtocol.java:905)
	at org.apache.tomcat.util.net.NioEndpoint$SocketProcessor.doRun(NioEndpoint.java:1741)
	at org.apache.tomcat.util.net.SocketProcessorBase.run(SocketProcessorBase.java:52)
	at org.apache.tomcat.util.threads.ThreadPoolExecutor.runWorker(ThreadPoolExecutor.java:1190)
	at org.apache.tomcat.util.threads.ThreadPoolExecutor$Worker.run(ThreadPoolExecutor.java:659)
	at org.apache.tomcat.util.threads.TaskThread$WrappingRunnable.run(TaskThread.java:63)
	at java.base/java.lang.Thread.run(Thread.java:1583)
Caused by: com.fasterxml.jackson.core.JsonParseException: Invalid UTF-8 middle byte 0xd7
 at [Source: REDACTED (`StreamReadFeature.INCLUDE_SOURCE_IN_LOCATION` disabled); line: 1, column: 16]
	at com.fasterxml.jackson.core.JsonParser._constructError(JsonParser.java:2584)
	at com.fasterxml.jackson.core.JsonParser._constructReadException(JsonParser.java:2610)
	at com.fasterxml.jackson.core.base.ParserMinimalBase._reportError(ParserMinimalBase.java:815)
	at com.fasterxml.jackson.core.json.UTF8StreamJsonParser._reportInvalidOther(UTF8StreamJsonParser.java:3679)
	at com.fasterxml.jackson.core.json.UTF8StreamJsonParser._reportInvalidOther(UTF8StreamJsonParser.java:3686)
	at com.fasterxml.jackson.core.json.UTF8StreamJsonParser._decodeUtf8_2(UTF8StreamJsonParser.java:3460)
	at com.fasterxml.jackson.core.json.UTF8StreamJsonParser._finishString2(UTF8StreamJsonParser.java:2570)
	at com.fasterxml.jackson.core.json.UTF8StreamJsonParser._finishAndReturnString(UTF8StreamJsonParser.java:2520)
	at com.fasterxml.jackson.core.json.UTF8StreamJsonParser.getText(UTF8StreamJsonParser.java:294)
	at com.fasterxml.jackson.databind.deser.std.StringDeserializer.deserialize(StringDeserializer.java:42)
	at com.fasterxml.jackson.databind.deser.std.StringDeserializer.deserialize(StringDeserializer.java:11)
	at com.fasterxml.jackson.databind.deser.std.MapDeserializer._readAndBindStringKeyMap(MapDeserializer.java:623)
	at com.fasterxml.jackson.databind.deser.std.MapDeserializer.deserialize(MapDeserializer.java:449)
	at com.fasterxml.jackson.databind.deser.std.MapDeserializer.deserialize(MapDeserializer.java:32)
	at com.fasterxml.jackson.databind.deser.DefaultDeserializationContext.readRootValue(DefaultDeserializationContext.java:342)
	at com.fasterxml.jackson.databind.ObjectReader._bindAndClose(ObjectReader.java:2125)
	at com.fasterxml.jackson.databind.ObjectReader.readValue(ObjectReader.java:1501)
	at org.springframework.http.converter.json.AbstractJackson2HttpMessageConverter.readJavaType(AbstractJackson2HttpMessageConverter.java:398)
	... 135 common frames omitted
2026-02-27 17:07:23 [http-nio-8081-exec-5] ERROR c.u.l.m.e.GlobalExceptionHandler - 서버 내부 오류 발생
org.springframework.web.servlet.resource.NoResourceFoundException: No static resource actuator/env/spring.profiles.active.
	at org.springframework.web.servlet.resource.ResourceHttpRequestHandler.handleRequest(ResourceHttpRequestHandler.java:585)
	at org.springframework.web.servlet.mvc.HttpRequestHandlerAdapter.handle(HttpRequestHandlerAdapter.java:52)
	at org.springframework.web.servlet.DispatcherServlet.doDispatch(DispatcherServlet.java:1088)
	at org.springframework.web.servlet.DispatcherServlet.doService(DispatcherServlet.java:978)
	at org.springframework.web.servlet.FrameworkServlet.processRequest(FrameworkServlet.java:1014)
	at org.springframework.web.servlet.FrameworkServlet.doGet(FrameworkServlet.java:903)
	at jakarta.servlet.http.HttpServlet.service(HttpServlet.java:564)
	at org.springframework.web.servlet.FrameworkServlet.service(FrameworkServlet.java:885)
	at jakarta.servlet.http.HttpServlet.service(HttpServlet.java:658)
	at org.apache.catalina.core.ApplicationFilterChain.internalDoFilter(ApplicationFilterChain.java:195)
	at org.apache.catalina.core.ApplicationFilterChain.doFilter(ApplicationFilterChain.java:140)
	at org.apache.tomcat.websocket.server.WsFilter.doFilter(WsFilter.java:51)
	at org.apache.catalina.core.ApplicationFilterChain.internalDoFilter(ApplicationFilterChain.java:164)
	at org.apache.catalina.core.ApplicationFilterChain.doFilter(ApplicationFilterChain.java:140)
	at org.springframework.web.filter.CompositeFilter$VirtualFilterChain.doFilter(CompositeFilter.java:108)
	at org.springframework.security.web.FilterChainProxy.lambda$doFilterInternal$3(FilterChainProxy.java:231)
	at org.springframework.security.web.ObservationFilterChainDecorator$FilterObservation$SimpleFilterObservation.lambda$wrap$1(ObservationFilterChainDecorator.java:479)
	at org.springframework.security.web.ObservationFilterChainDecorator$AroundFilterObservation$SimpleAroundFilterObservation.lambda$wrap$1(ObservationFilterChainDecorator.java:340)
	at org.springframework.security.web.ObservationFilterChainDecorator.lambda$wrapSecured$0(ObservationFilterChainDecorator.java:82)
	at org.springframework.security.web.ObservationFilterChainDecorator$VirtualFilterChain.doFilter(ObservationFilterChainDecorator.java:128)
	at org.springframework.security.web.access.intercept.AuthorizationFilter.doFilter(AuthorizationFilter.java:101)
	at org.springframework.security.web.ObservationFilterChainDecorator$ObservationFilter.wrapFilter(ObservationFilterChainDecorator.java:240)
	at org.springframework.security.web.ObservationFilterChainDecorator$ObservationFilter.doFilter(ObservationFilterChainDecorator.java:227)
	at org.springframework.security.web.ObservationFilterChainDecorator$VirtualFilterChain.doFilter(ObservationFilterChainDecorator.java:137)
	at org.springframework.security.web.access.ExceptionTranslationFilter.doFilter(ExceptionTranslationFilter.java:126)
	at org.springframework.security.web.access.ExceptionTranslationFilter.doFilter(ExceptionTranslationFilter.java:120)
	at org.springframework.security.web.ObservationFilterChainDecorator$ObservationFilter.wrapFilter(ObservationFilterChainDecorator.java:240)
	at org.springframework.security.web.ObservationFilterChainDecorator$ObservationFilter.doFilter(ObservationFilterChainDecorator.java:227)
	at org.springframework.security.web.ObservationFilterChainDecorator$VirtualFilterChain.doFilter(ObservationFilterChainDecorator.java:137)
	at org.springframework.security.web.session.SessionManagementFilter.doFilter(SessionManagementFilter.java:131)
	at org.springframework.security.web.session.SessionManagementFilter.doFilter(SessionManagementFilter.java:85)
	at org.springframework.security.web.ObservationFilterChainDecorator$ObservationFilter.wrapFilter(ObservationFilterChainDecorator.java:240)
	at org.springframework.security.web.ObservationFilterChainDecorator$ObservationFilter.doFilter(ObservationFilterChainDecorator.java:227)
	at org.springframework.security.web.ObservationFilterChainDecorator$VirtualFilterChain.doFilter(ObservationFilterChainDecorator.java:137)
	at org.springframework.security.web.authentication.AnonymousAuthenticationFilter.doFilter(AnonymousAuthenticationFilter.java:100)
	at org.springframework.security.web.ObservationFilterChainDecorator$ObservationFilter.wrapFilter(ObservationFilterChainDecorator.java:240)
	at org.springframework.security.web.ObservationFilterChainDecorator$ObservationFilter.doFilter(ObservationFilterChainDecorator.java:227)
	at org.springframework.security.web.ObservationFilterChainDecorator$VirtualFilterChain.doFilter(ObservationFilterChainDecorator.java:137)
	at org.springframework.security.web.servletapi.SecurityContextHolderAwareRequestFilter.doFilter(SecurityContextHolderAwareRequestFilter.java:179)
	at org.springframework.security.web.ObservationFilterChainDecorator$ObservationFilter.wrapFilter(ObservationFilterChainDecorator.java:240)
	at org.springframework.security.web.ObservationFilterChainDecorator$ObservationFilter.doFilter(ObservationFilterChainDecorator.java:227)
	at org.springframework.security.web.ObservationFilterChainDecorator$VirtualFilterChain.doFilter(ObservationFilterChainDecorator.java:137)
	at org.springframework.security.web.savedrequest.RequestCacheAwareFilter.doFilter(RequestCacheAwareFilter.java:63)
	at org.springframework.security.web.ObservationFilterChainDecorator$ObservationFilter.wrapFilter(ObservationFilterChainDecorator.java:240)
	at org.springframework.security.web.ObservationFilterChainDecorator$ObservationFilter.doFilter(ObservationFilterChainDecorator.java:227)
	at org.springframework.security.web.ObservationFilterChainDecorator$VirtualFilterChain.doFilter(ObservationFilterChainDecorator.java:137)
	at org.springframework.web.filter.OncePerRequestFilter.doFilter(OncePerRequestFilter.java:101)
	at org.springframework.security.web.ObservationFilterChainDecorator$ObservationFilter.wrapFilter(ObservationFilterChainDecorator.java:240)
	at org.springframework.security.web.ObservationFilterChainDecorator$ObservationFilter.doFilter(ObservationFilterChainDecorator.java:227)
	at org.springframework.security.web.ObservationFilterChainDecorator$VirtualFilterChain.doFilter(ObservationFilterChainDecorator.java:137)
	at org.springframework.security.web.authentication.logout.LogoutFilter.doFilter(LogoutFilter.java:107)
	at org.springframework.security.web.authentication.logout.LogoutFilter.doFilter(LogoutFilter.java:93)
	at org.springframework.security.web.ObservationFilterChainDecorator$ObservationFilter.wrapFilter(ObservationFilterChainDecorator.java:240)
	at org.springframework.security.web.ObservationFilterChainDecorator$ObservationFilter.doFilter(ObservationFilterChainDecorator.java:227)
	at org.springframework.security.web.ObservationFilterChainDecorator$VirtualFilterChain.doFilter(ObservationFilterChainDecorator.java:137)
	at org.springframework.web.filter.CorsFilter.doFilterInternal(CorsFilter.java:91)
	at org.springframework.web.filter.OncePerRequestFilter.doFilter(OncePerRequestFilter.java:116)
	at org.springframework.security.web.ObservationFilterChainDecorator$ObservationFilter.wrapFilter(ObservationFilterChainDecorator.java:240)
	at org.springframework.security.web.ObservationFilterChainDecorator$ObservationFilter.doFilter(ObservationFilterChainDecorator.java:227)
	at org.springframework.security.web.ObservationFilterChainDecorator$VirtualFilterChain.doFilter(ObservationFilterChainDecorator.java:137)
	at org.springframework.security.web.header.HeaderWriterFilter.doHeadersAfter(HeaderWriterFilter.java:90)
	at org.springframework.security.web.header.HeaderWriterFilter.doFilterInternal(HeaderWriterFilter.java:75)
	at org.springframework.web.filter.OncePerRequestFilter.doFilter(OncePerRequestFilter.java:116)
	at org.springframework.security.web.ObservationFilterChainDecorator$ObservationFilter.wrapFilter(ObservationFilterChainDecorator.java:240)
	at org.springframework.security.web.ObservationFilterChainDecorator$ObservationFilter.doFilter(ObservationFilterChainDecorator.java:227)
	at org.springframework.security.web.ObservationFilterChainDecorator$VirtualFilterChain.doFilter(ObservationFilterChainDecorator.java:137)
	at org.springframework.security.web.context.SecurityContextHolderFilter.doFilter(SecurityContextHolderFilter.java:82)
	at org.springframework.security.web.context.SecurityContextHolderFilter.doFilter(SecurityContextHolderFilter.java:69)
	at org.springframework.security.web.ObservationFilterChainDecorator$ObservationFilter.wrapFilter(ObservationFilterChainDecorator.java:240)
	at org.springframework.security.web.ObservationFilterChainDecorator$ObservationFilter.doFilter(ObservationFilterChainDecorator.java:227)
	at org.springframework.security.web.ObservationFilterChainDecorator$VirtualFilterChain.doFilter(ObservationFilterChainDecorator.java:137)
	at org.springframework.security.web.context.request.async.WebAsyncManagerIntegrationFilter.doFilterInternal(WebAsyncManagerIntegrationFilter.java:62)
	at org.springframework.web.filter.OncePerRequestFilter.doFilter(OncePerRequestFilter.java:116)
	at org.springframework.security.web.ObservationFilterChainDecorator$ObservationFilter.wrapFilter(ObservationFilterChainDecorator.java:240)
	at org.springframework.security.web.ObservationFilterChainDecorator$ObservationFilter.doFilter(ObservationFilterChainDecorator.java:227)
	at org.springframework.security.web.ObservationFilterChainDecorator$VirtualFilterChain.doFilter(ObservationFilterChainDecorator.java:137)
	at org.springframework.security.web.session.DisableEncodeUrlFilter.doFilterInternal(DisableEncodeUrlFilter.java:42)
	at org.springframework.web.filter.OncePerRequestFilter.doFilter(OncePerRequestFilter.java:116)
	at org.springframework.security.web.ObservationFilterChainDecorator$ObservationFilter.wrapFilter(ObservationFilterChainDecorator.java:240)
	at org.springframework.security.web.ObservationFilterChainDecorator$AroundFilterObservation$SimpleAroundFilterObservation.lambda$wrap$0(ObservationFilterChainDecorator.java:323)
	at org.springframework.security.web.ObservationFilterChainDecorator$ObservationFilter.doFilter(ObservationFilterChainDecorator.java:224)
	at org.springframework.security.web.ObservationFilterChainDecorator$VirtualFilterChain.doFilter(ObservationFilterChainDecorator.java:137)
	at org.springframework.security.web.FilterChainProxy.doFilterInternal(FilterChainProxy.java:233)
	at org.springframework.security.web.FilterChainProxy.doFilter(FilterChainProxy.java:191)
	at org.springframework.web.filter.CompositeFilter$VirtualFilterChain.doFilter(CompositeFilter.java:113)
	at org.springframework.web.servlet.handler.HandlerMappingIntrospector.lambda$createCacheFilter$3(HandlerMappingIntrospector.java:243)
	at org.springframework.web.filter.CompositeFilter$VirtualFilterChain.doFilter(CompositeFilter.java:113)
	at org.springframework.web.filter.CompositeFilter.doFilter(CompositeFilter.java:74)
	at org.springframework.security.config.annotation.web.configuration.WebMvcSecurityConfiguration$CompositeFilterChainProxy.doFilter(WebMvcSecurityConfiguration.java:238)
	at org.springframework.web.filter.DelegatingFilterProxy.invokeDelegate(DelegatingFilterProxy.java:362)
	at org.springframework.web.filter.DelegatingFilterProxy.doFilter(DelegatingFilterProxy.java:278)
	at org.apache.catalina.core.ApplicationFilterChain.internalDoFilter(ApplicationFilterChain.java:164)
	at org.apache.catalina.core.ApplicationFilterChain.doFilter(ApplicationFilterChain.java:140)
	at org.springframework.web.filter.RequestContextFilter.doFilterInternal(RequestContextFilter.java:100)
	at org.springframework.web.filter.OncePerRequestFilter.doFilter(OncePerRequestFilter.java:116)
	at org.apache.catalina.core.ApplicationFilterChain.internalDoFilter(ApplicationFilterChain.java:164)
	at org.apache.catalina.core.ApplicationFilterChain.doFilter(ApplicationFilterChain.java:140)
	at org.springframework.web.filter.FormContentFilter.doFilterInternal(FormContentFilter.java:93)
	at org.springframework.web.filter.OncePerRequestFilter.doFilter(OncePerRequestFilter.java:116)
	at org.apache.catalina.core.ApplicationFilterChain.internalDoFilter(ApplicationFilterChain.java:164)
	at org.apache.catalina.core.ApplicationFilterChain.doFilter(ApplicationFilterChain.java:140)
	at org.springframework.web.filter.ServerHttpObservationFilter.doFilterInternal(ServerHttpObservationFilter.java:114)
	at org.springframework.web.filter.OncePerRequestFilter.doFilter(OncePerRequestFilter.java:116)
	at org.apache.catalina.core.ApplicationFilterChain.internalDoFilter(ApplicationFilterChain.java:164)
	at org.apache.catalina.core.ApplicationFilterChain.doFilter(ApplicationFilterChain.java:140)
	at org.springframework.web.filter.CharacterEncodingFilter.doFilterInternal(CharacterEncodingFilter.java:201)
	at org.springframework.web.filter.OncePerRequestFilter.doFilter(OncePerRequestFilter.java:116)
	at org.apache.catalina.core.ApplicationFilterChain.internalDoFilter(ApplicationFilterChain.java:164)
	at org.apache.catalina.core.ApplicationFilterChain.doFilter(ApplicationFilterChain.java:140)
	at org.apache.catalina.core.StandardWrapperValve.invoke(StandardWrapperValve.java:167)
	at org.apache.catalina.core.StandardContextValve.invoke(StandardContextValve.java:90)
	at org.apache.catalina.authenticator.AuthenticatorBase.invoke(AuthenticatorBase.java:483)
	at org.apache.catalina.core.StandardHostValve.invoke(StandardHostValve.java:115)
	at org.apache.catalina.valves.ErrorReportValve.invoke(ErrorReportValve.java:93)
	at org.apache.catalina.core.StandardEngineValve.invoke(StandardEngineValve.java:74)
	at org.apache.catalina.connector.CoyoteAdapter.service(CoyoteAdapter.java:344)
	at org.apache.coyote.http11.Http11Processor.service(Http11Processor.java:397)
	at org.apache.coyote.AbstractProcessorLight.process(AbstractProcessorLight.java:63)
	at org.apache.coyote.AbstractProtocol$ConnectionHandler.process(AbstractProtocol.java:905)
	at org.apache.tomcat.util.net.NioEndpoint$SocketProcessor.doRun(NioEndpoint.java:1741)
	at org.apache.tomcat.util.net.SocketProcessorBase.run(SocketProcessorBase.java:52)
	at org.apache.tomcat.util.threads.ThreadPoolExecutor.runWorker(ThreadPoolExecutor.java:1190)
	at org.apache.tomcat.util.threads.ThreadPoolExecutor$Worker.run(ThreadPoolExecutor.java:659)
	at org.apache.tomcat.util.threads.TaskThread$WrappingRunnable.run(TaskThread.java:63)
	at java.base/java.lang.Thread.run(Thread.java:1583)
2026-02-27 17:07:31 [http-nio-8081-exec-8] ERROR c.u.l.m.e.GlobalExceptionHandler - 서버 내부 오류 발생
org.springframework.http.converter.HttpMessageNotReadableException: JSON parse error: Invalid UTF-8 middle byte 0xd7
	at org.springframework.http.converter.json.AbstractJackson2HttpMessageConverter.readJavaType(AbstractJackson2HttpMessageConverter.java:409)
	at org.springframework.http.converter.json.AbstractJackson2HttpMessageConverter.read(AbstractJackson2HttpMessageConverter.java:357)
	at org.springframework.web.servlet.mvc.method.annotation.AbstractMessageConverterMethodArgumentResolver.readWithMessageConverters(AbstractMessageConverterMethodArgumentResolver.java:204)
	at org.springframework.web.servlet.mvc.method.annotation.RequestResponseBodyMethodProcessor.readWithMessageConverters(RequestResponseBodyMethodProcessor.java:176)
	at org.springframework.web.servlet.mvc.method.annotation.RequestResponseBodyMethodProcessor.resolveArgument(RequestResponseBodyMethodProcessor.java:150)
	at org.springframework.web.method.support.HandlerMethodArgumentResolverComposite.resolveArgument(HandlerMethodArgumentResolverComposite.java:122)
	at org.springframework.web.method.support.InvocableHandlerMethod.getMethodArgumentValues(InvocableHandlerMethod.java:226)
	at org.springframework.web.method.support.InvocableHandlerMethod.invokeForRequest(InvocableHandlerMethod.java:180)
	at org.springframework.web.servlet.mvc.method.annotation.ServletInvocableHandlerMethod.invokeAndHandle(ServletInvocableHandlerMethod.java:118)
	at org.springframework.web.servlet.mvc.method.annotation.RequestMappingHandlerAdapter.invokeHandlerMethod(RequestMappingHandlerAdapter.java:986)
	at org.springframework.web.servlet.mvc.method.annotation.RequestMappingHandlerAdapter.handleInternal(RequestMappingHandlerAdapter.java:891)
	at org.springframework.web.servlet.mvc.method.AbstractHandlerMethodAdapter.handle(AbstractHandlerMethodAdapter.java:87)
	at org.springframework.web.servlet.DispatcherServlet.doDispatch(DispatcherServlet.java:1088)
	at org.springframework.web.servlet.DispatcherServlet.doService(DispatcherServlet.java:978)
	at org.springframework.web.servlet.FrameworkServlet.processRequest(FrameworkServlet.java:1014)
	at org.springframework.web.servlet.FrameworkServlet.doPost(FrameworkServlet.java:914)
	at jakarta.servlet.http.HttpServlet.service(HttpServlet.java:590)
	at org.springframework.web.servlet.FrameworkServlet.service(FrameworkServlet.java:885)
	at jakarta.servlet.http.HttpServlet.service(HttpServlet.java:658)
	at org.apache.catalina.core.ApplicationFilterChain.internalDoFilter(ApplicationFilterChain.java:195)
	at org.apache.catalina.core.ApplicationFilterChain.doFilter(ApplicationFilterChain.java:140)
	at org.apache.tomcat.websocket.server.WsFilter.doFilter(WsFilter.java:51)
	at org.apache.catalina.core.ApplicationFilterChain.internalDoFilter(ApplicationFilterChain.java:164)
	at org.apache.catalina.core.ApplicationFilterChain.doFilter(ApplicationFilterChain.java:140)
	at org.springframework.web.filter.CompositeFilter$VirtualFilterChain.doFilter(CompositeFilter.java:108)
	at org.springframework.security.web.FilterChainProxy.lambda$doFilterInternal$3(FilterChainProxy.java:231)
	at org.springframework.security.web.ObservationFilterChainDecorator$FilterObservation$SimpleFilterObservation.lambda$wrap$1(ObservationFilterChainDecorator.java:479)
	at org.springframework.security.web.ObservationFilterChainDecorator$AroundFilterObservation$SimpleAroundFilterObservation.lambda$wrap$1(ObservationFilterChainDecorator.java:340)
	at org.springframework.security.web.ObservationFilterChainDecorator.lambda$wrapSecured$0(ObservationFilterChainDecorator.java:82)
	at org.springframework.security.web.ObservationFilterChainDecorator$VirtualFilterChain.doFilter(ObservationFilterChainDecorator.java:128)
	at org.springframework.security.web.access.intercept.AuthorizationFilter.doFilter(AuthorizationFilter.java:101)
	at org.springframework.security.web.ObservationFilterChainDecorator$ObservationFilter.wrapFilter(ObservationFilterChainDecorator.java:240)
	at org.springframework.security.web.ObservationFilterChainDecorator$ObservationFilter.doFilter(ObservationFilterChainDecorator.java:227)
	at org.springframework.security.web.ObservationFilterChainDecorator$VirtualFilterChain.doFilter(ObservationFilterChainDecorator.java:137)
	at org.springframework.security.web.access.ExceptionTranslationFilter.doFilter(ExceptionTranslationFilter.java:126)
	at org.springframework.security.web.access.ExceptionTranslationFilter.doFilter(ExceptionTranslationFilter.java:120)
	at org.springframework.security.web.ObservationFilterChainDecorator$ObservationFilter.wrapFilter(ObservationFilterChainDecorator.java:240)
	at org.springframework.security.web.ObservationFilterChainDecorator$ObservationFilter.doFilter(ObservationFilterChainDecorator.java:227)
	at org.springframework.security.web.ObservationFilterChainDecorator$VirtualFilterChain.doFilter(ObservationFilterChainDecorator.java:137)
	at org.springframework.security.web.session.SessionManagementFilter.doFilter(SessionManagementFilter.java:131)
	at org.springframework.security.web.session.SessionManagementFilter.doFilter(SessionManagementFilter.java:85)
	at org.springframework.security.web.ObservationFilterChainDecorator$ObservationFilter.wrapFilter(ObservationFilterChainDecorator.java:240)
	at org.springframework.security.web.ObservationFilterChainDecorator$ObservationFilter.doFilter(ObservationFilterChainDecorator.java:227)
	at org.springframework.security.web.ObservationFilterChainDecorator$VirtualFilterChain.doFilter(ObservationFilterChainDecorator.java:137)
	at org.springframework.security.web.authentication.AnonymousAuthenticationFilter.doFilter(AnonymousAuthenticationFilter.java:100)
	at org.springframework.security.web.ObservationFilterChainDecorator$ObservationFilter.wrapFilter(ObservationFilterChainDecorator.java:240)
	at org.springframework.security.web.ObservationFilterChainDecorator$ObservationFilter.doFilter(ObservationFilterChainDecorator.java:227)
	at org.springframework.security.web.ObservationFilterChainDecorator$VirtualFilterChain.doFilter(ObservationFilterChainDecorator.java:137)
	at org.springframework.security.web.servletapi.SecurityContextHolderAwareRequestFilter.doFilter(SecurityContextHolderAwareRequestFilter.java:179)
	at org.springframework.security.web.ObservationFilterChainDecorator$ObservationFilter.wrapFilter(ObservationFilterChainDecorator.java:240)
	at org.springframework.security.web.ObservationFilterChainDecorator$ObservationFilter.doFilter(ObservationFilterChainDecorator.java:227)
	at org.springframework.security.web.ObservationFilterChainDecorator$VirtualFilterChain.doFilter(ObservationFilterChainDecorator.java:137)
	at org.springframework.security.web.savedrequest.RequestCacheAwareFilter.doFilter(RequestCacheAwareFilter.java:63)
	at org.springframework.security.web.ObservationFilterChainDecorator$ObservationFilter.wrapFilter(ObservationFilterChainDecorator.java:240)
	at org.springframework.security.web.ObservationFilterChainDecorator$ObservationFilter.doFilter(ObservationFilterChainDecorator.java:227)
	at org.springframework.security.web.ObservationFilterChainDecorator$VirtualFilterChain.doFilter(ObservationFilterChainDecorator.java:137)
	at com.unicorn.lunchpick.member.config.jwt.JwtAuthenticationFilter.doFilterInternal(JwtAuthenticationFilter.java:91)
	at org.springframework.web.filter.OncePerRequestFilter.doFilter(OncePerRequestFilter.java:116)
	at org.springframework.security.web.ObservationFilterChainDecorator$ObservationFilter.wrapFilter(ObservationFilterChainDecorator.java:240)
	at org.springframework.security.web.ObservationFilterChainDecorator$ObservationFilter.doFilter(ObservationFilterChainDecorator.java:227)
	at org.springframework.security.web.ObservationFilterChainDecorator$VirtualFilterChain.doFilter(ObservationFilterChainDecorator.java:137)
	at org.springframework.security.web.authentication.logout.LogoutFilter.doFilter(LogoutFilter.java:107)
	at org.springframework.security.web.authentication.logout.LogoutFilter.doFilter(LogoutFilter.java:93)
	at org.springframework.security.web.ObservationFilterChainDecorator$ObservationFilter.wrapFilter(ObservationFilterChainDecorator.java:240)
	at org.springframework.security.web.ObservationFilterChainDecorator$ObservationFilter.doFilter(ObservationFilterChainDecorator.java:227)
	at org.springframework.security.web.ObservationFilterChainDecorator$VirtualFilterChain.doFilter(ObservationFilterChainDecorator.java:137)
	at org.springframework.web.filter.CorsFilter.doFilterInternal(CorsFilter.java:91)
	at org.springframework.web.filter.OncePerRequestFilter.doFilter(OncePerRequestFilter.java:116)
	at org.springframework.security.web.ObservationFilterChainDecorator$ObservationFilter.wrapFilter(ObservationFilterChainDecorator.java:240)
	at org.springframework.security.web.ObservationFilterChainDecorator$ObservationFilter.doFilter(ObservationFilterChainDecorator.java:227)
	at org.springframework.security.web.ObservationFilterChainDecorator$VirtualFilterChain.doFilter(ObservationFilterChainDecorator.java:137)
	at org.springframework.security.web.header.HeaderWriterFilter.doHeadersAfter(HeaderWriterFilter.java:90)
	at org.springframework.security.web.header.HeaderWriterFilter.doFilterInternal(HeaderWriterFilter.java:75)
	at org.springframework.web.filter.OncePerRequestFilter.doFilter(OncePerRequestFilter.java:116)
	at org.springframework.security.web.ObservationFilterChainDecorator$ObservationFilter.wrapFilter(ObservationFilterChainDecorator.java:240)
	at org.springframework.security.web.ObservationFilterChainDecorator$ObservationFilter.doFilter(ObservationFilterChainDecorator.java:227)
	at org.springframework.security.web.ObservationFilterChainDecorator$VirtualFilterChain.doFilter(ObservationFilterChainDecorator.java:137)
	at org.springframework.security.web.context.SecurityContextHolderFilter.doFilter(SecurityContextHolderFilter.java:82)
	at org.springframework.security.web.context.SecurityContextHolderFilter.doFilter(SecurityContextHolderFilter.java:69)
	at org.springframework.security.web.ObservationFilterChainDecorator$ObservationFilter.wrapFilter(ObservationFilterChainDecorator.java:240)
	at org.springframework.security.web.ObservationFilterChainDecorator$ObservationFilter.doFilter(ObservationFilterChainDecorator.java:227)
	at org.springframework.security.web.ObservationFilterChainDecorator$VirtualFilterChain.doFilter(ObservationFilterChainDecorator.java:137)
	at org.springframework.security.web.context.request.async.WebAsyncManagerIntegrationFilter.doFilterInternal(WebAsyncManagerIntegrationFilter.java:62)
	at org.springframework.web.filter.OncePerRequestFilter.doFilter(OncePerRequestFilter.java:116)
	at org.springframework.security.web.ObservationFilterChainDecorator$ObservationFilter.wrapFilter(ObservationFilterChainDecorator.java:240)
	at org.springframework.security.web.ObservationFilterChainDecorator$ObservationFilter.doFilter(ObservationFilterChainDecorator.java:227)
	at org.springframework.security.web.ObservationFilterChainDecorator$VirtualFilterChain.doFilter(ObservationFilterChainDecorator.java:137)
	at org.springframework.security.web.session.DisableEncodeUrlFilter.doFilterInternal(DisableEncodeUrlFilter.java:42)
	at org.springframework.web.filter.OncePerRequestFilter.doFilter(OncePerRequestFilter.java:116)
	at org.springframework.security.web.ObservationFilterChainDecorator$ObservationFilter.wrapFilter(ObservationFilterChainDecorator.java:240)
	at org.springframework.security.web.ObservationFilterChainDecorator$AroundFilterObservation$SimpleAroundFilterObservation.lambda$wrap$0(ObservationFilterChainDecorator.java:323)
	at org.springframework.security.web.ObservationFilterChainDecorator$ObservationFilter.doFilter(ObservationFilterChainDecorator.java:224)
	at org.springframework.security.web.ObservationFilterChainDecorator$VirtualFilterChain.doFilter(ObservationFilterChainDecorator.java:137)
	at org.springframework.security.web.FilterChainProxy.doFilterInternal(FilterChainProxy.java:233)
	at org.springframework.security.web.FilterChainProxy.doFilter(FilterChainProxy.java:191)
	at org.springframework.web.filter.CompositeFilter$VirtualFilterChain.doFilter(CompositeFilter.java:113)
	at org.springframework.web.servlet.handler.HandlerMappingIntrospector.lambda$createCacheFilter$3(HandlerMappingIntrospector.java:243)
	at org.springframework.web.filter.CompositeFilter$VirtualFilterChain.doFilter(CompositeFilter.java:113)
	at org.springframework.web.filter.CompositeFilter.doFilter(CompositeFilter.java:74)
	at org.springframework.security.config.annotation.web.configuration.WebMvcSecurityConfiguration$CompositeFilterChainProxy.doFilter(WebMvcSecurityConfiguration.java:238)
	at org.springframework.web.filter.DelegatingFilterProxy.invokeDelegate(DelegatingFilterProxy.java:362)
	at org.springframework.web.filter.DelegatingFilterProxy.doFilter(DelegatingFilterProxy.java:278)
	at org.apache.catalina.core.ApplicationFilterChain.internalDoFilter(ApplicationFilterChain.java:164)
	at org.apache.catalina.core.ApplicationFilterChain.doFilter(ApplicationFilterChain.java:140)
	at org.springframework.web.filter.RequestContextFilter.doFilterInternal(RequestContextFilter.java:100)
	at org.springframework.web.filter.OncePerRequestFilter.doFilter(OncePerRequestFilter.java:116)
	at org.apache.catalina.core.ApplicationFilterChain.internalDoFilter(ApplicationFilterChain.java:164)
	at org.apache.catalina.core.ApplicationFilterChain.doFilter(ApplicationFilterChain.java:140)
	at org.springframework.web.filter.FormContentFilter.doFilterInternal(FormContentFilter.java:93)
	at org.springframework.web.filter.OncePerRequestFilter.doFilter(OncePerRequestFilter.java:116)
	at org.apache.catalina.core.ApplicationFilterChain.internalDoFilter(ApplicationFilterChain.java:164)
	at org.apache.catalina.core.ApplicationFilterChain.doFilter(ApplicationFilterChain.java:140)
	at org.springframework.web.filter.ServerHttpObservationFilter.doFilterInternal(ServerHttpObservationFilter.java:114)
	at org.springframework.web.filter.OncePerRequestFilter.doFilter(OncePerRequestFilter.java:116)
	at org.apache.catalina.core.ApplicationFilterChain.internalDoFilter(ApplicationFilterChain.java:164)
	at org.apache.catalina.core.ApplicationFilterChain.doFilter(ApplicationFilterChain.java:140)
	at org.springframework.web.filter.CharacterEncodingFilter.doFilterInternal(CharacterEncodingFilter.java:201)
	at org.springframework.web.filter.OncePerRequestFilter.doFilter(OncePerRequestFilter.java:116)
	at org.apache.catalina.core.ApplicationFilterChain.internalDoFilter(ApplicationFilterChain.java:164)
	at org.apache.catalina.core.ApplicationFilterChain.doFilter(ApplicationFilterChain.java:140)
	at org.apache.catalina.core.StandardWrapperValve.invoke(StandardWrapperValve.java:167)
	at org.apache.catalina.core.StandardContextValve.invoke(StandardContextValve.java:90)
	at org.apache.catalina.authenticator.AuthenticatorBase.invoke(AuthenticatorBase.java:483)
	at org.apache.catalina.core.StandardHostValve.invoke(StandardHostValve.java:115)
	at org.apache.catalina.valves.ErrorReportValve.invoke(ErrorReportValve.java:93)
	at org.apache.catalina.core.StandardEngineValve.invoke(StandardEngineValve.java:74)
	at org.apache.catalina.connector.CoyoteAdapter.service(CoyoteAdapter.java:344)
	at org.apache.coyote.http11.Http11Processor.service(Http11Processor.java:397)
	at org.apache.coyote.AbstractProcessorLight.process(AbstractProcessorLight.java:63)
	at org.apache.coyote.AbstractProtocol$ConnectionHandler.process(AbstractProtocol.java:905)
	at org.apache.tomcat.util.net.NioEndpoint$SocketProcessor.doRun(NioEndpoint.java:1741)
	at org.apache.tomcat.util.net.SocketProcessorBase.run(SocketProcessorBase.java:52)
	at org.apache.tomcat.util.threads.ThreadPoolExecutor.runWorker(ThreadPoolExecutor.java:1190)
	at org.apache.tomcat.util.threads.ThreadPoolExecutor$Worker.run(ThreadPoolExecutor.java:659)
	at org.apache.tomcat.util.threads.TaskThread$WrappingRunnable.run(TaskThread.java:63)
	at java.base/java.lang.Thread.run(Thread.java:1583)
Caused by: com.fasterxml.jackson.core.JsonParseException: Invalid UTF-8 middle byte 0xd7
 at [Source: REDACTED (`StreamReadFeature.INCLUDE_SOURCE_IN_LOCATION` disabled); line: 1, column: 16]
	at com.fasterxml.jackson.core.JsonParser._constructError(JsonParser.java:2584)
	at com.fasterxml.jackson.core.JsonParser._constructReadException(JsonParser.java:2610)
	at com.fasterxml.jackson.core.base.ParserMinimalBase._reportError(ParserMinimalBase.java:815)
	at com.fasterxml.jackson.core.json.UTF8StreamJsonParser._reportInvalidOther(UTF8StreamJsonParser.java:3679)
	at com.fasterxml.jackson.core.json.UTF8StreamJsonParser._reportInvalidOther(UTF8StreamJsonParser.java:3686)
	at com.fasterxml.jackson.core.json.UTF8StreamJsonParser._decodeUtf8_2(UTF8StreamJsonParser.java:3460)
	at com.fasterxml.jackson.core.json.UTF8StreamJsonParser._finishString2(UTF8StreamJsonParser.java:2570)
	at com.fasterxml.jackson.core.json.UTF8StreamJsonParser._finishAndReturnString(UTF8StreamJsonParser.java:2520)
	at com.fasterxml.jackson.core.json.UTF8StreamJsonParser.getText(UTF8StreamJsonParser.java:294)
	at com.fasterxml.jackson.databind.deser.std.StringDeserializer.deserialize(StringDeserializer.java:42)
	at com.fasterxml.jackson.databind.deser.std.StringDeserializer.deserialize(StringDeserializer.java:11)
	at com.fasterxml.jackson.databind.deser.std.MapDeserializer._readAndBindStringKeyMap(MapDeserializer.java:623)
	at com.fasterxml.jackson.databind.deser.std.MapDeserializer.deserialize(MapDeserializer.java:449)
	at com.fasterxml.jackson.databind.deser.std.MapDeserializer.deserialize(MapDeserializer.java:32)
	at com.fasterxml.jackson.databind.deser.DefaultDeserializationContext.readRootValue(DefaultDeserializationContext.java:342)
	at com.fasterxml.jackson.databind.ObjectReader._bindAndClose(ObjectReader.java:2125)
	at com.fasterxml.jackson.databind.ObjectReader.readValue(ObjectReader.java:1501)
	at org.springframework.http.converter.json.AbstractJackson2HttpMessageConverter.readJavaType(AbstractJackson2HttpMessageConverter.java:398)
	... 135 common frames omitted
2026-02-27 17:07:41 [http-nio-8081-exec-9] DEBUG org.hibernate.SQL - 
    /* <criteria> */ select
        me1_0.id,
        me1_0.created_at,
        me1_0.email,
        me1_0.feedback_reminder,
        me1_0.kakao_id,
        me1_0.location_enabled,
        me1_0.member_id,
        me1_0.nickname,
        me1_0.onboarding_completed,
        me1_0.recommendation_alert,
        me1_0.updated_at 
    from
        lunchpick_member.member me1_0 
    where
        me1_0.nickname=?
2026-02-27 17:09:26 [http-nio-8081-exec-3] ERROR c.u.l.m.e.GlobalExceptionHandler - 서버 내부 오류 발생
org.springframework.http.converter.HttpMessageNotReadableException: JSON parse error: Invalid UTF-8 middle byte 0xd7
	at org.springframework.http.converter.json.AbstractJackson2HttpMessageConverter.readJavaType(AbstractJackson2HttpMessageConverter.java:409)
	at org.springframework.http.converter.json.AbstractJackson2HttpMessageConverter.read(AbstractJackson2HttpMessageConverter.java:357)
	at org.springframework.web.servlet.mvc.method.annotation.AbstractMessageConverterMethodArgumentResolver.readWithMessageConverters(AbstractMessageConverterMethodArgumentResolver.java:204)
	at org.springframework.web.servlet.mvc.method.annotation.RequestResponseBodyMethodProcessor.readWithMessageConverters(RequestResponseBodyMethodProcessor.java:176)
	at org.springframework.web.servlet.mvc.method.annotation.RequestResponseBodyMethodProcessor.resolveArgument(RequestResponseBodyMethodProcessor.java:150)
	at org.springframework.web.method.support.HandlerMethodArgumentResolverComposite.resolveArgument(HandlerMethodArgumentResolverComposite.java:122)
	at org.springframework.web.method.support.InvocableHandlerMethod.getMethodArgumentValues(InvocableHandlerMethod.java:226)
	at org.springframework.web.method.support.InvocableHandlerMethod.invokeForRequest(InvocableHandlerMethod.java:180)
	at org.springframework.web.servlet.mvc.method.annotation.ServletInvocableHandlerMethod.invokeAndHandle(ServletInvocableHandlerMethod.java:118)
	at org.springframework.web.servlet.mvc.method.annotation.RequestMappingHandlerAdapter.invokeHandlerMethod(RequestMappingHandlerAdapter.java:986)
	at org.springframework.web.servlet.mvc.method.annotation.RequestMappingHandlerAdapter.handleInternal(RequestMappingHandlerAdapter.java:891)
	at org.springframework.web.servlet.mvc.method.AbstractHandlerMethodAdapter.handle(AbstractHandlerMethodAdapter.java:87)
	at org.springframework.web.servlet.DispatcherServlet.doDispatch(DispatcherServlet.java:1088)
	at org.springframework.web.servlet.DispatcherServlet.doService(DispatcherServlet.java:978)
	at org.springframework.web.servlet.FrameworkServlet.processRequest(FrameworkServlet.java:1014)
	at org.springframework.web.servlet.FrameworkServlet.doPost(FrameworkServlet.java:914)
	at jakarta.servlet.http.HttpServlet.service(HttpServlet.java:590)
	at org.springframework.web.servlet.FrameworkServlet.service(FrameworkServlet.java:885)
	at jakarta.servlet.http.HttpServlet.service(HttpServlet.java:658)
	at org.apache.catalina.core.ApplicationFilterChain.internalDoFilter(ApplicationFilterChain.java:195)
	at org.apache.catalina.core.ApplicationFilterChain.doFilter(ApplicationFilterChain.java:140)
	at org.apache.tomcat.websocket.server.WsFilter.doFilter(WsFilter.java:51)
	at org.apache.catalina.core.ApplicationFilterChain.internalDoFilter(ApplicationFilterChain.java:164)
	at org.apache.catalina.core.ApplicationFilterChain.doFilter(ApplicationFilterChain.java:140)
	at org.springframework.web.filter.CompositeFilter$VirtualFilterChain.doFilter(CompositeFilter.java:108)
	at org.springframework.security.web.FilterChainProxy.lambda$doFilterInternal$3(FilterChainProxy.java:231)
	at org.springframework.security.web.ObservationFilterChainDecorator$FilterObservation$SimpleFilterObservation.lambda$wrap$1(ObservationFilterChainDecorator.java:479)
	at org.springframework.security.web.ObservationFilterChainDecorator$AroundFilterObservation$SimpleAroundFilterObservation.lambda$wrap$1(ObservationFilterChainDecorator.java:340)
	at org.springframework.security.web.ObservationFilterChainDecorator.lambda$wrapSecured$0(ObservationFilterChainDecorator.java:82)
	at org.springframework.security.web.ObservationFilterChainDecorator$VirtualFilterChain.doFilter(ObservationFilterChainDecorator.java:128)
	at org.springframework.security.web.access.intercept.AuthorizationFilter.doFilter(AuthorizationFilter.java:101)
	at org.springframework.security.web.ObservationFilterChainDecorator$ObservationFilter.wrapFilter(ObservationFilterChainDecorator.java:240)
	at org.springframework.security.web.ObservationFilterChainDecorator$ObservationFilter.doFilter(ObservationFilterChainDecorator.java:227)
	at org.springframework.security.web.ObservationFilterChainDecorator$VirtualFilterChain.doFilter(ObservationFilterChainDecorator.java:137)
	at org.springframework.security.web.access.ExceptionTranslationFilter.doFilter(ExceptionTranslationFilter.java:126)
	at org.springframework.security.web.access.ExceptionTranslationFilter.doFilter(ExceptionTranslationFilter.java:120)
	at org.springframework.security.web.ObservationFilterChainDecorator$ObservationFilter.wrapFilter(ObservationFilterChainDecorator.java:240)
	at org.springframework.security.web.ObservationFilterChainDecorator$ObservationFilter.doFilter(ObservationFilterChainDecorator.java:227)
	at org.springframework.security.web.ObservationFilterChainDecorator$VirtualFilterChain.doFilter(ObservationFilterChainDecorator.java:137)
	at org.springframework.security.web.session.SessionManagementFilter.doFilter(SessionManagementFilter.java:131)
	at org.springframework.security.web.session.SessionManagementFilter.doFilter(SessionManagementFilter.java:85)
	at org.springframework.security.web.ObservationFilterChainDecorator$ObservationFilter.wrapFilter(ObservationFilterChainDecorator.java:240)
	at org.springframework.security.web.ObservationFilterChainDecorator$ObservationFilter.doFilter(ObservationFilterChainDecorator.java:227)
	at org.springframework.security.web.ObservationFilterChainDecorator$VirtualFilterChain.doFilter(ObservationFilterChainDecorator.java:137)
	at org.springframework.security.web.authentication.AnonymousAuthenticationFilter.doFilter(AnonymousAuthenticationFilter.java:100)
	at org.springframework.security.web.ObservationFilterChainDecorator$ObservationFilter.wrapFilter(ObservationFilterChainDecorator.java:240)
	at org.springframework.security.web.ObservationFilterChainDecorator$ObservationFilter.doFilter(ObservationFilterChainDecorator.java:227)
	at org.springframework.security.web.ObservationFilterChainDecorator$VirtualFilterChain.doFilter(ObservationFilterChainDecorator.java:137)
	at org.springframework.security.web.servletapi.SecurityContextHolderAwareRequestFilter.doFilter(SecurityContextHolderAwareRequestFilter.java:179)
	at org.springframework.security.web.ObservationFilterChainDecorator$ObservationFilter.wrapFilter(ObservationFilterChainDecorator.java:240)
	at org.springframework.security.web.ObservationFilterChainDecorator$ObservationFilter.doFilter(ObservationFilterChainDecorator.java:227)
	at org.springframework.security.web.ObservationFilterChainDecorator$VirtualFilterChain.doFilter(ObservationFilterChainDecorator.java:137)
	at org.springframework.security.web.savedrequest.RequestCacheAwareFilter.doFilter(RequestCacheAwareFilter.java:63)
	at org.springframework.security.web.ObservationFilterChainDecorator$ObservationFilter.wrapFilter(ObservationFilterChainDecorator.java:240)
	at org.springframework.security.web.ObservationFilterChainDecorator$ObservationFilter.doFilter(ObservationFilterChainDecorator.java:227)
	at org.springframework.security.web.ObservationFilterChainDecorator$VirtualFilterChain.doFilter(ObservationFilterChainDecorator.java:137)
	at com.unicorn.lunchpick.member.config.jwt.JwtAuthenticationFilter.doFilterInternal(JwtAuthenticationFilter.java:91)
	at org.springframework.web.filter.OncePerRequestFilter.doFilter(OncePerRequestFilter.java:116)
	at org.springframework.security.web.ObservationFilterChainDecorator$ObservationFilter.wrapFilter(ObservationFilterChainDecorator.java:240)
	at org.springframework.security.web.ObservationFilterChainDecorator$ObservationFilter.doFilter(ObservationFilterChainDecorator.java:227)
	at org.springframework.security.web.ObservationFilterChainDecorator$VirtualFilterChain.doFilter(ObservationFilterChainDecorator.java:137)
	at org.springframework.security.web.authentication.logout.LogoutFilter.doFilter(LogoutFilter.java:107)
	at org.springframework.security.web.authentication.logout.LogoutFilter.doFilter(LogoutFilter.java:93)
	at org.springframework.security.web.ObservationFilterChainDecorator$ObservationFilter.wrapFilter(ObservationFilterChainDecorator.java:240)
	at org.springframework.security.web.ObservationFilterChainDecorator$ObservationFilter.doFilter(ObservationFilterChainDecorator.java:227)
	at org.springframework.security.web.ObservationFilterChainDecorator$VirtualFilterChain.doFilter(ObservationFilterChainDecorator.java:137)
	at org.springframework.web.filter.CorsFilter.doFilterInternal(CorsFilter.java:91)
	at org.springframework.web.filter.OncePerRequestFilter.doFilter(OncePerRequestFilter.java:116)
	at org.springframework.security.web.ObservationFilterChainDecorator$ObservationFilter.wrapFilter(ObservationFilterChainDecorator.java:240)
	at org.springframework.security.web.ObservationFilterChainDecorator$ObservationFilter.doFilter(ObservationFilterChainDecorator.java:227)
	at org.springframework.security.web.ObservationFilterChainDecorator$VirtualFilterChain.doFilter(ObservationFilterChainDecorator.java:137)
	at org.springframework.security.web.header.HeaderWriterFilter.doHeadersAfter(HeaderWriterFilter.java:90)
	at org.springframework.security.web.header.HeaderWriterFilter.doFilterInternal(HeaderWriterFilter.java:75)
	at org.springframework.web.filter.OncePerRequestFilter.doFilter(OncePerRequestFilter.java:116)
	at org.springframework.security.web.ObservationFilterChainDecorator$ObservationFilter.wrapFilter(ObservationFilterChainDecorator.java:240)
	at org.springframework.security.web.ObservationFilterChainDecorator$ObservationFilter.doFilter(ObservationFilterChainDecorator.java:227)
	at org.springframework.security.web.ObservationFilterChainDecorator$VirtualFilterChain.doFilter(ObservationFilterChainDecorator.java:137)
	at org.springframework.security.web.context.SecurityContextHolderFilter.doFilter(SecurityContextHolderFilter.java:82)
	at org.springframework.security.web.context.SecurityContextHolderFilter.doFilter(SecurityContextHolderFilter.java:69)
	at org.springframework.security.web.ObservationFilterChainDecorator$ObservationFilter.wrapFilter(ObservationFilterChainDecorator.java:240)
	at org.springframework.security.web.ObservationFilterChainDecorator$ObservationFilter.doFilter(ObservationFilterChainDecorator.java:227)
	at org.springframework.security.web.ObservationFilterChainDecorator$VirtualFilterChain.doFilter(ObservationFilterChainDecorator.java:137)
	at org.springframework.security.web.context.request.async.WebAsyncManagerIntegrationFilter.doFilterInternal(WebAsyncManagerIntegrationFilter.java:62)
	at org.springframework.web.filter.OncePerRequestFilter.doFilter(OncePerRequestFilter.java:116)
	at org.springframework.security.web.ObservationFilterChainDecorator$ObservationFilter.wrapFilter(ObservationFilterChainDecorator.java:240)
	at org.springframework.security.web.ObservationFilterChainDecorator$ObservationFilter.doFilter(ObservationFilterChainDecorator.java:227)
	at org.springframework.security.web.ObservationFilterChainDecorator$VirtualFilterChain.doFilter(ObservationFilterChainDecorator.java:137)
	at org.springframework.security.web.session.DisableEncodeUrlFilter.doFilterInternal(DisableEncodeUrlFilter.java:42)
	at org.springframework.web.filter.OncePerRequestFilter.doFilter(OncePerRequestFilter.java:116)
	at org.springframework.security.web.ObservationFilterChainDecorator$ObservationFilter.wrapFilter(ObservationFilterChainDecorator.java:240)
	at org.springframework.security.web.ObservationFilterChainDecorator$AroundFilterObservation$SimpleAroundFilterObservation.lambda$wrap$0(ObservationFilterChainDecorator.java:323)
	at org.springframework.security.web.ObservationFilterChainDecorator$ObservationFilter.doFilter(ObservationFilterChainDecorator.java:224)
	at org.springframework.security.web.ObservationFilterChainDecorator$VirtualFilterChain.doFilter(ObservationFilterChainDecorator.java:137)
	at org.springframework.security.web.FilterChainProxy.doFilterInternal(FilterChainProxy.java:233)
	at org.springframework.security.web.FilterChainProxy.doFilter(FilterChainProxy.java:191)
	at org.springframework.web.filter.CompositeFilter$VirtualFilterChain.doFilter(CompositeFilter.java:113)
	at org.springframework.web.servlet.handler.HandlerMappingIntrospector.lambda$createCacheFilter$3(HandlerMappingIntrospector.java:243)
	at org.springframework.web.filter.CompositeFilter$VirtualFilterChain.doFilter(CompositeFilter.java:113)
	at org.springframework.web.filter.CompositeFilter.doFilter(CompositeFilter.java:74)
	at org.springframework.security.config.annotation.web.configuration.WebMvcSecurityConfiguration$CompositeFilterChainProxy.doFilter(WebMvcSecurityConfiguration.java:238)
	at org.springframework.web.filter.DelegatingFilterProxy.invokeDelegate(DelegatingFilterProxy.java:362)
	at org.springframework.web.filter.DelegatingFilterProxy.doFilter(DelegatingFilterProxy.java:278)
	at org.apache.catalina.core.ApplicationFilterChain.internalDoFilter(ApplicationFilterChain.java:164)
	at org.apache.catalina.core.ApplicationFilterChain.doFilter(ApplicationFilterChain.java:140)
	at org.springframework.web.filter.RequestContextFilter.doFilterInternal(RequestContextFilter.java:100)
	at org.springframework.web.filter.OncePerRequestFilter.doFilter(OncePerRequestFilter.java:116)
	at org.apache.catalina.core.ApplicationFilterChain.internalDoFilter(ApplicationFilterChain.java:164)
	at org.apache.catalina.core.ApplicationFilterChain.doFilter(ApplicationFilterChain.java:140)
	at org.springframework.web.filter.FormContentFilter.doFilterInternal(FormContentFilter.java:93)
	at org.springframework.web.filter.OncePerRequestFilter.doFilter(OncePerRequestFilter.java:116)
	at org.apache.catalina.core.ApplicationFilterChain.internalDoFilter(ApplicationFilterChain.java:164)
	at org.apache.catalina.core.ApplicationFilterChain.doFilter(ApplicationFilterChain.java:140)
	at org.springframework.web.filter.ServerHttpObservationFilter.doFilterInternal(ServerHttpObservationFilter.java:114)
	at org.springframework.web.filter.OncePerRequestFilter.doFilter(OncePerRequestFilter.java:116)
	at org.apache.catalina.core.ApplicationFilterChain.internalDoFilter(ApplicationFilterChain.java:164)
	at org.apache.catalina.core.ApplicationFilterChain.doFilter(ApplicationFilterChain.java:140)
	at org.springframework.web.filter.CharacterEncodingFilter.doFilterInternal(CharacterEncodingFilter.java:201)
	at org.springframework.web.filter.OncePerRequestFilter.doFilter(OncePerRequestFilter.java:116)
	at org.apache.catalina.core.ApplicationFilterChain.internalDoFilter(ApplicationFilterChain.java:164)
	at org.apache.catalina.core.ApplicationFilterChain.doFilter(ApplicationFilterChain.java:140)
	at org.apache.catalina.core.StandardWrapperValve.invoke(StandardWrapperValve.java:167)
	at org.apache.catalina.core.StandardContextValve.invoke(StandardContextValve.java:90)
	at org.apache.catalina.authenticator.AuthenticatorBase.invoke(AuthenticatorBase.java:483)
	at org.apache.catalina.core.StandardHostValve.invoke(StandardHostValve.java:115)
	at org.apache.catalina.valves.ErrorReportValve.invoke(ErrorReportValve.java:93)
	at org.apache.catalina.core.StandardEngineValve.invoke(StandardEngineValve.java:74)
	at org.apache.catalina.connector.CoyoteAdapter.service(CoyoteAdapter.java:344)
	at org.apache.coyote.http11.Http11Processor.service(Http11Processor.java:397)
	at org.apache.coyote.AbstractProcessorLight.process(AbstractProcessorLight.java:63)
	at org.apache.coyote.AbstractProtocol$ConnectionHandler.process(AbstractProtocol.java:905)
	at org.apache.tomcat.util.net.NioEndpoint$SocketProcessor.doRun(NioEndpoint.java:1741)
	at org.apache.tomcat.util.net.SocketProcessorBase.run(SocketProcessorBase.java:52)
	at org.apache.tomcat.util.threads.ThreadPoolExecutor.runWorker(ThreadPoolExecutor.java:1190)
	at org.apache.tomcat.util.threads.ThreadPoolExecutor$Worker.run(ThreadPoolExecutor.java:659)
	at org.apache.tomcat.util.threads.TaskThread$WrappingRunnable.run(TaskThread.java:63)
	at java.base/java.lang.Thread.run(Thread.java:1583)
Caused by: com.fasterxml.jackson.core.JsonParseException: Invalid UTF-8 middle byte 0xd7
 at [Source: REDACTED (`StreamReadFeature.INCLUDE_SOURCE_IN_LOCATION` disabled); line: 1, column: 16]
	at com.fasterxml.jackson.core.JsonParser._constructError(JsonParser.java:2584)
	at com.fasterxml.jackson.core.JsonParser._constructReadException(JsonParser.java:2610)
	at com.fasterxml.jackson.core.base.ParserMinimalBase._reportError(ParserMinimalBase.java:815)
	at com.fasterxml.jackson.core.json.UTF8StreamJsonParser._reportInvalidOther(UTF8StreamJsonParser.java:3679)
	at com.fasterxml.jackson.core.json.UTF8StreamJsonParser._reportInvalidOther(UTF8StreamJsonParser.java:3686)
	at com.fasterxml.jackson.core.json.UTF8StreamJsonParser._decodeUtf8_2(UTF8StreamJsonParser.java:3460)
	at com.fasterxml.jackson.core.json.UTF8StreamJsonParser._finishString2(UTF8StreamJsonParser.java:2570)
	at com.fasterxml.jackson.core.json.UTF8StreamJsonParser._finishAndReturnString(UTF8StreamJsonParser.java:2520)
	at com.fasterxml.jackson.core.json.UTF8StreamJsonParser.getText(UTF8StreamJsonParser.java:294)
	at com.fasterxml.jackson.databind.deser.std.StringDeserializer.deserialize(StringDeserializer.java:42)
	at com.fasterxml.jackson.databind.deser.std.StringDeserializer.deserialize(StringDeserializer.java:11)
	at com.fasterxml.jackson.databind.deser.std.MapDeserializer._readAndBindStringKeyMap(MapDeserializer.java:623)
	at com.fasterxml.jackson.databind.deser.std.MapDeserializer.deserialize(MapDeserializer.java:449)
	at com.fasterxml.jackson.databind.deser.std.MapDeserializer.deserialize(MapDeserializer.java:32)
	at com.fasterxml.jackson.databind.deser.DefaultDeserializationContext.readRootValue(DefaultDeserializationContext.java:342)
	at com.fasterxml.jackson.databind.ObjectReader._bindAndClose(ObjectReader.java:2125)
	at com.fasterxml.jackson.databind.ObjectReader.readValue(ObjectReader.java:1501)
	at org.springframework.http.converter.json.AbstractJackson2HttpMessageConverter.readJavaType(AbstractJackson2HttpMessageConverter.java:398)
	... 135 common frames omitted
2026-02-27 17:09:49 [http-nio-8081-exec-4] DEBUG org.hibernate.SQL - 
    /* <criteria> */ select
        me1_0.id,
        me1_0.created_at,
        me1_0.email,
        me1_0.feedback_reminder,
        me1_0.kakao_id,
        me1_0.location_enabled,
        me1_0.member_id,
        me1_0.nickname,
        me1_0.onboarding_completed,
        me1_0.recommendation_alert,
        me1_0.updated_at 
    from
        lunchpick_member.member me1_0 
    where
        me1_0.nickname=?
2026-02-27 17:14:22 [http-nio-8081-exec-7] DEBUG c.u.l.m.c.j.JwtAuthenticationFilter - JWT 인증 완료 — memberId: 04a0c32a-8c35-4ce5-aed0-08a99077fb94
2026-02-27 17:14:22 [http-nio-8081-exec-7] DEBUG org.hibernate.SQL - 
    /* <criteria> */ select
        me1_0.id,
        me1_0.created_at,
        me1_0.email,
        me1_0.feedback_reminder,
        me1_0.kakao_id,
        me1_0.location_enabled,
        me1_0.member_id,
        me1_0.nickname,
        me1_0.onboarding_completed,
        me1_0.recommendation_alert,
        me1_0.updated_at 
    from
        lunchpick_member.member me1_0 
    where
        me1_0.member_id=?
2026-02-27 17:17:06 [http-nio-8081-exec-10] DEBUG c.u.l.m.c.j.JwtAuthenticationFilter - JWT 인증 완료 — memberId: 04a0c32a-8c35-4ce5-aed0-08a99077fb94
2026-02-27 17:17:06 [http-nio-8081-exec-10] DEBUG org.hibernate.SQL - 
    /* <criteria> */ select
        me1_0.id,
        me1_0.created_at,
        me1_0.email,
        me1_0.feedback_reminder,
        me1_0.kakao_id,
        me1_0.location_enabled,
        me1_0.member_id,
        me1_0.nickname,
        me1_0.onboarding_completed,
        me1_0.recommendation_alert,
        me1_0.updated_at 
    from
        lunchpick_member.member me1_0 
    where
        me1_0.member_id=?
2026-02-27 17:17:06 [http-nio-8081-exec-10] DEBUG org.hibernate.SQL - 
    /* <criteria> */ select
        dre1_0.id,
        dre1_0.allergens,
        dre1_0.custom_allergens,
        dre1_0.diet_type,
        dre1_0.health_info_consent_given,
        dre1_0.member_id,
        dre1_0.updated_at 
    from
        lunchpick_member.dietary_restriction dre1_0 
    where
        dre1_0.member_id=?
2026-02-27 17:20:40 [http-nio-8081-exec-2] DEBUG org.hibernate.SQL - 
    /* <criteria> */ select
        me1_0.id,
        me1_0.created_at,
        me1_0.email,
        me1_0.feedback_reminder,
        me1_0.kakao_id,
        me1_0.location_enabled,
        me1_0.member_id,
        me1_0.nickname,
        me1_0.onboarding_completed,
        me1_0.recommendation_alert,
        me1_0.updated_at 
    from
        lunchpick_member.member me1_0 
    where
        me1_0.nickname=?
2026-02-27 17:20:47 [http-nio-8081-exec-4] DEBUG org.hibernate.SQL - 
    /* <criteria> */ select
        me1_0.id,
        me1_0.created_at,
        me1_0.email,
        me1_0.feedback_reminder,
        me1_0.kakao_id,
        me1_0.location_enabled,
        me1_0.member_id,
        me1_0.nickname,
        me1_0.onboarding_completed,
        me1_0.recommendation_alert,
        me1_0.updated_at 
    from
        lunchpick_member.member me1_0 
    where
        me1_0.nickname=?
2026-02-27 17:20:50 [http-nio-8081-exec-6] DEBUG c.u.l.m.c.j.JwtAuthenticationFilter - JWT 인증 완료 — memberId: 04a0c32a-8c35-4ce5-aed0-08a99077fb94
2026-02-27 17:20:50 [http-nio-8081-exec-6] DEBUG c.u.l.m.s.impl.OnboardingServiceImpl - 온보딩 진행 상태 저장 — memberId: 04a0c32a-8c35-4ce5-aed0-08a99077fb94, count: 3
2026-02-27 17:20:52 [http-nio-8081-exec-7] DEBUG c.u.l.m.c.j.JwtAuthenticationFilter - JWT 인증 완료 — memberId: 04a0c32a-8c35-4ce5-aed0-08a99077fb94
2026-02-27 17:20:52 [http-nio-8081-exec-7] DEBUG c.u.l.m.s.impl.OnboardingServiceImpl - 온보딩 진행 상태 저장 — memberId: 04a0c32a-8c35-4ce5-aed0-08a99077fb94, count: 6
2026-02-27 17:20:56 [http-nio-8081-exec-10] DEBUG c.u.l.m.c.j.JwtAuthenticationFilter - JWT 인증 완료 — memberId: 04a0c32a-8c35-4ce5-aed0-08a99077fb94
2026-02-27 17:20:56 [http-nio-8081-exec-10] DEBUG c.u.l.m.s.impl.OnboardingServiceImpl - 온보딩 진행 상태 저장 — memberId: 04a0c32a-8c35-4ce5-aed0-08a99077fb94, count: 3
2026-02-27 17:20:57 [http-nio-8081-exec-1] DEBUG c.u.l.m.c.j.JwtAuthenticationFilter - JWT 인증 완료 — memberId: 04a0c32a-8c35-4ce5-aed0-08a99077fb94
2026-02-27 17:20:57 [http-nio-8081-exec-1] DEBUG c.u.l.m.s.impl.OnboardingServiceImpl - 온보딩 진행 상태 저장 — memberId: 04a0c32a-8c35-4ce5-aed0-08a99077fb94, count: 6
2026-02-27 17:20:59 [http-nio-8081-exec-2] DEBUG c.u.l.m.c.j.JwtAuthenticationFilter - JWT 인증 완료 — memberId: 04a0c32a-8c35-4ce5-aed0-08a99077fb94
2026-02-27 17:20:59 [http-nio-8081-exec-2] DEBUG c.u.l.m.s.impl.OnboardingServiceImpl - 온보딩 진행 상태 저장 — memberId: 04a0c32a-8c35-4ce5-aed0-08a99077fb94, count: 9
2026-02-27 17:21:04 [http-nio-8081-exec-5] DEBUG c.u.l.m.c.j.JwtAuthenticationFilter - JWT 인증 완료 — memberId: 04a0c32a-8c35-4ce5-aed0-08a99077fb94
2026-02-27 17:21:04 [http-nio-8081-exec-5] DEBUG org.hibernate.SQL - 
    /* <criteria> */ select
        me1_0.id,
        me1_0.created_at,
        me1_0.email,
        me1_0.feedback_reminder,
        me1_0.kakao_id,
        me1_0.location_enabled,
        me1_0.member_id,
        me1_0.nickname,
        me1_0.onboarding_completed,
        me1_0.recommendation_alert,
        me1_0.updated_at 
    from
        lunchpick_member.member me1_0 
    where
        me1_0.member_id=?
2026-02-27 17:21:04 [http-nio-8081-exec-5] DEBUG org.hibernate.SQL - 
    /* insert for
        com.unicorn.lunchpick.member.repository.entity.LocationConsentEntity */insert 
    into
        lunchpick_member.location_consent (consented, consented_at, created_at, member_id) 
    values
        (?, ?, ?, ?)
2026-02-27 17:21:04 [http-nio-8081-exec-5] INFO  c.u.l.m.s.impl.MemberServiceImpl - 위치 동의 처리 완료 — memberId: 04a0c32a-8c35-4ce5-aed0-08a99077fb94, consented: true
2026-02-27 17:21:04 [http-nio-8081-exec-5] DEBUG org.hibernate.SQL - 
    /* update
        for com.unicorn.lunchpick.member.repository.entity.MemberEntity */update lunchpick_member.member 
    set
        email=?,
        feedback_reminder=?,
        kakao_id=?,
        location_enabled=?,
        member_id=?,
        nickname=?,
        onboarding_completed=?,
        recommendation_alert=?,
        updated_at=? 
    where
        id=?
2026-02-27 17:21:07 [http-nio-8081-exec-8] DEBUG c.u.l.m.c.j.JwtAuthenticationFilter - JWT 인증 완료 — memberId: 04a0c32a-8c35-4ce5-aed0-08a99077fb94
2026-02-27 17:21:07 [http-nio-8081-exec-8] DEBUG org.hibernate.SQL - 
    /* <criteria> */ select
        me1_0.id,
        me1_0.created_at,
        me1_0.email,
        me1_0.feedback_reminder,
        me1_0.kakao_id,
        me1_0.location_enabled,
        me1_0.member_id,
        me1_0.nickname,
        me1_0.onboarding_completed,
        me1_0.recommendation_alert,
        me1_0.updated_at 
    from
        lunchpick_member.member me1_0 
    where
        me1_0.member_id=?
2026-02-27 17:21:07 [http-nio-8081-exec-8] DEBUG org.hibernate.SQL - 
    /* insert for
        com.unicorn.lunchpick.member.repository.entity.LocationConsentEntity */insert 
    into
        lunchpick_member.location_consent (consented, consented_at, created_at, member_id) 
    values
        (?, ?, ?, ?)
2026-02-27 17:21:07 [http-nio-8081-exec-8] INFO  c.u.l.m.s.impl.MemberServiceImpl - 위치 동의 처리 완료 — memberId: 04a0c32a-8c35-4ce5-aed0-08a99077fb94, consented: false
2026-02-27 17:21:07 [http-nio-8081-exec-8] DEBUG org.hibernate.SQL - 
    /* update
        for com.unicorn.lunchpick.member.repository.entity.MemberEntity */update lunchpick_member.member 
    set
        email=?,
        feedback_reminder=?,
        kakao_id=?,
        location_enabled=?,
        member_id=?,
        nickname=?,
        onboarding_completed=?,
        recommendation_alert=?,
        updated_at=? 
    where
        id=?
2026-02-27 17:22:17 [http-nio-8081-exec-2] DEBUG c.u.l.m.c.j.JwtAuthenticationFilter - JWT 인증 완료 — memberId: 04a0c32a-8c35-4ce5-aed0-08a99077fb94
2026-02-27 17:22:17 [http-nio-8081-exec-2] DEBUG org.hibernate.SQL - 
    /* <criteria> */ select
        me1_0.id,
        me1_0.created_at,
        me1_0.email,
        me1_0.feedback_reminder,
        me1_0.kakao_id,
        me1_0.location_enabled,
        me1_0.member_id,
        me1_0.nickname,
        me1_0.onboarding_completed,
        me1_0.recommendation_alert,
        me1_0.updated_at 
    from
        lunchpick_member.member me1_0 
    where
        me1_0.member_id=?
2026-02-27 17:22:22 [http-nio-8081-exec-5] DEBUG c.u.l.m.c.j.JwtAuthenticationFilter - JWT 인증 완료 — memberId: 04a0c32a-8c35-4ce5-aed0-08a99077fb94
2026-02-27 17:22:22 [http-nio-8081-exec-5] DEBUG org.hibernate.SQL - 
    /* <criteria> */ select
        me1_0.id,
        me1_0.created_at,
        me1_0.email,
        me1_0.feedback_reminder,
        me1_0.kakao_id,
        me1_0.location_enabled,
        me1_0.member_id,
        me1_0.nickname,
        me1_0.onboarding_completed,
        me1_0.recommendation_alert,
        me1_0.updated_at 
    from
        lunchpick_member.member me1_0 
    where
        me1_0.member_id=?
2026-02-27 17:22:30 [http-nio-8081-exec-7] DEBUG c.u.l.m.c.j.JwtAuthenticationFilter - JWT 인증 완료 — memberId: 04a0c32a-8c35-4ce5-aed0-08a99077fb94
2026-02-27 17:22:30 [http-nio-8081-exec-7] DEBUG org.hibernate.SQL - 
    /* <criteria> */ select
        me1_0.id,
        me1_0.created_at,
        me1_0.email,
        me1_0.feedback_reminder,
        me1_0.kakao_id,
        me1_0.location_enabled,
        me1_0.member_id,
        me1_0.nickname,
        me1_0.onboarding_completed,
        me1_0.recommendation_alert,
        me1_0.updated_at 
    from
        lunchpick_member.member me1_0 
    where
        me1_0.member_id=?
2026-02-27 17:22:35 [http-nio-8081-exec-10] DEBUG c.u.l.m.c.j.JwtAuthenticationFilter - JWT 인증 완료 — memberId: 04a0c32a-8c35-4ce5-aed0-08a99077fb94
2026-02-27 17:22:35 [http-nio-8081-exec-10] DEBUG org.hibernate.SQL - 
    /* <criteria> */ select
        me1_0.id,
        me1_0.created_at,
        me1_0.email,
        me1_0.feedback_reminder,
        me1_0.kakao_id,
        me1_0.location_enabled,
        me1_0.member_id,
        me1_0.nickname,
        me1_0.onboarding_completed,
        me1_0.recommendation_alert,
        me1_0.updated_at 
    from
        lunchpick_member.member me1_0 
    where
        me1_0.member_id=?
2026-02-27 17:22:41 [SimpleAsyncTaskExecutor-1] INFO  c.u.l.m.s.impl.MemberServiceImpl - 구독 캐시 갱신 완료 — memberId: 04a0c32a-8c35-4ce5-aed0-08a99077fb94, plan: PREMIUM_MONTHLY
2026-02-27 17:22:41 [SimpleAsyncTaskExecutor-1] INFO  c.u.l.m.m.SubscriptionEventConsumer - 구독 이벤트 처리 완료 — memberId: 04a0c32a-8c35-4ce5-aed0-08a99077fb94, plan: PREMIUM_MONTHLY
2026-02-27 17:22:41 [http-nio-8081-exec-1] DEBUG c.u.l.m.c.j.JwtAuthenticationFilter - JWT 인증 완료 — memberId: 04a0c32a-8c35-4ce5-aed0-08a99077fb94
2026-02-27 17:22:41 [http-nio-8081-exec-1] DEBUG org.hibernate.SQL - 
    /* <criteria> */ select
        me1_0.id,
        me1_0.created_at,
        me1_0.email,
        me1_0.feedback_reminder,
        me1_0.kakao_id,
        me1_0.location_enabled,
        me1_0.member_id,
        me1_0.nickname,
        me1_0.onboarding_completed,
        me1_0.recommendation_alert,
        me1_0.updated_at 
    from
        lunchpick_member.member me1_0 
    where
        me1_0.member_id=?
2026-02-27 17:22:43 [http-nio-8081-exec-4] DEBUG c.u.l.m.c.j.JwtAuthenticationFilter - JWT 인증 완료 — memberId: 04a0c32a-8c35-4ce5-aed0-08a99077fb94
2026-02-27 17:22:43 [http-nio-8081-exec-4] DEBUG org.hibernate.SQL - 
    /* <criteria> */ select
        me1_0.id,
        me1_0.created_at,
        me1_0.email,
        me1_0.feedback_reminder,
        me1_0.kakao_id,
        me1_0.location_enabled,
        me1_0.member_id,
        me1_0.nickname,
        me1_0.onboarding_completed,
        me1_0.recommendation_alert,
        me1_0.updated_at 
    from
        lunchpick_member.member me1_0 
    where
        me1_0.member_id=?
2026-02-27 17:23:15 [http-nio-8081-exec-7] DEBUG c.u.l.m.c.j.JwtAuthenticationFilter - JWT 인증 완료 — memberId: 04a0c32a-8c35-4ce5-aed0-08a99077fb94
2026-02-27 17:23:15 [http-nio-8081-exec-7] DEBUG org.hibernate.SQL - 
    /* <criteria> */ select
        me1_0.id,
        me1_0.created_at,
        me1_0.email,
        me1_0.feedback_reminder,
        me1_0.kakao_id,
        me1_0.location_enabled,
        me1_0.member_id,
        me1_0.nickname,
        me1_0.onboarding_completed,
        me1_0.recommendation_alert,
        me1_0.updated_at 
    from
        lunchpick_member.member me1_0 
    where
        me1_0.member_id=?
2026-02-27 17:23:15 [http-nio-8081-exec-7] DEBUG org.hibernate.SQL - 
    /* <criteria> */ select
        dre1_0.id,
        dre1_0.allergens,
        dre1_0.custom_allergens,
        dre1_0.diet_type,
        dre1_0.health_info_consent_given,
        dre1_0.member_id,
        dre1_0.updated_at 
    from
        lunchpick_member.dietary_restriction dre1_0 
    where
        dre1_0.member_id=?
2026-02-27 17:25:08 [http-nio-8081-exec-9] DEBUG org.hibernate.SQL - 
    /* <criteria> */ select
        me1_0.id,
        me1_0.created_at,
        me1_0.email,
        me1_0.feedback_reminder,
        me1_0.kakao_id,
        me1_0.location_enabled,
        me1_0.member_id,
        me1_0.nickname,
        me1_0.onboarding_completed,
        me1_0.recommendation_alert,
        me1_0.updated_at 
    from
        lunchpick_member.member me1_0 
    where
        me1_0.nickname=?
2026-02-27 17:25:18 [http-nio-8081-exec-1] DEBUG org.hibernate.SQL - 
    /* <criteria> */ select
        me1_0.id,
        me1_0.created_at,
        me1_0.email,
        me1_0.feedback_reminder,
        me1_0.kakao_id,
        me1_0.location_enabled,
        me1_0.member_id,
        me1_0.nickname,
        me1_0.onboarding_completed,
        me1_0.recommendation_alert,
        me1_0.updated_at 
    from
        lunchpick_member.member me1_0 
    where
        me1_0.nickname=?
2026-02-27 17:25:24 [http-nio-8081-exec-3] DEBUG c.u.l.m.c.j.JwtAuthenticationFilter - JWT 인증 완료 — memberId: 04a0c32a-8c35-4ce5-aed0-08a99077fb94
2026-02-27 17:25:24 [http-nio-8081-exec-3] DEBUG c.u.l.m.s.impl.OnboardingServiceImpl - 온보딩 진행 상태 저장 — memberId: 04a0c32a-8c35-4ce5-aed0-08a99077fb94, count: 3
2026-02-27 17:25:26 [http-nio-8081-exec-4] DEBUG c.u.l.m.c.j.JwtAuthenticationFilter - JWT 인증 완료 — memberId: 04a0c32a-8c35-4ce5-aed0-08a99077fb94
2026-02-27 17:25:26 [http-nio-8081-exec-4] DEBUG c.u.l.m.s.impl.OnboardingServiceImpl - 온보딩 진행 상태 저장 — memberId: 04a0c32a-8c35-4ce5-aed0-08a99077fb94, count: 6
2026-02-27 17:25:30 [http-nio-8081-exec-7] DEBUG c.u.l.m.c.j.JwtAuthenticationFilter - JWT 인증 완료 — memberId: 04a0c32a-8c35-4ce5-aed0-08a99077fb94
2026-02-27 17:25:30 [http-nio-8081-exec-7] DEBUG c.u.l.m.s.impl.OnboardingServiceImpl - 온보딩 진행 상태 저장 — memberId: 04a0c32a-8c35-4ce5-aed0-08a99077fb94, count: 3
2026-02-27 17:25:31 [http-nio-8081-exec-8] DEBUG c.u.l.m.c.j.JwtAuthenticationFilter - JWT 인증 완료 — memberId: 04a0c32a-8c35-4ce5-aed0-08a99077fb94
2026-02-27 17:25:31 [http-nio-8081-exec-8] DEBUG c.u.l.m.s.impl.OnboardingServiceImpl - 온보딩 진행 상태 저장 — memberId: 04a0c32a-8c35-4ce5-aed0-08a99077fb94, count: 6
2026-02-27 17:25:33 [http-nio-8081-exec-9] DEBUG c.u.l.m.c.j.JwtAuthenticationFilter - JWT 인증 완료 — memberId: 04a0c32a-8c35-4ce5-aed0-08a99077fb94
2026-02-27 17:25:33 [http-nio-8081-exec-9] DEBUG c.u.l.m.s.impl.OnboardingServiceImpl - 온보딩 진행 상태 저장 — memberId: 04a0c32a-8c35-4ce5-aed0-08a99077fb94, count: 9
2026-02-27 17:25:38 [http-nio-8081-exec-2] DEBUG c.u.l.m.c.j.JwtAuthenticationFilter - JWT 인증 완료 — memberId: 04a0c32a-8c35-4ce5-aed0-08a99077fb94
2026-02-27 17:25:38 [http-nio-8081-exec-2] DEBUG org.hibernate.SQL - 
    /* <criteria> */ select
        me1_0.id,
        me1_0.created_at,
        me1_0.email,
        me1_0.feedback_reminder,
        me1_0.kakao_id,
        me1_0.location_enabled,
        me1_0.member_id,
        me1_0.nickname,
        me1_0.onboarding_completed,
        me1_0.recommendation_alert,
        me1_0.updated_at 
    from
        lunchpick_member.member me1_0 
    where
        me1_0.member_id=?
2026-02-27 17:25:38 [http-nio-8081-exec-2] DEBUG org.hibernate.SQL - 
    /* insert for
        com.unicorn.lunchpick.member.repository.entity.LocationConsentEntity */insert 
    into
        lunchpick_member.location_consent (consented, consented_at, created_at, member_id) 
    values
        (?, ?, ?, ?)
2026-02-27 17:25:38 [http-nio-8081-exec-2] INFO  c.u.l.m.s.impl.MemberServiceImpl - 위치 동의 처리 완료 — memberId: 04a0c32a-8c35-4ce5-aed0-08a99077fb94, consented: true
2026-02-27 17:25:38 [http-nio-8081-exec-2] DEBUG org.hibernate.SQL - 
    /* update
        for com.unicorn.lunchpick.member.repository.entity.MemberEntity */update lunchpick_member.member 
    set
        email=?,
        feedback_reminder=?,
        kakao_id=?,
        location_enabled=?,
        member_id=?,
        nickname=?,
        onboarding_completed=?,
        recommendation_alert=?,
        updated_at=? 
    where
        id=?
2026-02-27 17:25:41 [http-nio-8081-exec-5] DEBUG c.u.l.m.c.j.JwtAuthenticationFilter - JWT 인증 완료 — memberId: 04a0c32a-8c35-4ce5-aed0-08a99077fb94
2026-02-27 17:25:41 [http-nio-8081-exec-5] DEBUG org.hibernate.SQL - 
    /* <criteria> */ select
        me1_0.id,
        me1_0.created_at,
        me1_0.email,
        me1_0.feedback_reminder,
        me1_0.kakao_id,
        me1_0.location_enabled,
        me1_0.member_id,
        me1_0.nickname,
        me1_0.onboarding_completed,
        me1_0.recommendation_alert,
        me1_0.updated_at 
    from
        lunchpick_member.member me1_0 
    where
        me1_0.member_id=?
2026-02-27 17:25:41 [http-nio-8081-exec-5] DEBUG org.hibernate.SQL - 
    /* insert for
        com.unicorn.lunchpick.member.repository.entity.LocationConsentEntity */insert 
    into
        lunchpick_member.location_consent (consented, consented_at, created_at, member_id) 
    values
        (?, ?, ?, ?)
2026-02-27 17:25:41 [http-nio-8081-exec-5] INFO  c.u.l.m.s.impl.MemberServiceImpl - 위치 동의 처리 완료 — memberId: 04a0c32a-8c35-4ce5-aed0-08a99077fb94, consented: false
2026-02-27 17:25:41 [http-nio-8081-exec-5] DEBUG org.hibernate.SQL - 
    /* update
        for com.unicorn.lunchpick.member.repository.entity.MemberEntity */update lunchpick_member.member 
    set
        email=?,
        feedback_reminder=?,
        kakao_id=?,
        location_enabled=?,
        member_id=?,
        nickname=?,
        onboarding_completed=?,
        recommendation_alert=?,
        updated_at=? 
    where
        id=?
2026-02-27 17:26:51 [http-nio-8081-exec-9] DEBUG c.u.l.m.c.j.JwtAuthenticationFilter - JWT 인증 완료 — memberId: 04a0c32a-8c35-4ce5-aed0-08a99077fb94
2026-02-27 17:26:51 [http-nio-8081-exec-9] DEBUG org.hibernate.SQL - 
    /* <criteria> */ select
        me1_0.id,
        me1_0.created_at,
        me1_0.email,
        me1_0.feedback_reminder,
        me1_0.kakao_id,
        me1_0.location_enabled,
        me1_0.member_id,
        me1_0.nickname,
        me1_0.onboarding_completed,
        me1_0.recommendation_alert,
        me1_0.updated_at 
    from
        lunchpick_member.member me1_0 
    where
        me1_0.member_id=?
2026-02-27 17:26:56 [http-nio-8081-exec-2] DEBUG c.u.l.m.c.j.JwtAuthenticationFilter - JWT 인증 완료 — memberId: 04a0c32a-8c35-4ce5-aed0-08a99077fb94
2026-02-27 17:26:56 [http-nio-8081-exec-2] DEBUG org.hibernate.SQL - 
    /* <criteria> */ select
        me1_0.id,
        me1_0.created_at,
        me1_0.email,
        me1_0.feedback_reminder,
        me1_0.kakao_id,
        me1_0.location_enabled,
        me1_0.member_id,
        me1_0.nickname,
        me1_0.onboarding_completed,
        me1_0.recommendation_alert,
        me1_0.updated_at 
    from
        lunchpick_member.member me1_0 
    where
        me1_0.member_id=?
2026-02-27 17:27:04 [http-nio-8081-exec-4] DEBUG c.u.l.m.c.j.JwtAuthenticationFilter - JWT 인증 완료 — memberId: 04a0c32a-8c35-4ce5-aed0-08a99077fb94
2026-02-27 17:27:04 [http-nio-8081-exec-4] DEBUG org.hibernate.SQL - 
    /* <criteria> */ select
        me1_0.id,
        me1_0.created_at,
        me1_0.email,
        me1_0.feedback_reminder,
        me1_0.kakao_id,
        me1_0.location_enabled,
        me1_0.member_id,
        me1_0.nickname,
        me1_0.onboarding_completed,
        me1_0.recommendation_alert,
        me1_0.updated_at 
    from
        lunchpick_member.member me1_0 
    where
        me1_0.member_id=?
2026-02-27 17:27:09 [http-nio-8081-exec-7] DEBUG c.u.l.m.c.j.JwtAuthenticationFilter - JWT 인증 완료 — memberId: 04a0c32a-8c35-4ce5-aed0-08a99077fb94
2026-02-27 17:27:09 [http-nio-8081-exec-7] DEBUG org.hibernate.SQL - 
    /* <criteria> */ select
        me1_0.id,
        me1_0.created_at,
        me1_0.email,
        me1_0.feedback_reminder,
        me1_0.kakao_id,
        me1_0.location_enabled,
        me1_0.member_id,
        me1_0.nickname,
        me1_0.onboarding_completed,
        me1_0.recommendation_alert,
        me1_0.updated_at 
    from
        lunchpick_member.member me1_0 
    where
        me1_0.member_id=?
2026-02-27 17:27:17 [http-nio-8081-exec-10] DEBUG c.u.l.m.c.j.JwtAuthenticationFilter - JWT 인증 완료 — memberId: 04a0c32a-8c35-4ce5-aed0-08a99077fb94
2026-02-27 17:27:17 [http-nio-8081-exec-10] DEBUG org.hibernate.SQL - 
    /* <criteria> */ select
        me1_0.id,
        me1_0.created_at,
        me1_0.email,
        me1_0.feedback_reminder,
        me1_0.kakao_id,
        me1_0.location_enabled,
        me1_0.member_id,
        me1_0.nickname,
        me1_0.onboarding_completed,
        me1_0.recommendation_alert,
        me1_0.updated_at 
    from
        lunchpick_member.member me1_0 
    where
        me1_0.member_id=?
2026-02-27 17:27:49 [http-nio-8081-exec-3] DEBUG c.u.l.m.c.j.JwtAuthenticationFilter - JWT 인증 완료 — memberId: 04a0c32a-8c35-4ce5-aed0-08a99077fb94
2026-02-27 17:27:49 [http-nio-8081-exec-3] DEBUG org.hibernate.SQL - 
    /* <criteria> */ select
        me1_0.id,
        me1_0.created_at,
        me1_0.email,
        me1_0.feedback_reminder,
        me1_0.kakao_id,
        me1_0.location_enabled,
        me1_0.member_id,
        me1_0.nickname,
        me1_0.onboarding_completed,
        me1_0.recommendation_alert,
        me1_0.updated_at 
    from
        lunchpick_member.member me1_0 
    where
        me1_0.member_id=?
2026-02-27 17:27:49 [http-nio-8081-exec-3] DEBUG org.hibernate.SQL - 
    /* <criteria> */ select
        dre1_0.id,
        dre1_0.allergens,
        dre1_0.custom_allergens,
        dre1_0.diet_type,
        dre1_0.health_info_consent_given,
        dre1_0.member_id,
        dre1_0.updated_at 
    from
        lunchpick_member.dietary_restriction dre1_0 
    where
        dre1_0.member_id=?
2026-02-27 17:40:12 [http-nio-8081-exec-5] DEBUG org.hibernate.SQL - 
    /* <criteria> */ select
        me1_0.id,
        me1_0.created_at,
        me1_0.email,
        me1_0.feedback_reminder,
        me1_0.kakao_id,
        me1_0.location_enabled,
        me1_0.member_id,
        me1_0.nickname,
        me1_0.onboarding_completed,
        me1_0.recommendation_alert,
        me1_0.updated_at 
    from
        lunchpick_member.member me1_0 
    where
        me1_0.nickname=?
2026-02-27 17:40:18 [http-nio-8081-exec-7] DEBUG c.u.l.m.c.j.JwtAuthenticationFilter - JWT 인증 완료 — memberId: 04a0c32a-8c35-4ce5-aed0-08a99077fb94
2026-02-27 17:40:18 [http-nio-8081-exec-7] DEBUG c.u.l.m.s.impl.OnboardingServiceImpl - 온보딩 진행 상태 저장 — memberId: 04a0c32a-8c35-4ce5-aed0-08a99077fb94, count: 3
2026-02-27 17:40:20 [http-nio-8081-exec-8] DEBUG c.u.l.m.c.j.JwtAuthenticationFilter - JWT 인증 완료 — memberId: 04a0c32a-8c35-4ce5-aed0-08a99077fb94
2026-02-27 17:40:20 [http-nio-8081-exec-8] DEBUG c.u.l.m.s.impl.OnboardingServiceImpl - 온보딩 진행 상태 저장 — memberId: 04a0c32a-8c35-4ce5-aed0-08a99077fb94, count: 6
2026-02-27 17:40:24 [http-nio-8081-exec-1] DEBUG c.u.l.m.c.j.JwtAuthenticationFilter - JWT 인증 완료 — memberId: 04a0c32a-8c35-4ce5-aed0-08a99077fb94
2026-02-27 17:40:24 [http-nio-8081-exec-1] DEBUG c.u.l.m.s.impl.OnboardingServiceImpl - 온보딩 진행 상태 저장 — memberId: 04a0c32a-8c35-4ce5-aed0-08a99077fb94, count: 3
2026-02-27 17:40:25 [http-nio-8081-exec-2] DEBUG c.u.l.m.c.j.JwtAuthenticationFilter - JWT 인증 완료 — memberId: 04a0c32a-8c35-4ce5-aed0-08a99077fb94
2026-02-27 17:40:25 [http-nio-8081-exec-2] DEBUG c.u.l.m.s.impl.OnboardingServiceImpl - 온보딩 진행 상태 저장 — memberId: 04a0c32a-8c35-4ce5-aed0-08a99077fb94, count: 6
2026-02-27 17:40:27 [http-nio-8081-exec-3] DEBUG c.u.l.m.c.j.JwtAuthenticationFilter - JWT 인증 완료 — memberId: 04a0c32a-8c35-4ce5-aed0-08a99077fb94
2026-02-27 17:40:27 [http-nio-8081-exec-3] DEBUG c.u.l.m.s.impl.OnboardingServiceImpl - 온보딩 진행 상태 저장 — memberId: 04a0c32a-8c35-4ce5-aed0-08a99077fb94, count: 9
2026-02-27 17:40:32 [http-nio-8081-exec-6] DEBUG c.u.l.m.c.j.JwtAuthenticationFilter - JWT 인증 완료 — memberId: 04a0c32a-8c35-4ce5-aed0-08a99077fb94
2026-02-27 17:40:32 [http-nio-8081-exec-6] DEBUG org.hibernate.SQL - 
    /* <criteria> */ select
        me1_0.id,
        me1_0.created_at,
        me1_0.email,
        me1_0.feedback_reminder,
        me1_0.kakao_id,
        me1_0.location_enabled,
        me1_0.member_id,
        me1_0.nickname,
        me1_0.onboarding_completed,
        me1_0.recommendation_alert,
        me1_0.updated_at 
    from
        lunchpick_member.member me1_0 
    where
        me1_0.member_id=?
2026-02-27 17:40:32 [http-nio-8081-exec-6] DEBUG org.hibernate.SQL - 
    /* insert for
        com.unicorn.lunchpick.member.repository.entity.LocationConsentEntity */insert 
    into
        lunchpick_member.location_consent (consented, consented_at, created_at, member_id) 
    values
        (?, ?, ?, ?)
2026-02-27 17:40:32 [http-nio-8081-exec-6] INFO  c.u.l.m.s.impl.MemberServiceImpl - 위치 동의 처리 완료 — memberId: 04a0c32a-8c35-4ce5-aed0-08a99077fb94, consented: true
2026-02-27 17:40:32 [http-nio-8081-exec-6] DEBUG org.hibernate.SQL - 
    /* update
        for com.unicorn.lunchpick.member.repository.entity.MemberEntity */update lunchpick_member.member 
    set
        email=?,
        feedback_reminder=?,
        kakao_id=?,
        location_enabled=?,
        member_id=?,
        nickname=?,
        onboarding_completed=?,
        recommendation_alert=?,
        updated_at=? 
    where
        id=?
2026-02-27 17:40:35 [http-nio-8081-exec-9] DEBUG c.u.l.m.c.j.JwtAuthenticationFilter - JWT 인증 완료 — memberId: 04a0c32a-8c35-4ce5-aed0-08a99077fb94
2026-02-27 17:40:35 [http-nio-8081-exec-9] DEBUG org.hibernate.SQL - 
    /* <criteria> */ select
        me1_0.id,
        me1_0.created_at,
        me1_0.email,
        me1_0.feedback_reminder,
        me1_0.kakao_id,
        me1_0.location_enabled,
        me1_0.member_id,
        me1_0.nickname,
        me1_0.onboarding_completed,
        me1_0.recommendation_alert,
        me1_0.updated_at 
    from
        lunchpick_member.member me1_0 
    where
        me1_0.member_id=?
2026-02-27 17:40:35 [http-nio-8081-exec-9] DEBUG org.hibernate.SQL - 
    /* insert for
        com.unicorn.lunchpick.member.repository.entity.LocationConsentEntity */insert 
    into
        lunchpick_member.location_consent (consented, consented_at, created_at, member_id) 
    values
        (?, ?, ?, ?)
2026-02-27 17:40:35 [http-nio-8081-exec-9] INFO  c.u.l.m.s.impl.MemberServiceImpl - 위치 동의 처리 완료 — memberId: 04a0c32a-8c35-4ce5-aed0-08a99077fb94, consented: false
2026-02-27 17:40:35 [http-nio-8081-exec-9] DEBUG org.hibernate.SQL - 
    /* update
        for com.unicorn.lunchpick.member.repository.entity.MemberEntity */update lunchpick_member.member 
    set
        email=?,
        feedback_reminder=?,
        kakao_id=?,
        location_enabled=?,
        member_id=?,
        nickname=?,
        onboarding_completed=?,
        recommendation_alert=?,
        updated_at=? 
    where
        id=?
2026-02-27 17:41:45 [http-nio-8081-exec-3] DEBUG c.u.l.m.c.j.JwtAuthenticationFilter - JWT 인증 완료 — memberId: 04a0c32a-8c35-4ce5-aed0-08a99077fb94
2026-02-27 17:41:45 [http-nio-8081-exec-3] DEBUG org.hibernate.SQL - 
    /* <criteria> */ select
        me1_0.id,
        me1_0.created_at,
        me1_0.email,
        me1_0.feedback_reminder,
        me1_0.kakao_id,
        me1_0.location_enabled,
        me1_0.member_id,
        me1_0.nickname,
        me1_0.onboarding_completed,
        me1_0.recommendation_alert,
        me1_0.updated_at 
    from
        lunchpick_member.member me1_0 
    where
        me1_0.member_id=?
2026-02-27 17:41:50 [http-nio-8081-exec-6] DEBUG c.u.l.m.c.j.JwtAuthenticationFilter - JWT 인증 완료 — memberId: 04a0c32a-8c35-4ce5-aed0-08a99077fb94
2026-02-27 17:41:50 [http-nio-8081-exec-6] DEBUG org.hibernate.SQL - 
    /* <criteria> */ select
        me1_0.id,
        me1_0.created_at,
        me1_0.email,
        me1_0.feedback_reminder,
        me1_0.kakao_id,
        me1_0.location_enabled,
        me1_0.member_id,
        me1_0.nickname,
        me1_0.onboarding_completed,
        me1_0.recommendation_alert,
        me1_0.updated_at 
    from
        lunchpick_member.member me1_0 
    where
        me1_0.member_id=?
2026-02-27 17:41:58 [http-nio-8081-exec-8] DEBUG c.u.l.m.c.j.JwtAuthenticationFilter - JWT 인증 완료 — memberId: 04a0c32a-8c35-4ce5-aed0-08a99077fb94
2026-02-27 17:41:58 [http-nio-8081-exec-8] DEBUG org.hibernate.SQL - 
    /* <criteria> */ select
        me1_0.id,
        me1_0.created_at,
        me1_0.email,
        me1_0.feedback_reminder,
        me1_0.kakao_id,
        me1_0.location_enabled,
        me1_0.member_id,
        me1_0.nickname,
        me1_0.onboarding_completed,
        me1_0.recommendation_alert,
        me1_0.updated_at 
    from
        lunchpick_member.member me1_0 
    where
        me1_0.member_id=?
2026-02-27 17:42:03 [http-nio-8081-exec-1] DEBUG c.u.l.m.c.j.JwtAuthenticationFilter - JWT 인증 완료 — memberId: 04a0c32a-8c35-4ce5-aed0-08a99077fb94
2026-02-27 17:42:03 [http-nio-8081-exec-1] DEBUG org.hibernate.SQL - 
    /* <criteria> */ select
        me1_0.id,
        me1_0.created_at,
        me1_0.email,
        me1_0.feedback_reminder,
        me1_0.kakao_id,
        me1_0.location_enabled,
        me1_0.member_id,
        me1_0.nickname,
        me1_0.onboarding_completed,
        me1_0.recommendation_alert,
        me1_0.updated_at 
    from
        lunchpick_member.member me1_0 
    where
        me1_0.member_id=?
2026-02-27 17:42:11 [http-nio-8081-exec-4] DEBUG c.u.l.m.c.j.JwtAuthenticationFilter - JWT 인증 완료 — memberId: 04a0c32a-8c35-4ce5-aed0-08a99077fb94
2026-02-27 17:42:11 [http-nio-8081-exec-4] DEBUG org.hibernate.SQL - 
    /* <criteria> */ select
        me1_0.id,
        me1_0.created_at,
        me1_0.email,
        me1_0.feedback_reminder,
        me1_0.kakao_id,
        me1_0.location_enabled,
        me1_0.member_id,
        me1_0.nickname,
        me1_0.onboarding_completed,
        me1_0.recommendation_alert,
        me1_0.updated_at 
    from
        lunchpick_member.member me1_0 
    where
        me1_0.member_id=?
2026-02-27 17:42:43 [http-nio-8081-exec-7] DEBUG c.u.l.m.c.j.JwtAuthenticationFilter - JWT 인증 완료 — memberId: 04a0c32a-8c35-4ce5-aed0-08a99077fb94
2026-02-27 17:42:43 [http-nio-8081-exec-7] DEBUG org.hibernate.SQL - 
    /* <criteria> */ select
        me1_0.id,
        me1_0.created_at,
        me1_0.email,
        me1_0.feedback_reminder,
        me1_0.kakao_id,
        me1_0.location_enabled,
        me1_0.member_id,
        me1_0.nickname,
        me1_0.onboarding_completed,
        me1_0.recommendation_alert,
        me1_0.updated_at 
    from
        lunchpick_member.member me1_0 
    where
        me1_0.member_id=?
2026-02-27 17:42:43 [http-nio-8081-exec-7] DEBUG org.hibernate.SQL - 
    /* <criteria> */ select
        dre1_0.id,
        dre1_0.allergens,
        dre1_0.custom_allergens,
        dre1_0.diet_type,
        dre1_0.health_info_consent_given,
        dre1_0.member_id,
        dre1_0.updated_at 
    from
        lunchpick_member.dietary_restriction dre1_0 
    where
        dre1_0.member_id=?
2026-02-27 17:49:10 [http-nio-8081-exec-2] DEBUG org.hibernate.SQL - 
    /* <criteria> */ select
        me1_0.id,
        me1_0.created_at,
        me1_0.email,
        me1_0.feedback_reminder,
        me1_0.kakao_id,
        me1_0.location_enabled,
        me1_0.member_id,
        me1_0.nickname,
        me1_0.onboarding_completed,
        me1_0.recommendation_alert,
        me1_0.updated_at 
    from
        lunchpick_member.member me1_0 
    where
        me1_0.kakao_id=?
2026-02-27 17:49:10 [http-nio-8081-exec-2] INFO  c.u.l.m.service.impl.AuthServiceImpl - 기존 회원 로그인 — memberId: 9e9447a9-3e25-4fcb-b374-8eb5a849bf87
2026-02-27 17:49:27 [http-nio-8081-exec-4] DEBUG c.u.l.m.c.j.JwtAuthenticationFilter - JWT 인증 완료 — memberId: 9e9447a9-3e25-4fcb-b374-8eb5a849bf87
2026-02-27 17:49:27 [http-nio-8081-exec-4] DEBUG org.hibernate.SQL - 
    /* <criteria> */ select
        me1_0.id,
        me1_0.created_at,
        me1_0.email,
        me1_0.feedback_reminder,
        me1_0.kakao_id,
        me1_0.location_enabled,
        me1_0.member_id,
        me1_0.nickname,
        me1_0.onboarding_completed,
        me1_0.recommendation_alert,
        me1_0.updated_at 
    from
        lunchpick_member.member me1_0 
    where
        me1_0.member_id=?
2026-02-27 17:49:27 [http-nio-8081-exec-4] DEBUG org.hibernate.SQL - 
    /* <criteria> */ select
        dre1_0.id,
        dre1_0.allergens,
        dre1_0.custom_allergens,
        dre1_0.diet_type,
        dre1_0.health_info_consent_given,
        dre1_0.member_id,
        dre1_0.updated_at 
    from
        lunchpick_member.dietary_restriction dre1_0 
    where
        dre1_0.member_id=?
2026-02-27 17:59:11 [main] INFO  c.u.l.member.MemberApplication - Starting MemberApplication using Java 21 with PID 23372 (C:\Users\hiond\workspace\lunch-menu-recommender\member-service\build\classes\java\main started by hiond in C:\Users\hiond\workspace\lunch-menu-recommender\member-service)
2026-02-27 17:59:11 [main] DEBUG c.u.l.member.MemberApplication - Running with Spring Boot v3.4.1, Spring v6.2.1
2026-02-27 17:59:11 [main] INFO  c.u.l.member.MemberApplication - The following 1 profile is active: "dev"
2026-02-27 17:59:11 [main] INFO  o.s.d.r.c.RepositoryConfigurationDelegate - Multiple Spring Data modules found, entering strict repository configuration mode
2026-02-27 17:59:11 [main] INFO  o.s.d.r.c.RepositoryConfigurationDelegate - Bootstrapping Spring Data JPA repositories in DEFAULT mode.
2026-02-27 17:59:11 [main] INFO  o.s.d.r.c.RepositoryConfigurationDelegate - Finished Spring Data repository scanning in 70 ms. Found 4 JPA repository interfaces.
2026-02-27 17:59:12 [main] INFO  o.s.d.r.c.RepositoryConfigurationDelegate - Multiple Spring Data modules found, entering strict repository configuration mode
2026-02-27 17:59:12 [main] INFO  o.s.d.r.c.RepositoryConfigurationDelegate - Bootstrapping Spring Data Redis repositories in DEFAULT mode.
2026-02-27 17:59:12 [main] INFO  o.s.d.r.c.RepositoryConfigurationExtensionSupport - Spring Data Redis - Could not safely identify store assignment for repository candidate interface com.unicorn.lunchpick.member.repository.jpa.DietaryRestrictionRepository; If you want this repository to be a Redis repository, consider annotating your entities with one of these annotations: org.springframework.data.redis.core.RedisHash (preferred), or consider extending one of the following types with your repository: org.springframework.data.keyvalue.repository.KeyValueRepository
2026-02-27 17:59:12 [main] INFO  o.s.d.r.c.RepositoryConfigurationExtensionSupport - Spring Data Redis - Could not safely identify store assignment for repository candidate interface com.unicorn.lunchpick.member.repository.jpa.LocationConsentRepository; If you want this repository to be a Redis repository, consider annotating your entities with one of these annotations: org.springframework.data.redis.core.RedisHash (preferred), or consider extending one of the following types with your repository: org.springframework.data.keyvalue.repository.KeyValueRepository
2026-02-27 17:59:12 [main] INFO  o.s.d.r.c.RepositoryConfigurationExtensionSupport - Spring Data Redis - Could not safely identify store assignment for repository candidate interface com.unicorn.lunchpick.member.repository.jpa.MemberRepository; If you want this repository to be a Redis repository, consider annotating your entities with one of these annotations: org.springframework.data.redis.core.RedisHash (preferred), or consider extending one of the following types with your repository: org.springframework.data.keyvalue.repository.KeyValueRepository
2026-02-27 17:59:12 [main] INFO  o.s.d.r.c.RepositoryConfigurationExtensionSupport - Spring Data Redis - Could not safely identify store assignment for repository candidate interface com.unicorn.lunchpick.member.repository.jpa.TasteProfileRepository; If you want this repository to be a Redis repository, consider annotating your entities with one of these annotations: org.springframework.data.redis.core.RedisHash (preferred), or consider extending one of the following types with your repository: org.springframework.data.keyvalue.repository.KeyValueRepository
2026-02-27 17:59:12 [main] INFO  o.s.d.r.c.RepositoryConfigurationDelegate - Finished Spring Data repository scanning in 13 ms. Found 0 Redis repository interfaces.
2026-02-27 17:59:12 [main] INFO  o.s.cloud.context.scope.GenericScope - BeanFactory id=1a3b27fb-12f5-300a-b35b-fe7cd5e0b075
2026-02-27 17:59:12 [main] INFO  o.s.b.w.e.tomcat.TomcatWebServer - Tomcat initialized with port 8081 (http)
2026-02-27 17:59:12 [main] INFO  o.a.catalina.core.StandardService - Starting service [Tomcat]
2026-02-27 17:59:12 [main] INFO  o.a.catalina.core.StandardEngine - Starting Servlet engine: [Apache Tomcat/10.1.34]
2026-02-27 17:59:12 [main] INFO  o.a.c.c.C.[Tomcat].[localhost].[/] - Initializing Spring embedded WebApplicationContext
2026-02-27 17:59:12 [main] INFO  o.s.b.w.s.c.ServletWebServerApplicationContext - Root WebApplicationContext: initialization completed in 1472 ms
2026-02-27 17:59:13 [main] INFO  o.h.jpa.internal.util.LogHelper - HHH000204: Processing PersistenceUnitInfo [name: default]
2026-02-27 17:59:13 [main] INFO  org.hibernate.Version - HHH000412: Hibernate ORM core version 6.6.4.Final
2026-02-27 17:59:13 [main] INFO  o.h.c.i.RegionFactoryInitiator - HHH000026: Second-level cache disabled
2026-02-27 17:59:13 [main] DEBUG o.hibernate.type.BasicTypeRegistry - Adding type registration boolean -> org.hibernate.type.BasicTypeReference@42e4431
2026-02-27 17:59:13 [main] DEBUG o.hibernate.type.BasicTypeRegistry - Adding type registration boolean -> org.hibernate.type.BasicTypeReference@42e4431
2026-02-27 17:59:13 [main] DEBUG o.hibernate.type.BasicTypeRegistry - Adding type registration java.lang.Boolean -> org.hibernate.type.BasicTypeReference@42e4431
2026-02-27 17:59:13 [main] DEBUG o.hibernate.type.BasicTypeRegistry - Adding type registration numeric_boolean -> org.hibernate.type.BasicTypeReference@5e198c40
2026-02-27 17:59:13 [main] DEBUG o.hibernate.type.BasicTypeRegistry - Adding type registration org.hibernate.type.NumericBooleanConverter -> org.hibernate.type.BasicTypeReference@5e198c40
2026-02-27 17:59:13 [main] DEBUG o.hibernate.type.BasicTypeRegistry - Adding type registration true_false -> org.hibernate.type.BasicTypeReference@dcdb883
2026-02-27 17:59:13 [main] DEBUG o.hibernate.type.BasicTypeRegistry - Adding type registration org.hibernate.type.TrueFalseConverter -> org.hibernate.type.BasicTypeReference@dcdb883
2026-02-27 17:59:13 [main] DEBUG o.hibernate.type.BasicTypeRegistry - Adding type registration yes_no -> org.hibernate.type.BasicTypeReference@39420d59
2026-02-27 17:59:13 [main] DEBUG o.hibernate.type.BasicTypeRegistry - Adding type registration org.hibernate.type.YesNoConverter -> org.hibernate.type.BasicTypeReference@39420d59
2026-02-27 17:59:13 [main] DEBUG o.hibernate.type.BasicTypeRegistry - Adding type registration byte -> org.hibernate.type.BasicTypeReference@4fbbd98c
2026-02-27 17:59:13 [main] DEBUG o.hibernate.type.BasicTypeRegistry - Adding type registration byte -> org.hibernate.type.BasicTypeReference@4fbbd98c
2026-02-27 17:59:13 [main] DEBUG o.hibernate.type.BasicTypeRegistry - Adding type registration java.lang.Byte -> org.hibernate.type.BasicTypeReference@4fbbd98c
2026-02-27 17:59:13 [main] DEBUG o.hibernate.type.BasicTypeRegistry - Adding type registration binary -> org.hibernate.type.BasicTypeReference@5dd227b7
2026-02-27 17:59:13 [main] DEBUG o.hibernate.type.BasicTypeRegistry - Adding type registration byte[] -> org.hibernate.type.BasicTypeReference@5dd227b7
2026-02-27 17:59:13 [main] DEBUG o.hibernate.type.BasicTypeRegistry - Adding type registration [B -> org.hibernate.type.BasicTypeReference@5dd227b7
2026-02-27 17:59:13 [main] DEBUG o.hibernate.type.BasicTypeRegistry - Adding type registration binary_wrapper -> org.hibernate.type.BasicTypeReference@3d3b852e
2026-02-27 17:59:13 [main] DEBUG o.hibernate.type.BasicTypeRegistry - Adding type registration wrapper-binary -> org.hibernate.type.BasicTypeReference@3d3b852e
2026-02-27 17:59:13 [main] DEBUG o.hibernate.type.BasicTypeRegistry - Adding type registration image -> org.hibernate.type.BasicTypeReference@14ba7f15
2026-02-27 17:59:13 [main] DEBUG o.hibernate.type.BasicTypeRegistry - Adding type registration blob -> org.hibernate.type.BasicTypeReference@55cb3b7
2026-02-27 17:59:13 [main] DEBUG o.hibernate.type.BasicTypeRegistry - Adding type registration java.sql.Blob -> org.hibernate.type.BasicTypeReference@55cb3b7
2026-02-27 17:59:13 [main] DEBUG o.hibernate.type.BasicTypeRegistry - Adding type registration materialized_blob -> org.hibernate.type.BasicTypeReference@497fd334
2026-02-27 17:59:13 [main] DEBUG o.hibernate.type.BasicTypeRegistry - Adding type registration materialized_blob_wrapper -> org.hibernate.type.BasicTypeReference@280c3dc0
2026-02-27 17:59:13 [main] DEBUG o.hibernate.type.BasicTypeRegistry - Adding type registration short -> org.hibernate.type.BasicTypeReference@6f89ad03
2026-02-27 17:59:13 [main] DEBUG o.hibernate.type.BasicTypeRegistry - Adding type registration short -> org.hibernate.type.BasicTypeReference@6f89ad03
2026-02-27 17:59:13 [main] DEBUG o.hibernate.type.BasicTypeRegistry - Adding type registration java.lang.Short -> org.hibernate.type.BasicTypeReference@6f89ad03
2026-02-27 17:59:13 [main] DEBUG o.hibernate.type.BasicTypeRegistry - Adding type registration integer -> org.hibernate.type.BasicTypeReference@f287a4e
2026-02-27 17:59:13 [main] DEBUG o.hibernate.type.BasicTypeRegistry - Adding type registration int -> org.hibernate.type.BasicTypeReference@f287a4e
2026-02-27 17:59:13 [main] DEBUG o.hibernate.type.BasicTypeRegistry - Adding type registration java.lang.Integer -> org.hibernate.type.BasicTypeReference@f287a4e
2026-02-27 17:59:13 [main] DEBUG o.hibernate.type.BasicTypeRegistry - Adding type registration long -> org.hibernate.type.BasicTypeReference@3879feec
2026-02-27 17:59:13 [main] DEBUG o.hibernate.type.BasicTypeRegistry - Adding type registration long -> org.hibernate.type.BasicTypeReference@3879feec
2026-02-27 17:59:13 [main] DEBUG o.hibernate.type.BasicTypeRegistry - Adding type registration java.lang.Long -> org.hibernate.type.BasicTypeReference@3879feec
2026-02-27 17:59:13 [main] DEBUG o.hibernate.type.BasicTypeRegistry - Adding type registration float -> org.hibernate.type.BasicTypeReference@71d2261e
2026-02-27 17:59:13 [main] DEBUG o.hibernate.type.BasicTypeRegistry - Adding type registration float -> org.hibernate.type.BasicTypeReference@71d2261e
2026-02-27 17:59:13 [main] DEBUG o.hibernate.type.BasicTypeRegistry - Adding type registration java.lang.Float -> org.hibernate.type.BasicTypeReference@71d2261e
2026-02-27 17:59:13 [main] DEBUG o.hibernate.type.BasicTypeRegistry - Adding type registration double -> org.hibernate.type.BasicTypeReference@53917c92
2026-02-27 17:59:13 [main] DEBUG o.hibernate.type.BasicTypeRegistry - Adding type registration double -> org.hibernate.type.BasicTypeReference@53917c92
2026-02-27 17:59:13 [main] DEBUG o.hibernate.type.BasicTypeRegistry - Adding type registration java.lang.Double -> org.hibernate.type.BasicTypeReference@53917c92
2026-02-27 17:59:13 [main] DEBUG o.hibernate.type.BasicTypeRegistry - Adding type registration big_integer -> org.hibernate.type.BasicTypeReference@1fa796a4
2026-02-27 17:59:13 [main] DEBUG o.hibernate.type.BasicTypeRegistry - Adding type registration java.math.BigInteger -> org.hibernate.type.BasicTypeReference@1fa796a4
2026-02-27 17:59:13 [main] DEBUG o.hibernate.type.BasicTypeRegistry - Adding type registration big_decimal -> org.hibernate.type.BasicTypeReference@68de8522
2026-02-27 17:59:13 [main] DEBUG o.hibernate.type.BasicTypeRegistry - Adding type registration java.math.BigDecimal -> org.hibernate.type.BasicTypeReference@68de8522
2026-02-27 17:59:13 [main] DEBUG o.hibernate.type.BasicTypeRegistry - Adding type registration character -> org.hibernate.type.BasicTypeReference@8dcacf1
2026-02-27 17:59:13 [main] DEBUG o.hibernate.type.BasicTypeRegistry - Adding type registration char -> org.hibernate.type.BasicTypeReference@8dcacf1
2026-02-27 17:59:13 [main] DEBUG o.hibernate.type.BasicTypeRegistry - Adding type registration java.lang.Character -> org.hibernate.type.BasicTypeReference@8dcacf1
2026-02-27 17:59:13 [main] DEBUG o.hibernate.type.BasicTypeRegistry - Adding type registration character_nchar -> org.hibernate.type.BasicTypeReference@50f13494
2026-02-27 17:59:13 [main] DEBUG o.hibernate.type.BasicTypeRegistry - Adding type registration string -> org.hibernate.type.BasicTypeReference@73c09a98
2026-02-27 17:59:13 [main] DEBUG o.hibernate.type.BasicTypeRegistry - Adding type registration java.lang.String -> org.hibernate.type.BasicTypeReference@73c09a98
2026-02-27 17:59:13 [main] DEBUG o.hibernate.type.BasicTypeRegistry - Adding type registration nstring -> org.hibernate.type.BasicTypeReference@6f2bf657
2026-02-27 17:59:13 [main] DEBUG o.hibernate.type.BasicTypeRegistry - Adding type registration characters -> org.hibernate.type.BasicTypeReference@27d6467
2026-02-27 17:59:13 [main] DEBUG o.hibernate.type.BasicTypeRegistry - Adding type registration char[] -> org.hibernate.type.BasicTypeReference@27d6467
2026-02-27 17:59:13 [main] DEBUG o.hibernate.type.BasicTypeRegistry - Adding type registration [C -> org.hibernate.type.BasicTypeReference@27d6467
2026-02-27 17:59:13 [main] DEBUG o.hibernate.type.BasicTypeRegistry - Adding type registration wrapper-characters -> org.hibernate.type.BasicTypeReference@5bf1b528
2026-02-27 17:59:13 [main] DEBUG o.hibernate.type.BasicTypeRegistry - Adding type registration text -> org.hibernate.type.BasicTypeReference@2c92f094
2026-02-27 17:59:13 [main] DEBUG o.hibernate.type.BasicTypeRegistry - Adding type registration ntext -> org.hibernate.type.BasicTypeReference@1c3b221f
2026-02-27 17:59:13 [main] DEBUG o.hibernate.type.BasicTypeRegistry - Adding type registration clob -> org.hibernate.type.BasicTypeReference@750c23a3
2026-02-27 17:59:13 [main] DEBUG o.hibernate.type.BasicTypeRegistry - Adding type registration java.sql.Clob -> org.hibernate.type.BasicTypeReference@750c23a3
2026-02-27 17:59:13 [main] DEBUG o.hibernate.type.BasicTypeRegistry - Adding type registration nclob -> org.hibernate.type.BasicTypeReference@238280df
2026-02-27 17:59:13 [main] DEBUG o.hibernate.type.BasicTypeRegistry - Adding type registration java.sql.NClob -> org.hibernate.type.BasicTypeReference@238280df
2026-02-27 17:59:13 [main] DEBUG o.hibernate.type.BasicTypeRegistry - Adding type registration materialized_clob -> org.hibernate.type.BasicTypeReference@182fd26b
2026-02-27 17:59:13 [main] DEBUG o.hibernate.type.BasicTypeRegistry - Adding type registration materialized_clob_char_array -> org.hibernate.type.BasicTypeReference@5dc120ab
2026-02-27 17:59:13 [main] DEBUG o.hibernate.type.BasicTypeRegistry - Adding type registration materialized_clob_character_array -> org.hibernate.type.BasicTypeReference@49c4118b
2026-02-27 17:59:13 [main] DEBUG o.hibernate.type.BasicTypeRegistry - Adding type registration materialized_nclob -> org.hibernate.type.BasicTypeReference@7ef7f414
2026-02-27 17:59:13 [main] DEBUG o.hibernate.type.BasicTypeRegistry - Adding type registration materialized_nclob_character_array -> org.hibernate.type.BasicTypeReference@182dcd2b
2026-02-27 17:59:13 [main] DEBUG o.hibernate.type.BasicTypeRegistry - Adding type registration materialized_nclob_char_array -> org.hibernate.type.BasicTypeReference@4c3d72fd
2026-02-27 17:59:13 [main] DEBUG o.hibernate.type.BasicTypeRegistry - Adding type registration Duration -> org.hibernate.type.BasicTypeReference@259c6ab8
2026-02-27 17:59:13 [main] DEBUG o.hibernate.type.BasicTypeRegistry - Adding type registration java.time.Duration -> org.hibernate.type.BasicTypeReference@259c6ab8
2026-02-27 17:59:13 [main] DEBUG o.hibernate.type.BasicTypeRegistry - Adding type registration LocalDateTime -> org.hibernate.type.BasicTypeReference@640a6d4b
2026-02-27 17:59:13 [main] DEBUG o.hibernate.type.BasicTypeRegistry - Adding type registration java.time.LocalDateTime -> org.hibernate.type.BasicTypeReference@640a6d4b
2026-02-27 17:59:13 [main] DEBUG o.hibernate.type.BasicTypeRegistry - Adding type registration LocalDate -> org.hibernate.type.BasicTypeReference@1238a074
2026-02-27 17:59:13 [main] DEBUG o.hibernate.type.BasicTypeRegistry - Adding type registration java.time.LocalDate -> org.hibernate.type.BasicTypeReference@1238a074
2026-02-27 17:59:13 [main] DEBUG o.hibernate.type.BasicTypeRegistry - Adding type registration LocalTime -> org.hibernate.type.BasicTypeReference@35b58254
2026-02-27 17:59:13 [main] DEBUG o.hibernate.type.BasicTypeRegistry - Adding type registration java.time.LocalTime -> org.hibernate.type.BasicTypeReference@35b58254
2026-02-27 17:59:13 [main] DEBUG o.hibernate.type.BasicTypeRegistry - Adding type registration OffsetDateTime -> org.hibernate.type.BasicTypeReference@73baf7f0
2026-02-27 17:59:13 [main] DEBUG o.hibernate.type.BasicTypeRegistry - Adding type registration java.time.OffsetDateTime -> org.hibernate.type.BasicTypeReference@73baf7f0
2026-02-27 17:59:13 [main] DEBUG o.hibernate.type.BasicTypeRegistry - Adding type registration OffsetDateTimeWithTimezone -> org.hibernate.type.BasicTypeReference@446dacf9
2026-02-27 17:59:13 [main] DEBUG o.hibernate.type.BasicTypeRegistry - Adding type registration OffsetDateTimeWithoutTimezone -> org.hibernate.type.BasicTypeReference@13018f00
2026-02-27 17:59:13 [main] DEBUG o.hibernate.type.BasicTypeRegistry - Adding type registration OffsetTime -> org.hibernate.type.BasicTypeReference@abf1816
2026-02-27 17:59:13 [main] DEBUG o.hibernate.type.BasicTypeRegistry - Adding type registration java.time.OffsetTime -> org.hibernate.type.BasicTypeReference@abf1816
2026-02-27 17:59:13 [main] DEBUG o.hibernate.type.BasicTypeRegistry - Adding type registration OffsetTimeUtc -> org.hibernate.type.BasicTypeReference@2e1e7bc6
2026-02-27 17:59:13 [main] DEBUG o.hibernate.type.BasicTypeRegistry - Adding type registration OffsetTimeWithTimezone -> org.hibernate.type.BasicTypeReference@7bd1098
2026-02-27 17:59:13 [main] DEBUG o.hibernate.type.BasicTypeRegistry - Adding type registration OffsetTimeWithoutTimezone -> org.hibernate.type.BasicTypeReference@185bf6e0
2026-02-27 17:59:13 [main] DEBUG o.hibernate.type.BasicTypeRegistry - Adding type registration ZonedDateTime -> org.hibernate.type.BasicTypeReference@6a562255
2026-02-27 17:59:13 [main] DEBUG o.hibernate.type.BasicTypeRegistry - Adding type registration java.time.ZonedDateTime -> org.hibernate.type.BasicTypeReference@6a562255
2026-02-27 17:59:13 [main] DEBUG o.hibernate.type.BasicTypeRegistry - Adding type registration ZonedDateTimeWithTimezone -> org.hibernate.type.BasicTypeReference@374ba492
2026-02-27 17:59:13 [main] DEBUG o.hibernate.type.BasicTypeRegistry - Adding type registration ZonedDateTimeWithoutTimezone -> org.hibernate.type.BasicTypeReference@581d5b33
2026-02-27 17:59:13 [main] DEBUG o.hibernate.type.BasicTypeRegistry - Adding type registration date -> org.hibernate.type.BasicTypeReference@1f365a26
2026-02-27 17:59:13 [main] DEBUG o.hibernate.type.BasicTypeRegistry - Adding type registration java.sql.Date -> org.hibernate.type.BasicTypeReference@1f365a26
2026-02-27 17:59:13 [main] DEBUG o.hibernate.type.BasicTypeRegistry - Adding type registration time -> org.hibernate.type.BasicTypeReference@44a9971f
2026-02-27 17:59:13 [main] DEBUG o.hibernate.type.BasicTypeRegistry - Adding type registration java.sql.Time -> org.hibernate.type.BasicTypeReference@44a9971f
2026-02-27 17:59:13 [main] DEBUG o.hibernate.type.BasicTypeRegistry - Adding type registration timestamp -> org.hibernate.type.BasicTypeReference@2e2cd42c
2026-02-27 17:59:13 [main] DEBUG o.hibernate.type.BasicTypeRegistry - Adding type registration java.sql.Timestamp -> org.hibernate.type.BasicTypeReference@2e2cd42c
2026-02-27 17:59:13 [main] DEBUG o.hibernate.type.BasicTypeRegistry - Adding type registration java.util.Date -> org.hibernate.type.BasicTypeReference@2e2cd42c
2026-02-27 17:59:13 [main] DEBUG o.hibernate.type.BasicTypeRegistry - Adding type registration calendar -> org.hibernate.type.BasicTypeReference@1cdad619
2026-02-27 17:59:13 [main] DEBUG o.hibernate.type.BasicTypeRegistry - Adding type registration java.util.Calendar -> org.hibernate.type.BasicTypeReference@1cdad619
2026-02-27 17:59:13 [main] DEBUG o.hibernate.type.BasicTypeRegistry - Adding type registration java.util.GregorianCalendar -> org.hibernate.type.BasicTypeReference@1cdad619
2026-02-27 17:59:13 [main] DEBUG o.hibernate.type.BasicTypeRegistry - Adding type registration calendar_date -> org.hibernate.type.BasicTypeReference@319058ce
2026-02-27 17:59:13 [main] DEBUG o.hibernate.type.BasicTypeRegistry - Adding type registration calendar_time -> org.hibernate.type.BasicTypeReference@3909308c
2026-02-27 17:59:13 [main] DEBUG o.hibernate.type.BasicTypeRegistry - Adding type registration instant -> org.hibernate.type.BasicTypeReference@71cc0e35
2026-02-27 17:59:13 [main] DEBUG o.hibernate.type.BasicTypeRegistry - Adding type registration java.time.Instant -> org.hibernate.type.BasicTypeReference@71cc0e35
2026-02-27 17:59:13 [main] DEBUG o.hibernate.type.BasicTypeRegistry - Adding type registration uuid -> org.hibernate.type.BasicTypeReference@3b6c740b
2026-02-27 17:59:13 [main] DEBUG o.hibernate.type.BasicTypeRegistry - Adding type registration java.util.UUID -> org.hibernate.type.BasicTypeReference@3b6c740b
2026-02-27 17:59:13 [main] DEBUG o.hibernate.type.BasicTypeRegistry - Adding type registration pg-uuid -> org.hibernate.type.BasicTypeReference@3b6c740b
2026-02-27 17:59:13 [main] DEBUG o.hibernate.type.BasicTypeRegistry - Adding type registration uuid-binary -> org.hibernate.type.BasicTypeReference@8091d80
2026-02-27 17:59:13 [main] DEBUG o.hibernate.type.BasicTypeRegistry - Adding type registration uuid-char -> org.hibernate.type.BasicTypeReference@78f4d15d
2026-02-27 17:59:13 [main] DEBUG o.hibernate.type.BasicTypeRegistry - Adding type registration class -> org.hibernate.type.BasicTypeReference@6958d5d0
2026-02-27 17:59:13 [main] DEBUG o.hibernate.type.BasicTypeRegistry - Adding type registration java.lang.Class -> org.hibernate.type.BasicTypeReference@6958d5d0
2026-02-27 17:59:13 [main] DEBUG o.hibernate.type.BasicTypeRegistry - Adding type registration currency -> org.hibernate.type.BasicTypeReference@314c28dc
2026-02-27 17:59:13 [main] DEBUG o.hibernate.type.BasicTypeRegistry - Adding type registration Currency -> org.hibernate.type.BasicTypeReference@314c28dc
2026-02-27 17:59:13 [main] DEBUG o.hibernate.type.BasicTypeRegistry - Adding type registration java.util.Currency -> org.hibernate.type.BasicTypeReference@314c28dc
2026-02-27 17:59:13 [main] DEBUG o.hibernate.type.BasicTypeRegistry - Adding type registration locale -> org.hibernate.type.BasicTypeReference@7169d668
2026-02-27 17:59:13 [main] DEBUG o.hibernate.type.BasicTypeRegistry - Adding type registration java.util.Locale -> org.hibernate.type.BasicTypeReference@7169d668
2026-02-27 17:59:13 [main] DEBUG o.hibernate.type.BasicTypeRegistry - Adding type registration serializable -> org.hibernate.type.BasicTypeReference@2f498f21
2026-02-27 17:59:13 [main] DEBUG o.hibernate.type.BasicTypeRegistry - Adding type registration java.io.Serializable -> org.hibernate.type.BasicTypeReference@2f498f21
2026-02-27 17:59:13 [main] DEBUG o.hibernate.type.BasicTypeRegistry - Adding type registration timezone -> org.hibernate.type.BasicTypeReference@90394d
2026-02-27 17:59:13 [main] DEBUG o.hibernate.type.BasicTypeRegistry - Adding type registration java.util.TimeZone -> org.hibernate.type.BasicTypeReference@90394d
2026-02-27 17:59:13 [main] DEBUG o.hibernate.type.BasicTypeRegistry - Adding type registration ZoneOffset -> org.hibernate.type.BasicTypeReference@50caeb4b
2026-02-27 17:59:13 [main] DEBUG o.hibernate.type.BasicTypeRegistry - Adding type registration java.time.ZoneOffset -> org.hibernate.type.BasicTypeReference@50caeb4b
2026-02-27 17:59:13 [main] DEBUG o.hibernate.type.BasicTypeRegistry - Adding type registration url -> org.hibernate.type.BasicTypeReference@6fafbdac
2026-02-27 17:59:13 [main] DEBUG o.hibernate.type.BasicTypeRegistry - Adding type registration java.net.URL -> org.hibernate.type.BasicTypeReference@6fafbdac
2026-02-27 17:59:13 [main] DEBUG o.hibernate.type.BasicTypeRegistry - Adding type registration vector -> org.hibernate.type.BasicTypeReference@c7c07ff
2026-02-27 17:59:13 [main] DEBUG o.hibernate.type.BasicTypeRegistry - Adding type registration float_vector -> org.hibernate.type.BasicTypeReference@d271d6c
2026-02-27 17:59:13 [main] DEBUG o.hibernate.type.BasicTypeRegistry - Adding type registration double_vector -> org.hibernate.type.BasicTypeReference@a302f30
2026-02-27 17:59:13 [main] DEBUG o.hibernate.type.BasicTypeRegistry - Adding type registration byte_vector -> org.hibernate.type.BasicTypeReference@1860b107
2026-02-27 17:59:13 [main] DEBUG o.hibernate.type.BasicTypeRegistry - Adding type registration row_version -> org.hibernate.type.BasicTypeReference@744f0e0b
2026-02-27 17:59:13 [main] DEBUG o.hibernate.type.BasicTypeRegistry - Adding type registration object -> org.hibernate.type.JavaObjectType@5274830e
2026-02-27 17:59:13 [main] DEBUG o.hibernate.type.BasicTypeRegistry - Adding type registration java.lang.Object -> org.hibernate.type.JavaObjectType@5274830e
2026-02-27 17:59:13 [main] DEBUG o.hibernate.type.BasicTypeRegistry - Adding type registration null -> org.hibernate.type.NullType@76b019c4
2026-02-27 17:59:13 [main] DEBUG o.hibernate.type.BasicTypeRegistry - Adding type registration imm_date -> org.hibernate.type.BasicTypeReference@221961af
2026-02-27 17:59:13 [main] DEBUG o.hibernate.type.BasicTypeRegistry - Adding type registration imm_time -> org.hibernate.type.BasicTypeReference@32ddcca
2026-02-27 17:59:13 [main] DEBUG o.hibernate.type.BasicTypeRegistry - Adding type registration imm_timestamp -> org.hibernate.type.BasicTypeReference@1ddc8fc
2026-02-27 17:59:13 [main] DEBUG o.hibernate.type.BasicTypeRegistry - Adding type registration imm_calendar -> org.hibernate.type.BasicTypeReference@77d58f3a
2026-02-27 17:59:13 [main] DEBUG o.hibernate.type.BasicTypeRegistry - Adding type registration imm_calendar_date -> org.hibernate.type.BasicTypeReference@1e288c76
2026-02-27 17:59:13 [main] DEBUG o.hibernate.type.BasicTypeRegistry - Adding type registration imm_calendar_time -> org.hibernate.type.BasicTypeReference@738ed8f5
2026-02-27 17:59:13 [main] DEBUG o.hibernate.type.BasicTypeRegistry - Adding type registration imm_binary -> org.hibernate.type.BasicTypeReference@1cfb7450
2026-02-27 17:59:13 [main] DEBUG o.hibernate.type.BasicTypeRegistry - Adding type registration imm_serializable -> org.hibernate.type.BasicTypeReference@478c84aa
2026-02-27 17:59:13 [main] INFO  o.s.o.j.p.SpringPersistenceUnitInfo - No LoadTimeWeaver setup: ignoring JPA class transformer
2026-02-27 17:59:13 [main] INFO  com.zaxxer.hikari.HikariDataSource - HikariPool-1 - Starting...
2026-02-27 17:59:13 [main] INFO  com.zaxxer.hikari.pool.HikariPool - HikariPool-1 - Added connection org.postgresql.jdbc.PgConnection@16eb93af
2026-02-27 17:59:13 [main] INFO  com.zaxxer.hikari.HikariDataSource - HikariPool-1 - Start completed.
2026-02-27 17:59:13 [main] INFO  o.hibernate.orm.connections.pooling - HHH10001005: Database info:
	Database JDBC URL [Connecting through datasource 'HikariDataSource (HikariPool-1)']
	Database driver: undefined/unknown
	Database version: 16.12
	Autocommit mode: undefined/unknown
	Isolation level: undefined/unknown
	Minimum pool size: undefined/unknown
	Maximum pool size: undefined/unknown
2026-02-27 17:59:13 [main] DEBUG o.h.t.d.sql.spi.DdlTypeRegistry - addDescriptor(2003, org.hibernate.type.descriptor.sql.internal.ArrayDdlTypeImpl@2dc77962) replaced previous registration(org.hibernate.type.descriptor.sql.internal.ArrayDdlTypeImpl@32bae609)
2026-02-27 17:59:13 [main] DEBUG o.h.t.d.sql.spi.DdlTypeRegistry - addDescriptor(6, org.hibernate.type.descriptor.sql.internal.CapacityDependentDdlType@106b476a) replaced previous registration(org.hibernate.type.descriptor.sql.internal.DdlTypeImpl@6dde913e)
2026-02-27 17:59:13 [main] DEBUG o.h.t.d.jdbc.spi.JdbcTypeRegistry - addDescriptor(2004, BlobTypeDescriptor(BLOB_BINDING)) replaced previous registration(BlobTypeDescriptor(DEFAULT))
2026-02-27 17:59:13 [main] DEBUG o.h.t.d.jdbc.spi.JdbcTypeRegistry - addDescriptor(2005, ClobTypeDescriptor(CLOB_BINDING)) replaced previous registration(ClobTypeDescriptor(DEFAULT))
2026-02-27 17:59:13 [main] DEBUG o.hibernate.type.BasicTypeRegistry - Adding type registration JAVA_OBJECT -> org.hibernate.type.JavaObjectType@6413eeb7
2026-02-27 17:59:13 [main] DEBUG o.hibernate.type.BasicTypeRegistry - Adding type registration java.lang.Object -> org.hibernate.type.JavaObjectType@6413eeb7
2026-02-27 17:59:13 [main] DEBUG o.hibernate.type.BasicTypeRegistry - Type registration key [java.lang.Object] overrode previous entry : `org.hibernate.type.JavaObjectType@5274830e`
2026-02-27 17:59:13 [main] DEBUG o.hibernate.type.BasicTypeRegistry - Adding type registration org.hibernate.type.DurationType -> basicType@1(java.time.Duration,3015)
2026-02-27 17:59:13 [main] DEBUG o.hibernate.type.BasicTypeRegistry - Adding type registration Duration -> basicType@1(java.time.Duration,3015)
2026-02-27 17:59:13 [main] DEBUG o.hibernate.type.BasicTypeRegistry - Adding type registration java.time.Duration -> basicType@1(java.time.Duration,3015)
2026-02-27 17:59:13 [main] DEBUG o.hibernate.type.BasicTypeRegistry - Adding type registration org.hibernate.type.OffsetDateTimeType -> basicType@2(java.time.OffsetDateTime,3003)
2026-02-27 17:59:13 [main] DEBUG o.hibernate.type.BasicTypeRegistry - Adding type registration OffsetDateTime -> basicType@2(java.time.OffsetDateTime,3003)
2026-02-27 17:59:13 [main] DEBUG o.hibernate.type.BasicTypeRegistry - Adding type registration java.time.OffsetDateTime -> basicType@2(java.time.OffsetDateTime,3003)
2026-02-27 17:59:13 [main] DEBUG o.hibernate.type.BasicTypeRegistry - Adding type registration org.hibernate.type.ZonedDateTimeType -> basicType@3(java.time.ZonedDateTime,3003)
2026-02-27 17:59:13 [main] DEBUG o.hibernate.type.BasicTypeRegistry - Adding type registration ZonedDateTime -> basicType@3(java.time.ZonedDateTime,3003)
2026-02-27 17:59:13 [main] DEBUG o.hibernate.type.BasicTypeRegistry - Adding type registration java.time.ZonedDateTime -> basicType@3(java.time.ZonedDateTime,3003)
2026-02-27 17:59:13 [main] DEBUG o.hibernate.type.BasicTypeRegistry - Adding type registration org.hibernate.type.OffsetTimeType -> basicType@4(java.time.OffsetTime,3007)
2026-02-27 17:59:13 [main] DEBUG o.hibernate.type.BasicTypeRegistry - Adding type registration OffsetTime -> basicType@4(java.time.OffsetTime,3007)
2026-02-27 17:59:13 [main] DEBUG o.hibernate.type.BasicTypeRegistry - Adding type registration java.time.OffsetTime -> basicType@4(java.time.OffsetTime,3007)
2026-02-27 17:59:13 [main] DEBUG o.h.type.spi.TypeConfiguration$Scope - Scoping TypeConfiguration [org.hibernate.type.spi.TypeConfiguration@34d26a68] to MetadataBuildingContext [org.hibernate.boot.internal.MetadataBuildingContextRootImpl@fef2768]
2026-02-27 17:59:13 [main] INFO  o.h.e.t.j.p.i.JtaPlatformInitiator - HHH000489: No JTA platform available (set 'hibernate.transaction.jta.platform' to enable JTA platform integration)
2026-02-27 17:59:13 [main] DEBUG o.h.type.spi.TypeConfiguration$Scope - Scoping TypeConfiguration [org.hibernate.type.spi.TypeConfiguration@34d26a68] to SessionFactoryImplementor [org.hibernate.internal.SessionFactoryImpl@1fcef7]
2026-02-27 17:59:13 [main] TRACE o.h.type.spi.TypeConfiguration$Scope - Handling #sessionFactoryCreated from [org.hibernate.internal.SessionFactoryImpl@1fcef7] for TypeConfiguration
2026-02-27 17:59:13 [main] INFO  o.s.o.j.LocalContainerEntityManagerFactoryBean - Initialized JPA EntityManagerFactory for persistence unit 'default'
2026-02-27 17:59:14 [main] INFO  c.u.l.member.config.RedisConfig - Redis Streams 리스너 컨테이너 시작 (DB 0) — stream: subscription-events
2026-02-27 17:59:14 [main] DEBUG c.u.l.member.config.RedisConfig - Consumer Group 이미 존재 (정상) — stream: subscription-events, group: member-service-group
2026-02-27 17:59:14 [main] INFO  c.u.l.member.config.RedisConfig - Redis Streams 구독 등록 완료 — stream: subscription-events, group: member-service-group, consumer: member-service-1
2026-02-27 17:59:14 [main] WARN  o.s.b.a.o.j.JpaBaseConfiguration$JpaWebConfiguration - spring.jpa.open-in-view is enabled by default. Therefore, database queries may be performed during view rendering. Explicitly configure spring.jpa.open-in-view to disable this warning
2026-02-27 17:59:15 [main] INFO  o.s.s.c.a.a.c.InitializeUserDetailsBeanManagerConfigurer$InitializeUserDetailsManagerConfigurer - Global AuthenticationManager configured with UserDetailsService bean with name customUserDetailsService
2026-02-27 17:59:15 [main] INFO  o.s.b.a.e.web.EndpointLinksResolver - Exposing 3 endpoints beneath base path '/actuator'
2026-02-27 17:59:17 [main] INFO  o.s.cloud.commons.util.InetUtils - Cannot determine local hostname
2026-02-27 17:59:17 [main] INFO  o.s.b.w.e.tomcat.TomcatWebServer - Tomcat started on port 8081 (http) with context path '/'
2026-02-27 17:59:18 [main] INFO  o.s.cloud.commons.util.InetUtils - Cannot determine local hostname
2026-02-27 17:59:18 [main] INFO  c.u.l.member.MemberApplication - Started MemberApplication in 8.549 seconds (process running for 8.869)
2026-02-27 17:59:39 [http-nio-8081-exec-1] INFO  o.a.c.c.C.[Tomcat].[localhost].[/] - Initializing Spring DispatcherServlet 'dispatcherServlet'
2026-02-27 17:59:39 [http-nio-8081-exec-1] INFO  o.s.web.servlet.DispatcherServlet - Initializing Servlet 'dispatcherServlet'
2026-02-27 17:59:39 [http-nio-8081-exec-1] INFO  o.s.web.servlet.DispatcherServlet - Completed initialization in 1 ms
2026-02-27 18:00:18 [http-nio-8081-exec-4] DEBUG org.hibernate.SQL - 
    /* <criteria> */ select
        me1_0.id,
        me1_0.created_at,
        me1_0.email,
        me1_0.feedback_reminder,
        me1_0.kakao_id,
        me1_0.location_enabled,
        me1_0.member_id,
        me1_0.nickname,
        me1_0.onboarding_completed,
        me1_0.recommendation_alert,
        me1_0.updated_at 
    from
        lunchpick_member.member me1_0 
    where
        me1_0.kakao_id=?
2026-02-27 18:00:18 [http-nio-8081-exec-4] INFO  c.u.l.m.service.impl.AuthServiceImpl - 기존 회원 로그인 — memberId: 9e9447a9-3e25-4fcb-b374-8eb5a849bf87
2026-02-27 18:20:25 [http-nio-8081-exec-7] DEBUG c.u.l.m.c.j.JwtAuthenticationFilter - JWT 인증 완료 — memberId: 9e9447a9-3e25-4fcb-b374-8eb5a849bf87
2026-02-27 18:20:25 [http-nio-8081-exec-7] DEBUG org.hibernate.SQL - 
    /* <criteria> */ select
        me1_0.id,
        me1_0.created_at,
        me1_0.email,
        me1_0.feedback_reminder,
        me1_0.kakao_id,
        me1_0.location_enabled,
        me1_0.member_id,
        me1_0.nickname,
        me1_0.onboarding_completed,
        me1_0.recommendation_alert,
        me1_0.updated_at 
    from
        lunchpick_member.member me1_0 
    where
        me1_0.member_id=?
2026-02-27 18:20:25 [http-nio-8081-exec-7] DEBUG org.hibernate.SQL - 
    /* <criteria> */ select
        dre1_0.id,
        dre1_0.allergens,
        dre1_0.custom_allergens,
        dre1_0.diet_type,
        dre1_0.health_info_consent_given,
        dre1_0.member_id,
        dre1_0.updated_at 
    from
        lunchpick_member.dietary_restriction dre1_0 
    where
        dre1_0.member_id=?
2026-02-27 18:36:00 [http-nio-8081-exec-1] DEBUG org.hibernate.SQL - 
    /* <criteria> */ select
        me1_0.id,
        me1_0.created_at,
        me1_0.email,
        me1_0.feedback_reminder,
        me1_0.kakao_id,
        me1_0.location_enabled,
        me1_0.member_id,
        me1_0.nickname,
        me1_0.onboarding_completed,
        me1_0.recommendation_alert,
        me1_0.updated_at 
    from
        lunchpick_member.member me1_0 
    where
        me1_0.kakao_id=?
2026-02-27 18:36:00 [http-nio-8081-exec-1] INFO  c.u.l.m.service.impl.AuthServiceImpl - 기존 회원 로그인 — memberId: 9e9447a9-3e25-4fcb-b374-8eb5a849bf87
2026-02-27 18:47:06 [http-nio-8081-exec-10] ERROR c.u.l.m.e.GlobalExceptionHandler - 서버 내부 오류 발생
org.springframework.http.converter.HttpMessageNotReadableException: JSON parse error: Unrecognized field "kakaoAccessToken" (class com.unicorn.lunchpick.member.dto.request.KakaoLoginRequest), not marked as ignorable
	at org.springframework.http.converter.json.AbstractJackson2HttpMessageConverter.readJavaType(AbstractJackson2HttpMessageConverter.java:409)
	at org.springframework.http.converter.json.AbstractJackson2HttpMessageConverter.read(AbstractJackson2HttpMessageConverter.java:357)
	at org.springframework.web.servlet.mvc.method.annotation.AbstractMessageConverterMethodArgumentResolver.readWithMessageConverters(AbstractMessageConverterMethodArgumentResolver.java:204)
	at org.springframework.web.servlet.mvc.method.annotation.RequestResponseBodyMethodProcessor.readWithMessageConverters(RequestResponseBodyMethodProcessor.java:176)
	at org.springframework.web.servlet.mvc.method.annotation.RequestResponseBodyMethodProcessor.resolveArgument(RequestResponseBodyMethodProcessor.java:150)
	at org.springframework.web.method.support.HandlerMethodArgumentResolverComposite.resolveArgument(HandlerMethodArgumentResolverComposite.java:122)
	at org.springframework.web.method.support.InvocableHandlerMethod.getMethodArgumentValues(InvocableHandlerMethod.java:226)
	at org.springframework.web.method.support.InvocableHandlerMethod.invokeForRequest(InvocableHandlerMethod.java:180)
	at org.springframework.web.servlet.mvc.method.annotation.ServletInvocableHandlerMethod.invokeAndHandle(ServletInvocableHandlerMethod.java:118)
	at org.springframework.web.servlet.mvc.method.annotation.RequestMappingHandlerAdapter.invokeHandlerMethod(RequestMappingHandlerAdapter.java:986)
	at org.springframework.web.servlet.mvc.method.annotation.RequestMappingHandlerAdapter.handleInternal(RequestMappingHandlerAdapter.java:891)
	at org.springframework.web.servlet.mvc.method.AbstractHandlerMethodAdapter.handle(AbstractHandlerMethodAdapter.java:87)
	at org.springframework.web.servlet.DispatcherServlet.doDispatch(DispatcherServlet.java:1088)
	at org.springframework.web.servlet.DispatcherServlet.doService(DispatcherServlet.java:978)
	at org.springframework.web.servlet.FrameworkServlet.processRequest(FrameworkServlet.java:1014)
	at org.springframework.web.servlet.FrameworkServlet.doPost(FrameworkServlet.java:914)
	at jakarta.servlet.http.HttpServlet.service(HttpServlet.java:590)
	at org.springframework.web.servlet.FrameworkServlet.service(FrameworkServlet.java:885)
	at jakarta.servlet.http.HttpServlet.service(HttpServlet.java:658)
	at org.apache.catalina.core.ApplicationFilterChain.internalDoFilter(ApplicationFilterChain.java:195)
	at org.apache.catalina.core.ApplicationFilterChain.doFilter(ApplicationFilterChain.java:140)
	at org.apache.tomcat.websocket.server.WsFilter.doFilter(WsFilter.java:51)
	at org.apache.catalina.core.ApplicationFilterChain.internalDoFilter(ApplicationFilterChain.java:164)
	at org.apache.catalina.core.ApplicationFilterChain.doFilter(ApplicationFilterChain.java:140)
	at org.springframework.web.filter.CompositeFilter$VirtualFilterChain.doFilter(CompositeFilter.java:108)
	at org.springframework.security.web.FilterChainProxy.lambda$doFilterInternal$3(FilterChainProxy.java:231)
	at org.springframework.security.web.ObservationFilterChainDecorator$FilterObservation$SimpleFilterObservation.lambda$wrap$1(ObservationFilterChainDecorator.java:479)
	at org.springframework.security.web.ObservationFilterChainDecorator$AroundFilterObservation$SimpleAroundFilterObservation.lambda$wrap$1(ObservationFilterChainDecorator.java:340)
	at org.springframework.security.web.ObservationFilterChainDecorator.lambda$wrapSecured$0(ObservationFilterChainDecorator.java:82)
	at org.springframework.security.web.ObservationFilterChainDecorator$VirtualFilterChain.doFilter(ObservationFilterChainDecorator.java:128)
	at org.springframework.security.web.access.intercept.AuthorizationFilter.doFilter(AuthorizationFilter.java:101)
	at org.springframework.security.web.ObservationFilterChainDecorator$ObservationFilter.wrapFilter(ObservationFilterChainDecorator.java:240)
	at org.springframework.security.web.ObservationFilterChainDecorator$ObservationFilter.doFilter(ObservationFilterChainDecorator.java:227)
	at org.springframework.security.web.ObservationFilterChainDecorator$VirtualFilterChain.doFilter(ObservationFilterChainDecorator.java:137)
	at org.springframework.security.web.access.ExceptionTranslationFilter.doFilter(ExceptionTranslationFilter.java:126)
	at org.springframework.security.web.access.ExceptionTranslationFilter.doFilter(ExceptionTranslationFilter.java:120)
	at org.springframework.security.web.ObservationFilterChainDecorator$ObservationFilter.wrapFilter(ObservationFilterChainDecorator.java:240)
	at org.springframework.security.web.ObservationFilterChainDecorator$ObservationFilter.doFilter(ObservationFilterChainDecorator.java:227)
	at org.springframework.security.web.ObservationFilterChainDecorator$VirtualFilterChain.doFilter(ObservationFilterChainDecorator.java:137)
	at org.springframework.security.web.session.SessionManagementFilter.doFilter(SessionManagementFilter.java:131)
	at org.springframework.security.web.session.SessionManagementFilter.doFilter(SessionManagementFilter.java:85)
	at org.springframework.security.web.ObservationFilterChainDecorator$ObservationFilter.wrapFilter(ObservationFilterChainDecorator.java:240)
	at org.springframework.security.web.ObservationFilterChainDecorator$ObservationFilter.doFilter(ObservationFilterChainDecorator.java:227)
	at org.springframework.security.web.ObservationFilterChainDecorator$VirtualFilterChain.doFilter(ObservationFilterChainDecorator.java:137)
	at org.springframework.security.web.authentication.AnonymousAuthenticationFilter.doFilter(AnonymousAuthenticationFilter.java:100)
	at org.springframework.security.web.ObservationFilterChainDecorator$ObservationFilter.wrapFilter(ObservationFilterChainDecorator.java:240)
	at org.springframework.security.web.ObservationFilterChainDecorator$ObservationFilter.doFilter(ObservationFilterChainDecorator.java:227)
	at org.springframework.security.web.ObservationFilterChainDecorator$VirtualFilterChain.doFilter(ObservationFilterChainDecorator.java:137)
	at org.springframework.security.web.servletapi.SecurityContextHolderAwareRequestFilter.doFilter(SecurityContextHolderAwareRequestFilter.java:179)
	at org.springframework.security.web.ObservationFilterChainDecorator$ObservationFilter.wrapFilter(ObservationFilterChainDecorator.java:240)
	at org.springframework.security.web.ObservationFilterChainDecorator$ObservationFilter.doFilter(ObservationFilterChainDecorator.java:227)
	at org.springframework.security.web.ObservationFilterChainDecorator$VirtualFilterChain.doFilter(ObservationFilterChainDecorator.java:137)
	at org.springframework.security.web.savedrequest.RequestCacheAwareFilter.doFilter(RequestCacheAwareFilter.java:63)
	at org.springframework.security.web.ObservationFilterChainDecorator$ObservationFilter.wrapFilter(ObservationFilterChainDecorator.java:240)
	at org.springframework.security.web.ObservationFilterChainDecorator$ObservationFilter.doFilter(ObservationFilterChainDecorator.java:227)
	at org.springframework.security.web.ObservationFilterChainDecorator$VirtualFilterChain.doFilter(ObservationFilterChainDecorator.java:137)
	at org.springframework.web.filter.OncePerRequestFilter.doFilter(OncePerRequestFilter.java:101)
	at org.springframework.security.web.ObservationFilterChainDecorator$ObservationFilter.wrapFilter(ObservationFilterChainDecorator.java:240)
	at org.springframework.security.web.ObservationFilterChainDecorator$ObservationFilter.doFilter(ObservationFilterChainDecorator.java:227)
	at org.springframework.security.web.ObservationFilterChainDecorator$VirtualFilterChain.doFilter(ObservationFilterChainDecorator.java:137)
	at org.springframework.security.web.authentication.logout.LogoutFilter.doFilter(LogoutFilter.java:107)
	at org.springframework.security.web.authentication.logout.LogoutFilter.doFilter(LogoutFilter.java:93)
	at org.springframework.security.web.ObservationFilterChainDecorator$ObservationFilter.wrapFilter(ObservationFilterChainDecorator.java:240)
	at org.springframework.security.web.ObservationFilterChainDecorator$ObservationFilter.doFilter(ObservationFilterChainDecorator.java:227)
	at org.springframework.security.web.ObservationFilterChainDecorator$VirtualFilterChain.doFilter(ObservationFilterChainDecorator.java:137)
	at org.springframework.web.filter.CorsFilter.doFilterInternal(CorsFilter.java:91)
	at org.springframework.web.filter.OncePerRequestFilter.doFilter(OncePerRequestFilter.java:116)
	at org.springframework.security.web.ObservationFilterChainDecorator$ObservationFilter.wrapFilter(ObservationFilterChainDecorator.java:240)
	at org.springframework.security.web.ObservationFilterChainDecorator$ObservationFilter.doFilter(ObservationFilterChainDecorator.java:227)
	at org.springframework.security.web.ObservationFilterChainDecorator$VirtualFilterChain.doFilter(ObservationFilterChainDecorator.java:137)
	at org.springframework.security.web.header.HeaderWriterFilter.doHeadersAfter(HeaderWriterFilter.java:90)
	at org.springframework.security.web.header.HeaderWriterFilter.doFilterInternal(HeaderWriterFilter.java:75)
	at org.springframework.web.filter.OncePerRequestFilter.doFilter(OncePerRequestFilter.java:116)
	at org.springframework.security.web.ObservationFilterChainDecorator$ObservationFilter.wrapFilter(ObservationFilterChainDecorator.java:240)
	at org.springframework.security.web.ObservationFilterChainDecorator$ObservationFilter.doFilter(ObservationFilterChainDecorator.java:227)
	at org.springframework.security.web.ObservationFilterChainDecorator$VirtualFilterChain.doFilter(ObservationFilterChainDecorator.java:137)
	at org.springframework.security.web.context.SecurityContextHolderFilter.doFilter(SecurityContextHolderFilter.java:82)
	at org.springframework.security.web.context.SecurityContextHolderFilter.doFilter(SecurityContextHolderFilter.java:69)
	at org.springframework.security.web.ObservationFilterChainDecorator$ObservationFilter.wrapFilter(ObservationFilterChainDecorator.java:240)
	at org.springframework.security.web.ObservationFilterChainDecorator$ObservationFilter.doFilter(ObservationFilterChainDecorator.java:227)
	at org.springframework.security.web.ObservationFilterChainDecorator$VirtualFilterChain.doFilter(ObservationFilterChainDecorator.java:137)
	at org.springframework.security.web.context.request.async.WebAsyncManagerIntegrationFilter.doFilterInternal(WebAsyncManagerIntegrationFilter.java:62)
	at org.springframework.web.filter.OncePerRequestFilter.doFilter(OncePerRequestFilter.java:116)
	at org.springframework.security.web.ObservationFilterChainDecorator$ObservationFilter.wrapFilter(ObservationFilterChainDecorator.java:240)
	at org.springframework.security.web.ObservationFilterChainDecorator$ObservationFilter.doFilter(ObservationFilterChainDecorator.java:227)
	at org.springframework.security.web.ObservationFilterChainDecorator$VirtualFilterChain.doFilter(ObservationFilterChainDecorator.java:137)
	at org.springframework.security.web.session.DisableEncodeUrlFilter.doFilterInternal(DisableEncodeUrlFilter.java:42)
	at org.springframework.web.filter.OncePerRequestFilter.doFilter(OncePerRequestFilter.java:116)
	at org.springframework.security.web.ObservationFilterChainDecorator$ObservationFilter.wrapFilter(ObservationFilterChainDecorator.java:240)
	at org.springframework.security.web.ObservationFilterChainDecorator$AroundFilterObservation$SimpleAroundFilterObservation.lambda$wrap$0(ObservationFilterChainDecorator.java:323)
	at org.springframework.security.web.ObservationFilterChainDecorator$ObservationFilter.doFilter(ObservationFilterChainDecorator.java:224)
	at org.springframework.security.web.ObservationFilterChainDecorator$VirtualFilterChain.doFilter(ObservationFilterChainDecorator.java:137)
	at org.springframework.security.web.FilterChainProxy.doFilterInternal(FilterChainProxy.java:233)
	at org.springframework.security.web.FilterChainProxy.doFilter(FilterChainProxy.java:191)
	at org.springframework.web.filter.CompositeFilter$VirtualFilterChain.doFilter(CompositeFilter.java:113)
	at org.springframework.web.servlet.handler.HandlerMappingIntrospector.lambda$createCacheFilter$3(HandlerMappingIntrospector.java:243)
	at org.springframework.web.filter.CompositeFilter$VirtualFilterChain.doFilter(CompositeFilter.java:113)
	at org.springframework.web.filter.CompositeFilter.doFilter(CompositeFilter.java:74)
	at org.springframework.security.config.annotation.web.configuration.WebMvcSecurityConfiguration$CompositeFilterChainProxy.doFilter(WebMvcSecurityConfiguration.java:238)
	at org.springframework.web.filter.DelegatingFilterProxy.invokeDelegate(DelegatingFilterProxy.java:362)
	at org.springframework.web.filter.DelegatingFilterProxy.doFilter(DelegatingFilterProxy.java:278)
	at org.apache.catalina.core.ApplicationFilterChain.internalDoFilter(ApplicationFilterChain.java:164)
	at org.apache.catalina.core.ApplicationFilterChain.doFilter(ApplicationFilterChain.java:140)
	at org.springframework.web.filter.RequestContextFilter.doFilterInternal(RequestContextFilter.java:100)
	at org.springframework.web.filter.OncePerRequestFilter.doFilter(OncePerRequestFilter.java:116)
	at org.apache.catalina.core.ApplicationFilterChain.internalDoFilter(ApplicationFilterChain.java:164)
	at org.apache.catalina.core.ApplicationFilterChain.doFilter(ApplicationFilterChain.java:140)
	at org.springframework.web.filter.FormContentFilter.doFilterInternal(FormContentFilter.java:93)
	at org.springframework.web.filter.OncePerRequestFilter.doFilter(OncePerRequestFilter.java:116)
	at org.apache.catalina.core.ApplicationFilterChain.internalDoFilter(ApplicationFilterChain.java:164)
	at org.apache.catalina.core.ApplicationFilterChain.doFilter(ApplicationFilterChain.java:140)
	at org.springframework.web.filter.ServerHttpObservationFilter.doFilterInternal(ServerHttpObservationFilter.java:114)
	at org.springframework.web.filter.OncePerRequestFilter.doFilter(OncePerRequestFilter.java:116)
	at org.apache.catalina.core.ApplicationFilterChain.internalDoFilter(ApplicationFilterChain.java:164)
	at org.apache.catalina.core.ApplicationFilterChain.doFilter(ApplicationFilterChain.java:140)
	at org.springframework.web.filter.CharacterEncodingFilter.doFilterInternal(CharacterEncodingFilter.java:201)
	at org.springframework.web.filter.OncePerRequestFilter.doFilter(OncePerRequestFilter.java:116)
	at org.apache.catalina.core.ApplicationFilterChain.internalDoFilter(ApplicationFilterChain.java:164)
	at org.apache.catalina.core.ApplicationFilterChain.doFilter(ApplicationFilterChain.java:140)
	at org.apache.catalina.core.StandardWrapperValve.invoke(StandardWrapperValve.java:167)
	at org.apache.catalina.core.StandardContextValve.invoke(StandardContextValve.java:90)
	at org.apache.catalina.authenticator.AuthenticatorBase.invoke(AuthenticatorBase.java:483)
	at org.apache.catalina.core.StandardHostValve.invoke(StandardHostValve.java:115)
	at org.apache.catalina.valves.ErrorReportValve.invoke(ErrorReportValve.java:93)
	at org.apache.catalina.core.StandardEngineValve.invoke(StandardEngineValve.java:74)
	at org.apache.catalina.connector.CoyoteAdapter.service(CoyoteAdapter.java:344)
	at org.apache.coyote.http11.Http11Processor.service(Http11Processor.java:397)
	at org.apache.coyote.AbstractProcessorLight.process(AbstractProcessorLight.java:63)
	at org.apache.coyote.AbstractProtocol$ConnectionHandler.process(AbstractProtocol.java:905)
	at org.apache.tomcat.util.net.NioEndpoint$SocketProcessor.doRun(NioEndpoint.java:1741)
	at org.apache.tomcat.util.net.SocketProcessorBase.run(SocketProcessorBase.java:52)
	at org.apache.tomcat.util.threads.ThreadPoolExecutor.runWorker(ThreadPoolExecutor.java:1190)
	at org.apache.tomcat.util.threads.ThreadPoolExecutor$Worker.run(ThreadPoolExecutor.java:659)
	at org.apache.tomcat.util.threads.TaskThread$WrappingRunnable.run(TaskThread.java:63)
	at java.base/java.lang.Thread.run(Thread.java:1583)
Caused by: com.fasterxml.jackson.databind.exc.UnrecognizedPropertyException: Unrecognized field "kakaoAccessToken" (class com.unicorn.lunchpick.member.dto.request.KakaoLoginRequest), not marked as ignorable (one known property: "authorizationCode"])
 at [Source: REDACTED (`StreamReadFeature.INCLUDE_SOURCE_IN_LOCATION` disabled); line: 1, column: 34] (through reference chain: com.unicorn.lunchpick.member.dto.request.KakaoLoginRequest["kakaoAccessToken"])
	at com.fasterxml.jackson.databind.exc.UnrecognizedPropertyException.from(UnrecognizedPropertyException.java:61)
	at com.fasterxml.jackson.databind.DeserializationContext.handleUnknownProperty(DeserializationContext.java:1153)
	at com.fasterxml.jackson.databind.deser.std.StdDeserializer.handleUnknownProperty(StdDeserializer.java:2241)
	at com.fasterxml.jackson.databind.deser.BeanDeserializerBase.handleUnknownProperty(BeanDeserializerBase.java:1821)
	at com.fasterxml.jackson.databind.deser.BeanDeserializerBase.handleUnknownProperties(BeanDeserializerBase.java:1771)
	at com.fasterxml.jackson.databind.deser.BeanDeserializer._deserializeUsingPropertyBased(BeanDeserializer.java:561)
	at com.fasterxml.jackson.databind.deser.BeanDeserializerBase.deserializeFromObjectUsingNonDefault(BeanDeserializerBase.java:1497)
	at com.fasterxml.jackson.databind.deser.BeanDeserializer.deserializeFromObject(BeanDeserializer.java:348)
	at com.fasterxml.jackson.databind.deser.BeanDeserializer.deserialize(BeanDeserializer.java:185)
	at com.fasterxml.jackson.databind.deser.DefaultDeserializationContext.readRootValue(DefaultDeserializationContext.java:342)
	at com.fasterxml.jackson.databind.ObjectReader._bindAndClose(ObjectReader.java:2125)
	at com.fasterxml.jackson.databind.ObjectReader.readValue(ObjectReader.java:1501)
	at org.springframework.http.converter.json.AbstractJackson2HttpMessageConverter.readJavaType(AbstractJackson2HttpMessageConverter.java:398)
	... 134 common frames omitted
2026-02-27 18:47:07 [http-nio-8081-exec-1] INFO  o.s.api.AbstractOpenApiResource - Init duration for springdoc-openapi is: 220 ms
2026-02-27 18:47:13 [http-nio-8081-exec-2] DEBUG org.hibernate.SQL - 
    /* <criteria> */ select
        me1_0.id,
        me1_0.created_at,
        me1_0.email,
        me1_0.feedback_reminder,
        me1_0.kakao_id,
        me1_0.location_enabled,
        me1_0.member_id,
        me1_0.nickname,
        me1_0.onboarding_completed,
        me1_0.recommendation_alert,
        me1_0.updated_at 
    from
        lunchpick_member.member me1_0 
    where
        me1_0.nickname=?
2026-02-27 18:53:48 [http-nio-8081-exec-4] DEBUG org.hibernate.SQL - 
    /* <criteria> */ select
        me1_0.id,
        me1_0.created_at,
        me1_0.email,
        me1_0.feedback_reminder,
        me1_0.kakao_id,
        me1_0.location_enabled,
        me1_0.member_id,
        me1_0.nickname,
        me1_0.onboarding_completed,
        me1_0.recommendation_alert,
        me1_0.updated_at 
    from
        lunchpick_member.member me1_0 
    where
        me1_0.nickname=?
2026-02-27 19:11:15 [http-nio-8081-exec-6] DEBUG org.hibernate.SQL - 
    /* <criteria> */ select
        me1_0.id,
        me1_0.created_at,
        me1_0.email,
        me1_0.feedback_reminder,
        me1_0.kakao_id,
        me1_0.location_enabled,
        me1_0.member_id,
        me1_0.nickname,
        me1_0.onboarding_completed,
        me1_0.recommendation_alert,
        me1_0.updated_at 
    from
        lunchpick_member.member me1_0 
    where
        me1_0.nickname=?
2026-02-27 19:11:30 [http-nio-8081-exec-8] DEBUG org.hibernate.SQL - 
    /* <criteria> */ select
        me1_0.id,
        me1_0.created_at,
        me1_0.email,
        me1_0.feedback_reminder,
        me1_0.kakao_id,
        me1_0.location_enabled,
        me1_0.member_id,
        me1_0.nickname,
        me1_0.onboarding_completed,
        me1_0.recommendation_alert,
        me1_0.updated_at 
    from
        lunchpick_member.member me1_0 
    where
        me1_0.nickname=?
2026-02-27 19:12:28 [http-nio-8081-exec-10] DEBUG org.hibernate.SQL - 
    /* <criteria> */ select
        me1_0.id,
        me1_0.created_at,
        me1_0.email,
        me1_0.feedback_reminder,
        me1_0.kakao_id,
        me1_0.location_enabled,
        me1_0.member_id,
        me1_0.nickname,
        me1_0.onboarding_completed,
        me1_0.recommendation_alert,
        me1_0.updated_at 
    from
        lunchpick_member.member me1_0 
    where
        me1_0.nickname=?
2026-02-27 19:42:10 [http-nio-8081-exec-2] DEBUG org.hibernate.SQL - 
    /* <criteria> */ select
        me1_0.id,
        me1_0.created_at,
        me1_0.email,
        me1_0.feedback_reminder,
        me1_0.kakao_id,
        me1_0.location_enabled,
        me1_0.member_id,
        me1_0.nickname,
        me1_0.onboarding_completed,
        me1_0.recommendation_alert,
        me1_0.updated_at 
    from
        lunchpick_member.member me1_0 
    where
        me1_0.nickname=?
2026-02-27 19:44:32 [http-nio-8081-exec-4] DEBUG org.hibernate.SQL - 
    /* <criteria> */ select
        me1_0.id,
        me1_0.created_at,
        me1_0.email,
        me1_0.feedback_reminder,
        me1_0.kakao_id,
        me1_0.location_enabled,
        me1_0.member_id,
        me1_0.nickname,
        me1_0.onboarding_completed,
        me1_0.recommendation_alert,
        me1_0.updated_at 
    from
        lunchpick_member.member me1_0 
    where
        me1_0.nickname=?
2026-02-27 19:48:37 [http-nio-8081-exec-6] DEBUG org.hibernate.SQL - 
    /* <criteria> */ select
        me1_0.id,
        me1_0.created_at,
        me1_0.email,
        me1_0.feedback_reminder,
        me1_0.kakao_id,
        me1_0.location_enabled,
        me1_0.member_id,
        me1_0.nickname,
        me1_0.onboarding_completed,
        me1_0.recommendation_alert,
        me1_0.updated_at 
    from
        lunchpick_member.member me1_0 
    where
        me1_0.nickname=?
2026-02-27 19:49:08 [http-nio-8081-exec-8] DEBUG org.hibernate.SQL - 
    /* <criteria> */ select
        me1_0.id,
        me1_0.created_at,
        me1_0.email,
        me1_0.feedback_reminder,
        me1_0.kakao_id,
        me1_0.location_enabled,
        me1_0.member_id,
        me1_0.nickname,
        me1_0.onboarding_completed,
        me1_0.recommendation_alert,
        me1_0.updated_at 
    from
        lunchpick_member.member me1_0 
    where
        me1_0.nickname=?
2026-02-27 19:49:47 [http-nio-8081-exec-10] DEBUG org.hibernate.SQL - 
    /* <criteria> */ select
        me1_0.id,
        me1_0.created_at,
        me1_0.email,
        me1_0.feedback_reminder,
        me1_0.kakao_id,
        me1_0.location_enabled,
        me1_0.member_id,
        me1_0.nickname,
        me1_0.onboarding_completed,
        me1_0.recommendation_alert,
        me1_0.updated_at 
    from
        lunchpick_member.member me1_0 
    where
        me1_0.nickname=?
2026-02-27 19:50:49 [http-nio-8081-exec-2] DEBUG org.hibernate.SQL - 
    /* <criteria> */ select
        me1_0.id,
        me1_0.created_at,
        me1_0.email,
        me1_0.feedback_reminder,
        me1_0.kakao_id,
        me1_0.location_enabled,
        me1_0.member_id,
        me1_0.nickname,
        me1_0.onboarding_completed,
        me1_0.recommendation_alert,
        me1_0.updated_at 
    from
        lunchpick_member.member me1_0 
    where
        me1_0.nickname=?
2026-02-27 19:51:46 [lettuce-nioEventLoop-4-28] INFO  i.l.core.protocol.CommandHandler - null Unexpected exception during request: java.net.SocketException: Connection reset
java.net.SocketException: Connection reset
	at java.base/sun.nio.ch.SocketChannelImpl.throwConnectionReset(SocketChannelImpl.java:401)
	at java.base/sun.nio.ch.SocketChannelImpl.read(SocketChannelImpl.java:434)
	at io.netty.buffer.PooledByteBuf.setBytes(PooledByteBuf.java:255)
	at io.netty.buffer.AbstractByteBuf.writeBytes(AbstractByteBuf.java:1132)
	at io.netty.channel.socket.nio.NioSocketChannel.doReadBytes(NioSocketChannel.java:356)
	at io.netty.channel.nio.AbstractNioByteChannel$NioByteUnsafe.read(AbstractNioByteChannel.java:151)
	at io.netty.channel.nio.NioEventLoop.processSelectedKey(NioEventLoop.java:788)
	at io.netty.channel.nio.NioEventLoop.processSelectedKeysOptimized(NioEventLoop.java:724)
	at io.netty.channel.nio.NioEventLoop.processSelectedKeys(NioEventLoop.java:650)
	at io.netty.channel.nio.NioEventLoop.run(NioEventLoop.java:562)
	at io.netty.util.concurrent.SingleThreadEventExecutor$4.run(SingleThreadEventExecutor.java:997)
	at io.netty.util.internal.ThreadExecutorMap$2.run(ThreadExecutorMap.java:74)
	at io.netty.util.concurrent.FastThreadLocalRunnable.run(FastThreadLocalRunnable.java:30)
	at java.base/java.lang.Thread.run(Thread.java:1583)
2026-02-27 19:51:46 [SimpleAsyncTaskExecutor-1] ERROR o.s.d.r.s.DefaultStreamMessageListenerContainer$LoggingErrorHandler - Unexpected error occurred in scheduled task
org.springframework.data.redis.RedisSystemException: Redis exception
	at org.springframework.data.redis.connection.lettuce.LettuceExceptionConverter.convert(LettuceExceptionConverter.java:72)
	at org.springframework.data.redis.connection.lettuce.LettuceExceptionConverter.convert(LettuceExceptionConverter.java:41)
	at org.springframework.data.redis.PassThroughExceptionTranslationStrategy.translate(PassThroughExceptionTranslationStrategy.java:40)
	at org.springframework.data.redis.FallbackExceptionTranslationStrategy.translate(FallbackExceptionTranslationStrategy.java:38)
	at org.springframework.data.redis.connection.lettuce.LettuceConnection.convertLettuceAccessException(LettuceConnection.java:310)
	at org.springframework.data.redis.connection.lettuce.LettuceConnection.await(LettuceConnection.java:1012)
	at org.springframework.data.redis.connection.lettuce.LettuceConnection.lambda$doInvoke$3(LettuceConnection.java:447)
	at org.springframework.data.redis.connection.lettuce.LettuceInvoker$Synchronizer.invoke(LettuceInvoker.java:673)
	at org.springframework.data.redis.connection.lettuce.LettuceInvoker$DefaultManyInvocationSpec.toList(LettuceInvoker.java:618)
	at org.springframework.data.redis.connection.lettuce.LettuceStreamCommands.xReadGroup(LettuceStreamCommands.java:282)
	at org.springframework.data.redis.stream.DefaultStreamMessageListenerContainer.lambda$getReadFunction$3(DefaultStreamMessageListenerContainer.java:234)
	at org.springframework.data.redis.core.RedisTemplate.execute(RedisTemplate.java:411)
	at org.springframework.data.redis.core.RedisTemplate.execute(RedisTemplate.java:378)
	at org.springframework.data.redis.core.RedisTemplate.execute(RedisTemplate.java:365)
	at org.springframework.data.redis.stream.DefaultStreamMessageListenerContainer.lambda$getReadFunction$4(DefaultStreamMessageListenerContainer.java:233)
	at org.springframework.data.redis.stream.StreamPollTask.readRecords(StreamPollTask.java:146)
	at org.springframework.data.redis.stream.StreamPollTask.doLoop(StreamPollTask.java:127)
	at org.springframework.data.redis.stream.StreamPollTask.run(StreamPollTask.java:112)
	at java.base/java.lang.Thread.run(Thread.java:1583)
Caused by: io.lettuce.core.RedisException: java.net.SocketException: Connection reset
	at io.lettuce.core.internal.Exceptions.bubble(Exceptions.java:68)
	at io.lettuce.core.internal.Futures.awaitOrCancel(Futures.java:237)
	at io.lettuce.core.LettuceFutures.awaitOrCancel(LettuceFutures.java:59)
	at org.springframework.data.redis.connection.lettuce.LettuceConnection.await(LettuceConnection.java:1010)
	... 13 common frames omitted
Caused by: java.net.SocketException: Connection reset
	at java.base/sun.nio.ch.SocketChannelImpl.throwConnectionReset(SocketChannelImpl.java:401)
	at java.base/sun.nio.ch.SocketChannelImpl.read(SocketChannelImpl.java:434)
	at io.netty.buffer.PooledByteBuf.setBytes(PooledByteBuf.java:255)
	at io.netty.buffer.AbstractByteBuf.writeBytes(AbstractByteBuf.java:1132)
	at io.netty.channel.socket.nio.NioSocketChannel.doReadBytes(NioSocketChannel.java:356)
	at io.netty.channel.nio.AbstractNioByteChannel$NioByteUnsafe.read(AbstractNioByteChannel.java:151)
	at io.netty.channel.nio.NioEventLoop.processSelectedKey(NioEventLoop.java:788)
	at io.netty.channel.nio.NioEventLoop.processSelectedKeysOptimized(NioEventLoop.java:724)
	at io.netty.channel.nio.NioEventLoop.processSelectedKeys(NioEventLoop.java:650)
	at io.netty.channel.nio.NioEventLoop.run(NioEventLoop.java:562)
	at io.netty.util.concurrent.SingleThreadEventExecutor$4.run(SingleThreadEventExecutor.java:997)
	at io.netty.util.internal.ThreadExecutorMap$2.run(ThreadExecutorMap.java:74)
	at io.netty.util.concurrent.FastThreadLocalRunnable.run(FastThreadLocalRunnable.java:30)
	... 1 common frames omitted
2026-02-27 19:51:46 [lettuce-nioEventLoop-4-1] INFO  i.l.core.protocol.CommandHandler - null Unexpected exception during request: java.net.SocketException: Connection reset
java.net.SocketException: Connection reset
	at java.base/sun.nio.ch.SocketChannelImpl.throwConnectionReset(SocketChannelImpl.java:401)
	at java.base/sun.nio.ch.SocketChannelImpl.read(SocketChannelImpl.java:434)
	at io.netty.buffer.PooledByteBuf.setBytes(PooledByteBuf.java:255)
	at io.netty.buffer.AbstractByteBuf.writeBytes(AbstractByteBuf.java:1132)
	at io.netty.channel.socket.nio.NioSocketChannel.doReadBytes(NioSocketChannel.java:356)
	at io.netty.channel.nio.AbstractNioByteChannel$NioByteUnsafe.read(AbstractNioByteChannel.java:151)
	at io.netty.channel.nio.NioEventLoop.processSelectedKey(NioEventLoop.java:788)
	at io.netty.channel.nio.NioEventLoop.processSelectedKeysOptimized(NioEventLoop.java:724)
	at io.netty.channel.nio.NioEventLoop.processSelectedKeys(NioEventLoop.java:650)
	at io.netty.channel.nio.NioEventLoop.run(NioEventLoop.java:562)
	at io.netty.util.concurrent.SingleThreadEventExecutor$4.run(SingleThreadEventExecutor.java:997)
	at io.netty.util.internal.ThreadExecutorMap$2.run(ThreadExecutorMap.java:74)
	at io.netty.util.concurrent.FastThreadLocalRunnable.run(FastThreadLocalRunnable.java:30)
	at java.base/java.lang.Thread.run(Thread.java:1583)
2026-02-27 19:51:46 [lettuce-eventExecutorLoop-1-2] INFO  i.l.core.protocol.ConnectionWatchdog - Reconnecting, last destination was localhost/127.0.0.1:16379
2026-02-27 19:51:46 [lettuce-eventExecutorLoop-1-3] INFO  i.l.core.protocol.ConnectionWatchdog - Reconnecting, last destination was localhost/127.0.0.1:16379
2026-02-27 19:51:46 [lettuce-nioEventLoop-4-20] WARN  i.l.core.protocol.ConnectionWatchdog - Cannot reconnect to [localhost/<unresolved>:16379]: Connection refused: no further information: localhost/127.0.0.1:16379
2026-02-27 19:51:46 [lettuce-nioEventLoop-4-19] WARN  i.l.core.protocol.ConnectionWatchdog - Cannot reconnect to [localhost/<unresolved>:16379]: Connection refused: no further information: localhost/127.0.0.1:16379
2026-02-27 19:51:55 [lettuce-eventExecutorLoop-1-26] INFO  i.l.core.protocol.ConnectionWatchdog - Reconnecting, last destination was localhost/<unresolved>:16379
2026-02-27 19:51:55 [lettuce-eventExecutorLoop-1-27] INFO  i.l.core.protocol.ConnectionWatchdog - Reconnecting, last destination was localhost/<unresolved>:16379
2026-02-27 19:51:55 [lettuce-nioEventLoop-4-11] WARN  i.l.core.protocol.ConnectionWatchdog - Cannot reconnect to [localhost/<unresolved>:16379]: Connection refused: no further information: localhost/127.0.0.1:16379
2026-02-27 19:51:55 [lettuce-nioEventLoop-4-12] WARN  i.l.core.protocol.ConnectionWatchdog - Cannot reconnect to [localhost/<unresolved>:16379]: Connection refused: no further information: localhost/127.0.0.1:16379
2026-02-27 19:52:03 [lettuce-eventExecutorLoop-1-28] INFO  i.l.core.protocol.ConnectionWatchdog - Reconnecting, last destination was localhost/<unresolved>:16379
2026-02-27 19:52:03 [lettuce-nioEventLoop-4-13] WARN  i.l.core.protocol.ConnectionWatchdog - Cannot reconnect to [localhost/<unresolved>:16379]: Connection refused: no further information: localhost/127.0.0.1:16379
2026-02-27 19:52:03 [lettuce-eventExecutorLoop-1-29] INFO  i.l.core.protocol.ConnectionWatchdog - Reconnecting, last destination was localhost/<unresolved>:16379
2026-02-27 19:52:03 [lettuce-nioEventLoop-4-14] WARN  i.l.core.protocol.ConnectionWatchdog - Cannot reconnect to [localhost/<unresolved>:16379]: Connection refused: no further information: localhost/127.0.0.1:16379
2026-02-27 19:52:19 [lettuce-eventExecutorLoop-1-30] INFO  i.l.core.protocol.ConnectionWatchdog - Reconnecting, last destination was localhost/<unresolved>:16379
2026-02-27 19:52:19 [lettuce-nioEventLoop-4-15] WARN  i.l.core.protocol.ConnectionWatchdog - Cannot reconnect to [localhost/<unresolved>:16379]: Connection refused: no further information: localhost/127.0.0.1:16379
2026-02-27 19:52:19 [lettuce-eventExecutorLoop-1-31] INFO  i.l.core.protocol.ConnectionWatchdog - Reconnecting, last destination was localhost/<unresolved>:16379
2026-02-27 19:52:19 [lettuce-nioEventLoop-4-16] WARN  i.l.core.protocol.ConnectionWatchdog - Cannot reconnect to [localhost/<unresolved>:16379]: Connection refused: no further information: localhost/127.0.0.1:16379
2026-02-27 19:52:21 [http-nio-8081-exec-4] DEBUG org.hibernate.SQL - 
    /* <criteria> */ select
        me1_0.id,
        me1_0.created_at,
        me1_0.email,
        me1_0.feedback_reminder,
        me1_0.kakao_id,
        me1_0.location_enabled,
        me1_0.member_id,
        me1_0.nickname,
        me1_0.onboarding_completed,
        me1_0.recommendation_alert,
        me1_0.updated_at 
    from
        lunchpick_member.member me1_0 
    where
        me1_0.nickname=?
2026-02-27 19:52:21 [http-nio-8081-exec-4] WARN  com.zaxxer.hikari.pool.PoolBase - HikariPool-1 - Failed to validate connection org.postgresql.jdbc.PgConnection@56648514 (This connection has been closed.). Possibly consider using a shorter maxLifetime value.
2026-02-27 19:52:21 [http-nio-8081-exec-4] WARN  com.zaxxer.hikari.pool.PoolBase - HikariPool-1 - Failed to validate connection org.postgresql.jdbc.PgConnection@19af645b (This connection has been closed.). Possibly consider using a shorter maxLifetime value.
2026-02-27 19:52:21 [http-nio-8081-exec-4] WARN  com.zaxxer.hikari.pool.PoolBase - HikariPool-1 - Failed to validate connection org.postgresql.jdbc.PgConnection@104ce8c7 (This connection has been closed.). Possibly consider using a shorter maxLifetime value.
2026-02-27 19:52:21 [http-nio-8081-exec-4] WARN  com.zaxxer.hikari.pool.PoolBase - HikariPool-1 - Failed to validate connection org.postgresql.jdbc.PgConnection@3fd4b97d (This connection has been closed.). Possibly consider using a shorter maxLifetime value.
2026-02-27 19:52:21 [http-nio-8081-exec-4] WARN  com.zaxxer.hikari.pool.PoolBase - HikariPool-1 - Failed to validate connection org.postgresql.jdbc.PgConnection@692d450c (This connection has been closed.). Possibly consider using a shorter maxLifetime value.
2026-02-27 19:52:49 [lettuce-eventExecutorLoop-1-22] INFO  i.l.core.protocol.ConnectionWatchdog - Reconnecting, last destination was localhost/<unresolved>:16379
2026-02-27 19:52:49 [lettuce-nioEventLoop-4-17] WARN  i.l.core.protocol.ConnectionWatchdog - Cannot reconnect to [localhost/<unresolved>:16379]: Connection refused: no further information: localhost/127.0.0.1:16379
2026-02-27 19:52:49 [lettuce-eventExecutorLoop-1-23] INFO  i.l.core.protocol.ConnectionWatchdog - Reconnecting, last destination was localhost/<unresolved>:16379
2026-02-27 19:52:49 [lettuce-nioEventLoop-4-18] WARN  i.l.core.protocol.ConnectionWatchdog - Cannot reconnect to [localhost/<unresolved>:16379]: Connection refused: no further information: localhost/127.0.0.1:16379
2026-02-27 19:52:51 [http-nio-8081-exec-4] WARN  o.h.e.jdbc.spi.SqlExceptionHelper - SQL Error: 0, SQLState: 08001
2026-02-27 19:52:51 [http-nio-8081-exec-4] ERROR o.h.e.jdbc.spi.SqlExceptionHelper - HikariPool-1 - Connection is not available, request timed out after 30009ms (total=0, active=0, idle=0, waiting=0)
2026-02-27 19:52:51 [http-nio-8081-exec-4] ERROR o.h.e.jdbc.spi.SqlExceptionHelper - Connection to localhost:15432 refused. Check that the hostname and port are correct and that the postmaster is accepting TCP/IP connections.
2026-02-27 19:52:51 [http-nio-8081-exec-4] ERROR c.u.l.m.e.GlobalExceptionHandler - 서버 내부 오류 발생
org.springframework.dao.DataAccessResourceFailureException: Unable to acquire JDBC Connection [HikariPool-1 - Connection is not available, request timed out after 30009ms (total=0, active=0, idle=0, waiting=0)] [n/a]
	at org.springframework.orm.jpa.vendor.HibernateJpaDialect.convertHibernateAccessException(HibernateJpaDialect.java:274)
	at org.springframework.orm.jpa.vendor.HibernateJpaDialect.translateExceptionIfPossible(HibernateJpaDialect.java:241)
	at org.springframework.orm.jpa.AbstractEntityManagerFactoryBean.translateExceptionIfPossible(AbstractEntityManagerFactoryBean.java:560)
	at org.springframework.dao.support.ChainedPersistenceExceptionTranslator.translateExceptionIfPossible(ChainedPersistenceExceptionTranslator.java:61)
	at org.springframework.dao.support.DataAccessUtils.translateIfNecessary(DataAccessUtils.java:343)
	at org.springframework.dao.support.PersistenceExceptionTranslationInterceptor.invoke(PersistenceExceptionTranslationInterceptor.java:160)
	at org.springframework.aop.framework.ReflectiveMethodInvocation.proceed(ReflectiveMethodInvocation.java:184)
	at org.springframework.data.jpa.repository.support.CrudMethodMetadataPostProcessor$CrudMethodMetadataPopulatingMethodInterceptor.invoke(CrudMethodMetadataPostProcessor.java:136)
	at org.springframework.aop.framework.ReflectiveMethodInvocation.proceed(ReflectiveMethodInvocation.java:184)
	at org.springframework.aop.framework.JdkDynamicAopProxy.invoke(JdkDynamicAopProxy.java:223)
	at jdk.proxy2/jdk.proxy2.$Proxy174.findByNickname(Unknown Source)
	at com.unicorn.lunchpick.member.controller.TestAuthController.testLogin(TestAuthController.java:44)
	at java.base/jdk.internal.reflect.DirectMethodHandleAccessor.invoke(DirectMethodHandleAccessor.java:103)
	at java.base/java.lang.reflect.Method.invoke(Method.java:580)
	at org.springframework.web.method.support.InvocableHandlerMethod.doInvoke(InvocableHandlerMethod.java:257)
	at org.springframework.web.method.support.InvocableHandlerMethod.invokeForRequest(InvocableHandlerMethod.java:190)
	at org.springframework.web.servlet.mvc.method.annotation.ServletInvocableHandlerMethod.invokeAndHandle(ServletInvocableHandlerMethod.java:118)
	at org.springframework.web.servlet.mvc.method.annotation.RequestMappingHandlerAdapter.invokeHandlerMethod(RequestMappingHandlerAdapter.java:986)
	at org.springframework.web.servlet.mvc.method.annotation.RequestMappingHandlerAdapter.handleInternal(RequestMappingHandlerAdapter.java:891)
	at org.springframework.web.servlet.mvc.method.AbstractHandlerMethodAdapter.handle(AbstractHandlerMethodAdapter.java:87)
	at org.springframework.web.servlet.DispatcherServlet.doDispatch(DispatcherServlet.java:1088)
	at org.springframework.web.servlet.DispatcherServlet.doService(DispatcherServlet.java:978)
	at org.springframework.web.servlet.FrameworkServlet.processRequest(FrameworkServlet.java:1014)
	at org.springframework.web.servlet.FrameworkServlet.doPost(FrameworkServlet.java:914)
	at jakarta.servlet.http.HttpServlet.service(HttpServlet.java:590)
	at org.springframework.web.servlet.FrameworkServlet.service(FrameworkServlet.java:885)
	at jakarta.servlet.http.HttpServlet.service(HttpServlet.java:658)
	at org.apache.catalina.core.ApplicationFilterChain.internalDoFilter(ApplicationFilterChain.java:195)
	at org.apache.catalina.core.ApplicationFilterChain.doFilter(ApplicationFilterChain.java:140)
	at org.apache.tomcat.websocket.server.WsFilter.doFilter(WsFilter.java:51)
	at org.apache.catalina.core.ApplicationFilterChain.internalDoFilter(ApplicationFilterChain.java:164)
	at org.apache.catalina.core.ApplicationFilterChain.doFilter(ApplicationFilterChain.java:140)
	at org.springframework.web.filter.CompositeFilter$VirtualFilterChain.doFilter(CompositeFilter.java:108)
	at org.springframework.security.web.FilterChainProxy.lambda$doFilterInternal$3(FilterChainProxy.java:231)
	at org.springframework.security.web.ObservationFilterChainDecorator$FilterObservation$SimpleFilterObservation.lambda$wrap$1(ObservationFilterChainDecorator.java:479)
	at org.springframework.security.web.ObservationFilterChainDecorator$AroundFilterObservation$SimpleAroundFilterObservation.lambda$wrap$1(ObservationFilterChainDecorator.java:340)
	at org.springframework.security.web.ObservationFilterChainDecorator.lambda$wrapSecured$0(ObservationFilterChainDecorator.java:82)
	at org.springframework.security.web.ObservationFilterChainDecorator$VirtualFilterChain.doFilter(ObservationFilterChainDecorator.java:128)
	at org.springframework.security.web.access.intercept.AuthorizationFilter.doFilter(AuthorizationFilter.java:101)
	at org.springframework.security.web.ObservationFilterChainDecorator$ObservationFilter.wrapFilter(ObservationFilterChainDecorator.java:240)
	at org.springframework.security.web.ObservationFilterChainDecorator$ObservationFilter.doFilter(ObservationFilterChainDecorator.java:227)
	at org.springframework.security.web.ObservationFilterChainDecorator$VirtualFilterChain.doFilter(ObservationFilterChainDecorator.java:137)
	at org.springframework.security.web.access.ExceptionTranslationFilter.doFilter(ExceptionTranslationFilter.java:126)
	at org.springframework.security.web.access.ExceptionTranslationFilter.doFilter(ExceptionTranslationFilter.java:120)
	at org.springframework.security.web.ObservationFilterChainDecorator$ObservationFilter.wrapFilter(ObservationFilterChainDecorator.java:240)
	at org.springframework.security.web.ObservationFilterChainDecorator$ObservationFilter.doFilter(ObservationFilterChainDecorator.java:227)
	at org.springframework.security.web.ObservationFilterChainDecorator$VirtualFilterChain.doFilter(ObservationFilterChainDecorator.java:137)
	at org.springframework.security.web.session.SessionManagementFilter.doFilter(SessionManagementFilter.java:131)
	at org.springframework.security.web.session.SessionManagementFilter.doFilter(SessionManagementFilter.java:85)
	at org.springframework.security.web.ObservationFilterChainDecorator$ObservationFilter.wrapFilter(ObservationFilterChainDecorator.java:240)
	at org.springframework.security.web.ObservationFilterChainDecorator$ObservationFilter.doFilter(ObservationFilterChainDecorator.java:227)
	at org.springframework.security.web.ObservationFilterChainDecorator$VirtualFilterChain.doFilter(ObservationFilterChainDecorator.java:137)
	at org.springframework.security.web.authentication.AnonymousAuthenticationFilter.doFilter(AnonymousAuthenticationFilter.java:100)
	at org.springframework.security.web.ObservationFilterChainDecorator$ObservationFilter.wrapFilter(ObservationFilterChainDecorator.java:240)
	at org.springframework.security.web.ObservationFilterChainDecorator$ObservationFilter.doFilter(ObservationFilterChainDecorator.java:227)
	at org.springframework.security.web.ObservationFilterChainDecorator$VirtualFilterChain.doFilter(ObservationFilterChainDecorator.java:137)
	at org.springframework.security.web.servletapi.SecurityContextHolderAwareRequestFilter.doFilter(SecurityContextHolderAwareRequestFilter.java:179)
	at org.springframework.security.web.ObservationFilterChainDecorator$ObservationFilter.wrapFilter(ObservationFilterChainDecorator.java:240)
	at org.springframework.security.web.ObservationFilterChainDecorator$ObservationFilter.doFilter(ObservationFilterChainDecorator.java:227)
	at org.springframework.security.web.ObservationFilterChainDecorator$VirtualFilterChain.doFilter(ObservationFilterChainDecorator.java:137)
	at org.springframework.security.web.savedrequest.RequestCacheAwareFilter.doFilter(RequestCacheAwareFilter.java:63)
	at org.springframework.security.web.ObservationFilterChainDecorator$ObservationFilter.wrapFilter(ObservationFilterChainDecorator.java:240)
	at org.springframework.security.web.ObservationFilterChainDecorator$ObservationFilter.doFilter(ObservationFilterChainDecorator.java:227)
	at org.springframework.security.web.ObservationFilterChainDecorator$VirtualFilterChain.doFilter(ObservationFilterChainDecorator.java:137)
	at com.unicorn.lunchpick.member.config.jwt.JwtAuthenticationFilter.doFilterInternal(JwtAuthenticationFilter.java:91)
	at org.springframework.web.filter.OncePerRequestFilter.doFilter(OncePerRequestFilter.java:116)
	at org.springframework.security.web.ObservationFilterChainDecorator$ObservationFilter.wrapFilter(ObservationFilterChainDecorator.java:240)
	at org.springframework.security.web.ObservationFilterChainDecorator$ObservationFilter.doFilter(ObservationFilterChainDecorator.java:227)
	at org.springframework.security.web.ObservationFilterChainDecorator$VirtualFilterChain.doFilter(ObservationFilterChainDecorator.java:137)
	at org.springframework.security.web.authentication.logout.LogoutFilter.doFilter(LogoutFilter.java:107)
	at org.springframework.security.web.authentication.logout.LogoutFilter.doFilter(LogoutFilter.java:93)
	at org.springframework.security.web.ObservationFilterChainDecorator$ObservationFilter.wrapFilter(ObservationFilterChainDecorator.java:240)
	at org.springframework.security.web.ObservationFilterChainDecorator$ObservationFilter.doFilter(ObservationFilterChainDecorator.java:227)
	at org.springframework.security.web.ObservationFilterChainDecorator$VirtualFilterChain.doFilter(ObservationFilterChainDecorator.java:137)
	at org.springframework.web.filter.CorsFilter.doFilterInternal(CorsFilter.java:91)
	at org.springframework.web.filter.OncePerRequestFilter.doFilter(OncePerRequestFilter.java:116)
	at org.springframework.security.web.ObservationFilterChainDecorator$ObservationFilter.wrapFilter(ObservationFilterChainDecorator.java:240)
	at org.springframework.security.web.ObservationFilterChainDecorator$ObservationFilter.doFilter(ObservationFilterChainDecorator.java:227)
	at org.springframework.security.web.ObservationFilterChainDecorator$VirtualFilterChain.doFilter(ObservationFilterChainDecorator.java:137)
	at org.springframework.security.web.header.HeaderWriterFilter.doHeadersAfter(HeaderWriterFilter.java:90)
	at org.springframework.security.web.header.HeaderWriterFilter.doFilterInternal(HeaderWriterFilter.java:75)
	at org.springframework.web.filter.OncePerRequestFilter.doFilter(OncePerRequestFilter.java:116)
	at org.springframework.security.web.ObservationFilterChainDecorator$ObservationFilter.wrapFilter(ObservationFilterChainDecorator.java:240)
	at org.springframework.security.web.ObservationFilterChainDecorator$ObservationFilter.doFilter(ObservationFilterChainDecorator.java:227)
	at org.springframework.security.web.ObservationFilterChainDecorator$VirtualFilterChain.doFilter(ObservationFilterChainDecorator.java:137)
	at org.springframework.security.web.context.SecurityContextHolderFilter.doFilter(SecurityContextHolderFilter.java:82)
	at org.springframework.security.web.context.SecurityContextHolderFilter.doFilter(SecurityContextHolderFilter.java:69)
	at org.springframework.security.web.ObservationFilterChainDecorator$ObservationFilter.wrapFilter(ObservationFilterChainDecorator.java:240)
	at org.springframework.security.web.ObservationFilterChainDecorator$ObservationFilter.doFilter(ObservationFilterChainDecorator.java:227)
	at org.springframework.security.web.ObservationFilterChainDecorator$VirtualFilterChain.doFilter(ObservationFilterChainDecorator.java:137)
	at org.springframework.security.web.context.request.async.WebAsyncManagerIntegrationFilter.doFilterInternal(WebAsyncManagerIntegrationFilter.java:62)
	at org.springframework.web.filter.OncePerRequestFilter.doFilter(OncePerRequestFilter.java:116)
	at org.springframework.security.web.ObservationFilterChainDecorator$ObservationFilter.wrapFilter(ObservationFilterChainDecorator.java:240)
	at org.springframework.security.web.ObservationFilterChainDecorator$ObservationFilter.doFilter(ObservationFilterChainDecorator.java:227)
	at org.springframework.security.web.ObservationFilterChainDecorator$VirtualFilterChain.doFilter(ObservationFilterChainDecorator.java:137)
	at org.springframework.security.web.session.DisableEncodeUrlFilter.doFilterInternal(DisableEncodeUrlFilter.java:42)
	at org.springframework.web.filter.OncePerRequestFilter.doFilter(OncePerRequestFilter.java:116)
	at org.springframework.security.web.ObservationFilterChainDecorator$ObservationFilter.wrapFilter(ObservationFilterChainDecorator.java:240)
	at org.springframework.security.web.ObservationFilterChainDecorator$AroundFilterObservation$SimpleAroundFilterObservation.lambda$wrap$0(ObservationFilterChainDecorator.java:323)
	at org.springframework.security.web.ObservationFilterChainDecorator$ObservationFilter.doFilter(ObservationFilterChainDecorator.java:224)
	at org.springframework.security.web.ObservationFilterChainDecorator$VirtualFilterChain.doFilter(ObservationFilterChainDecorator.java:137)
	at org.springframework.security.web.FilterChainProxy.doFilterInternal(FilterChainProxy.java:233)
	at org.springframework.security.web.FilterChainProxy.doFilter(FilterChainProxy.java:191)
	at org.springframework.web.filter.CompositeFilter$VirtualFilterChain.doFilter(CompositeFilter.java:113)
	at org.springframework.web.servlet.handler.HandlerMappingIntrospector.lambda$createCacheFilter$3(HandlerMappingIntrospector.java:243)
	at org.springframework.web.filter.CompositeFilter$VirtualFilterChain.doFilter(CompositeFilter.java:113)
	at org.springframework.web.filter.CompositeFilter.doFilter(CompositeFilter.java:74)
	at org.springframework.security.config.annotation.web.configuration.WebMvcSecurityConfiguration$CompositeFilterChainProxy.doFilter(WebMvcSecurityConfiguration.java:238)
	at org.springframework.web.filter.DelegatingFilterProxy.invokeDelegate(DelegatingFilterProxy.java:362)
	at org.springframework.web.filter.DelegatingFilterProxy.doFilter(DelegatingFilterProxy.java:278)
	at org.apache.catalina.core.ApplicationFilterChain.internalDoFilter(ApplicationFilterChain.java:164)
	at org.apache.catalina.core.ApplicationFilterChain.doFilter(ApplicationFilterChain.java:140)
	at org.springframework.web.filter.RequestContextFilter.doFilterInternal(RequestContextFilter.java:100)
	at org.springframework.web.filter.OncePerRequestFilter.doFilter(OncePerRequestFilter.java:116)
	at org.apache.catalina.core.ApplicationFilterChain.internalDoFilter(ApplicationFilterChain.java:164)
	at org.apache.catalina.core.ApplicationFilterChain.doFilter(ApplicationFilterChain.java:140)
	at org.springframework.web.filter.FormContentFilter.doFilterInternal(FormContentFilter.java:93)
	at org.springframework.web.filter.OncePerRequestFilter.doFilter(OncePerRequestFilter.java:116)
	at org.apache.catalina.core.ApplicationFilterChain.internalDoFilter(ApplicationFilterChain.java:164)
	at org.apache.catalina.core.ApplicationFilterChain.doFilter(ApplicationFilterChain.java:140)
	at org.springframework.web.filter.ServerHttpObservationFilter.doFilterInternal(ServerHttpObservationFilter.java:114)
	at org.springframework.web.filter.OncePerRequestFilter.doFilter(OncePerRequestFilter.java:116)
	at org.apache.catalina.core.ApplicationFilterChain.internalDoFilter(ApplicationFilterChain.java:164)
	at org.apache.catalina.core.ApplicationFilterChain.doFilter(ApplicationFilterChain.java:140)
	at org.springframework.web.filter.CharacterEncodingFilter.doFilterInternal(CharacterEncodingFilter.java:201)
	at org.springframework.web.filter.OncePerRequestFilter.doFilter(OncePerRequestFilter.java:116)
	at org.apache.catalina.core.ApplicationFilterChain.internalDoFilter(ApplicationFilterChain.java:164)
	at org.apache.catalina.core.ApplicationFilterChain.doFilter(ApplicationFilterChain.java:140)
	at org.apache.catalina.core.StandardWrapperValve.invoke(StandardWrapperValve.java:167)
	at org.apache.catalina.core.StandardContextValve.invoke(StandardContextValve.java:90)
	at org.apache.catalina.authenticator.AuthenticatorBase.invoke(AuthenticatorBase.java:483)
	at org.apache.catalina.core.StandardHostValve.invoke(StandardHostValve.java:115)
	at org.apache.catalina.valves.ErrorReportValve.invoke(ErrorReportValve.java:93)
	at org.apache.catalina.core.StandardEngineValve.invoke(StandardEngineValve.java:74)
	at org.apache.catalina.connector.CoyoteAdapter.service(CoyoteAdapter.java:344)
	at org.apache.coyote.http11.Http11Processor.service(Http11Processor.java:397)
	at org.apache.coyote.AbstractProcessorLight.process(AbstractProcessorLight.java:63)
	at org.apache.coyote.AbstractProtocol$ConnectionHandler.process(AbstractProtocol.java:905)
	at org.apache.tomcat.util.net.NioEndpoint$SocketProcessor.doRun(NioEndpoint.java:1741)
	at org.apache.tomcat.util.net.SocketProcessorBase.run(SocketProcessorBase.java:52)
	at org.apache.tomcat.util.threads.ThreadPoolExecutor.runWorker(ThreadPoolExecutor.java:1190)
	at org.apache.tomcat.util.threads.ThreadPoolExecutor$Worker.run(ThreadPoolExecutor.java:659)
	at org.apache.tomcat.util.threads.TaskThread$WrappingRunnable.run(TaskThread.java:63)
	at java.base/java.lang.Thread.run(Thread.java:1583)
Caused by: org.hibernate.exception.JDBCConnectionException: Unable to acquire JDBC Connection [HikariPool-1 - Connection is not available, request timed out after 30009ms (total=0, active=0, idle=0, waiting=0)] [n/a]
	at org.hibernate.exception.internal.SQLExceptionTypeDelegate.convert(SQLExceptionTypeDelegate.java:51)
	at org.hibernate.exception.internal.StandardSQLExceptionConverter.convert(StandardSQLExceptionConverter.java:58)
	at org.hibernate.engine.jdbc.spi.SqlExceptionHelper.convert(SqlExceptionHelper.java:108)
	at org.hibernate.engine.jdbc.spi.SqlExceptionHelper.convert(SqlExceptionHelper.java:94)
	at org.hibernate.resource.jdbc.internal.LogicalConnectionManagedImpl.acquireConnectionIfNeeded(LogicalConnectionManagedImpl.java:129)
	at org.hibernate.resource.jdbc.internal.LogicalConnectionManagedImpl.getPhysicalConnection(LogicalConnectionManagedImpl.java:156)
	at org.hibernate.engine.jdbc.internal.StatementPreparerImpl.connection(StatementPreparerImpl.java:56)
	at org.hibernate.engine.jdbc.internal.StatementPreparerImpl$4.doPrepare(StatementPreparerImpl.java:151)
	at org.hibernate.engine.jdbc.internal.StatementPreparerImpl$StatementPreparationTemplate.prepareStatement(StatementPreparerImpl.java:180)
	at org.hibernate.engine.jdbc.internal.StatementPreparerImpl.prepareQueryStatement(StatementPreparerImpl.java:153)
	at org.hibernate.sql.exec.internal.StandardStatementCreator.createStatement(StandardStatementCreator.java:49)
	at org.hibernate.sql.results.jdbc.internal.DeferredResultSetAccess.executeQuery(DeferredResultSetAccess.java:235)
	at org.hibernate.sql.results.jdbc.internal.DeferredResultSetAccess.getResultSet(DeferredResultSetAccess.java:171)
	at org.hibernate.sql.results.jdbc.internal.JdbcValuesResultSetImpl.<init>(JdbcValuesResultSetImpl.java:74)
	at org.hibernate.sql.exec.internal.JdbcSelectExecutorStandardImpl.resolveJdbcValuesSource(JdbcSelectExecutorStandardImpl.java:355)
	at org.hibernate.sql.exec.internal.JdbcSelectExecutorStandardImpl.doExecuteQuery(JdbcSelectExecutorStandardImpl.java:137)
	at org.hibernate.sql.exec.internal.JdbcSelectExecutorStandardImpl.executeQuery(JdbcSelectExecutorStandardImpl.java:102)
	at org.hibernate.sql.exec.spi.JdbcSelectExecutor.executeQuery(JdbcSelectExecutor.java:91)
	at org.hibernate.sql.exec.spi.JdbcSelectExecutor.list(JdbcSelectExecutor.java:165)
	at org.hibernate.query.sqm.internal.ConcreteSqmSelectQueryPlan.lambda$new$1(ConcreteSqmSelectQueryPlan.java:152)
	at org.hibernate.query.sqm.internal.ConcreteSqmSelectQueryPlan.withCacheableSqmInterpretation(ConcreteSqmSelectQueryPlan.java:442)
	at org.hibernate.query.sqm.internal.ConcreteSqmSelectQueryPlan.performList(ConcreteSqmSelectQueryPlan.java:362)
	at org.hibernate.query.sqm.internal.QuerySqmImpl.doList(QuerySqmImpl.java:380)
	at org.hibernate.query.spi.AbstractSelectionQuery.list(AbstractSelectionQuery.java:143)
	at org.hibernate.query.spi.AbstractSelectionQuery.getSingleResult(AbstractSelectionQuery.java:275)
	at org.springframework.data.jpa.repository.query.JpaQueryExecution$SingleEntityExecution.doExecute(JpaQueryExecution.java:224)
	at org.springframework.data.jpa.repository.query.JpaQueryExecution.execute(JpaQueryExecution.java:93)
	at org.springframework.data.jpa.repository.query.AbstractJpaQuery.doExecute(AbstractJpaQuery.java:152)
	at org.springframework.data.jpa.repository.query.AbstractJpaQuery.execute(AbstractJpaQuery.java:140)
	at org.springframework.data.repository.core.support.RepositoryMethodInvoker.doInvoke(RepositoryMethodInvoker.java:170)
	at org.springframework.data.repository.core.support.RepositoryMethodInvoker.invoke(RepositoryMethodInvoker.java:158)
	at org.springframework.data.repository.core.support.QueryExecutorMethodInterceptor.doInvoke(QueryExecutorMethodInterceptor.java:170)
	at org.springframework.data.repository.core.support.QueryExecutorMethodInterceptor.invoke(QueryExecutorMethodInterceptor.java:149)
	at org.springframework.aop.framework.ReflectiveMethodInvocation.proceed(ReflectiveMethodInvocation.java:184)
	at org.springframework.data.projection.DefaultMethodInvokingMethodInterceptor.invoke(DefaultMethodInvokingMethodInterceptor.java:69)
	at org.springframework.aop.framework.ReflectiveMethodInvocation.proceed(ReflectiveMethodInvocation.java:184)
	at org.springframework.transaction.interceptor.TransactionAspectSupport.invokeWithinTransaction(TransactionAspectSupport.java:380)
	at org.springframework.transaction.interceptor.TransactionInterceptor.invoke(TransactionInterceptor.java:119)
	at org.springframework.aop.framework.ReflectiveMethodInvocation.proceed(ReflectiveMethodInvocation.java:184)
	at org.springframework.dao.support.PersistenceExceptionTranslationInterceptor.invoke(PersistenceExceptionTranslationInterceptor.java:138)
	... 138 common frames omitted
Caused by: java.sql.SQLTransientConnectionException: HikariPool-1 - Connection is not available, request timed out after 30009ms (total=0, active=0, idle=0, waiting=0)
	at com.zaxxer.hikari.pool.HikariPool.createTimeoutException(HikariPool.java:686)
	at com.zaxxer.hikari.pool.HikariPool.getConnection(HikariPool.java:179)
	at com.zaxxer.hikari.pool.HikariPool.getConnection(HikariPool.java:144)
	at com.zaxxer.hikari.HikariDataSource.getConnection(HikariDataSource.java:127)
	at org.hibernate.engine.jdbc.connections.internal.DatasourceConnectionProviderImpl.getConnection(DatasourceConnectionProviderImpl.java:126)
	at org.hibernate.internal.NonContextualJdbcConnectionAccess.obtainConnection(NonContextualJdbcConnectionAccess.java:46)
	at org.hibernate.resource.jdbc.internal.LogicalConnectionManagedImpl.acquireConnectionIfNeeded(LogicalConnectionManagedImpl.java:126)
	... 173 common frames omitted
Caused by: org.postgresql.util.PSQLException: Connection to localhost:15432 refused. Check that the hostname and port are correct and that the postmaster is accepting TCP/IP connections.
	at org.postgresql.core.v3.ConnectionFactoryImpl.openConnectionImpl(ConnectionFactoryImpl.java:352)
	at org.postgresql.core.ConnectionFactory.openConnection(ConnectionFactory.java:54)
	at org.postgresql.jdbc.PgConnection.<init>(PgConnection.java:273)
	at org.postgresql.Driver.makeConnection(Driver.java:446)
	at org.postgresql.Driver.connect(Driver.java:298)
	at com.zaxxer.hikari.util.DriverDataSource.getConnection(DriverDataSource.java:137)
	at com.zaxxer.hikari.pool.PoolBase.newConnection(PoolBase.java:360)
	at com.zaxxer.hikari.pool.PoolBase.newPoolEntry(PoolBase.java:202)
	at com.zaxxer.hikari.pool.HikariPool.createPoolEntry(HikariPool.java:461)
	at com.zaxxer.hikari.pool.HikariPool$PoolEntryCreator.call(HikariPool.java:724)
	at com.zaxxer.hikari.pool.HikariPool$PoolEntryCreator.call(HikariPool.java:703)
	at java.base/java.util.concurrent.FutureTask.run(FutureTask.java:317)
	at java.base/java.util.concurrent.ThreadPoolExecutor.runWorker(ThreadPoolExecutor.java:1144)
	at java.base/java.util.concurrent.ThreadPoolExecutor$Worker.run(ThreadPoolExecutor.java:642)
	... 1 common frames omitted
Caused by: java.net.ConnectException: Connection refused: no further information
	at java.base/sun.nio.ch.Net.pollConnect(Native Method)
	at java.base/sun.nio.ch.Net.pollConnectNow(Net.java:682)
	at java.base/sun.nio.ch.NioSocketImpl.timedFinishConnect(NioSocketImpl.java:542)
	at java.base/sun.nio.ch.NioSocketImpl.connect(NioSocketImpl.java:592)
	at java.base/java.net.SocksSocketImpl.connect(SocksSocketImpl.java:327)
	at java.base/java.net.Socket.connect(Socket.java:751)
	at org.postgresql.core.PGStream.createSocket(PGStream.java:260)
	at org.postgresql.core.PGStream.<init>(PGStream.java:121)
	at org.postgresql.core.v3.ConnectionFactoryImpl.tryConnect(ConnectionFactoryImpl.java:140)
	at org.postgresql.core.v3.ConnectionFactoryImpl.openConnectionImpl(ConnectionFactoryImpl.java:268)
	... 14 common frames omitted
2026-02-27 19:53:19 [lettuce-eventExecutorLoop-1-1] INFO  i.l.core.protocol.ConnectionWatchdog - Reconnecting, last destination was localhost/<unresolved>:16379
2026-02-27 19:53:19 [lettuce-nioEventLoop-4-19] WARN  i.l.core.protocol.ConnectionWatchdog - Cannot reconnect to [localhost/<unresolved>:16379]: Connection refused: no further information: localhost/127.0.0.1:16379
2026-02-27 19:53:20 [lettuce-eventExecutorLoop-1-32] INFO  i.l.core.protocol.ConnectionWatchdog - Reconnecting, last destination was localhost/<unresolved>:16379
2026-02-27 19:53:20 [lettuce-nioEventLoop-4-20] WARN  i.l.core.protocol.ConnectionWatchdog - Cannot reconnect to [localhost/<unresolved>:16379]: Connection refused: no further information: localhost/127.0.0.1:16379
2026-02-27 19:53:50 [lettuce-eventExecutorLoop-1-4] INFO  i.l.core.protocol.ConnectionWatchdog - Reconnecting, last destination was localhost/<unresolved>:16379
2026-02-27 19:53:50 [lettuce-nioEventLoop-4-21] WARN  i.l.core.protocol.ConnectionWatchdog - Cannot reconnect to [localhost/<unresolved>:16379]: Connection refused: no further information: localhost/127.0.0.1:16379
2026-02-27 19:53:50 [lettuce-eventExecutorLoop-1-5] INFO  i.l.core.protocol.ConnectionWatchdog - Reconnecting, last destination was localhost/<unresolved>:16379
2026-02-27 19:53:50 [lettuce-nioEventLoop-4-22] WARN  i.l.core.protocol.ConnectionWatchdog - Cannot reconnect to [localhost/<unresolved>:16379]: Connection refused: no further information: localhost/127.0.0.1:16379
2026-02-27 19:54:20 [lettuce-eventExecutorLoop-1-8] INFO  i.l.core.protocol.ConnectionWatchdog - Reconnecting, last destination was localhost/<unresolved>:16379
2026-02-27 19:54:20 [lettuce-nioEventLoop-4-23] WARN  i.l.core.protocol.ConnectionWatchdog - Cannot reconnect to [localhost/<unresolved>:16379]: Connection refused: no further information: localhost/127.0.0.1:16379
2026-02-27 19:54:20 [lettuce-eventExecutorLoop-1-9] INFO  i.l.core.protocol.ConnectionWatchdog - Reconnecting, last destination was localhost/<unresolved>:16379
2026-02-27 19:54:20 [lettuce-nioEventLoop-4-24] WARN  i.l.core.protocol.ConnectionWatchdog - Cannot reconnect to [localhost/<unresolved>:16379]: Connection refused: no further information: localhost/127.0.0.1:16379
2026-02-27 19:54:50 [lettuce-eventExecutorLoop-1-12] INFO  i.l.core.protocol.ConnectionWatchdog - Reconnecting, last destination was localhost/<unresolved>:16379
2026-02-27 19:54:50 [lettuce-nioEventLoop-4-25] WARN  i.l.core.protocol.ConnectionWatchdog - Cannot reconnect to [localhost/<unresolved>:16379]: Connection refused: no further information: localhost/127.0.0.1:16379
2026-02-27 19:54:50 [lettuce-eventExecutorLoop-1-13] INFO  i.l.core.protocol.ConnectionWatchdog - Reconnecting, last destination was localhost/<unresolved>:16379
2026-02-27 19:54:50 [lettuce-nioEventLoop-4-26] WARN  i.l.core.protocol.ConnectionWatchdog - Cannot reconnect to [localhost/<unresolved>:16379]: Connection refused: no further information: localhost/127.0.0.1:16379
2026-02-27 19:55:20 [lettuce-eventExecutorLoop-1-16] INFO  i.l.core.protocol.ConnectionWatchdog - Reconnecting, last destination was localhost/<unresolved>:16379
2026-02-27 19:55:20 [lettuce-nioEventLoop-4-27] WARN  i.l.core.protocol.ConnectionWatchdog - Cannot reconnect to [localhost/<unresolved>:16379]: Connection refused: no further information: localhost/127.0.0.1:16379
2026-02-27 19:55:20 [lettuce-eventExecutorLoop-1-17] INFO  i.l.core.protocol.ConnectionWatchdog - Reconnecting, last destination was localhost/<unresolved>:16379
2026-02-27 19:55:20 [lettuce-nioEventLoop-4-28] WARN  i.l.core.protocol.ConnectionWatchdog - Cannot reconnect to [localhost/<unresolved>:16379]: Connection refused: no further information: localhost/127.0.0.1:16379
2026-02-27 19:55:50 [lettuce-eventExecutorLoop-1-20] INFO  i.l.core.protocol.ConnectionWatchdog - Reconnecting, last destination was localhost/<unresolved>:16379
2026-02-27 19:55:50 [lettuce-nioEventLoop-4-29] WARN  i.l.core.protocol.ConnectionWatchdog - Cannot reconnect to [localhost/<unresolved>:16379]: Connection refused: no further information: localhost/127.0.0.1:16379
2026-02-27 19:55:50 [lettuce-eventExecutorLoop-1-21] INFO  i.l.core.protocol.ConnectionWatchdog - Reconnecting, last destination was localhost/<unresolved>:16379
2026-02-27 19:55:50 [lettuce-nioEventLoop-4-30] WARN  i.l.core.protocol.ConnectionWatchdog - Cannot reconnect to [localhost/<unresolved>:16379]: Connection refused: no further information: localhost/127.0.0.1:16379
2026-02-27 19:56:20 [lettuce-eventExecutorLoop-1-24] INFO  i.l.core.protocol.ConnectionWatchdog - Reconnecting, last destination was localhost/<unresolved>:16379
2026-02-27 19:56:20 [lettuce-nioEventLoop-4-31] INFO  i.l.c.protocol.ReconnectionHandler - Reconnected to localhost/<unresolved>:16379
2026-02-27 19:56:20 [lettuce-eventExecutorLoop-1-25] INFO  i.l.core.protocol.ConnectionWatchdog - Reconnecting, last destination was localhost/<unresolved>:16379
2026-02-27 19:56:20 [lettuce-nioEventLoop-4-32] INFO  i.l.c.protocol.ReconnectionHandler - Reconnected to localhost/<unresolved>:16379
2026-02-27 19:56:59 [lettuce-nioEventLoop-4-31] INFO  i.l.core.protocol.CommandHandler - null Unexpected exception during request: java.net.SocketException: Connection reset
java.net.SocketException: Connection reset
	at java.base/sun.nio.ch.SocketChannelImpl.throwConnectionReset(SocketChannelImpl.java:401)
	at java.base/sun.nio.ch.SocketChannelImpl.read(SocketChannelImpl.java:434)
	at io.netty.buffer.PooledByteBuf.setBytes(PooledByteBuf.java:255)
	at io.netty.buffer.AbstractByteBuf.writeBytes(AbstractByteBuf.java:1132)
	at io.netty.channel.socket.nio.NioSocketChannel.doReadBytes(NioSocketChannel.java:356)
	at io.netty.channel.nio.AbstractNioByteChannel$NioByteUnsafe.read(AbstractNioByteChannel.java:151)
	at io.netty.channel.nio.NioEventLoop.processSelectedKey(NioEventLoop.java:788)
	at io.netty.channel.nio.NioEventLoop.processSelectedKeysOptimized(NioEventLoop.java:724)
	at io.netty.channel.nio.NioEventLoop.processSelectedKeys(NioEventLoop.java:650)
	at io.netty.channel.nio.NioEventLoop.run(NioEventLoop.java:562)
	at io.netty.util.concurrent.SingleThreadEventExecutor$4.run(SingleThreadEventExecutor.java:997)
	at io.netty.util.internal.ThreadExecutorMap$2.run(ThreadExecutorMap.java:74)
	at io.netty.util.concurrent.FastThreadLocalRunnable.run(FastThreadLocalRunnable.java:30)
	at java.base/java.lang.Thread.run(Thread.java:1583)
2026-02-27 19:56:59 [lettuce-nioEventLoop-4-32] INFO  i.l.core.protocol.CommandHandler - null Unexpected exception during request: java.net.SocketException: Connection reset
java.net.SocketException: Connection reset
	at java.base/sun.nio.ch.SocketChannelImpl.throwConnectionReset(SocketChannelImpl.java:401)
	at java.base/sun.nio.ch.SocketChannelImpl.read(SocketChannelImpl.java:434)
	at io.netty.buffer.PooledByteBuf.setBytes(PooledByteBuf.java:255)
	at io.netty.buffer.AbstractByteBuf.writeBytes(AbstractByteBuf.java:1132)
	at io.netty.channel.socket.nio.NioSocketChannel.doReadBytes(NioSocketChannel.java:356)
	at io.netty.channel.nio.AbstractNioByteChannel$NioByteUnsafe.read(AbstractNioByteChannel.java:151)
	at io.netty.channel.nio.NioEventLoop.processSelectedKey(NioEventLoop.java:788)
	at io.netty.channel.nio.NioEventLoop.processSelectedKeysOptimized(NioEventLoop.java:724)
	at io.netty.channel.nio.NioEventLoop.processSelectedKeys(NioEventLoop.java:650)
	at io.netty.channel.nio.NioEventLoop.run(NioEventLoop.java:562)
	at io.netty.util.concurrent.SingleThreadEventExecutor$4.run(SingleThreadEventExecutor.java:997)
	at io.netty.util.internal.ThreadExecutorMap$2.run(ThreadExecutorMap.java:74)
	at io.netty.util.concurrent.FastThreadLocalRunnable.run(FastThreadLocalRunnable.java:30)
	at java.base/java.lang.Thread.run(Thread.java:1583)
2026-02-27 19:56:59 [lettuce-eventExecutorLoop-1-29] INFO  i.l.core.protocol.ConnectionWatchdog - Reconnecting, last destination was localhost/127.0.0.1:16379
2026-02-27 19:56:59 [lettuce-eventExecutorLoop-1-28] INFO  i.l.core.protocol.ConnectionWatchdog - Reconnecting, last destination was localhost/127.0.0.1:16379
2026-02-27 19:56:59 [lettuce-nioEventLoop-4-2] WARN  i.l.core.protocol.ConnectionWatchdog - Cannot reconnect to [localhost/<unresolved>:16379]: Connection refused: no further information: localhost/127.0.0.1:16379
2026-02-27 19:56:59 [lettuce-nioEventLoop-4-1] WARN  i.l.core.protocol.ConnectionWatchdog - Cannot reconnect to [localhost/<unresolved>:16379]: Connection refused: no further information: localhost/127.0.0.1:16379
2026-02-27 19:57:08 [lettuce-eventExecutorLoop-1-20] INFO  i.l.core.protocol.ConnectionWatchdog - Reconnecting, last destination was localhost/<unresolved>:16379
2026-02-27 19:57:08 [lettuce-eventExecutorLoop-1-21] INFO  i.l.core.protocol.ConnectionWatchdog - Reconnecting, last destination was localhost/<unresolved>:16379
2026-02-27 19:57:08 [lettuce-nioEventLoop-4-25] WARN  i.l.core.protocol.ConnectionWatchdog - Cannot reconnect to [localhost/<unresolved>:16379]: Connection refused: no further information: localhost/127.0.0.1:16379
2026-02-27 19:57:08 [lettuce-nioEventLoop-4-26] WARN  i.l.core.protocol.ConnectionWatchdog - Cannot reconnect to [localhost/<unresolved>:16379]: Connection refused: no further information: localhost/127.0.0.1:16379
2026-02-27 19:57:16 [lettuce-eventExecutorLoop-1-22] INFO  i.l.core.protocol.ConnectionWatchdog - Reconnecting, last destination was localhost/<unresolved>:16379
2026-02-27 19:57:16 [lettuce-eventExecutorLoop-1-23] INFO  i.l.core.protocol.ConnectionWatchdog - Reconnecting, last destination was localhost/<unresolved>:16379
2026-02-27 19:57:16 [lettuce-nioEventLoop-4-27] WARN  i.l.core.protocol.ConnectionWatchdog - Cannot reconnect to [localhost/<unresolved>:16379]: Connection refused: no further information: localhost/127.0.0.1:16379
2026-02-27 19:57:16 [lettuce-nioEventLoop-4-28] WARN  i.l.core.protocol.ConnectionWatchdog - Cannot reconnect to [localhost/<unresolved>:16379]: Connection refused: no further information: localhost/127.0.0.1:16379
2026-02-27 19:57:19 [http-nio-8081-exec-5] DEBUG org.hibernate.SQL - 
    /* <criteria> */ select
        me1_0.id,
        me1_0.created_at,
        me1_0.email,
        me1_0.feedback_reminder,
        me1_0.kakao_id,
        me1_0.location_enabled,
        me1_0.member_id,
        me1_0.nickname,
        me1_0.onboarding_completed,
        me1_0.recommendation_alert,
        me1_0.updated_at 
    from
        lunchpick_member.member me1_0 
    where
        me1_0.nickname=?
2026-02-27 19:57:19 [http-nio-8081-exec-5] WARN  com.zaxxer.hikari.pool.PoolBase - HikariPool-1 - Failed to validate connection org.postgresql.jdbc.PgConnection@62751810 (This connection has been closed.). Possibly consider using a shorter maxLifetime value.
2026-02-27 19:57:19 [http-nio-8081-exec-5] WARN  com.zaxxer.hikari.pool.PoolBase - HikariPool-1 - Failed to validate connection org.postgresql.jdbc.PgConnection@1a184b44 (This connection has been closed.). Possibly consider using a shorter maxLifetime value.
2026-02-27 19:57:19 [http-nio-8081-exec-5] WARN  com.zaxxer.hikari.pool.PoolBase - HikariPool-1 - Failed to validate connection org.postgresql.jdbc.PgConnection@2d90bf4e (This connection has been closed.). Possibly consider using a shorter maxLifetime value.
2026-02-27 19:57:19 [http-nio-8081-exec-5] WARN  com.zaxxer.hikari.pool.PoolBase - HikariPool-1 - Failed to validate connection org.postgresql.jdbc.PgConnection@676f9774 (This connection has been closed.). Possibly consider using a shorter maxLifetime value.
2026-02-27 19:57:19 [http-nio-8081-exec-5] WARN  com.zaxxer.hikari.pool.PoolBase - HikariPool-1 - Failed to validate connection org.postgresql.jdbc.PgConnection@598671da (This connection has been closed.). Possibly consider using a shorter maxLifetime value.
2026-02-27 19:57:33 [lettuce-eventExecutorLoop-1-25] INFO  i.l.core.protocol.ConnectionWatchdog - Reconnecting, last destination was localhost/<unresolved>:16379
2026-02-27 19:57:33 [lettuce-eventExecutorLoop-1-24] INFO  i.l.core.protocol.ConnectionWatchdog - Reconnecting, last destination was localhost/<unresolved>:16379
2026-02-27 19:57:33 [lettuce-nioEventLoop-4-29] WARN  i.l.core.protocol.ConnectionWatchdog - Cannot reconnect to [localhost/<unresolved>:16379]: Connection refused: no further information: localhost/127.0.0.1:16379
2026-02-27 19:57:33 [lettuce-nioEventLoop-4-30] WARN  i.l.core.protocol.ConnectionWatchdog - Cannot reconnect to [localhost/<unresolved>:16379]: Connection refused: no further information: localhost/127.0.0.1:16379
2026-02-27 19:57:49 [http-nio-8081-exec-5] WARN  o.h.e.jdbc.spi.SqlExceptionHelper - SQL Error: 0, SQLState: 08001
2026-02-27 19:57:49 [http-nio-8081-exec-5] ERROR o.h.e.jdbc.spi.SqlExceptionHelper - HikariPool-1 - Connection is not available, request timed out after 30011ms (total=0, active=0, idle=0, waiting=0)
2026-02-27 19:57:49 [http-nio-8081-exec-5] ERROR o.h.e.jdbc.spi.SqlExceptionHelper - Connection to localhost:15432 refused. Check that the hostname and port are correct and that the postmaster is accepting TCP/IP connections.
2026-02-27 19:57:49 [http-nio-8081-exec-5] ERROR c.u.l.m.e.GlobalExceptionHandler - 서버 내부 오류 발생
org.springframework.dao.DataAccessResourceFailureException: Unable to acquire JDBC Connection [HikariPool-1 - Connection is not available, request timed out after 30011ms (total=0, active=0, idle=0, waiting=0)] [n/a]
	at org.springframework.orm.jpa.vendor.HibernateJpaDialect.convertHibernateAccessException(HibernateJpaDialect.java:274)
	at org.springframework.orm.jpa.vendor.HibernateJpaDialect.translateExceptionIfPossible(HibernateJpaDialect.java:241)
	at org.springframework.orm.jpa.AbstractEntityManagerFactoryBean.translateExceptionIfPossible(AbstractEntityManagerFactoryBean.java:560)
	at org.springframework.dao.support.ChainedPersistenceExceptionTranslator.translateExceptionIfPossible(ChainedPersistenceExceptionTranslator.java:61)
	at org.springframework.dao.support.DataAccessUtils.translateIfNecessary(DataAccessUtils.java:343)
	at org.springframework.dao.support.PersistenceExceptionTranslationInterceptor.invoke(PersistenceExceptionTranslationInterceptor.java:160)
	at org.springframework.aop.framework.ReflectiveMethodInvocation.proceed(ReflectiveMethodInvocation.java:184)
	at org.springframework.data.jpa.repository.support.CrudMethodMetadataPostProcessor$CrudMethodMetadataPopulatingMethodInterceptor.invoke(CrudMethodMetadataPostProcessor.java:136)
	at org.springframework.aop.framework.ReflectiveMethodInvocation.proceed(ReflectiveMethodInvocation.java:184)
	at org.springframework.aop.framework.JdkDynamicAopProxy.invoke(JdkDynamicAopProxy.java:223)
	at jdk.proxy2/jdk.proxy2.$Proxy174.findByNickname(Unknown Source)
	at com.unicorn.lunchpick.member.controller.TestAuthController.testLogin(TestAuthController.java:44)
	at java.base/jdk.internal.reflect.DirectMethodHandleAccessor.invoke(DirectMethodHandleAccessor.java:103)
	at java.base/java.lang.reflect.Method.invoke(Method.java:580)
	at org.springframework.web.method.support.InvocableHandlerMethod.doInvoke(InvocableHandlerMethod.java:257)
	at org.springframework.web.method.support.InvocableHandlerMethod.invokeForRequest(InvocableHandlerMethod.java:190)
	at org.springframework.web.servlet.mvc.method.annotation.ServletInvocableHandlerMethod.invokeAndHandle(ServletInvocableHandlerMethod.java:118)
	at org.springframework.web.servlet.mvc.method.annotation.RequestMappingHandlerAdapter.invokeHandlerMethod(RequestMappingHandlerAdapter.java:986)
	at org.springframework.web.servlet.mvc.method.annotation.RequestMappingHandlerAdapter.handleInternal(RequestMappingHandlerAdapter.java:891)
	at org.springframework.web.servlet.mvc.method.AbstractHandlerMethodAdapter.handle(AbstractHandlerMethodAdapter.java:87)
	at org.springframework.web.servlet.DispatcherServlet.doDispatch(DispatcherServlet.java:1088)
	at org.springframework.web.servlet.DispatcherServlet.doService(DispatcherServlet.java:978)
	at org.springframework.web.servlet.FrameworkServlet.processRequest(FrameworkServlet.java:1014)
	at org.springframework.web.servlet.FrameworkServlet.doPost(FrameworkServlet.java:914)
	at jakarta.servlet.http.HttpServlet.service(HttpServlet.java:590)
	at org.springframework.web.servlet.FrameworkServlet.service(FrameworkServlet.java:885)
	at jakarta.servlet.http.HttpServlet.service(HttpServlet.java:658)
	at org.apache.catalina.core.ApplicationFilterChain.internalDoFilter(ApplicationFilterChain.java:195)
	at org.apache.catalina.core.ApplicationFilterChain.doFilter(ApplicationFilterChain.java:140)
	at org.apache.tomcat.websocket.server.WsFilter.doFilter(WsFilter.java:51)
	at org.apache.catalina.core.ApplicationFilterChain.internalDoFilter(ApplicationFilterChain.java:164)
	at org.apache.catalina.core.ApplicationFilterChain.doFilter(ApplicationFilterChain.java:140)
	at org.springframework.web.filter.CompositeFilter$VirtualFilterChain.doFilter(CompositeFilter.java:108)
	at org.springframework.security.web.FilterChainProxy.lambda$doFilterInternal$3(FilterChainProxy.java:231)
	at org.springframework.security.web.ObservationFilterChainDecorator$FilterObservation$SimpleFilterObservation.lambda$wrap$1(ObservationFilterChainDecorator.java:479)
	at org.springframework.security.web.ObservationFilterChainDecorator$AroundFilterObservation$SimpleAroundFilterObservation.lambda$wrap$1(ObservationFilterChainDecorator.java:340)
	at org.springframework.security.web.ObservationFilterChainDecorator.lambda$wrapSecured$0(ObservationFilterChainDecorator.java:82)
	at org.springframework.security.web.ObservationFilterChainDecorator$VirtualFilterChain.doFilter(ObservationFilterChainDecorator.java:128)
	at org.springframework.security.web.access.intercept.AuthorizationFilter.doFilter(AuthorizationFilter.java:101)
	at org.springframework.security.web.ObservationFilterChainDecorator$ObservationFilter.wrapFilter(ObservationFilterChainDecorator.java:240)
	at org.springframework.security.web.ObservationFilterChainDecorator$ObservationFilter.doFilter(ObservationFilterChainDecorator.java:227)
	at org.springframework.security.web.ObservationFilterChainDecorator$VirtualFilterChain.doFilter(ObservationFilterChainDecorator.java:137)
	at org.springframework.security.web.access.ExceptionTranslationFilter.doFilter(ExceptionTranslationFilter.java:126)
	at org.springframework.security.web.access.ExceptionTranslationFilter.doFilter(ExceptionTranslationFilter.java:120)
	at org.springframework.security.web.ObservationFilterChainDecorator$ObservationFilter.wrapFilter(ObservationFilterChainDecorator.java:240)
	at org.springframework.security.web.ObservationFilterChainDecorator$ObservationFilter.doFilter(ObservationFilterChainDecorator.java:227)
	at org.springframework.security.web.ObservationFilterChainDecorator$VirtualFilterChain.doFilter(ObservationFilterChainDecorator.java:137)
	at org.springframework.security.web.session.SessionManagementFilter.doFilter(SessionManagementFilter.java:131)
	at org.springframework.security.web.session.SessionManagementFilter.doFilter(SessionManagementFilter.java:85)
	at org.springframework.security.web.ObservationFilterChainDecorator$ObservationFilter.wrapFilter(ObservationFilterChainDecorator.java:240)
	at org.springframework.security.web.ObservationFilterChainDecorator$ObservationFilter.doFilter(ObservationFilterChainDecorator.java:227)
	at org.springframework.security.web.ObservationFilterChainDecorator$VirtualFilterChain.doFilter(ObservationFilterChainDecorator.java:137)
	at org.springframework.security.web.authentication.AnonymousAuthenticationFilter.doFilter(AnonymousAuthenticationFilter.java:100)
	at org.springframework.security.web.ObservationFilterChainDecorator$ObservationFilter.wrapFilter(ObservationFilterChainDecorator.java:240)
	at org.springframework.security.web.ObservationFilterChainDecorator$ObservationFilter.doFilter(ObservationFilterChainDecorator.java:227)
	at org.springframework.security.web.ObservationFilterChainDecorator$VirtualFilterChain.doFilter(ObservationFilterChainDecorator.java:137)
	at org.springframework.security.web.servletapi.SecurityContextHolderAwareRequestFilter.doFilter(SecurityContextHolderAwareRequestFilter.java:179)
	at org.springframework.security.web.ObservationFilterChainDecorator$ObservationFilter.wrapFilter(ObservationFilterChainDecorator.java:240)
	at org.springframework.security.web.ObservationFilterChainDecorator$ObservationFilter.doFilter(ObservationFilterChainDecorator.java:227)
	at org.springframework.security.web.ObservationFilterChainDecorator$VirtualFilterChain.doFilter(ObservationFilterChainDecorator.java:137)
	at org.springframework.security.web.savedrequest.RequestCacheAwareFilter.doFilter(RequestCacheAwareFilter.java:63)
	at org.springframework.security.web.ObservationFilterChainDecorator$ObservationFilter.wrapFilter(ObservationFilterChainDecorator.java:240)
	at org.springframework.security.web.ObservationFilterChainDecorator$ObservationFilter.doFilter(ObservationFilterChainDecorator.java:227)
	at org.springframework.security.web.ObservationFilterChainDecorator$VirtualFilterChain.doFilter(ObservationFilterChainDecorator.java:137)
	at com.unicorn.lunchpick.member.config.jwt.JwtAuthenticationFilter.doFilterInternal(JwtAuthenticationFilter.java:91)
	at org.springframework.web.filter.OncePerRequestFilter.doFilter(OncePerRequestFilter.java:116)
	at org.springframework.security.web.ObservationFilterChainDecorator$ObservationFilter.wrapFilter(ObservationFilterChainDecorator.java:240)
	at org.springframework.security.web.ObservationFilterChainDecorator$ObservationFilter.doFilter(ObservationFilterChainDecorator.java:227)
	at org.springframework.security.web.ObservationFilterChainDecorator$VirtualFilterChain.doFilter(ObservationFilterChainDecorator.java:137)
	at org.springframework.security.web.authentication.logout.LogoutFilter.doFilter(LogoutFilter.java:107)
	at org.springframework.security.web.authentication.logout.LogoutFilter.doFilter(LogoutFilter.java:93)
	at org.springframework.security.web.ObservationFilterChainDecorator$ObservationFilter.wrapFilter(ObservationFilterChainDecorator.java:240)
	at org.springframework.security.web.ObservationFilterChainDecorator$ObservationFilter.doFilter(ObservationFilterChainDecorator.java:227)
	at org.springframework.security.web.ObservationFilterChainDecorator$VirtualFilterChain.doFilter(ObservationFilterChainDecorator.java:137)
	at org.springframework.web.filter.CorsFilter.doFilterInternal(CorsFilter.java:91)
	at org.springframework.web.filter.OncePerRequestFilter.doFilter(OncePerRequestFilter.java:116)
	at org.springframework.security.web.ObservationFilterChainDecorator$ObservationFilter.wrapFilter(ObservationFilterChainDecorator.java:240)
	at org.springframework.security.web.ObservationFilterChainDecorator$ObservationFilter.doFilter(ObservationFilterChainDecorator.java:227)
	at org.springframework.security.web.ObservationFilterChainDecorator$VirtualFilterChain.doFilter(ObservationFilterChainDecorator.java:137)
	at org.springframework.security.web.header.HeaderWriterFilter.doHeadersAfter(HeaderWriterFilter.java:90)
	at org.springframework.security.web.header.HeaderWriterFilter.doFilterInternal(HeaderWriterFilter.java:75)
	at org.springframework.web.filter.OncePerRequestFilter.doFilter(OncePerRequestFilter.java:116)
	at org.springframework.security.web.ObservationFilterChainDecorator$ObservationFilter.wrapFilter(ObservationFilterChainDecorator.java:240)
	at org.springframework.security.web.ObservationFilterChainDecorator$ObservationFilter.doFilter(ObservationFilterChainDecorator.java:227)
	at org.springframework.security.web.ObservationFilterChainDecorator$VirtualFilterChain.doFilter(ObservationFilterChainDecorator.java:137)
	at org.springframework.security.web.context.SecurityContextHolderFilter.doFilter(SecurityContextHolderFilter.java:82)
	at org.springframework.security.web.context.SecurityContextHolderFilter.doFilter(SecurityContextHolderFilter.java:69)
	at org.springframework.security.web.ObservationFilterChainDecorator$ObservationFilter.wrapFilter(ObservationFilterChainDecorator.java:240)
	at org.springframework.security.web.ObservationFilterChainDecorator$ObservationFilter.doFilter(ObservationFilterChainDecorator.java:227)
	at org.springframework.security.web.ObservationFilterChainDecorator$VirtualFilterChain.doFilter(ObservationFilterChainDecorator.java:137)
	at org.springframework.security.web.context.request.async.WebAsyncManagerIntegrationFilter.doFilterInternal(WebAsyncManagerIntegrationFilter.java:62)
	at org.springframework.web.filter.OncePerRequestFilter.doFilter(OncePerRequestFilter.java:116)
	at org.springframework.security.web.ObservationFilterChainDecorator$ObservationFilter.wrapFilter(ObservationFilterChainDecorator.java:240)
	at org.springframework.security.web.ObservationFilterChainDecorator$ObservationFilter.doFilter(ObservationFilterChainDecorator.java:227)
	at org.springframework.security.web.ObservationFilterChainDecorator$VirtualFilterChain.doFilter(ObservationFilterChainDecorator.java:137)
	at org.springframework.security.web.session.DisableEncodeUrlFilter.doFilterInternal(DisableEncodeUrlFilter.java:42)
	at org.springframework.web.filter.OncePerRequestFilter.doFilter(OncePerRequestFilter.java:116)
	at org.springframework.security.web.ObservationFilterChainDecorator$ObservationFilter.wrapFilter(ObservationFilterChainDecorator.java:240)
	at org.springframework.security.web.ObservationFilterChainDecorator$AroundFilterObservation$SimpleAroundFilterObservation.lambda$wrap$0(ObservationFilterChainDecorator.java:323)
	at org.springframework.security.web.ObservationFilterChainDecorator$ObservationFilter.doFilter(ObservationFilterChainDecorator.java:224)
	at org.springframework.security.web.ObservationFilterChainDecorator$VirtualFilterChain.doFilter(ObservationFilterChainDecorator.java:137)
	at org.springframework.security.web.FilterChainProxy.doFilterInternal(FilterChainProxy.java:233)
	at org.springframework.security.web.FilterChainProxy.doFilter(FilterChainProxy.java:191)
	at org.springframework.web.filter.CompositeFilter$VirtualFilterChain.doFilter(CompositeFilter.java:113)
	at org.springframework.web.servlet.handler.HandlerMappingIntrospector.lambda$createCacheFilter$3(HandlerMappingIntrospector.java:243)
	at org.springframework.web.filter.CompositeFilter$VirtualFilterChain.doFilter(CompositeFilter.java:113)
	at org.springframework.web.filter.CompositeFilter.doFilter(CompositeFilter.java:74)
	at org.springframework.security.config.annotation.web.configuration.WebMvcSecurityConfiguration$CompositeFilterChainProxy.doFilter(WebMvcSecurityConfiguration.java:238)
	at org.springframework.web.filter.DelegatingFilterProxy.invokeDelegate(DelegatingFilterProxy.java:362)
	at org.springframework.web.filter.DelegatingFilterProxy.doFilter(DelegatingFilterProxy.java:278)
	at org.apache.catalina.core.ApplicationFilterChain.internalDoFilter(ApplicationFilterChain.java:164)
	at org.apache.catalina.core.ApplicationFilterChain.doFilter(ApplicationFilterChain.java:140)
	at org.springframework.web.filter.RequestContextFilter.doFilterInternal(RequestContextFilter.java:100)
	at org.springframework.web.filter.OncePerRequestFilter.doFilter(OncePerRequestFilter.java:116)
	at org.apache.catalina.core.ApplicationFilterChain.internalDoFilter(ApplicationFilterChain.java:164)
	at org.apache.catalina.core.ApplicationFilterChain.doFilter(ApplicationFilterChain.java:140)
	at org.springframework.web.filter.FormContentFilter.doFilterInternal(FormContentFilter.java:93)
	at org.springframework.web.filter.OncePerRequestFilter.doFilter(OncePerRequestFilter.java:116)
	at org.apache.catalina.core.ApplicationFilterChain.internalDoFilter(ApplicationFilterChain.java:164)
	at org.apache.catalina.core.ApplicationFilterChain.doFilter(ApplicationFilterChain.java:140)
	at org.springframework.web.filter.ServerHttpObservationFilter.doFilterInternal(ServerHttpObservationFilter.java:114)
	at org.springframework.web.filter.OncePerRequestFilter.doFilter(OncePerRequestFilter.java:116)
	at org.apache.catalina.core.ApplicationFilterChain.internalDoFilter(ApplicationFilterChain.java:164)
	at org.apache.catalina.core.ApplicationFilterChain.doFilter(ApplicationFilterChain.java:140)
	at org.springframework.web.filter.CharacterEncodingFilter.doFilterInternal(CharacterEncodingFilter.java:201)
	at org.springframework.web.filter.OncePerRequestFilter.doFilter(OncePerRequestFilter.java:116)
	at org.apache.catalina.core.ApplicationFilterChain.internalDoFilter(ApplicationFilterChain.java:164)
	at org.apache.catalina.core.ApplicationFilterChain.doFilter(ApplicationFilterChain.java:140)
	at org.apache.catalina.core.StandardWrapperValve.invoke(StandardWrapperValve.java:167)
	at org.apache.catalina.core.StandardContextValve.invoke(StandardContextValve.java:90)
	at org.apache.catalina.authenticator.AuthenticatorBase.invoke(AuthenticatorBase.java:483)
	at org.apache.catalina.core.StandardHostValve.invoke(StandardHostValve.java:115)
	at org.apache.catalina.valves.ErrorReportValve.invoke(ErrorReportValve.java:93)
	at org.apache.catalina.core.StandardEngineValve.invoke(StandardEngineValve.java:74)
	at org.apache.catalina.connector.CoyoteAdapter.service(CoyoteAdapter.java:344)
	at org.apache.coyote.http11.Http11Processor.service(Http11Processor.java:397)
	at org.apache.coyote.AbstractProcessorLight.process(AbstractProcessorLight.java:63)
	at org.apache.coyote.AbstractProtocol$ConnectionHandler.process(AbstractProtocol.java:905)
	at org.apache.tomcat.util.net.NioEndpoint$SocketProcessor.doRun(NioEndpoint.java:1741)
	at org.apache.tomcat.util.net.SocketProcessorBase.run(SocketProcessorBase.java:52)
	at org.apache.tomcat.util.threads.ThreadPoolExecutor.runWorker(ThreadPoolExecutor.java:1190)
	at org.apache.tomcat.util.threads.ThreadPoolExecutor$Worker.run(ThreadPoolExecutor.java:659)
	at org.apache.tomcat.util.threads.TaskThread$WrappingRunnable.run(TaskThread.java:63)
	at java.base/java.lang.Thread.run(Thread.java:1583)
Caused by: org.hibernate.exception.JDBCConnectionException: Unable to acquire JDBC Connection [HikariPool-1 - Connection is not available, request timed out after 30011ms (total=0, active=0, idle=0, waiting=0)] [n/a]
	at org.hibernate.exception.internal.SQLExceptionTypeDelegate.convert(SQLExceptionTypeDelegate.java:51)
	at org.hibernate.exception.internal.StandardSQLExceptionConverter.convert(StandardSQLExceptionConverter.java:58)
	at org.hibernate.engine.jdbc.spi.SqlExceptionHelper.convert(SqlExceptionHelper.java:108)
	at org.hibernate.engine.jdbc.spi.SqlExceptionHelper.convert(SqlExceptionHelper.java:94)
	at org.hibernate.resource.jdbc.internal.LogicalConnectionManagedImpl.acquireConnectionIfNeeded(LogicalConnectionManagedImpl.java:129)
	at org.hibernate.resource.jdbc.internal.LogicalConnectionManagedImpl.getPhysicalConnection(LogicalConnectionManagedImpl.java:156)
	at org.hibernate.engine.jdbc.internal.StatementPreparerImpl.connection(StatementPreparerImpl.java:56)
	at org.hibernate.engine.jdbc.internal.StatementPreparerImpl$4.doPrepare(StatementPreparerImpl.java:151)
	at org.hibernate.engine.jdbc.internal.StatementPreparerImpl$StatementPreparationTemplate.prepareStatement(StatementPreparerImpl.java:180)
	at org.hibernate.engine.jdbc.internal.StatementPreparerImpl.prepareQueryStatement(StatementPreparerImpl.java:153)
	at org.hibernate.sql.exec.internal.StandardStatementCreator.createStatement(StandardStatementCreator.java:49)
	at org.hibernate.sql.results.jdbc.internal.DeferredResultSetAccess.executeQuery(DeferredResultSetAccess.java:235)
	at org.hibernate.sql.results.jdbc.internal.DeferredResultSetAccess.getResultSet(DeferredResultSetAccess.java:171)
	at org.hibernate.sql.results.jdbc.internal.JdbcValuesResultSetImpl.<init>(JdbcValuesResultSetImpl.java:74)
	at org.hibernate.sql.exec.internal.JdbcSelectExecutorStandardImpl.resolveJdbcValuesSource(JdbcSelectExecutorStandardImpl.java:355)
	at org.hibernate.sql.exec.internal.JdbcSelectExecutorStandardImpl.doExecuteQuery(JdbcSelectExecutorStandardImpl.java:137)
	at org.hibernate.sql.exec.internal.JdbcSelectExecutorStandardImpl.executeQuery(JdbcSelectExecutorStandardImpl.java:102)
	at org.hibernate.sql.exec.spi.JdbcSelectExecutor.executeQuery(JdbcSelectExecutor.java:91)
	at org.hibernate.sql.exec.spi.JdbcSelectExecutor.list(JdbcSelectExecutor.java:165)
	at org.hibernate.query.sqm.internal.ConcreteSqmSelectQueryPlan.lambda$new$1(ConcreteSqmSelectQueryPlan.java:152)
	at org.hibernate.query.sqm.internal.ConcreteSqmSelectQueryPlan.withCacheableSqmInterpretation(ConcreteSqmSelectQueryPlan.java:442)
	at org.hibernate.query.sqm.internal.ConcreteSqmSelectQueryPlan.performList(ConcreteSqmSelectQueryPlan.java:362)
	at org.hibernate.query.sqm.internal.QuerySqmImpl.doList(QuerySqmImpl.java:380)
	at org.hibernate.query.spi.AbstractSelectionQuery.list(AbstractSelectionQuery.java:143)
	at org.hibernate.query.spi.AbstractSelectionQuery.getSingleResult(AbstractSelectionQuery.java:275)
	at org.springframework.data.jpa.repository.query.JpaQueryExecution$SingleEntityExecution.doExecute(JpaQueryExecution.java:224)
	at org.springframework.data.jpa.repository.query.JpaQueryExecution.execute(JpaQueryExecution.java:93)
	at org.springframework.data.jpa.repository.query.AbstractJpaQuery.doExecute(AbstractJpaQuery.java:152)
	at org.springframework.data.jpa.repository.query.AbstractJpaQuery.execute(AbstractJpaQuery.java:140)
	at org.springframework.data.repository.core.support.RepositoryMethodInvoker.doInvoke(RepositoryMethodInvoker.java:170)
	at org.springframework.data.repository.core.support.RepositoryMethodInvoker.invoke(RepositoryMethodInvoker.java:158)
	at org.springframework.data.repository.core.support.QueryExecutorMethodInterceptor.doInvoke(QueryExecutorMethodInterceptor.java:170)
	at org.springframework.data.repository.core.support.QueryExecutorMethodInterceptor.invoke(QueryExecutorMethodInterceptor.java:149)
	at org.springframework.aop.framework.ReflectiveMethodInvocation.proceed(ReflectiveMethodInvocation.java:184)
	at org.springframework.data.projection.DefaultMethodInvokingMethodInterceptor.invoke(DefaultMethodInvokingMethodInterceptor.java:69)
	at org.springframework.aop.framework.ReflectiveMethodInvocation.proceed(ReflectiveMethodInvocation.java:184)
	at org.springframework.transaction.interceptor.TransactionAspectSupport.invokeWithinTransaction(TransactionAspectSupport.java:380)
	at org.springframework.transaction.interceptor.TransactionInterceptor.invoke(TransactionInterceptor.java:119)
	at org.springframework.aop.framework.ReflectiveMethodInvocation.proceed(ReflectiveMethodInvocation.java:184)
	at org.springframework.dao.support.PersistenceExceptionTranslationInterceptor.invoke(PersistenceExceptionTranslationInterceptor.java:138)
	... 138 common frames omitted
Caused by: java.sql.SQLTransientConnectionException: HikariPool-1 - Connection is not available, request timed out after 30011ms (total=0, active=0, idle=0, waiting=0)
	at com.zaxxer.hikari.pool.HikariPool.createTimeoutException(HikariPool.java:686)
	at com.zaxxer.hikari.pool.HikariPool.getConnection(HikariPool.java:179)
	at com.zaxxer.hikari.pool.HikariPool.getConnection(HikariPool.java:144)
	at com.zaxxer.hikari.HikariDataSource.getConnection(HikariDataSource.java:127)
	at org.hibernate.engine.jdbc.connections.internal.DatasourceConnectionProviderImpl.getConnection(DatasourceConnectionProviderImpl.java:126)
	at org.hibernate.internal.NonContextualJdbcConnectionAccess.obtainConnection(NonContextualJdbcConnectionAccess.java:46)
	at org.hibernate.resource.jdbc.internal.LogicalConnectionManagedImpl.acquireConnectionIfNeeded(LogicalConnectionManagedImpl.java:126)
	... 173 common frames omitted
Caused by: org.postgresql.util.PSQLException: Connection to localhost:15432 refused. Check that the hostname and port are correct and that the postmaster is accepting TCP/IP connections.
	at org.postgresql.core.v3.ConnectionFactoryImpl.openConnectionImpl(ConnectionFactoryImpl.java:352)
	at org.postgresql.core.ConnectionFactory.openConnection(ConnectionFactory.java:54)
	at org.postgresql.jdbc.PgConnection.<init>(PgConnection.java:273)
	at org.postgresql.Driver.makeConnection(Driver.java:446)
	at org.postgresql.Driver.connect(Driver.java:298)
	at com.zaxxer.hikari.util.DriverDataSource.getConnection(DriverDataSource.java:137)
	at com.zaxxer.hikari.pool.PoolBase.newConnection(PoolBase.java:360)
	at com.zaxxer.hikari.pool.PoolBase.newPoolEntry(PoolBase.java:202)
	at com.zaxxer.hikari.pool.HikariPool.createPoolEntry(HikariPool.java:461)
	at com.zaxxer.hikari.pool.HikariPool$PoolEntryCreator.call(HikariPool.java:724)
	at com.zaxxer.hikari.pool.HikariPool$PoolEntryCreator.call(HikariPool.java:703)
	at java.base/java.util.concurrent.FutureTask.run(FutureTask.java:317)
	at java.base/java.util.concurrent.ThreadPoolExecutor.runWorker(ThreadPoolExecutor.java:1144)
	at java.base/java.util.concurrent.ThreadPoolExecutor$Worker.run(ThreadPoolExecutor.java:642)
	... 1 common frames omitted
Caused by: java.net.ConnectException: Connection refused: no further information
	at java.base/sun.nio.ch.Net.pollConnect(Native Method)
	at java.base/sun.nio.ch.Net.pollConnectNow(Net.java:682)
	at java.base/sun.nio.ch.NioSocketImpl.timedFinishConnect(NioSocketImpl.java:542)
	at java.base/sun.nio.ch.NioSocketImpl.connect(NioSocketImpl.java:592)
	at java.base/java.net.SocksSocketImpl.connect(SocksSocketImpl.java:327)
	at java.base/java.net.Socket.connect(Socket.java:751)
	at org.postgresql.core.PGStream.createSocket(PGStream.java:260)
	at org.postgresql.core.PGStream.<init>(PGStream.java:121)
	at org.postgresql.core.v3.ConnectionFactoryImpl.tryConnect(ConnectionFactoryImpl.java:140)
	at org.postgresql.core.v3.ConnectionFactoryImpl.openConnectionImpl(ConnectionFactoryImpl.java:268)
	... 14 common frames omitted
2026-02-27 19:58:03 [lettuce-eventExecutorLoop-1-17] INFO  i.l.core.protocol.ConnectionWatchdog - Reconnecting, last destination was localhost/<unresolved>:16379
2026-02-27 19:58:03 [lettuce-eventExecutorLoop-1-16] INFO  i.l.core.protocol.ConnectionWatchdog - Reconnecting, last destination was localhost/<unresolved>:16379
2026-02-27 19:58:03 [lettuce-nioEventLoop-4-31] WARN  i.l.core.protocol.ConnectionWatchdog - Cannot reconnect to [localhost/<unresolved>:16379]: Connection refused: no further information: localhost/127.0.0.1:16379
2026-02-27 19:58:03 [lettuce-nioEventLoop-4-32] WARN  i.l.core.protocol.ConnectionWatchdog - Cannot reconnect to [localhost/<unresolved>:16379]: Connection refused: no further information: localhost/127.0.0.1:16379
2026-02-27 19:58:33 [lettuce-eventExecutorLoop-1-27] INFO  i.l.core.protocol.ConnectionWatchdog - Reconnecting, last destination was localhost/<unresolved>:16379
2026-02-27 19:58:33 [lettuce-eventExecutorLoop-1-26] INFO  i.l.core.protocol.ConnectionWatchdog - Reconnecting, last destination was localhost/<unresolved>:16379
2026-02-27 19:58:33 [lettuce-nioEventLoop-4-1] WARN  i.l.core.protocol.ConnectionWatchdog - Cannot reconnect to [localhost/<unresolved>:16379]: Connection refused: no further information: localhost/127.0.0.1:16379
2026-02-27 19:58:33 [lettuce-nioEventLoop-4-2] WARN  i.l.core.protocol.ConnectionWatchdog - Cannot reconnect to [localhost/<unresolved>:16379]: Connection refused: no further information: localhost/127.0.0.1:16379
2026-02-27 19:59:03 [lettuce-eventExecutorLoop-1-31] INFO  i.l.core.protocol.ConnectionWatchdog - Reconnecting, last destination was localhost/<unresolved>:16379
2026-02-27 19:59:03 [lettuce-eventExecutorLoop-1-30] INFO  i.l.core.protocol.ConnectionWatchdog - Reconnecting, last destination was localhost/<unresolved>:16379
2026-02-27 19:59:03 [lettuce-nioEventLoop-4-3] WARN  i.l.core.protocol.ConnectionWatchdog - Cannot reconnect to [localhost/<unresolved>:16379]: Connection refused: no further information: localhost/127.0.0.1:16379
2026-02-27 19:59:03 [lettuce-nioEventLoop-4-4] WARN  i.l.core.protocol.ConnectionWatchdog - Cannot reconnect to [localhost/<unresolved>:16379]: Connection refused: no further information: localhost/127.0.0.1:16379
2026-02-27 19:59:33 [lettuce-eventExecutorLoop-1-2] INFO  i.l.core.protocol.ConnectionWatchdog - Reconnecting, last destination was localhost/<unresolved>:16379
2026-02-27 19:59:33 [lettuce-eventExecutorLoop-1-3] INFO  i.l.core.protocol.ConnectionWatchdog - Reconnecting, last destination was localhost/<unresolved>:16379
2026-02-27 19:59:33 [lettuce-nioEventLoop-4-5] WARN  i.l.core.protocol.ConnectionWatchdog - Cannot reconnect to [localhost/<unresolved>:16379]: Connection refused: no further information: localhost/127.0.0.1:16379
2026-02-27 19:59:33 [lettuce-nioEventLoop-4-6] WARN  i.l.core.protocol.ConnectionWatchdog - Cannot reconnect to [localhost/<unresolved>:16379]: Connection refused: no further information: localhost/127.0.0.1:16379
2026-02-27 20:00:03 [lettuce-eventExecutorLoop-1-6] INFO  i.l.core.protocol.ConnectionWatchdog - Reconnecting, last destination was localhost/<unresolved>:16379
2026-02-27 20:00:03 [lettuce-eventExecutorLoop-1-7] INFO  i.l.core.protocol.ConnectionWatchdog - Reconnecting, last destination was localhost/<unresolved>:16379
2026-02-27 20:00:03 [lettuce-nioEventLoop-4-7] WARN  i.l.core.protocol.ConnectionWatchdog - Cannot reconnect to [localhost/<unresolved>:16379]: Connection refused: no further information: localhost/127.0.0.1:16379
2026-02-27 20:00:03 [lettuce-nioEventLoop-4-8] WARN  i.l.core.protocol.ConnectionWatchdog - Cannot reconnect to [localhost/<unresolved>:16379]: Connection refused: no further information: localhost/127.0.0.1:16379
2026-02-27 20:00:33 [lettuce-eventExecutorLoop-1-11] INFO  i.l.core.protocol.ConnectionWatchdog - Reconnecting, last destination was localhost/<unresolved>:16379
2026-02-27 20:00:33 [lettuce-eventExecutorLoop-1-10] INFO  i.l.core.protocol.ConnectionWatchdog - Reconnecting, last destination was localhost/<unresolved>:16379
2026-02-27 20:00:33 [lettuce-nioEventLoop-4-9] WARN  i.l.core.protocol.ConnectionWatchdog - Cannot reconnect to [localhost/<unresolved>:16379]: Connection refused: no further information: localhost/127.0.0.1:16379
2026-02-27 20:00:33 [lettuce-nioEventLoop-4-10] WARN  i.l.core.protocol.ConnectionWatchdog - Cannot reconnect to [localhost/<unresolved>:16379]: Connection refused: no further information: localhost/127.0.0.1:16379
2026-02-27 20:01:04 [lettuce-eventExecutorLoop-1-15] INFO  i.l.core.protocol.ConnectionWatchdog - Reconnecting, last destination was localhost/<unresolved>:16379
2026-02-27 20:01:04 [lettuce-eventExecutorLoop-1-14] INFO  i.l.core.protocol.ConnectionWatchdog - Reconnecting, last destination was localhost/<unresolved>:16379
2026-02-27 20:01:04 [lettuce-nioEventLoop-4-11] WARN  i.l.core.protocol.ConnectionWatchdog - Cannot reconnect to [localhost/<unresolved>:16379]: Connection refused: no further information: localhost/127.0.0.1:16379
2026-02-27 20:01:04 [lettuce-nioEventLoop-4-12] WARN  i.l.core.protocol.ConnectionWatchdog - Cannot reconnect to [localhost/<unresolved>:16379]: Connection refused: no further information: localhost/127.0.0.1:16379
2026-02-27 20:01:34 [lettuce-eventExecutorLoop-1-19] INFO  i.l.core.protocol.ConnectionWatchdog - Reconnecting, last destination was localhost/<unresolved>:16379
2026-02-27 20:01:34 [lettuce-eventExecutorLoop-1-18] INFO  i.l.core.protocol.ConnectionWatchdog - Reconnecting, last destination was localhost/<unresolved>:16379
2026-02-27 20:01:34 [lettuce-nioEventLoop-4-14] WARN  i.l.core.protocol.ConnectionWatchdog - Cannot reconnect to [localhost/<unresolved>:16379]: Connection refused: no further information: localhost/127.0.0.1:16379
2026-02-27 20:01:34 [lettuce-nioEventLoop-4-13] WARN  i.l.core.protocol.ConnectionWatchdog - Cannot reconnect to [localhost/<unresolved>:16379]: Connection refused: no further information: localhost/127.0.0.1:16379
2026-02-27 20:02:04 [lettuce-eventExecutorLoop-1-23] INFO  i.l.core.protocol.ConnectionWatchdog - Reconnecting, last destination was localhost/<unresolved>:16379
2026-02-27 20:02:04 [lettuce-eventExecutorLoop-1-22] INFO  i.l.core.protocol.ConnectionWatchdog - Reconnecting, last destination was localhost/<unresolved>:16379
2026-02-27 20:02:04 [lettuce-nioEventLoop-4-15] WARN  i.l.core.protocol.ConnectionWatchdog - Cannot reconnect to [localhost/<unresolved>:16379]: Connection refused: no further information: localhost/127.0.0.1:16379
2026-02-27 20:02:04 [lettuce-nioEventLoop-4-16] WARN  i.l.core.protocol.ConnectionWatchdog - Cannot reconnect to [localhost/<unresolved>:16379]: Connection refused: no further information: localhost/127.0.0.1:16379
2026-02-27 20:02:34 [lettuce-eventExecutorLoop-1-26] INFO  i.l.core.protocol.ConnectionWatchdog - Reconnecting, last destination was localhost/<unresolved>:16379
2026-02-27 20:02:34 [lettuce-eventExecutorLoop-1-27] INFO  i.l.core.protocol.ConnectionWatchdog - Reconnecting, last destination was localhost/<unresolved>:16379
2026-02-27 20:02:34 [lettuce-nioEventLoop-4-18] WARN  i.l.core.protocol.ConnectionWatchdog - Cannot reconnect to [localhost/<unresolved>:16379]: Connection refused: no further information: localhost/127.0.0.1:16379
2026-02-27 20:02:34 [lettuce-nioEventLoop-4-17] WARN  i.l.core.protocol.ConnectionWatchdog - Cannot reconnect to [localhost/<unresolved>:16379]: Connection refused: no further information: localhost/127.0.0.1:16379
2026-02-27 20:03:04 [lettuce-eventExecutorLoop-1-30] INFO  i.l.core.protocol.ConnectionWatchdog - Reconnecting, last destination was localhost/<unresolved>:16379
2026-02-27 20:03:04 [lettuce-eventExecutorLoop-1-31] INFO  i.l.core.protocol.ConnectionWatchdog - Reconnecting, last destination was localhost/<unresolved>:16379
2026-02-27 20:03:04 [lettuce-nioEventLoop-4-20] WARN  i.l.core.protocol.ConnectionWatchdog - Cannot reconnect to [localhost/<unresolved>:16379]: Connection refused: no further information: localhost/127.0.0.1:16379
2026-02-27 20:03:04 [lettuce-nioEventLoop-4-19] WARN  i.l.core.protocol.ConnectionWatchdog - Cannot reconnect to [localhost/<unresolved>:16379]: Connection refused: no further information: localhost/127.0.0.1:16379
2026-02-27 20:03:34 [lettuce-eventExecutorLoop-1-2] INFO  i.l.core.protocol.ConnectionWatchdog - Reconnecting, last destination was localhost/<unresolved>:16379
2026-02-27 20:03:34 [lettuce-eventExecutorLoop-1-3] INFO  i.l.core.protocol.ConnectionWatchdog - Reconnecting, last destination was localhost/<unresolved>:16379
2026-02-27 20:03:34 [lettuce-nioEventLoop-4-22] WARN  i.l.core.protocol.ConnectionWatchdog - Cannot reconnect to [localhost/<unresolved>:16379]: Connection refused: no further information: localhost/127.0.0.1:16379
2026-02-27 20:03:34 [lettuce-nioEventLoop-4-21] WARN  i.l.core.protocol.ConnectionWatchdog - Cannot reconnect to [localhost/<unresolved>:16379]: Connection refused: no further information: localhost/127.0.0.1:16379
2026-02-27 20:04:04 [lettuce-eventExecutorLoop-1-6] INFO  i.l.core.protocol.ConnectionWatchdog - Reconnecting, last destination was localhost/<unresolved>:16379
2026-02-27 20:04:04 [lettuce-eventExecutorLoop-1-7] INFO  i.l.core.protocol.ConnectionWatchdog - Reconnecting, last destination was localhost/<unresolved>:16379
2026-02-27 20:04:04 [lettuce-nioEventLoop-4-24] WARN  i.l.core.protocol.ConnectionWatchdog - Cannot reconnect to [localhost/<unresolved>:16379]: Connection refused: no further information: localhost/127.0.0.1:16379
2026-02-27 20:04:04 [lettuce-nioEventLoop-4-23] WARN  i.l.core.protocol.ConnectionWatchdog - Cannot reconnect to [localhost/<unresolved>:16379]: Connection refused: no further information: localhost/127.0.0.1:16379
2026-02-27 20:09:10 [main] INFO  c.u.l.member.MemberApplication - Starting MemberApplication using Java 21 with PID 23280 (C:\Users\hiond\workspace\lunch-menu-recommender\member-service\build\classes\java\main started by hiond in C:\Users\hiond\workspace\lunch-menu-recommender\member-service)
2026-02-27 20:09:10 [main] DEBUG c.u.l.member.MemberApplication - Running with Spring Boot v3.4.1, Spring v6.2.1
2026-02-27 20:09:10 [main] INFO  c.u.l.member.MemberApplication - No active profile set, falling back to 1 default profile: "default"
2026-02-27 20:09:10 [main] INFO  o.s.d.r.c.RepositoryConfigurationDelegate - Multiple Spring Data modules found, entering strict repository configuration mode
2026-02-27 20:09:10 [main] INFO  o.s.d.r.c.RepositoryConfigurationDelegate - Bootstrapping Spring Data JPA repositories in DEFAULT mode.
2026-02-27 20:09:11 [main] INFO  o.s.d.r.c.RepositoryConfigurationDelegate - Finished Spring Data repository scanning in 66 ms. Found 4 JPA repository interfaces.
2026-02-27 20:09:11 [main] INFO  o.s.d.r.c.RepositoryConfigurationDelegate - Multiple Spring Data modules found, entering strict repository configuration mode
2026-02-27 20:09:11 [main] INFO  o.s.d.r.c.RepositoryConfigurationDelegate - Bootstrapping Spring Data Redis repositories in DEFAULT mode.
2026-02-27 20:09:11 [main] INFO  o.s.d.r.c.RepositoryConfigurationExtensionSupport - Spring Data Redis - Could not safely identify store assignment for repository candidate interface com.unicorn.lunchpick.member.repository.jpa.DietaryRestrictionRepository; If you want this repository to be a Redis repository, consider annotating your entities with one of these annotations: org.springframework.data.redis.core.RedisHash (preferred), or consider extending one of the following types with your repository: org.springframework.data.keyvalue.repository.KeyValueRepository
2026-02-27 20:09:11 [main] INFO  o.s.d.r.c.RepositoryConfigurationExtensionSupport - Spring Data Redis - Could not safely identify store assignment for repository candidate interface com.unicorn.lunchpick.member.repository.jpa.LocationConsentRepository; If you want this repository to be a Redis repository, consider annotating your entities with one of these annotations: org.springframework.data.redis.core.RedisHash (preferred), or consider extending one of the following types with your repository: org.springframework.data.keyvalue.repository.KeyValueRepository
2026-02-27 20:09:11 [main] INFO  o.s.d.r.c.RepositoryConfigurationExtensionSupport - Spring Data Redis - Could not safely identify store assignment for repository candidate interface com.unicorn.lunchpick.member.repository.jpa.MemberRepository; If you want this repository to be a Redis repository, consider annotating your entities with one of these annotations: org.springframework.data.redis.core.RedisHash (preferred), or consider extending one of the following types with your repository: org.springframework.data.keyvalue.repository.KeyValueRepository
2026-02-27 20:09:11 [main] INFO  o.s.d.r.c.RepositoryConfigurationExtensionSupport - Spring Data Redis - Could not safely identify store assignment for repository candidate interface com.unicorn.lunchpick.member.repository.jpa.TasteProfileRepository; If you want this repository to be a Redis repository, consider annotating your entities with one of these annotations: org.springframework.data.redis.core.RedisHash (preferred), or consider extending one of the following types with your repository: org.springframework.data.keyvalue.repository.KeyValueRepository
2026-02-27 20:09:11 [main] INFO  o.s.d.r.c.RepositoryConfigurationDelegate - Finished Spring Data repository scanning in 13 ms. Found 0 Redis repository interfaces.
2026-02-27 20:09:11 [main] INFO  o.s.cloud.context.scope.GenericScope - BeanFactory id=8332a431-df6a-3789-8bbc-8833cc5c2b11
2026-02-27 20:09:11 [main] INFO  o.s.b.w.e.tomcat.TomcatWebServer - Tomcat initialized with port 8081 (http)
2026-02-27 20:09:11 [main] INFO  o.a.catalina.core.StandardService - Starting service [Tomcat]
2026-02-27 20:09:11 [main] INFO  o.a.catalina.core.StandardEngine - Starting Servlet engine: [Apache Tomcat/10.1.34]
2026-02-27 20:09:11 [main] INFO  o.a.c.c.C.[Tomcat].[localhost].[/] - Initializing Spring embedded WebApplicationContext
2026-02-27 20:09:11 [main] INFO  o.s.b.w.s.c.ServletWebServerApplicationContext - Root WebApplicationContext: initialization completed in 1395 ms
2026-02-27 20:09:12 [main] INFO  o.h.jpa.internal.util.LogHelper - HHH000204: Processing PersistenceUnitInfo [name: default]
2026-02-27 20:09:12 [main] INFO  org.hibernate.Version - HHH000412: Hibernate ORM core version 6.6.4.Final
2026-02-27 20:09:12 [main] INFO  o.h.c.i.RegionFactoryInitiator - HHH000026: Second-level cache disabled
2026-02-27 20:09:12 [main] INFO  o.s.o.j.p.SpringPersistenceUnitInfo - No LoadTimeWeaver setup: ignoring JPA class transformer
2026-02-27 20:09:12 [main] INFO  com.zaxxer.hikari.HikariDataSource - HikariPool-1 - Starting...
2026-02-27 20:09:12 [main] INFO  com.zaxxer.hikari.pool.HikariPool - HikariPool-1 - Added connection org.postgresql.jdbc.PgConnection@641c8ba4
2026-02-27 20:09:12 [main] INFO  com.zaxxer.hikari.HikariDataSource - HikariPool-1 - Start completed.
2026-02-27 20:09:12 [main] INFO  o.hibernate.orm.connections.pooling - HHH10001005: Database info:
	Database JDBC URL [Connecting through datasource 'HikariDataSource (HikariPool-1)']
	Database driver: undefined/unknown
	Database version: 16.12
	Autocommit mode: undefined/unknown
	Isolation level: undefined/unknown
	Minimum pool size: undefined/unknown
	Maximum pool size: undefined/unknown
2026-02-27 20:09:13 [main] INFO  o.h.e.t.j.p.i.JtaPlatformInitiator - HHH000489: No JTA platform available (set 'hibernate.transaction.jta.platform' to enable JTA platform integration)
2026-02-27 20:09:13 [main] INFO  o.s.o.j.LocalContainerEntityManagerFactoryBean - Initialized JPA EntityManagerFactory for persistence unit 'default'
2026-02-27 20:09:13 [main] INFO  c.u.l.member.config.RedisConfig - Redis Streams 리스너 컨테이너 시작 (DB 0) — stream: subscription-events
2026-02-27 20:09:14 [main] DEBUG c.u.l.member.config.RedisConfig - Consumer Group 이미 존재 (정상) — stream: subscription-events, group: member-service-group
2026-02-27 20:09:14 [main] INFO  c.u.l.member.config.RedisConfig - Redis Streams 구독 등록 완료 — stream: subscription-events, group: member-service-group, consumer: member-service-1
2026-02-27 20:09:14 [main] WARN  o.s.b.a.o.j.JpaBaseConfiguration$JpaWebConfiguration - spring.jpa.open-in-view is enabled by default. Therefore, database queries may be performed during view rendering. Explicitly configure spring.jpa.open-in-view to disable this warning
2026-02-27 20:09:14 [main] INFO  o.s.s.c.a.a.c.InitializeUserDetailsBeanManagerConfigurer$InitializeUserDetailsManagerConfigurer - Global AuthenticationManager configured with UserDetailsService bean with name customUserDetailsService
2026-02-27 20:09:14 [main] INFO  o.s.b.a.e.web.EndpointLinksResolver - Exposing 3 endpoints beneath base path '/actuator'
2026-02-27 20:09:16 [main] INFO  o.s.cloud.commons.util.InetUtils - Cannot determine local hostname
2026-02-27 20:09:16 [main] INFO  o.s.b.w.e.tomcat.TomcatWebServer - Tomcat started on port 8081 (http) with context path '/'
2026-02-27 20:09:17 [main] INFO  o.s.cloud.commons.util.InetUtils - Cannot determine local hostname
2026-02-27 20:09:17 [main] INFO  c.u.l.member.MemberApplication - Started MemberApplication in 8.32 seconds (process running for 8.601)
2026-02-27 20:09:50 [http-nio-8081-exec-1] INFO  o.a.c.c.C.[Tomcat].[localhost].[/] - Initializing Spring DispatcherServlet 'dispatcherServlet'
2026-02-27 20:09:50 [http-nio-8081-exec-1] INFO  o.s.web.servlet.DispatcherServlet - Initializing Servlet 'dispatcherServlet'
2026-02-27 20:09:50 [http-nio-8081-exec-1] INFO  o.s.web.servlet.DispatcherServlet - Completed initialization in 1 ms
2026-02-27 20:10:53 [main] INFO  c.u.l.member.MemberApplication - Starting MemberApplication using Java 21 with PID 31448 (C:\Users\hiond\workspace\lunch-menu-recommender\member-service\build\classes\java\main started by hiond in C:\Users\hiond\workspace\lunch-menu-recommender\member-service)
2026-02-27 20:10:53 [main] DEBUG c.u.l.member.MemberApplication - Running with Spring Boot v3.4.1, Spring v6.2.1
2026-02-27 20:10:53 [main] INFO  c.u.l.member.MemberApplication - The following 1 profile is active: "dev"
2026-02-27 20:10:53 [main] INFO  o.s.d.r.c.RepositoryConfigurationDelegate - Multiple Spring Data modules found, entering strict repository configuration mode
2026-02-27 20:10:53 [main] INFO  o.s.d.r.c.RepositoryConfigurationDelegate - Bootstrapping Spring Data JPA repositories in DEFAULT mode.
2026-02-27 20:10:53 [main] INFO  o.s.d.r.c.RepositoryConfigurationDelegate - Finished Spring Data repository scanning in 64 ms. Found 4 JPA repository interfaces.
2026-02-27 20:10:53 [main] INFO  o.s.d.r.c.RepositoryConfigurationDelegate - Multiple Spring Data modules found, entering strict repository configuration mode
2026-02-27 20:10:53 [main] INFO  o.s.d.r.c.RepositoryConfigurationDelegate - Bootstrapping Spring Data Redis repositories in DEFAULT mode.
2026-02-27 20:10:53 [main] INFO  o.s.d.r.c.RepositoryConfigurationExtensionSupport - Spring Data Redis - Could not safely identify store assignment for repository candidate interface com.unicorn.lunchpick.member.repository.jpa.DietaryRestrictionRepository; If you want this repository to be a Redis repository, consider annotating your entities with one of these annotations: org.springframework.data.redis.core.RedisHash (preferred), or consider extending one of the following types with your repository: org.springframework.data.keyvalue.repository.KeyValueRepository
2026-02-27 20:10:53 [main] INFO  o.s.d.r.c.RepositoryConfigurationExtensionSupport - Spring Data Redis - Could not safely identify store assignment for repository candidate interface com.unicorn.lunchpick.member.repository.jpa.LocationConsentRepository; If you want this repository to be a Redis repository, consider annotating your entities with one of these annotations: org.springframework.data.redis.core.RedisHash (preferred), or consider extending one of the following types with your repository: org.springframework.data.keyvalue.repository.KeyValueRepository
2026-02-27 20:10:53 [main] INFO  o.s.d.r.c.RepositoryConfigurationExtensionSupport - Spring Data Redis - Could not safely identify store assignment for repository candidate interface com.unicorn.lunchpick.member.repository.jpa.MemberRepository; If you want this repository to be a Redis repository, consider annotating your entities with one of these annotations: org.springframework.data.redis.core.RedisHash (preferred), or consider extending one of the following types with your repository: org.springframework.data.keyvalue.repository.KeyValueRepository
2026-02-27 20:10:53 [main] INFO  o.s.d.r.c.RepositoryConfigurationExtensionSupport - Spring Data Redis - Could not safely identify store assignment for repository candidate interface com.unicorn.lunchpick.member.repository.jpa.TasteProfileRepository; If you want this repository to be a Redis repository, consider annotating your entities with one of these annotations: org.springframework.data.redis.core.RedisHash (preferred), or consider extending one of the following types with your repository: org.springframework.data.keyvalue.repository.KeyValueRepository
2026-02-27 20:10:53 [main] INFO  o.s.d.r.c.RepositoryConfigurationDelegate - Finished Spring Data repository scanning in 14 ms. Found 0 Redis repository interfaces.
2026-02-27 20:10:54 [main] INFO  o.s.cloud.context.scope.GenericScope - BeanFactory id=1a3b27fb-12f5-300a-b35b-fe7cd5e0b075
2026-02-27 20:10:54 [main] INFO  o.s.b.w.e.tomcat.TomcatWebServer - Tomcat initialized with port 8081 (http)
2026-02-27 20:10:54 [main] INFO  o.a.catalina.core.StandardService - Starting service [Tomcat]
2026-02-27 20:10:54 [main] INFO  o.a.catalina.core.StandardEngine - Starting Servlet engine: [Apache Tomcat/10.1.34]
2026-02-27 20:10:54 [main] INFO  o.a.c.c.C.[Tomcat].[localhost].[/] - Initializing Spring embedded WebApplicationContext
2026-02-27 20:10:54 [main] INFO  o.s.b.w.s.c.ServletWebServerApplicationContext - Root WebApplicationContext: initialization completed in 1376 ms
2026-02-27 20:10:54 [main] INFO  o.h.jpa.internal.util.LogHelper - HHH000204: Processing PersistenceUnitInfo [name: default]
2026-02-27 20:10:54 [main] INFO  org.hibernate.Version - HHH000412: Hibernate ORM core version 6.6.4.Final
2026-02-27 20:10:54 [main] INFO  o.h.c.i.RegionFactoryInitiator - HHH000026: Second-level cache disabled
2026-02-27 20:10:54 [main] DEBUG o.hibernate.type.BasicTypeRegistry - Adding type registration boolean -> org.hibernate.type.BasicTypeReference@1b79df53
2026-02-27 20:10:54 [main] DEBUG o.hibernate.type.BasicTypeRegistry - Adding type registration boolean -> org.hibernate.type.BasicTypeReference@1b79df53
2026-02-27 20:10:54 [main] DEBUG o.hibernate.type.BasicTypeRegistry - Adding type registration java.lang.Boolean -> org.hibernate.type.BasicTypeReference@1b79df53
2026-02-27 20:10:54 [main] DEBUG o.hibernate.type.BasicTypeRegistry - Adding type registration numeric_boolean -> org.hibernate.type.BasicTypeReference@8ee1404
2026-02-27 20:10:54 [main] DEBUG o.hibernate.type.BasicTypeRegistry - Adding type registration org.hibernate.type.NumericBooleanConverter -> org.hibernate.type.BasicTypeReference@8ee1404
2026-02-27 20:10:54 [main] DEBUG o.hibernate.type.BasicTypeRegistry - Adding type registration true_false -> org.hibernate.type.BasicTypeReference@5c3924fd
2026-02-27 20:10:54 [main] DEBUG o.hibernate.type.BasicTypeRegistry - Adding type registration org.hibernate.type.TrueFalseConverter -> org.hibernate.type.BasicTypeReference@5c3924fd
2026-02-27 20:10:54 [main] DEBUG o.hibernate.type.BasicTypeRegistry - Adding type registration yes_no -> org.hibernate.type.BasicTypeReference@3ec211cc
2026-02-27 20:10:54 [main] DEBUG o.hibernate.type.BasicTypeRegistry - Adding type registration org.hibernate.type.YesNoConverter -> org.hibernate.type.BasicTypeReference@3ec211cc
2026-02-27 20:10:54 [main] DEBUG o.hibernate.type.BasicTypeRegistry - Adding type registration byte -> org.hibernate.type.BasicTypeReference@6b94c200
2026-02-27 20:10:54 [main] DEBUG o.hibernate.type.BasicTypeRegistry - Adding type registration byte -> org.hibernate.type.BasicTypeReference@6b94c200
2026-02-27 20:10:54 [main] DEBUG o.hibernate.type.BasicTypeRegistry - Adding type registration java.lang.Byte -> org.hibernate.type.BasicTypeReference@6b94c200
2026-02-27 20:10:54 [main] DEBUG o.hibernate.type.BasicTypeRegistry - Adding type registration binary -> org.hibernate.type.BasicTypeReference@1322b542
2026-02-27 20:10:54 [main] DEBUG o.hibernate.type.BasicTypeRegistry - Adding type registration byte[] -> org.hibernate.type.BasicTypeReference@1322b542
2026-02-27 20:10:54 [main] DEBUG o.hibernate.type.BasicTypeRegistry - Adding type registration [B -> org.hibernate.type.BasicTypeReference@1322b542
2026-02-27 20:10:54 [main] DEBUG o.hibernate.type.BasicTypeRegistry - Adding type registration binary_wrapper -> org.hibernate.type.BasicTypeReference@6a97517
2026-02-27 20:10:54 [main] DEBUG o.hibernate.type.BasicTypeRegistry - Adding type registration wrapper-binary -> org.hibernate.type.BasicTypeReference@6a97517
2026-02-27 20:10:54 [main] DEBUG o.hibernate.type.BasicTypeRegistry - Adding type registration image -> org.hibernate.type.BasicTypeReference@284b487f
2026-02-27 20:10:54 [main] DEBUG o.hibernate.type.BasicTypeRegistry - Adding type registration blob -> org.hibernate.type.BasicTypeReference@65021bb4
2026-02-27 20:10:54 [main] DEBUG o.hibernate.type.BasicTypeRegistry - Adding type registration java.sql.Blob -> org.hibernate.type.BasicTypeReference@65021bb4
2026-02-27 20:10:54 [main] DEBUG o.hibernate.type.BasicTypeRegistry - Adding type registration materialized_blob -> org.hibernate.type.BasicTypeReference@630c3af3
2026-02-27 20:10:54 [main] DEBUG o.hibernate.type.BasicTypeRegistry - Adding type registration materialized_blob_wrapper -> org.hibernate.type.BasicTypeReference@2e40ea48
2026-02-27 20:10:54 [main] DEBUG o.hibernate.type.BasicTypeRegistry - Adding type registration short -> org.hibernate.type.BasicTypeReference@5cba474f
2026-02-27 20:10:54 [main] DEBUG o.hibernate.type.BasicTypeRegistry - Adding type registration short -> org.hibernate.type.BasicTypeReference@5cba474f
2026-02-27 20:10:54 [main] DEBUG o.hibernate.type.BasicTypeRegistry - Adding type registration java.lang.Short -> org.hibernate.type.BasicTypeReference@5cba474f
2026-02-27 20:10:54 [main] DEBUG o.hibernate.type.BasicTypeRegistry - Adding type registration integer -> org.hibernate.type.BasicTypeReference@291028d7
2026-02-27 20:10:54 [main] DEBUG o.hibernate.type.BasicTypeRegistry - Adding type registration int -> org.hibernate.type.BasicTypeReference@291028d7
2026-02-27 20:10:54 [main] DEBUG o.hibernate.type.BasicTypeRegistry - Adding type registration java.lang.Integer -> org.hibernate.type.BasicTypeReference@291028d7
2026-02-27 20:10:54 [main] DEBUG o.hibernate.type.BasicTypeRegistry - Adding type registration long -> org.hibernate.type.BasicTypeReference@2b4954a4
2026-02-27 20:10:54 [main] DEBUG o.hibernate.type.BasicTypeRegistry - Adding type registration long -> org.hibernate.type.BasicTypeReference@2b4954a4
2026-02-27 20:10:54 [main] DEBUG o.hibernate.type.BasicTypeRegistry - Adding type registration java.lang.Long -> org.hibernate.type.BasicTypeReference@2b4954a4
2026-02-27 20:10:54 [main] DEBUG o.hibernate.type.BasicTypeRegistry - Adding type registration float -> org.hibernate.type.BasicTypeReference@2f2f92f
2026-02-27 20:10:54 [main] DEBUG o.hibernate.type.BasicTypeRegistry - Adding type registration float -> org.hibernate.type.BasicTypeReference@2f2f92f
2026-02-27 20:10:54 [main] DEBUG o.hibernate.type.BasicTypeRegistry - Adding type registration java.lang.Float -> org.hibernate.type.BasicTypeReference@2f2f92f
2026-02-27 20:10:54 [main] DEBUG o.hibernate.type.BasicTypeRegistry - Adding type registration double -> org.hibernate.type.BasicTypeReference@cfc4601
2026-02-27 20:10:54 [main] DEBUG o.hibernate.type.BasicTypeRegistry - Adding type registration double -> org.hibernate.type.BasicTypeReference@cfc4601
2026-02-27 20:10:54 [main] DEBUG o.hibernate.type.BasicTypeRegistry - Adding type registration java.lang.Double -> org.hibernate.type.BasicTypeReference@cfc4601
2026-02-27 20:10:54 [main] DEBUG o.hibernate.type.BasicTypeRegistry - Adding type registration big_integer -> org.hibernate.type.BasicTypeReference@240291d9
2026-02-27 20:10:54 [main] DEBUG o.hibernate.type.BasicTypeRegistry - Adding type registration java.math.BigInteger -> org.hibernate.type.BasicTypeReference@240291d9
2026-02-27 20:10:54 [main] DEBUG o.hibernate.type.BasicTypeRegistry - Adding type registration big_decimal -> org.hibernate.type.BasicTypeReference@450f0d89
2026-02-27 20:10:54 [main] DEBUG o.hibernate.type.BasicTypeRegistry - Adding type registration java.math.BigDecimal -> org.hibernate.type.BasicTypeReference@450f0d89
2026-02-27 20:10:54 [main] DEBUG o.hibernate.type.BasicTypeRegistry - Adding type registration character -> org.hibernate.type.BasicTypeReference@50a1af86
2026-02-27 20:10:54 [main] DEBUG o.hibernate.type.BasicTypeRegistry - Adding type registration char -> org.hibernate.type.BasicTypeReference@50a1af86
2026-02-27 20:10:54 [main] DEBUG o.hibernate.type.BasicTypeRegistry - Adding type registration java.lang.Character -> org.hibernate.type.BasicTypeReference@50a1af86
2026-02-27 20:10:54 [main] DEBUG o.hibernate.type.BasicTypeRegistry - Adding type registration character_nchar -> org.hibernate.type.BasicTypeReference@3e0327dd
2026-02-27 20:10:54 [main] DEBUG o.hibernate.type.BasicTypeRegistry - Adding type registration string -> org.hibernate.type.BasicTypeReference@ebff59d
2026-02-27 20:10:54 [main] DEBUG o.hibernate.type.BasicTypeRegistry - Adding type registration java.lang.String -> org.hibernate.type.BasicTypeReference@ebff59d
2026-02-27 20:10:54 [main] DEBUG o.hibernate.type.BasicTypeRegistry - Adding type registration nstring -> org.hibernate.type.BasicTypeReference@3361d286
2026-02-27 20:10:54 [main] DEBUG o.hibernate.type.BasicTypeRegistry - Adding type registration characters -> org.hibernate.type.BasicTypeReference@6ee186f3
2026-02-27 20:10:54 [main] DEBUG o.hibernate.type.BasicTypeRegistry - Adding type registration char[] -> org.hibernate.type.BasicTypeReference@6ee186f3
2026-02-27 20:10:54 [main] DEBUG o.hibernate.type.BasicTypeRegistry - Adding type registration [C -> org.hibernate.type.BasicTypeReference@6ee186f3
2026-02-27 20:10:54 [main] DEBUG o.hibernate.type.BasicTypeRegistry - Adding type registration wrapper-characters -> org.hibernate.type.BasicTypeReference@49fb693d
2026-02-27 20:10:54 [main] DEBUG o.hibernate.type.BasicTypeRegistry - Adding type registration text -> org.hibernate.type.BasicTypeReference@38197e82
2026-02-27 20:10:54 [main] DEBUG o.hibernate.type.BasicTypeRegistry - Adding type registration ntext -> org.hibernate.type.BasicTypeReference@5516ee5
2026-02-27 20:10:54 [main] DEBUG o.hibernate.type.BasicTypeRegistry - Adding type registration clob -> org.hibernate.type.BasicTypeReference@6765b6a2
2026-02-27 20:10:54 [main] DEBUG o.hibernate.type.BasicTypeRegistry - Adding type registration java.sql.Clob -> org.hibernate.type.BasicTypeReference@6765b6a2
2026-02-27 20:10:54 [main] DEBUG o.hibernate.type.BasicTypeRegistry - Adding type registration nclob -> org.hibernate.type.BasicTypeReference@75c589f2
2026-02-27 20:10:54 [main] DEBUG o.hibernate.type.BasicTypeRegistry - Adding type registration java.sql.NClob -> org.hibernate.type.BasicTypeReference@75c589f2
2026-02-27 20:10:54 [main] DEBUG o.hibernate.type.BasicTypeRegistry - Adding type registration materialized_clob -> org.hibernate.type.BasicTypeReference@6db04a6
2026-02-27 20:10:54 [main] DEBUG o.hibernate.type.BasicTypeRegistry - Adding type registration materialized_clob_char_array -> org.hibernate.type.BasicTypeReference@8f374de
2026-02-27 20:10:54 [main] DEBUG o.hibernate.type.BasicTypeRegistry - Adding type registration materialized_clob_character_array -> org.hibernate.type.BasicTypeReference@426913c4
2026-02-27 20:10:54 [main] DEBUG o.hibernate.type.BasicTypeRegistry - Adding type registration materialized_nclob -> org.hibernate.type.BasicTypeReference@1bba9862
2026-02-27 20:10:54 [main] DEBUG o.hibernate.type.BasicTypeRegistry - Adding type registration materialized_nclob_character_array -> org.hibernate.type.BasicTypeReference@451a4187
2026-02-27 20:10:54 [main] DEBUG o.hibernate.type.BasicTypeRegistry - Adding type registration materialized_nclob_char_array -> org.hibernate.type.BasicTypeReference@565c887e
2026-02-27 20:10:54 [main] DEBUG o.hibernate.type.BasicTypeRegistry - Adding type registration Duration -> org.hibernate.type.BasicTypeReference@5c215642
2026-02-27 20:10:54 [main] DEBUG o.hibernate.type.BasicTypeRegistry - Adding type registration java.time.Duration -> org.hibernate.type.BasicTypeReference@5c215642
2026-02-27 20:10:54 [main] DEBUG o.hibernate.type.BasicTypeRegistry - Adding type registration LocalDateTime -> org.hibernate.type.BasicTypeReference@1317ac2c
2026-02-27 20:10:54 [main] DEBUG o.hibernate.type.BasicTypeRegistry - Adding type registration java.time.LocalDateTime -> org.hibernate.type.BasicTypeReference@1317ac2c
2026-02-27 20:10:54 [main] DEBUG o.hibernate.type.BasicTypeRegistry - Adding type registration LocalDate -> org.hibernate.type.BasicTypeReference@416c1b0
2026-02-27 20:10:54 [main] DEBUG o.hibernate.type.BasicTypeRegistry - Adding type registration java.time.LocalDate -> org.hibernate.type.BasicTypeReference@416c1b0
2026-02-27 20:10:54 [main] DEBUG o.hibernate.type.BasicTypeRegistry - Adding type registration LocalTime -> org.hibernate.type.BasicTypeReference@363ba634
2026-02-27 20:10:54 [main] DEBUG o.hibernate.type.BasicTypeRegistry - Adding type registration java.time.LocalTime -> org.hibernate.type.BasicTypeReference@363ba634
2026-02-27 20:10:54 [main] DEBUG o.hibernate.type.BasicTypeRegistry - Adding type registration OffsetDateTime -> org.hibernate.type.BasicTypeReference@60fe75f7
2026-02-27 20:10:54 [main] DEBUG o.hibernate.type.BasicTypeRegistry - Adding type registration java.time.OffsetDateTime -> org.hibernate.type.BasicTypeReference@60fe75f7
2026-02-27 20:10:54 [main] DEBUG o.hibernate.type.BasicTypeRegistry - Adding type registration OffsetDateTimeWithTimezone -> org.hibernate.type.BasicTypeReference@4e26c308
2026-02-27 20:10:54 [main] DEBUG o.hibernate.type.BasicTypeRegistry - Adding type registration OffsetDateTimeWithoutTimezone -> org.hibernate.type.BasicTypeReference@7c8f803d
2026-02-27 20:10:54 [main] DEBUG o.hibernate.type.BasicTypeRegistry - Adding type registration OffsetTime -> org.hibernate.type.BasicTypeReference@176e839e
2026-02-27 20:10:54 [main] DEBUG o.hibernate.type.BasicTypeRegistry - Adding type registration java.time.OffsetTime -> org.hibernate.type.BasicTypeReference@176e839e
2026-02-27 20:10:54 [main] DEBUG o.hibernate.type.BasicTypeRegistry - Adding type registration OffsetTimeUtc -> org.hibernate.type.BasicTypeReference@4ac0d49
2026-02-27 20:10:54 [main] DEBUG o.hibernate.type.BasicTypeRegistry - Adding type registration OffsetTimeWithTimezone -> org.hibernate.type.BasicTypeReference@7c6ab057
2026-02-27 20:10:54 [main] DEBUG o.hibernate.type.BasicTypeRegistry - Adding type registration OffsetTimeWithoutTimezone -> org.hibernate.type.BasicTypeReference@7ce4498f
2026-02-27 20:10:54 [main] DEBUG o.hibernate.type.BasicTypeRegistry - Adding type registration ZonedDateTime -> org.hibernate.type.BasicTypeReference@1f7557fe
2026-02-27 20:10:54 [main] DEBUG o.hibernate.type.BasicTypeRegistry - Adding type registration java.time.ZonedDateTime -> org.hibernate.type.BasicTypeReference@1f7557fe
2026-02-27 20:10:54 [main] DEBUG o.hibernate.type.BasicTypeRegistry - Adding type registration ZonedDateTimeWithTimezone -> org.hibernate.type.BasicTypeReference@7bd7d71c
2026-02-27 20:10:54 [main] DEBUG o.hibernate.type.BasicTypeRegistry - Adding type registration ZonedDateTimeWithoutTimezone -> org.hibernate.type.BasicTypeReference@52963839
2026-02-27 20:10:54 [main] DEBUG o.hibernate.type.BasicTypeRegistry - Adding type registration date -> org.hibernate.type.BasicTypeReference@ce0bbd5
2026-02-27 20:10:54 [main] DEBUG o.hibernate.type.BasicTypeRegistry - Adding type registration java.sql.Date -> org.hibernate.type.BasicTypeReference@ce0bbd5
2026-02-27 20:10:54 [main] DEBUG o.hibernate.type.BasicTypeRegistry - Adding type registration time -> org.hibernate.type.BasicTypeReference@399fd710
2026-02-27 20:10:54 [main] DEBUG o.hibernate.type.BasicTypeRegistry - Adding type registration java.sql.Time -> org.hibernate.type.BasicTypeReference@399fd710
2026-02-27 20:10:54 [main] DEBUG o.hibernate.type.BasicTypeRegistry - Adding type registration timestamp -> org.hibernate.type.BasicTypeReference@7c359808
2026-02-27 20:10:54 [main] DEBUG o.hibernate.type.BasicTypeRegistry - Adding type registration java.sql.Timestamp -> org.hibernate.type.BasicTypeReference@7c359808
2026-02-27 20:10:54 [main] DEBUG o.hibernate.type.BasicTypeRegistry - Adding type registration java.util.Date -> org.hibernate.type.BasicTypeReference@7c359808
2026-02-27 20:10:54 [main] DEBUG o.hibernate.type.BasicTypeRegistry - Adding type registration calendar -> org.hibernate.type.BasicTypeReference@1f013047
2026-02-27 20:10:54 [main] DEBUG o.hibernate.type.BasicTypeRegistry - Adding type registration java.util.Calendar -> org.hibernate.type.BasicTypeReference@1f013047
2026-02-27 20:10:54 [main] DEBUG o.hibernate.type.BasicTypeRegistry - Adding type registration java.util.GregorianCalendar -> org.hibernate.type.BasicTypeReference@1f013047
2026-02-27 20:10:54 [main] DEBUG o.hibernate.type.BasicTypeRegistry - Adding type registration calendar_date -> org.hibernate.type.BasicTypeReference@16361e61
2026-02-27 20:10:54 [main] DEBUG o.hibernate.type.BasicTypeRegistry - Adding type registration calendar_time -> org.hibernate.type.BasicTypeReference@51566ce0
2026-02-27 20:10:54 [main] DEBUG o.hibernate.type.BasicTypeRegistry - Adding type registration instant -> org.hibernate.type.BasicTypeReference@1734b1a
2026-02-27 20:10:54 [main] DEBUG o.hibernate.type.BasicTypeRegistry - Adding type registration java.time.Instant -> org.hibernate.type.BasicTypeReference@1734b1a
2026-02-27 20:10:54 [main] DEBUG o.hibernate.type.BasicTypeRegistry - Adding type registration uuid -> org.hibernate.type.BasicTypeReference@17e6d07b
2026-02-27 20:10:54 [main] DEBUG o.hibernate.type.BasicTypeRegistry - Adding type registration java.util.UUID -> org.hibernate.type.BasicTypeReference@17e6d07b
2026-02-27 20:10:54 [main] DEBUG o.hibernate.type.BasicTypeRegistry - Adding type registration pg-uuid -> org.hibernate.type.BasicTypeReference@17e6d07b
2026-02-27 20:10:54 [main] DEBUG o.hibernate.type.BasicTypeRegistry - Adding type registration uuid-binary -> org.hibernate.type.BasicTypeReference@318511f0
2026-02-27 20:10:54 [main] DEBUG o.hibernate.type.BasicTypeRegistry - Adding type registration uuid-char -> org.hibernate.type.BasicTypeReference@53564a4c
2026-02-27 20:10:54 [main] DEBUG o.hibernate.type.BasicTypeRegistry - Adding type registration class -> org.hibernate.type.BasicTypeReference@4866e0a7
2026-02-27 20:10:54 [main] DEBUG o.hibernate.type.BasicTypeRegistry - Adding type registration java.lang.Class -> org.hibernate.type.BasicTypeReference@4866e0a7
2026-02-27 20:10:54 [main] DEBUG o.hibernate.type.BasicTypeRegistry - Adding type registration currency -> org.hibernate.type.BasicTypeReference@69a294d8
2026-02-27 20:10:54 [main] DEBUG o.hibernate.type.BasicTypeRegistry - Adding type registration Currency -> org.hibernate.type.BasicTypeReference@69a294d8
2026-02-27 20:10:54 [main] DEBUG o.hibernate.type.BasicTypeRegistry - Adding type registration java.util.Currency -> org.hibernate.type.BasicTypeReference@69a294d8
2026-02-27 20:10:54 [main] DEBUG o.hibernate.type.BasicTypeRegistry - Adding type registration locale -> org.hibernate.type.BasicTypeReference@70b1028d
2026-02-27 20:10:54 [main] DEBUG o.hibernate.type.BasicTypeRegistry - Adding type registration java.util.Locale -> org.hibernate.type.BasicTypeReference@70b1028d
2026-02-27 20:10:54 [main] DEBUG o.hibernate.type.BasicTypeRegistry - Adding type registration serializable -> org.hibernate.type.BasicTypeReference@11d422fd
2026-02-27 20:10:54 [main] DEBUG o.hibernate.type.BasicTypeRegistry - Adding type registration java.io.Serializable -> org.hibernate.type.BasicTypeReference@11d422fd
2026-02-27 20:10:54 [main] DEBUG o.hibernate.type.BasicTypeRegistry - Adding type registration timezone -> org.hibernate.type.BasicTypeReference@6e489bb8
2026-02-27 20:10:54 [main] DEBUG o.hibernate.type.BasicTypeRegistry - Adding type registration java.util.TimeZone -> org.hibernate.type.BasicTypeReference@6e489bb8
2026-02-27 20:10:54 [main] DEBUG o.hibernate.type.BasicTypeRegistry - Adding type registration ZoneOffset -> org.hibernate.type.BasicTypeReference@1331d6fd
2026-02-27 20:10:54 [main] DEBUG o.hibernate.type.BasicTypeRegistry - Adding type registration java.time.ZoneOffset -> org.hibernate.type.BasicTypeReference@1331d6fd
2026-02-27 20:10:54 [main] DEBUG o.hibernate.type.BasicTypeRegistry - Adding type registration url -> org.hibernate.type.BasicTypeReference@6b6c0b7c
2026-02-27 20:10:54 [main] DEBUG o.hibernate.type.BasicTypeRegistry - Adding type registration java.net.URL -> org.hibernate.type.BasicTypeReference@6b6c0b7c
2026-02-27 20:10:54 [main] DEBUG o.hibernate.type.BasicTypeRegistry - Adding type registration vector -> org.hibernate.type.BasicTypeReference@5b1f0f26
2026-02-27 20:10:54 [main] DEBUG o.hibernate.type.BasicTypeRegistry - Adding type registration float_vector -> org.hibernate.type.BasicTypeReference@7120daa6
2026-02-27 20:10:54 [main] DEBUG o.hibernate.type.BasicTypeRegistry - Adding type registration double_vector -> org.hibernate.type.BasicTypeReference@6cbb6c41
2026-02-27 20:10:54 [main] DEBUG o.hibernate.type.BasicTypeRegistry - Adding type registration byte_vector -> org.hibernate.type.BasicTypeReference@6787bd41
2026-02-27 20:10:54 [main] DEBUG o.hibernate.type.BasicTypeRegistry - Adding type registration row_version -> org.hibernate.type.BasicTypeReference@44c2e8a8
2026-02-27 20:10:54 [main] DEBUG o.hibernate.type.BasicTypeRegistry - Adding type registration object -> org.hibernate.type.JavaObjectType@90394d
2026-02-27 20:10:54 [main] DEBUG o.hibernate.type.BasicTypeRegistry - Adding type registration java.lang.Object -> org.hibernate.type.JavaObjectType@90394d
2026-02-27 20:10:54 [main] DEBUG o.hibernate.type.BasicTypeRegistry - Adding type registration null -> org.hibernate.type.NullType@2ffcdc9b
2026-02-27 20:10:54 [main] DEBUG o.hibernate.type.BasicTypeRegistry - Adding type registration imm_date -> org.hibernate.type.BasicTypeReference@47994b51
2026-02-27 20:10:54 [main] DEBUG o.hibernate.type.BasicTypeRegistry - Adding type registration imm_time -> org.hibernate.type.BasicTypeReference@19f99aaf
2026-02-27 20:10:54 [main] DEBUG o.hibernate.type.BasicTypeRegistry - Adding type registration imm_timestamp -> org.hibernate.type.BasicTypeReference@5020e5ab
2026-02-27 20:10:54 [main] DEBUG o.hibernate.type.BasicTypeRegistry - Adding type registration imm_calendar -> org.hibernate.type.BasicTypeReference@19f1f330
2026-02-27 20:10:54 [main] DEBUG o.hibernate.type.BasicTypeRegistry - Adding type registration imm_calendar_date -> org.hibernate.type.BasicTypeReference@143fe09c
2026-02-27 20:10:54 [main] DEBUG o.hibernate.type.BasicTypeRegistry - Adding type registration imm_calendar_time -> org.hibernate.type.BasicTypeReference@41463c56
2026-02-27 20:10:54 [main] DEBUG o.hibernate.type.BasicTypeRegistry - Adding type registration imm_binary -> org.hibernate.type.BasicTypeReference@161c9468
2026-02-27 20:10:54 [main] DEBUG o.hibernate.type.BasicTypeRegistry - Adding type registration imm_serializable -> org.hibernate.type.BasicTypeReference@629de8
2026-02-27 20:10:55 [main] INFO  o.s.o.j.p.SpringPersistenceUnitInfo - No LoadTimeWeaver setup: ignoring JPA class transformer
2026-02-27 20:10:55 [main] INFO  com.zaxxer.hikari.HikariDataSource - HikariPool-1 - Starting...
2026-02-27 20:10:55 [main] INFO  com.zaxxer.hikari.pool.HikariPool - HikariPool-1 - Added connection org.postgresql.jdbc.PgConnection@6a358906
2026-02-27 20:10:55 [main] INFO  com.zaxxer.hikari.HikariDataSource - HikariPool-1 - Start completed.
2026-02-27 20:10:55 [main] INFO  o.hibernate.orm.connections.pooling - HHH10001005: Database info:
	Database JDBC URL [Connecting through datasource 'HikariDataSource (HikariPool-1)']
	Database driver: undefined/unknown
	Database version: 16.12
	Autocommit mode: undefined/unknown
	Isolation level: undefined/unknown
	Minimum pool size: undefined/unknown
	Maximum pool size: undefined/unknown
2026-02-27 20:10:55 [main] DEBUG o.h.t.d.sql.spi.DdlTypeRegistry - addDescriptor(2003, org.hibernate.type.descriptor.sql.internal.ArrayDdlTypeImpl@2571bdf4) replaced previous registration(org.hibernate.type.descriptor.sql.internal.ArrayDdlTypeImpl@241abc2)
2026-02-27 20:10:55 [main] DEBUG o.h.t.d.sql.spi.DdlTypeRegistry - addDescriptor(6, org.hibernate.type.descriptor.sql.internal.CapacityDependentDdlType@7e5e7753) replaced previous registration(org.hibernate.type.descriptor.sql.internal.DdlTypeImpl@11678469)
2026-02-27 20:10:55 [main] DEBUG o.h.t.d.jdbc.spi.JdbcTypeRegistry - addDescriptor(2004, BlobTypeDescriptor(BLOB_BINDING)) replaced previous registration(BlobTypeDescriptor(DEFAULT))
2026-02-27 20:10:55 [main] DEBUG o.h.t.d.jdbc.spi.JdbcTypeRegistry - addDescriptor(2005, ClobTypeDescriptor(CLOB_BINDING)) replaced previous registration(ClobTypeDescriptor(DEFAULT))
2026-02-27 20:10:55 [main] DEBUG o.hibernate.type.BasicTypeRegistry - Adding type registration JAVA_OBJECT -> org.hibernate.type.JavaObjectType@2487b621
2026-02-27 20:10:55 [main] DEBUG o.hibernate.type.BasicTypeRegistry - Adding type registration java.lang.Object -> org.hibernate.type.JavaObjectType@2487b621
2026-02-27 20:10:55 [main] DEBUG o.hibernate.type.BasicTypeRegistry - Type registration key [java.lang.Object] overrode previous entry : `org.hibernate.type.JavaObjectType@90394d`
2026-02-27 20:10:55 [main] DEBUG o.hibernate.type.BasicTypeRegistry - Adding type registration org.hibernate.type.DurationType -> basicType@1(java.time.Duration,3015)
2026-02-27 20:10:55 [main] DEBUG o.hibernate.type.BasicTypeRegistry - Adding type registration Duration -> basicType@1(java.time.Duration,3015)
2026-02-27 20:10:55 [main] DEBUG o.hibernate.type.BasicTypeRegistry - Adding type registration java.time.Duration -> basicType@1(java.time.Duration,3015)
2026-02-27 20:10:55 [main] DEBUG o.hibernate.type.BasicTypeRegistry - Adding type registration org.hibernate.type.OffsetDateTimeType -> basicType@2(java.time.OffsetDateTime,3003)
2026-02-27 20:10:55 [main] DEBUG o.hibernate.type.BasicTypeRegistry - Adding type registration OffsetDateTime -> basicType@2(java.time.OffsetDateTime,3003)
2026-02-27 20:10:55 [main] DEBUG o.hibernate.type.BasicTypeRegistry - Adding type registration java.time.OffsetDateTime -> basicType@2(java.time.OffsetDateTime,3003)
2026-02-27 20:10:55 [main] DEBUG o.hibernate.type.BasicTypeRegistry - Adding type registration org.hibernate.type.ZonedDateTimeType -> basicType@3(java.time.ZonedDateTime,3003)
2026-02-27 20:10:55 [main] DEBUG o.hibernate.type.BasicTypeRegistry - Adding type registration ZonedDateTime -> basicType@3(java.time.ZonedDateTime,3003)
2026-02-27 20:10:55 [main] DEBUG o.hibernate.type.BasicTypeRegistry - Adding type registration java.time.ZonedDateTime -> basicType@3(java.time.ZonedDateTime,3003)
2026-02-27 20:10:55 [main] DEBUG o.hibernate.type.BasicTypeRegistry - Adding type registration org.hibernate.type.OffsetTimeType -> basicType@4(java.time.OffsetTime,3007)
2026-02-27 20:10:55 [main] DEBUG o.hibernate.type.BasicTypeRegistry - Adding type registration OffsetTime -> basicType@4(java.time.OffsetTime,3007)
2026-02-27 20:10:55 [main] DEBUG o.hibernate.type.BasicTypeRegistry - Adding type registration java.time.OffsetTime -> basicType@4(java.time.OffsetTime,3007)
2026-02-27 20:10:55 [main] DEBUG o.h.type.spi.TypeConfiguration$Scope - Scoping TypeConfiguration [org.hibernate.type.spi.TypeConfiguration@727de450] to MetadataBuildingContext [org.hibernate.boot.internal.MetadataBuildingContextRootImpl@6de4071b]
2026-02-27 20:10:55 [main] INFO  o.h.e.t.j.p.i.JtaPlatformInitiator - HHH000489: No JTA platform available (set 'hibernate.transaction.jta.platform' to enable JTA platform integration)
2026-02-27 20:10:55 [main] DEBUG o.h.type.spi.TypeConfiguration$Scope - Scoping TypeConfiguration [org.hibernate.type.spi.TypeConfiguration@727de450] to SessionFactoryImplementor [org.hibernate.internal.SessionFactoryImpl@2aea7775]
2026-02-27 20:10:55 [main] TRACE o.h.type.spi.TypeConfiguration$Scope - Handling #sessionFactoryCreated from [org.hibernate.internal.SessionFactoryImpl@2aea7775] for TypeConfiguration
2026-02-27 20:10:55 [main] INFO  o.s.o.j.LocalContainerEntityManagerFactoryBean - Initialized JPA EntityManagerFactory for persistence unit 'default'
2026-02-27 20:10:56 [main] INFO  c.u.l.member.config.RedisConfig - Redis Streams 리스너 컨테이너 시작 (DB 0) — stream: subscription-events
2026-02-27 20:10:56 [main] DEBUG c.u.l.member.config.RedisConfig - Consumer Group 이미 존재 (정상) — stream: subscription-events, group: member-service-group
2026-02-27 20:10:56 [main] INFO  c.u.l.member.config.RedisConfig - Redis Streams 구독 등록 완료 — stream: subscription-events, group: member-service-group, consumer: member-service-1
2026-02-27 20:10:56 [main] WARN  o.s.b.a.o.j.JpaBaseConfiguration$JpaWebConfiguration - spring.jpa.open-in-view is enabled by default. Therefore, database queries may be performed during view rendering. Explicitly configure spring.jpa.open-in-view to disable this warning
2026-02-27 20:10:56 [main] INFO  o.s.s.c.a.a.c.InitializeUserDetailsBeanManagerConfigurer$InitializeUserDetailsManagerConfigurer - Global AuthenticationManager configured with UserDetailsService bean with name customUserDetailsService
2026-02-27 20:10:57 [main] INFO  o.s.b.a.e.web.EndpointLinksResolver - Exposing 3 endpoints beneath base path '/actuator'
2026-02-27 20:10:59 [main] INFO  o.s.cloud.commons.util.InetUtils - Cannot determine local hostname
2026-02-27 20:10:59 [main] INFO  o.s.b.w.e.tomcat.TomcatWebServer - Tomcat started on port 8081 (http) with context path '/'
2026-02-27 20:11:00 [main] INFO  o.s.cloud.commons.util.InetUtils - Cannot determine local hostname
2026-02-27 20:11:00 [main] INFO  c.u.l.member.MemberApplication - Started MemberApplication in 8.195 seconds (process running for 8.485)
2026-02-27 20:11:47 [http-nio-8081-exec-1] INFO  o.a.c.c.C.[Tomcat].[localhost].[/] - Initializing Spring DispatcherServlet 'dispatcherServlet'
2026-02-27 20:11:47 [http-nio-8081-exec-1] INFO  o.s.web.servlet.DispatcherServlet - Initializing Servlet 'dispatcherServlet'
2026-02-27 20:11:47 [http-nio-8081-exec-1] INFO  o.s.web.servlet.DispatcherServlet - Completed initialization in 1 ms
2026-02-27 20:13:38 [http-nio-8081-exec-10] ERROR c.u.l.m.e.GlobalExceptionHandler - 서버 내부 오류 발생
org.springframework.http.converter.HttpMessageNotReadableException: JSON parse error: Invalid UTF-8 middle byte 0xd7
	at org.springframework.http.converter.json.AbstractJackson2HttpMessageConverter.readJavaType(AbstractJackson2HttpMessageConverter.java:409)
	at org.springframework.http.converter.json.AbstractJackson2HttpMessageConverter.read(AbstractJackson2HttpMessageConverter.java:357)
	at org.springframework.web.servlet.mvc.method.annotation.AbstractMessageConverterMethodArgumentResolver.readWithMessageConverters(AbstractMessageConverterMethodArgumentResolver.java:204)
	at org.springframework.web.servlet.mvc.method.annotation.RequestResponseBodyMethodProcessor.readWithMessageConverters(RequestResponseBodyMethodProcessor.java:176)
	at org.springframework.web.servlet.mvc.method.annotation.RequestResponseBodyMethodProcessor.resolveArgument(RequestResponseBodyMethodProcessor.java:150)
	at org.springframework.web.method.support.HandlerMethodArgumentResolverComposite.resolveArgument(HandlerMethodArgumentResolverComposite.java:122)
	at org.springframework.web.method.support.InvocableHandlerMethod.getMethodArgumentValues(InvocableHandlerMethod.java:226)
	at org.springframework.web.method.support.InvocableHandlerMethod.invokeForRequest(InvocableHandlerMethod.java:180)
	at org.springframework.web.servlet.mvc.method.annotation.ServletInvocableHandlerMethod.invokeAndHandle(ServletInvocableHandlerMethod.java:118)
	at org.springframework.web.servlet.mvc.method.annotation.RequestMappingHandlerAdapter.invokeHandlerMethod(RequestMappingHandlerAdapter.java:986)
	at org.springframework.web.servlet.mvc.method.annotation.RequestMappingHandlerAdapter.handleInternal(RequestMappingHandlerAdapter.java:891)
	at org.springframework.web.servlet.mvc.method.AbstractHandlerMethodAdapter.handle(AbstractHandlerMethodAdapter.java:87)
	at org.springframework.web.servlet.DispatcherServlet.doDispatch(DispatcherServlet.java:1088)
	at org.springframework.web.servlet.DispatcherServlet.doService(DispatcherServlet.java:978)
	at org.springframework.web.servlet.FrameworkServlet.processRequest(FrameworkServlet.java:1014)
	at org.springframework.web.servlet.FrameworkServlet.doPost(FrameworkServlet.java:914)
	at jakarta.servlet.http.HttpServlet.service(HttpServlet.java:590)
	at org.springframework.web.servlet.FrameworkServlet.service(FrameworkServlet.java:885)
	at jakarta.servlet.http.HttpServlet.service(HttpServlet.java:658)
	at org.apache.catalina.core.ApplicationFilterChain.internalDoFilter(ApplicationFilterChain.java:195)
	at org.apache.catalina.core.ApplicationFilterChain.doFilter(ApplicationFilterChain.java:140)
	at org.apache.tomcat.websocket.server.WsFilter.doFilter(WsFilter.java:51)
	at org.apache.catalina.core.ApplicationFilterChain.internalDoFilter(ApplicationFilterChain.java:164)
	at org.apache.catalina.core.ApplicationFilterChain.doFilter(ApplicationFilterChain.java:140)
	at org.springframework.web.filter.CompositeFilter$VirtualFilterChain.doFilter(CompositeFilter.java:108)
	at org.springframework.security.web.FilterChainProxy.lambda$doFilterInternal$3(FilterChainProxy.java:231)
	at org.springframework.security.web.ObservationFilterChainDecorator$FilterObservation$SimpleFilterObservation.lambda$wrap$1(ObservationFilterChainDecorator.java:479)
	at org.springframework.security.web.ObservationFilterChainDecorator$AroundFilterObservation$SimpleAroundFilterObservation.lambda$wrap$1(ObservationFilterChainDecorator.java:340)
	at org.springframework.security.web.ObservationFilterChainDecorator.lambda$wrapSecured$0(ObservationFilterChainDecorator.java:82)
	at org.springframework.security.web.ObservationFilterChainDecorator$VirtualFilterChain.doFilter(ObservationFilterChainDecorator.java:128)
	at org.springframework.security.web.access.intercept.AuthorizationFilter.doFilter(AuthorizationFilter.java:101)
	at org.springframework.security.web.ObservationFilterChainDecorator$ObservationFilter.wrapFilter(ObservationFilterChainDecorator.java:240)
	at org.springframework.security.web.ObservationFilterChainDecorator$ObservationFilter.doFilter(ObservationFilterChainDecorator.java:227)
	at org.springframework.security.web.ObservationFilterChainDecorator$VirtualFilterChain.doFilter(ObservationFilterChainDecorator.java:137)
	at org.springframework.security.web.access.ExceptionTranslationFilter.doFilter(ExceptionTranslationFilter.java:126)
	at org.springframework.security.web.access.ExceptionTranslationFilter.doFilter(ExceptionTranslationFilter.java:120)
	at org.springframework.security.web.ObservationFilterChainDecorator$ObservationFilter.wrapFilter(ObservationFilterChainDecorator.java:240)
	at org.springframework.security.web.ObservationFilterChainDecorator$ObservationFilter.doFilter(ObservationFilterChainDecorator.java:227)
	at org.springframework.security.web.ObservationFilterChainDecorator$VirtualFilterChain.doFilter(ObservationFilterChainDecorator.java:137)
	at org.springframework.security.web.session.SessionManagementFilter.doFilter(SessionManagementFilter.java:131)
	at org.springframework.security.web.session.SessionManagementFilter.doFilter(SessionManagementFilter.java:85)
	at org.springframework.security.web.ObservationFilterChainDecorator$ObservationFilter.wrapFilter(ObservationFilterChainDecorator.java:240)
	at org.springframework.security.web.ObservationFilterChainDecorator$ObservationFilter.doFilter(ObservationFilterChainDecorator.java:227)
	at org.springframework.security.web.ObservationFilterChainDecorator$VirtualFilterChain.doFilter(ObservationFilterChainDecorator.java:137)
	at org.springframework.security.web.authentication.AnonymousAuthenticationFilter.doFilter(AnonymousAuthenticationFilter.java:100)
	at org.springframework.security.web.ObservationFilterChainDecorator$ObservationFilter.wrapFilter(ObservationFilterChainDecorator.java:240)
	at org.springframework.security.web.ObservationFilterChainDecorator$ObservationFilter.doFilter(ObservationFilterChainDecorator.java:227)
	at org.springframework.security.web.ObservationFilterChainDecorator$VirtualFilterChain.doFilter(ObservationFilterChainDecorator.java:137)
	at org.springframework.security.web.servletapi.SecurityContextHolderAwareRequestFilter.doFilter(SecurityContextHolderAwareRequestFilter.java:179)
	at org.springframework.security.web.ObservationFilterChainDecorator$ObservationFilter.wrapFilter(ObservationFilterChainDecorator.java:240)
	at org.springframework.security.web.ObservationFilterChainDecorator$ObservationFilter.doFilter(ObservationFilterChainDecorator.java:227)
	at org.springframework.security.web.ObservationFilterChainDecorator$VirtualFilterChain.doFilter(ObservationFilterChainDecorator.java:137)
	at org.springframework.security.web.savedrequest.RequestCacheAwareFilter.doFilter(RequestCacheAwareFilter.java:63)
	at org.springframework.security.web.ObservationFilterChainDecorator$ObservationFilter.wrapFilter(ObservationFilterChainDecorator.java:240)
	at org.springframework.security.web.ObservationFilterChainDecorator$ObservationFilter.doFilter(ObservationFilterChainDecorator.java:227)
	at org.springframework.security.web.ObservationFilterChainDecorator$VirtualFilterChain.doFilter(ObservationFilterChainDecorator.java:137)
	at com.unicorn.lunchpick.member.config.jwt.JwtAuthenticationFilter.doFilterInternal(JwtAuthenticationFilter.java:91)
	at org.springframework.web.filter.OncePerRequestFilter.doFilter(OncePerRequestFilter.java:116)
	at org.springframework.security.web.ObservationFilterChainDecorator$ObservationFilter.wrapFilter(ObservationFilterChainDecorator.java:240)
	at org.springframework.security.web.ObservationFilterChainDecorator$ObservationFilter.doFilter(ObservationFilterChainDecorator.java:227)
	at org.springframework.security.web.ObservationFilterChainDecorator$VirtualFilterChain.doFilter(ObservationFilterChainDecorator.java:137)
	at org.springframework.security.web.authentication.logout.LogoutFilter.doFilter(LogoutFilter.java:107)
	at org.springframework.security.web.authentication.logout.LogoutFilter.doFilter(LogoutFilter.java:93)
	at org.springframework.security.web.ObservationFilterChainDecorator$ObservationFilter.wrapFilter(ObservationFilterChainDecorator.java:240)
	at org.springframework.security.web.ObservationFilterChainDecorator$ObservationFilter.doFilter(ObservationFilterChainDecorator.java:227)
	at org.springframework.security.web.ObservationFilterChainDecorator$VirtualFilterChain.doFilter(ObservationFilterChainDecorator.java:137)
	at org.springframework.web.filter.CorsFilter.doFilterInternal(CorsFilter.java:91)
	at org.springframework.web.filter.OncePerRequestFilter.doFilter(OncePerRequestFilter.java:116)
	at org.springframework.security.web.ObservationFilterChainDecorator$ObservationFilter.wrapFilter(ObservationFilterChainDecorator.java:240)
	at org.springframework.security.web.ObservationFilterChainDecorator$ObservationFilter.doFilter(ObservationFilterChainDecorator.java:227)
	at org.springframework.security.web.ObservationFilterChainDecorator$VirtualFilterChain.doFilter(ObservationFilterChainDecorator.java:137)
	at org.springframework.security.web.header.HeaderWriterFilter.doHeadersAfter(HeaderWriterFilter.java:90)
	at org.springframework.security.web.header.HeaderWriterFilter.doFilterInternal(HeaderWriterFilter.java:75)
	at org.springframework.web.filter.OncePerRequestFilter.doFilter(OncePerRequestFilter.java:116)
	at org.springframework.security.web.ObservationFilterChainDecorator$ObservationFilter.wrapFilter(ObservationFilterChainDecorator.java:240)
	at org.springframework.security.web.ObservationFilterChainDecorator$ObservationFilter.doFilter(ObservationFilterChainDecorator.java:227)
	at org.springframework.security.web.ObservationFilterChainDecorator$VirtualFilterChain.doFilter(ObservationFilterChainDecorator.java:137)
	at org.springframework.security.web.context.SecurityContextHolderFilter.doFilter(SecurityContextHolderFilter.java:82)
	at org.springframework.security.web.context.SecurityContextHolderFilter.doFilter(SecurityContextHolderFilter.java:69)
	at org.springframework.security.web.ObservationFilterChainDecorator$ObservationFilter.wrapFilter(ObservationFilterChainDecorator.java:240)
	at org.springframework.security.web.ObservationFilterChainDecorator$ObservationFilter.doFilter(ObservationFilterChainDecorator.java:227)
	at org.springframework.security.web.ObservationFilterChainDecorator$VirtualFilterChain.doFilter(ObservationFilterChainDecorator.java:137)
	at org.springframework.security.web.context.request.async.WebAsyncManagerIntegrationFilter.doFilterInternal(WebAsyncManagerIntegrationFilter.java:62)
	at org.springframework.web.filter.OncePerRequestFilter.doFilter(OncePerRequestFilter.java:116)
	at org.springframework.security.web.ObservationFilterChainDecorator$ObservationFilter.wrapFilter(ObservationFilterChainDecorator.java:240)
	at org.springframework.security.web.ObservationFilterChainDecorator$ObservationFilter.doFilter(ObservationFilterChainDecorator.java:227)
	at org.springframework.security.web.ObservationFilterChainDecorator$VirtualFilterChain.doFilter(ObservationFilterChainDecorator.java:137)
	at org.springframework.security.web.session.DisableEncodeUrlFilter.doFilterInternal(DisableEncodeUrlFilter.java:42)
	at org.springframework.web.filter.OncePerRequestFilter.doFilter(OncePerRequestFilter.java:116)
	at org.springframework.security.web.ObservationFilterChainDecorator$ObservationFilter.wrapFilter(ObservationFilterChainDecorator.java:240)
	at org.springframework.security.web.ObservationFilterChainDecorator$AroundFilterObservation$SimpleAroundFilterObservation.lambda$wrap$0(ObservationFilterChainDecorator.java:323)
	at org.springframework.security.web.ObservationFilterChainDecorator$ObservationFilter.doFilter(ObservationFilterChainDecorator.java:224)
	at org.springframework.security.web.ObservationFilterChainDecorator$VirtualFilterChain.doFilter(ObservationFilterChainDecorator.java:137)
	at org.springframework.security.web.FilterChainProxy.doFilterInternal(FilterChainProxy.java:233)
	at org.springframework.security.web.FilterChainProxy.doFilter(FilterChainProxy.java:191)
	at org.springframework.web.filter.CompositeFilter$VirtualFilterChain.doFilter(CompositeFilter.java:113)
	at org.springframework.web.servlet.handler.HandlerMappingIntrospector.lambda$createCacheFilter$3(HandlerMappingIntrospector.java:243)
	at org.springframework.web.filter.CompositeFilter$VirtualFilterChain.doFilter(CompositeFilter.java:113)
	at org.springframework.web.filter.CompositeFilter.doFilter(CompositeFilter.java:74)
	at org.springframework.security.config.annotation.web.configuration.WebMvcSecurityConfiguration$CompositeFilterChainProxy.doFilter(WebMvcSecurityConfiguration.java:238)
	at org.springframework.web.filter.DelegatingFilterProxy.invokeDelegate(DelegatingFilterProxy.java:362)
	at org.springframework.web.filter.DelegatingFilterProxy.doFilter(DelegatingFilterProxy.java:278)
	at org.apache.catalina.core.ApplicationFilterChain.internalDoFilter(ApplicationFilterChain.java:164)
	at org.apache.catalina.core.ApplicationFilterChain.doFilter(ApplicationFilterChain.java:140)
	at org.springframework.web.filter.RequestContextFilter.doFilterInternal(RequestContextFilter.java:100)
	at org.springframework.web.filter.OncePerRequestFilter.doFilter(OncePerRequestFilter.java:116)
	at org.apache.catalina.core.ApplicationFilterChain.internalDoFilter(ApplicationFilterChain.java:164)
	at org.apache.catalina.core.ApplicationFilterChain.doFilter(ApplicationFilterChain.java:140)
	at org.springframework.web.filter.FormContentFilter.doFilterInternal(FormContentFilter.java:93)
	at org.springframework.web.filter.OncePerRequestFilter.doFilter(OncePerRequestFilter.java:116)
	at org.apache.catalina.core.ApplicationFilterChain.internalDoFilter(ApplicationFilterChain.java:164)
	at org.apache.catalina.core.ApplicationFilterChain.doFilter(ApplicationFilterChain.java:140)
	at org.springframework.web.filter.ServerHttpObservationFilter.doFilterInternal(ServerHttpObservationFilter.java:114)
	at org.springframework.web.filter.OncePerRequestFilter.doFilter(OncePerRequestFilter.java:116)
	at org.apache.catalina.core.ApplicationFilterChain.internalDoFilter(ApplicationFilterChain.java:164)
	at org.apache.catalina.core.ApplicationFilterChain.doFilter(ApplicationFilterChain.java:140)
	at org.springframework.web.filter.CharacterEncodingFilter.doFilterInternal(CharacterEncodingFilter.java:201)
	at org.springframework.web.filter.OncePerRequestFilter.doFilter(OncePerRequestFilter.java:116)
	at org.apache.catalina.core.ApplicationFilterChain.internalDoFilter(ApplicationFilterChain.java:164)
	at org.apache.catalina.core.ApplicationFilterChain.doFilter(ApplicationFilterChain.java:140)
	at org.apache.catalina.core.StandardWrapperValve.invoke(StandardWrapperValve.java:167)
	at org.apache.catalina.core.StandardContextValve.invoke(StandardContextValve.java:90)
	at org.apache.catalina.authenticator.AuthenticatorBase.invoke(AuthenticatorBase.java:483)
	at org.apache.catalina.core.StandardHostValve.invoke(StandardHostValve.java:115)
	at org.apache.catalina.valves.ErrorReportValve.invoke(ErrorReportValve.java:93)
	at org.apache.catalina.core.StandardEngineValve.invoke(StandardEngineValve.java:74)
	at org.apache.catalina.connector.CoyoteAdapter.service(CoyoteAdapter.java:344)
	at org.apache.coyote.http11.Http11Processor.service(Http11Processor.java:397)
	at org.apache.coyote.AbstractProcessorLight.process(AbstractProcessorLight.java:63)
	at org.apache.coyote.AbstractProtocol$ConnectionHandler.process(AbstractProtocol.java:905)
	at org.apache.tomcat.util.net.NioEndpoint$SocketProcessor.doRun(NioEndpoint.java:1741)
	at org.apache.tomcat.util.net.SocketProcessorBase.run(SocketProcessorBase.java:52)
	at org.apache.tomcat.util.threads.ThreadPoolExecutor.runWorker(ThreadPoolExecutor.java:1190)
	at org.apache.tomcat.util.threads.ThreadPoolExecutor$Worker.run(ThreadPoolExecutor.java:659)
	at org.apache.tomcat.util.threads.TaskThread$WrappingRunnable.run(TaskThread.java:63)
	at java.base/java.lang.Thread.run(Thread.java:1583)
Caused by: com.fasterxml.jackson.core.JsonParseException: Invalid UTF-8 middle byte 0xd7
 at [Source: REDACTED (`StreamReadFeature.INCLUDE_SOURCE_IN_LOCATION` disabled); line: 1, column: 16]
	at com.fasterxml.jackson.core.JsonParser._constructError(JsonParser.java:2584)
	at com.fasterxml.jackson.core.JsonParser._constructReadException(JsonParser.java:2610)
	at com.fasterxml.jackson.core.base.ParserMinimalBase._reportError(ParserMinimalBase.java:815)
	at com.fasterxml.jackson.core.json.UTF8StreamJsonParser._reportInvalidOther(UTF8StreamJsonParser.java:3679)
	at com.fasterxml.jackson.core.json.UTF8StreamJsonParser._reportInvalidOther(UTF8StreamJsonParser.java:3686)
	at com.fasterxml.jackson.core.json.UTF8StreamJsonParser._decodeUtf8_2(UTF8StreamJsonParser.java:3460)
	at com.fasterxml.jackson.core.json.UTF8StreamJsonParser._finishString2(UTF8StreamJsonParser.java:2570)
	at com.fasterxml.jackson.core.json.UTF8StreamJsonParser._finishAndReturnString(UTF8StreamJsonParser.java:2520)
	at com.fasterxml.jackson.core.json.UTF8StreamJsonParser.getText(UTF8StreamJsonParser.java:294)
	at com.fasterxml.jackson.databind.deser.std.StringDeserializer.deserialize(StringDeserializer.java:42)
	at com.fasterxml.jackson.databind.deser.std.StringDeserializer.deserialize(StringDeserializer.java:11)
	at com.fasterxml.jackson.databind.deser.std.MapDeserializer._readAndBindStringKeyMap(MapDeserializer.java:623)
	at com.fasterxml.jackson.databind.deser.std.MapDeserializer.deserialize(MapDeserializer.java:449)
	at com.fasterxml.jackson.databind.deser.std.MapDeserializer.deserialize(MapDeserializer.java:32)
	at com.fasterxml.jackson.databind.deser.DefaultDeserializationContext.readRootValue(DefaultDeserializationContext.java:342)
	at com.fasterxml.jackson.databind.ObjectReader._bindAndClose(ObjectReader.java:2125)
	at com.fasterxml.jackson.databind.ObjectReader.readValue(ObjectReader.java:1501)
	at org.springframework.http.converter.json.AbstractJackson2HttpMessageConverter.readJavaType(AbstractJackson2HttpMessageConverter.java:398)
	... 135 common frames omitted
2026-02-27 20:13:59 [http-nio-8081-exec-1] DEBUG org.hibernate.SQL - 
    /* <criteria> */ select
        me1_0.id,
        me1_0.created_at,
        me1_0.email,
        me1_0.feedback_reminder,
        me1_0.kakao_id,
        me1_0.location_enabled,
        me1_0.member_id,
        me1_0.nickname,
        me1_0.onboarding_completed,
        me1_0.recommendation_alert,
        me1_0.updated_at 
    from
        lunchpick_member.member me1_0 
    where
        me1_0.nickname=?
2026-02-27 20:13:59 [http-nio-8081-exec-1] DEBUG org.hibernate.SQL - 
    /* insert for
        com.unicorn.lunchpick.member.repository.entity.MemberEntity */insert 
    into
        lunchpick_member.member (created_at, email, feedback_reminder, kakao_id, location_enabled, member_id, nickname, onboarding_completed, recommendation_alert, updated_at) 
    values
        (?, ?, ?, ?, ?, ?, ?, ?, ?, ?)
2026-02-27 20:18:36 [http-nio-8081-exec-3] DEBUG org.hibernate.SQL - 
    /* <criteria> */ select
        me1_0.id,
        me1_0.created_at,
        me1_0.email,
        me1_0.feedback_reminder,
        me1_0.kakao_id,
        me1_0.location_enabled,
        me1_0.member_id,
        me1_0.nickname,
        me1_0.onboarding_completed,
        me1_0.recommendation_alert,
        me1_0.updated_at 
    from
        lunchpick_member.member me1_0 
    where
        me1_0.nickname=?
2026-02-27 20:18:47 [http-nio-8081-exec-5] DEBUG org.hibernate.SQL - 
    /* <criteria> */ select
        me1_0.id,
        me1_0.created_at,
        me1_0.email,
        me1_0.feedback_reminder,
        me1_0.kakao_id,
        me1_0.location_enabled,
        me1_0.member_id,
        me1_0.nickname,
        me1_0.onboarding_completed,
        me1_0.recommendation_alert,
        me1_0.updated_at 
    from
        lunchpick_member.member me1_0 
    where
        me1_0.nickname=?
2026-02-27 20:23:23 [http-nio-8081-exec-7] DEBUG org.hibernate.SQL - 
    /* <criteria> */ select
        me1_0.id,
        me1_0.created_at,
        me1_0.email,
        me1_0.feedback_reminder,
        me1_0.kakao_id,
        me1_0.location_enabled,
        me1_0.member_id,
        me1_0.nickname,
        me1_0.onboarding_completed,
        me1_0.recommendation_alert,
        me1_0.updated_at 
    from
        lunchpick_member.member me1_0 
    where
        me1_0.nickname=?
2026-02-27 20:26:14 [http-nio-8081-exec-9] DEBUG org.hibernate.SQL - 
    /* <criteria> */ select
        me1_0.id,
        me1_0.created_at,
        me1_0.email,
        me1_0.feedback_reminder,
        me1_0.kakao_id,
        me1_0.location_enabled,
        me1_0.member_id,
        me1_0.nickname,
        me1_0.onboarding_completed,
        me1_0.recommendation_alert,
        me1_0.updated_at 
    from
        lunchpick_member.member me1_0 
    where
        me1_0.nickname=?
2026-02-27 20:28:06 [http-nio-8081-exec-1] DEBUG org.hibernate.SQL - 
    /* <criteria> */ select
        me1_0.id,
        me1_0.created_at,
        me1_0.email,
        me1_0.feedback_reminder,
        me1_0.kakao_id,
        me1_0.location_enabled,
        me1_0.member_id,
        me1_0.nickname,
        me1_0.onboarding_completed,
        me1_0.recommendation_alert,
        me1_0.updated_at 
    from
        lunchpick_member.member me1_0 
    where
        me1_0.nickname=?
2026-02-27 20:32:18 [http-nio-8081-exec-4] WARN  c.u.l.m.c.oauth2.KakaoOAuthClient - 카카오 토큰 교환 실패 — HTTP 401 UNAUTHORIZED: 
2026-02-27 20:32:18 [http-nio-8081-exec-4] WARN  c.u.l.m.e.GlobalExceptionHandler - 비즈니스 예외 발생 — errorCode: KAKAO_AUTH_FAILED, message: 인증에 실패했어요. 다시 시도해주세요.
2026-02-27 20:32:21 [http-nio-8081-exec-5] WARN  c.u.l.m.c.oauth2.KakaoOAuthClient - 카카오 토큰 교환 실패 — HTTP 400 BAD_REQUEST: {"error":"invalid_grant","error_description":"authorization code not found for code=Il_ln81QqQks9oAqcWuKbZ203trYFYlLVPZqXzIprY-aegUH0R_JnwAAAAQKDRtZAAABnJ7e9o9HueF-5ScOZw","error_code":"KOE320"}
2026-02-27 20:32:21 [http-nio-8081-exec-5] WARN  c.u.l.m.e.GlobalExceptionHandler - 비즈니스 예외 발생 — errorCode: KAKAO_AUTH_FAILED, message: 인증에 실패했어요. 다시 시도해주세요.
2026-02-27 20:32:22 [http-nio-8081-exec-6] WARN  c.u.l.m.c.oauth2.KakaoOAuthClient - 카카오 토큰 교환 실패 — HTTP 400 BAD_REQUEST: {"error":"invalid_grant","error_description":"authorization code not found for code=Il_ln81QqQks9oAqcWuKbZ203trYFYlLVPZqXzIprY-aegUH0R_JnwAAAAQKDRtZAAABnJ7e9o9HueF-5ScOZw","error_code":"KOE320"}
2026-02-27 20:32:22 [http-nio-8081-exec-6] WARN  c.u.l.m.e.GlobalExceptionHandler - 비즈니스 예외 발생 — errorCode: KAKAO_AUTH_FAILED, message: 인증에 실패했어요. 다시 시도해주세요.
2026-02-27 20:34:01 [http-nio-8081-exec-9] WARN  c.u.l.m.c.oauth2.KakaoOAuthClient - 카카오 토큰 교환 실패 — HTTP 400 BAD_REQUEST: {"error":"invalid_grant","error_description":"authorization code not found for code=Il_ln81QqQks9oAqcWuKbZ203trYFYlLVPZqXzIprY-aegUH0R_JnwAAAAQKDRtZAAABnJ7e9o9HueF-5ScOZw","error_code":"KOE320"}
2026-02-27 20:34:01 [http-nio-8081-exec-9] WARN  c.u.l.m.e.GlobalExceptionHandler - 비즈니스 예외 발생 — errorCode: KAKAO_AUTH_FAILED, message: 인증에 실패했어요. 다시 시도해주세요.
2026-02-27 20:34:02 [http-nio-8081-exec-10] WARN  c.u.l.m.c.oauth2.KakaoOAuthClient - 카카오 토큰 교환 실패 — HTTP 400 BAD_REQUEST: {"error":"invalid_grant","error_description":"authorization code not found for code=Il_ln81QqQks9oAqcWuKbZ203trYFYlLVPZqXzIprY-aegUH0R_JnwAAAAQKDRtZAAABnJ7e9o9HueF-5ScOZw","error_code":"KOE320"}
2026-02-27 20:34:02 [http-nio-8081-exec-10] WARN  c.u.l.m.e.GlobalExceptionHandler - 비즈니스 예외 발생 — errorCode: KAKAO_AUTH_FAILED, message: 인증에 실패했어요. 다시 시도해주세요.
2026-02-27 20:34:07 [http-nio-8081-exec-1] WARN  c.u.l.m.c.oauth2.KakaoOAuthClient - 카카오 토큰 교환 실패 — HTTP 400 BAD_REQUEST: {"error":"invalid_grant","error_description":"authorization code not found for code=Il_ln81QqQks9oAqcWuKbZ203trYFYlLVPZqXzIprY-aegUH0R_JnwAAAAQKDRtZAAABnJ7e9o9HueF-5ScOZw","error_code":"KOE320"}
2026-02-27 20:34:07 [http-nio-8081-exec-1] WARN  c.u.l.m.e.GlobalExceptionHandler - 비즈니스 예외 발생 — errorCode: KAKAO_AUTH_FAILED, message: 인증에 실패했어요. 다시 시도해주세요.
2026-02-27 20:34:08 [http-nio-8081-exec-2] WARN  c.u.l.m.c.oauth2.KakaoOAuthClient - 카카오 토큰 교환 실패 — HTTP 400 BAD_REQUEST: {"error":"invalid_grant","error_description":"authorization code not found for code=Il_ln81QqQks9oAqcWuKbZ203trYFYlLVPZqXzIprY-aegUH0R_JnwAAAAQKDRtZAAABnJ7e9o9HueF-5ScOZw","error_code":"KOE320"}
2026-02-27 20:34:08 [http-nio-8081-exec-2] WARN  c.u.l.m.e.GlobalExceptionHandler - 비즈니스 예외 발생 — errorCode: KAKAO_AUTH_FAILED, message: 인증에 실패했어요. 다시 시도해주세요.
2026-02-27 20:34:12 [http-nio-8081-exec-3] WARN  c.u.l.m.c.oauth2.KakaoOAuthClient - 카카오 토큰 교환 실패 — HTTP 400 BAD_REQUEST: {"error":"invalid_grant","error_description":"authorization code not found for code=Il_ln81QqQks9oAqcWuKbZ203trYFYlLVPZqXzIprY-aegUH0R_JnwAAAAQKDRtZAAABnJ7e9o9HueF-5ScOZw","error_code":"KOE320"}
2026-02-27 20:34:12 [http-nio-8081-exec-3] WARN  c.u.l.m.e.GlobalExceptionHandler - 비즈니스 예외 발생 — errorCode: KAKAO_AUTH_FAILED, message: 인증에 실패했어요. 다시 시도해주세요.
2026-02-27 20:34:28 [http-nio-8081-exec-4] WARN  c.u.l.m.c.oauth2.KakaoOAuthClient - 카카오 토큰 교환 실패 — HTTP 400 BAD_REQUEST: {"error":"invalid_grant","error_description":"authorization code not found for code=Il_ln81QqQks9oAqcWuKbZ203trYFYlLVPZqXzIprY-aegUH0R_JnwAAAAQKDRtZAAABnJ7e9o9HueF-5ScOZw","error_code":"KOE320"}
2026-02-27 20:34:28 [http-nio-8081-exec-4] WARN  c.u.l.m.e.GlobalExceptionHandler - 비즈니스 예외 발생 — errorCode: KAKAO_AUTH_FAILED, message: 인증에 실패했어요. 다시 시도해주세요.
2026-02-27 20:34:29 [http-nio-8081-exec-5] WARN  c.u.l.m.c.oauth2.KakaoOAuthClient - 카카오 토큰 교환 실패 — HTTP 400 BAD_REQUEST: {"error":"invalid_grant","error_description":"authorization code not found for code=Il_ln81QqQks9oAqcWuKbZ203trYFYlLVPZqXzIprY-aegUH0R_JnwAAAAQKDRtZAAABnJ7e9o9HueF-5ScOZw","error_code":"KOE320"}
2026-02-27 20:34:29 [http-nio-8081-exec-5] WARN  c.u.l.m.e.GlobalExceptionHandler - 비즈니스 예외 발생 — errorCode: KAKAO_AUTH_FAILED, message: 인증에 실패했어요. 다시 시도해주세요.
2026-02-27 20:34:30 [http-nio-8081-exec-6] WARN  c.u.l.m.c.oauth2.KakaoOAuthClient - 카카오 토큰 교환 실패 — HTTP 400 BAD_REQUEST: {"error":"invalid_grant","error_description":"authorization code not found for code=Il_ln81QqQks9oAqcWuKbZ203trYFYlLVPZqXzIprY-aegUH0R_JnwAAAAQKDRtZAAABnJ7e9o9HueF-5ScOZw","error_code":"KOE320"}
2026-02-27 20:34:30 [http-nio-8081-exec-6] WARN  c.u.l.m.e.GlobalExceptionHandler - 비즈니스 예외 발생 — errorCode: KAKAO_AUTH_FAILED, message: 인증에 실패했어요. 다시 시도해주세요.
2026-02-27 20:34:30 [http-nio-8081-exec-7] WARN  c.u.l.m.c.oauth2.KakaoOAuthClient - 카카오 토큰 교환 실패 — HTTP 400 BAD_REQUEST: {"error":"invalid_grant","error_description":"authorization code not found for code=Il_ln81QqQks9oAqcWuKbZ203trYFYlLVPZqXzIprY-aegUH0R_JnwAAAAQKDRtZAAABnJ7e9o9HueF-5ScOZw","error_code":"KOE320"}
2026-02-27 20:34:30 [http-nio-8081-exec-7] WARN  c.u.l.m.e.GlobalExceptionHandler - 비즈니스 예외 발생 — errorCode: KAKAO_AUTH_FAILED, message: 인증에 실패했어요. 다시 시도해주세요.
2026-02-27 20:34:31 [http-nio-8081-exec-8] WARN  c.u.l.m.c.oauth2.KakaoOAuthClient - 카카오 토큰 교환 실패 — HTTP 400 BAD_REQUEST: {"error":"invalid_grant","error_description":"authorization code not found for code=Il_ln81QqQks9oAqcWuKbZ203trYFYlLVPZqXzIprY-aegUH0R_JnwAAAAQKDRtZAAABnJ7e9o9HueF-5ScOZw","error_code":"KOE320"}
2026-02-27 20:34:31 [http-nio-8081-exec-8] WARN  c.u.l.m.e.GlobalExceptionHandler - 비즈니스 예외 발생 — errorCode: KAKAO_AUTH_FAILED, message: 인증에 실패했어요. 다시 시도해주세요.
2026-02-27 20:34:31 [http-nio-8081-exec-9] WARN  c.u.l.m.c.oauth2.KakaoOAuthClient - 카카오 토큰 교환 실패 — HTTP 400 BAD_REQUEST: {"error":"invalid_grant","error_description":"authorization code not found for code=Il_ln81QqQks9oAqcWuKbZ203trYFYlLVPZqXzIprY-aegUH0R_JnwAAAAQKDRtZAAABnJ7e9o9HueF-5ScOZw","error_code":"KOE320"}
2026-02-27 20:34:31 [http-nio-8081-exec-9] WARN  c.u.l.m.e.GlobalExceptionHandler - 비즈니스 예외 발생 — errorCode: KAKAO_AUTH_FAILED, message: 인증에 실패했어요. 다시 시도해주세요.
2026-02-27 20:34:32 [http-nio-8081-exec-10] WARN  c.u.l.m.c.oauth2.KakaoOAuthClient - 카카오 토큰 교환 실패 — HTTP 400 BAD_REQUEST: {"error":"invalid_grant","error_description":"authorization code not found for code=Il_ln81QqQks9oAqcWuKbZ203trYFYlLVPZqXzIprY-aegUH0R_JnwAAAAQKDRtZAAABnJ7e9o9HueF-5ScOZw","error_code":"KOE320"}
2026-02-27 20:34:32 [http-nio-8081-exec-10] WARN  c.u.l.m.e.GlobalExceptionHandler - 비즈니스 예외 발생 — errorCode: KAKAO_AUTH_FAILED, message: 인증에 실패했어요. 다시 시도해주세요.
2026-02-27 20:34:32 [http-nio-8081-exec-1] WARN  c.u.l.m.c.oauth2.KakaoOAuthClient - 카카오 토큰 교환 실패 — HTTP 400 BAD_REQUEST: {"error":"invalid_grant","error_description":"authorization code not found for code=Il_ln81QqQks9oAqcWuKbZ203trYFYlLVPZqXzIprY-aegUH0R_JnwAAAAQKDRtZAAABnJ7e9o9HueF-5ScOZw","error_code":"KOE320"}
2026-02-27 20:34:32 [http-nio-8081-exec-1] WARN  c.u.l.m.e.GlobalExceptionHandler - 비즈니스 예외 발생 — errorCode: KAKAO_AUTH_FAILED, message: 인증에 실패했어요. 다시 시도해주세요.
2026-02-27 20:34:32 [http-nio-8081-exec-2] WARN  c.u.l.m.c.oauth2.KakaoOAuthClient - 카카오 토큰 교환 실패 — HTTP 400 BAD_REQUEST: {"error":"invalid_grant","error_description":"authorization code not found for code=Il_ln81QqQks9oAqcWuKbZ203trYFYlLVPZqXzIprY-aegUH0R_JnwAAAAQKDRtZAAABnJ7e9o9HueF-5ScOZw","error_code":"KOE320"}
2026-02-27 20:34:32 [http-nio-8081-exec-2] WARN  c.u.l.m.e.GlobalExceptionHandler - 비즈니스 예외 발생 — errorCode: KAKAO_AUTH_FAILED, message: 인증에 실패했어요. 다시 시도해주세요.
2026-02-27 20:34:32 [http-nio-8081-exec-3] WARN  c.u.l.m.c.oauth2.KakaoOAuthClient - 카카오 토큰 교환 실패 — HTTP 400 BAD_REQUEST: {"error":"invalid_grant","error_description":"authorization code not found for code=Il_ln81QqQks9oAqcWuKbZ203trYFYlLVPZqXzIprY-aegUH0R_JnwAAAAQKDRtZAAABnJ7e9o9HueF-5ScOZw","error_code":"KOE320"}
2026-02-27 20:34:32 [http-nio-8081-exec-3] WARN  c.u.l.m.e.GlobalExceptionHandler - 비즈니스 예외 발생 — errorCode: KAKAO_AUTH_FAILED, message: 인증에 실패했어요. 다시 시도해주세요.
2026-02-27 20:34:32 [http-nio-8081-exec-4] WARN  c.u.l.m.c.oauth2.KakaoOAuthClient - 카카오 토큰 교환 실패 — HTTP 400 BAD_REQUEST: {"error":"invalid_grant","error_description":"authorization code not found for code=Il_ln81QqQks9oAqcWuKbZ203trYFYlLVPZqXzIprY-aegUH0R_JnwAAAAQKDRtZAAABnJ7e9o9HueF-5ScOZw","error_code":"KOE320"}
2026-02-27 20:34:32 [http-nio-8081-exec-4] WARN  c.u.l.m.e.GlobalExceptionHandler - 비즈니스 예외 발생 — errorCode: KAKAO_AUTH_FAILED, message: 인증에 실패했어요. 다시 시도해주세요.
2026-02-27 20:35:42 [http-nio-8081-exec-5] DEBUG org.hibernate.SQL - 
    /* <criteria> */ select
        me1_0.id,
        me1_0.created_at,
        me1_0.email,
        me1_0.feedback_reminder,
        me1_0.kakao_id,
        me1_0.location_enabled,
        me1_0.member_id,
        me1_0.nickname,
        me1_0.onboarding_completed,
        me1_0.recommendation_alert,
        me1_0.updated_at 
    from
        lunchpick_member.member me1_0 
    where
        me1_0.kakao_id=?
2026-02-27 20:35:42 [http-nio-8081-exec-5] INFO  c.u.l.m.service.impl.AuthServiceImpl - 기존 회원 로그인 — memberId: 9e9447a9-3e25-4fcb-b374-8eb5a849bf87
2026-02-27 20:41:31 [http-nio-8081-exec-8] DEBUG c.u.l.m.c.j.JwtAuthenticationFilter - JWT 인증 완료 — memberId: 9e9447a9-3e25-4fcb-b374-8eb5a849bf87
2026-02-27 20:41:31 [http-nio-8081-exec-8] DEBUG org.hibernate.SQL - 
    /* <criteria> */ select
        me1_0.id,
        me1_0.created_at,
        me1_0.email,
        me1_0.feedback_reminder,
        me1_0.kakao_id,
        me1_0.location_enabled,
        me1_0.member_id,
        me1_0.nickname,
        me1_0.onboarding_completed,
        me1_0.recommendation_alert,
        me1_0.updated_at 
    from
        lunchpick_member.member me1_0 
    where
        me1_0.member_id=?
2026-02-27 20:41:32 [http-nio-8081-exec-8] DEBUG org.hibernate.SQL - 
    /* <criteria> */ select
        dre1_0.id,
        dre1_0.allergens,
        dre1_0.custom_allergens,
        dre1_0.diet_type,
        dre1_0.health_info_consent_given,
        dre1_0.member_id,
        dre1_0.updated_at 
    from
        lunchpick_member.dietary_restriction dre1_0 
    where
        dre1_0.member_id=?
2026-02-27 20:48:30 [http-nio-8081-exec-10] DEBUG org.hibernate.SQL - 
    /* <criteria> */ select
        me1_0.id,
        me1_0.created_at,
        me1_0.email,
        me1_0.feedback_reminder,
        me1_0.kakao_id,
        me1_0.location_enabled,
        me1_0.member_id,
        me1_0.nickname,
        me1_0.onboarding_completed,
        me1_0.recommendation_alert,
        me1_0.updated_at 
    from
        lunchpick_member.member me1_0 
    where
        me1_0.nickname=?
2026-02-27 20:48:43 [http-nio-8081-exec-2] DEBUG org.hibernate.SQL - 
    /* <criteria> */ select
        me1_0.id,
        me1_0.created_at,
        me1_0.email,
        me1_0.feedback_reminder,
        me1_0.kakao_id,
        me1_0.location_enabled,
        me1_0.member_id,
        me1_0.nickname,
        me1_0.onboarding_completed,
        me1_0.recommendation_alert,
        me1_0.updated_at 
    from
        lunchpick_member.member me1_0 
    where
        me1_0.nickname=?
2026-02-27 20:48:54 [http-nio-8081-exec-4] DEBUG org.hibernate.SQL - 
    /* <criteria> */ select
        me1_0.id,
        me1_0.created_at,
        me1_0.email,
        me1_0.feedback_reminder,
        me1_0.kakao_id,
        me1_0.location_enabled,
        me1_0.member_id,
        me1_0.nickname,
        me1_0.onboarding_completed,
        me1_0.recommendation_alert,
        me1_0.updated_at 
    from
        lunchpick_member.member me1_0 
    where
        me1_0.nickname=?
2026-02-27 20:53:27 [http-nio-8081-exec-6] DEBUG org.hibernate.SQL - 
    /* <criteria> */ select
        me1_0.id,
        me1_0.created_at,
        me1_0.email,
        me1_0.feedback_reminder,
        me1_0.kakao_id,
        me1_0.location_enabled,
        me1_0.member_id,
        me1_0.nickname,
        me1_0.onboarding_completed,
        me1_0.recommendation_alert,
        me1_0.updated_at 
    from
        lunchpick_member.member me1_0 
    where
        me1_0.nickname=?
2026-02-27 20:54:26 [http-nio-8081-exec-8] DEBUG org.hibernate.SQL - 
    /* <criteria> */ select
        me1_0.id,
        me1_0.created_at,
        me1_0.email,
        me1_0.feedback_reminder,
        me1_0.kakao_id,
        me1_0.location_enabled,
        me1_0.member_id,
        me1_0.nickname,
        me1_0.onboarding_completed,
        me1_0.recommendation_alert,
        me1_0.updated_at 
    from
        lunchpick_member.member me1_0 
    where
        me1_0.nickname=?
2026-02-27 20:56:36 [http-nio-8081-exec-10] DEBUG org.hibernate.SQL - 
    /* <criteria> */ select
        me1_0.id,
        me1_0.created_at,
        me1_0.email,
        me1_0.feedback_reminder,
        me1_0.kakao_id,
        me1_0.location_enabled,
        me1_0.member_id,
        me1_0.nickname,
        me1_0.onboarding_completed,
        me1_0.recommendation_alert,
        me1_0.updated_at 
    from
        lunchpick_member.member me1_0 
    where
        me1_0.nickname=?
2026-02-27 20:57:21 [http-nio-8081-exec-2] DEBUG org.hibernate.SQL - 
    /* <criteria> */ select
        me1_0.id,
        me1_0.created_at,
        me1_0.email,
        me1_0.feedback_reminder,
        me1_0.kakao_id,
        me1_0.location_enabled,
        me1_0.member_id,
        me1_0.nickname,
        me1_0.onboarding_completed,
        me1_0.recommendation_alert,
        me1_0.updated_at 
    from
        lunchpick_member.member me1_0 
    where
        me1_0.nickname=?
2026-02-27 21:10:55 [http-nio-8081-exec-4] DEBUG org.hibernate.SQL - 
    /* <criteria> */ select
        me1_0.id,
        me1_0.created_at,
        me1_0.email,
        me1_0.feedback_reminder,
        me1_0.kakao_id,
        me1_0.location_enabled,
        me1_0.member_id,
        me1_0.nickname,
        me1_0.onboarding_completed,
        me1_0.recommendation_alert,
        me1_0.updated_at 
    from
        lunchpick_member.member me1_0 
    where
        me1_0.nickname=?
2026-02-27 21:11:35 [http-nio-8081-exec-8] DEBUG org.hibernate.SQL - 
    /* <criteria> */ select
        me1_0.id,
        me1_0.created_at,
        me1_0.email,
        me1_0.feedback_reminder,
        me1_0.kakao_id,
        me1_0.location_enabled,
        me1_0.member_id,
        me1_0.nickname,
        me1_0.onboarding_completed,
        me1_0.recommendation_alert,
        me1_0.updated_at 
    from
        lunchpick_member.member me1_0 
    where
        me1_0.kakao_id=?
2026-02-27 21:11:35 [http-nio-8081-exec-8] INFO  c.u.l.m.service.impl.AuthServiceImpl - 기존 회원 로그인 — memberId: 9e9447a9-3e25-4fcb-b374-8eb5a849bf87
2026-02-27 21:14:13 [http-nio-8081-exec-1] DEBUG c.u.l.m.c.j.JwtAuthenticationFilter - JWT 인증 완료 — memberId: 9e9447a9-3e25-4fcb-b374-8eb5a849bf87
2026-02-27 21:14:13 [http-nio-8081-exec-1] DEBUG org.hibernate.SQL - 
    /* <criteria> */ select
        me1_0.id,
        me1_0.created_at,
        me1_0.email,
        me1_0.feedback_reminder,
        me1_0.kakao_id,
        me1_0.location_enabled,
        me1_0.member_id,
        me1_0.nickname,
        me1_0.onboarding_completed,
        me1_0.recommendation_alert,
        me1_0.updated_at 
    from
        lunchpick_member.member me1_0 
    where
        me1_0.member_id=?
2026-02-27 21:17:58 [http-nio-8081-exec-3] DEBUG org.hibernate.SQL - 
    /* <criteria> */ select
        me1_0.id,
        me1_0.created_at,
        me1_0.email,
        me1_0.feedback_reminder,
        me1_0.kakao_id,
        me1_0.location_enabled,
        me1_0.member_id,
        me1_0.nickname,
        me1_0.onboarding_completed,
        me1_0.recommendation_alert,
        me1_0.updated_at 
    from
        lunchpick_member.member me1_0 
    where
        me1_0.nickname=?
2026-02-27 21:18:12 [http-nio-8081-exec-5] DEBUG org.hibernate.SQL - 
    /* <criteria> */ select
        me1_0.id,
        me1_0.created_at,
        me1_0.email,
        me1_0.feedback_reminder,
        me1_0.kakao_id,
        me1_0.location_enabled,
        me1_0.member_id,
        me1_0.nickname,
        me1_0.onboarding_completed,
        me1_0.recommendation_alert,
        me1_0.updated_at 
    from
        lunchpick_member.member me1_0 
    where
        me1_0.nickname=?
2026-02-27 21:18:51 [http-nio-8081-exec-7] DEBUG org.hibernate.SQL - 
    /* <criteria> */ select
        me1_0.id,
        me1_0.created_at,
        me1_0.email,
        me1_0.feedback_reminder,
        me1_0.kakao_id,
        me1_0.location_enabled,
        me1_0.member_id,
        me1_0.nickname,
        me1_0.onboarding_completed,
        me1_0.recommendation_alert,
        me1_0.updated_at 
    from
        lunchpick_member.member me1_0 
    where
        me1_0.nickname=?
2026-02-27 21:20:03 [http-nio-8081-exec-9] DEBUG c.u.l.m.c.j.JwtAuthenticationFilter - JWT 인증 완료 — memberId: 9e9447a9-3e25-4fcb-b374-8eb5a849bf87
2026-02-27 21:20:03 [http-nio-8081-exec-9] DEBUG org.hibernate.SQL - 
    /* <criteria> */ select
        me1_0.id,
        me1_0.created_at,
        me1_0.email,
        me1_0.feedback_reminder,
        me1_0.kakao_id,
        me1_0.location_enabled,
        me1_0.member_id,
        me1_0.nickname,
        me1_0.onboarding_completed,
        me1_0.recommendation_alert,
        me1_0.updated_at 
    from
        lunchpick_member.member me1_0 
    where
        me1_0.member_id=?
2026-02-27 21:20:03 [http-nio-8081-exec-9] DEBUG org.hibernate.SQL - 
    /* <criteria> */ select
        dre1_0.id,
        dre1_0.allergens,
        dre1_0.custom_allergens,
        dre1_0.diet_type,
        dre1_0.health_info_consent_given,
        dre1_0.member_id,
        dre1_0.updated_at 
    from
        lunchpick_member.dietary_restriction dre1_0 
    where
        dre1_0.member_id=?
2026-02-27 21:20:08 [http-nio-8081-exec-10] DEBUG org.hibernate.SQL - 
    /* <criteria> */ select
        me1_0.id,
        me1_0.created_at,
        me1_0.email,
        me1_0.feedback_reminder,
        me1_0.kakao_id,
        me1_0.location_enabled,
        me1_0.member_id,
        me1_0.nickname,
        me1_0.onboarding_completed,
        me1_0.recommendation_alert,
        me1_0.updated_at 
    from
        lunchpick_member.member me1_0 
    where
        me1_0.kakao_id=?
2026-02-27 21:20:08 [http-nio-8081-exec-10] INFO  c.u.l.m.service.impl.AuthServiceImpl - 기존 회원 로그인 — memberId: 9e9447a9-3e25-4fcb-b374-8eb5a849bf87
2026-02-27 21:22:01 [http-nio-8081-exec-2] DEBUG org.hibernate.SQL - 
    /* <criteria> */ select
        me1_0.id,
        me1_0.created_at,
        me1_0.email,
        me1_0.feedback_reminder,
        me1_0.kakao_id,
        me1_0.location_enabled,
        me1_0.member_id,
        me1_0.nickname,
        me1_0.onboarding_completed,
        me1_0.recommendation_alert,
        me1_0.updated_at 
    from
        lunchpick_member.member me1_0 
    where
        me1_0.nickname=?
2026-02-27 21:24:41 [http-nio-8081-exec-4] DEBUG org.hibernate.SQL - 
    /* <criteria> */ select
        me1_0.id,
        me1_0.created_at,
        me1_0.email,
        me1_0.feedback_reminder,
        me1_0.kakao_id,
        me1_0.location_enabled,
        me1_0.member_id,
        me1_0.nickname,
        me1_0.onboarding_completed,
        me1_0.recommendation_alert,
        me1_0.updated_at 
    from
        lunchpick_member.member me1_0 
    where
        me1_0.nickname=?
2026-02-27 21:25:13 [http-nio-8081-exec-6] DEBUG c.u.l.m.c.j.JwtAuthenticationFilter - JWT 인증 완료 — memberId: 9e9447a9-3e25-4fcb-b374-8eb5a849bf87
2026-02-27 21:25:13 [http-nio-8081-exec-6] DEBUG org.hibernate.SQL - 
    /* <criteria> */ select
        me1_0.id,
        me1_0.created_at,
        me1_0.email,
        me1_0.feedback_reminder,
        me1_0.kakao_id,
        me1_0.location_enabled,
        me1_0.member_id,
        me1_0.nickname,
        me1_0.onboarding_completed,
        me1_0.recommendation_alert,
        me1_0.updated_at 
    from
        lunchpick_member.member me1_0 
    where
        me1_0.member_id=?
2026-02-27 21:25:13 [http-nio-8081-exec-6] DEBUG org.hibernate.SQL - 
    /* <criteria> */ select
        dre1_0.id,
        dre1_0.allergens,
        dre1_0.custom_allergens,
        dre1_0.diet_type,
        dre1_0.health_info_consent_given,
        dre1_0.member_id,
        dre1_0.updated_at 
    from
        lunchpick_member.dietary_restriction dre1_0 
    where
        dre1_0.member_id=?
2026-02-27 21:29:36 [http-nio-8081-exec-8] DEBUG org.hibernate.SQL - 
    /* <criteria> */ select
        me1_0.id,
        me1_0.created_at,
        me1_0.email,
        me1_0.feedback_reminder,
        me1_0.kakao_id,
        me1_0.location_enabled,
        me1_0.member_id,
        me1_0.nickname,
        me1_0.onboarding_completed,
        me1_0.recommendation_alert,
        me1_0.updated_at 
    from
        lunchpick_member.member me1_0 
    where
        me1_0.nickname=?
2026-02-27 21:40:16 [main] INFO  c.u.l.member.MemberApplication - Starting MemberApplication using Java 21 with PID 41876 (C:\Users\hiond\workspace\lunch-menu-recommender\member-service\build\classes\java\main started by hiond in C:\Users\hiond\workspace\lunch-menu-recommender\member-service)
2026-02-27 21:40:16 [main] DEBUG c.u.l.member.MemberApplication - Running with Spring Boot v3.4.1, Spring v6.2.1
2026-02-27 21:40:16 [main] INFO  c.u.l.member.MemberApplication - The following 1 profile is active: "dev"
2026-02-27 21:40:16 [main] INFO  o.s.d.r.c.RepositoryConfigurationDelegate - Multiple Spring Data modules found, entering strict repository configuration mode
2026-02-27 21:40:16 [main] INFO  o.s.d.r.c.RepositoryConfigurationDelegate - Bootstrapping Spring Data JPA repositories in DEFAULT mode.
2026-02-27 21:40:16 [main] INFO  o.s.d.r.c.RepositoryConfigurationDelegate - Finished Spring Data repository scanning in 66 ms. Found 4 JPA repository interfaces.
2026-02-27 21:40:16 [main] INFO  o.s.d.r.c.RepositoryConfigurationDelegate - Multiple Spring Data modules found, entering strict repository configuration mode
2026-02-27 21:40:16 [main] INFO  o.s.d.r.c.RepositoryConfigurationDelegate - Bootstrapping Spring Data Redis repositories in DEFAULT mode.
2026-02-27 21:40:16 [main] INFO  o.s.d.r.c.RepositoryConfigurationExtensionSupport - Spring Data Redis - Could not safely identify store assignment for repository candidate interface com.unicorn.lunchpick.member.repository.jpa.DietaryRestrictionRepository; If you want this repository to be a Redis repository, consider annotating your entities with one of these annotations: org.springframework.data.redis.core.RedisHash (preferred), or consider extending one of the following types with your repository: org.springframework.data.keyvalue.repository.KeyValueRepository
2026-02-27 21:40:16 [main] INFO  o.s.d.r.c.RepositoryConfigurationExtensionSupport - Spring Data Redis - Could not safely identify store assignment for repository candidate interface com.unicorn.lunchpick.member.repository.jpa.LocationConsentRepository; If you want this repository to be a Redis repository, consider annotating your entities with one of these annotations: org.springframework.data.redis.core.RedisHash (preferred), or consider extending one of the following types with your repository: org.springframework.data.keyvalue.repository.KeyValueRepository
2026-02-27 21:40:16 [main] INFO  o.s.d.r.c.RepositoryConfigurationExtensionSupport - Spring Data Redis - Could not safely identify store assignment for repository candidate interface com.unicorn.lunchpick.member.repository.jpa.MemberRepository; If you want this repository to be a Redis repository, consider annotating your entities with one of these annotations: org.springframework.data.redis.core.RedisHash (preferred), or consider extending one of the following types with your repository: org.springframework.data.keyvalue.repository.KeyValueRepository
2026-02-27 21:40:16 [main] INFO  o.s.d.r.c.RepositoryConfigurationExtensionSupport - Spring Data Redis - Could not safely identify store assignment for repository candidate interface com.unicorn.lunchpick.member.repository.jpa.TasteProfileRepository; If you want this repository to be a Redis repository, consider annotating your entities with one of these annotations: org.springframework.data.redis.core.RedisHash (preferred), or consider extending one of the following types with your repository: org.springframework.data.keyvalue.repository.KeyValueRepository
2026-02-27 21:40:16 [main] INFO  o.s.d.r.c.RepositoryConfigurationDelegate - Finished Spring Data repository scanning in 12 ms. Found 0 Redis repository interfaces.
2026-02-27 21:40:17 [main] INFO  o.s.cloud.context.scope.GenericScope - BeanFactory id=1a3b27fb-12f5-300a-b35b-fe7cd5e0b075
2026-02-27 21:40:17 [main] INFO  o.s.b.w.e.tomcat.TomcatWebServer - Tomcat initialized with port 8081 (http)
2026-02-27 21:40:17 [main] INFO  o.a.catalina.core.StandardService - Starting service [Tomcat]
2026-02-27 21:40:17 [main] INFO  o.a.catalina.core.StandardEngine - Starting Servlet engine: [Apache Tomcat/10.1.34]
2026-02-27 21:40:17 [main] INFO  o.a.c.c.C.[Tomcat].[localhost].[/] - Initializing Spring embedded WebApplicationContext
2026-02-27 21:40:17 [main] INFO  o.s.b.w.s.c.ServletWebServerApplicationContext - Root WebApplicationContext: initialization completed in 1447 ms
2026-02-27 21:40:17 [main] INFO  o.h.jpa.internal.util.LogHelper - HHH000204: Processing PersistenceUnitInfo [name: default]
2026-02-27 21:40:17 [main] INFO  org.hibernate.Version - HHH000412: Hibernate ORM core version 6.6.4.Final
2026-02-27 21:40:17 [main] INFO  o.h.c.i.RegionFactoryInitiator - HHH000026: Second-level cache disabled
2026-02-27 21:40:18 [main] DEBUG o.hibernate.type.BasicTypeRegistry - Adding type registration boolean -> org.hibernate.type.BasicTypeReference@5b1f0f26
2026-02-27 21:40:18 [main] DEBUG o.hibernate.type.BasicTypeRegistry - Adding type registration boolean -> org.hibernate.type.BasicTypeReference@5b1f0f26
2026-02-27 21:40:18 [main] DEBUG o.hibernate.type.BasicTypeRegistry - Adding type registration java.lang.Boolean -> org.hibernate.type.BasicTypeReference@5b1f0f26
2026-02-27 21:40:18 [main] DEBUG o.hibernate.type.BasicTypeRegistry - Adding type registration numeric_boolean -> org.hibernate.type.BasicTypeReference@7120daa6
2026-02-27 21:40:18 [main] DEBUG o.hibernate.type.BasicTypeRegistry - Adding type registration org.hibernate.type.NumericBooleanConverter -> org.hibernate.type.BasicTypeReference@7120daa6
2026-02-27 21:40:18 [main] DEBUG o.hibernate.type.BasicTypeRegistry - Adding type registration true_false -> org.hibernate.type.BasicTypeReference@6cbb6c41
2026-02-27 21:40:18 [main] DEBUG o.hibernate.type.BasicTypeRegistry - Adding type registration org.hibernate.type.TrueFalseConverter -> org.hibernate.type.BasicTypeReference@6cbb6c41
2026-02-27 21:40:18 [main] DEBUG o.hibernate.type.BasicTypeRegistry - Adding type registration yes_no -> org.hibernate.type.BasicTypeReference@6787bd41
2026-02-27 21:40:18 [main] DEBUG o.hibernate.type.BasicTypeRegistry - Adding type registration org.hibernate.type.YesNoConverter -> org.hibernate.type.BasicTypeReference@6787bd41
2026-02-27 21:40:18 [main] DEBUG o.hibernate.type.BasicTypeRegistry - Adding type registration byte -> org.hibernate.type.BasicTypeReference@44c2e8a8
2026-02-27 21:40:18 [main] DEBUG o.hibernate.type.BasicTypeRegistry - Adding type registration byte -> org.hibernate.type.BasicTypeReference@44c2e8a8
2026-02-27 21:40:18 [main] DEBUG o.hibernate.type.BasicTypeRegistry - Adding type registration java.lang.Byte -> org.hibernate.type.BasicTypeReference@44c2e8a8
2026-02-27 21:40:18 [main] DEBUG o.hibernate.type.BasicTypeRegistry - Adding type registration binary -> org.hibernate.type.BasicTypeReference@3340ff7c
2026-02-27 21:40:18 [main] DEBUG o.hibernate.type.BasicTypeRegistry - Adding type registration byte[] -> org.hibernate.type.BasicTypeReference@3340ff7c
2026-02-27 21:40:18 [main] DEBUG o.hibernate.type.BasicTypeRegistry - Adding type registration [B -> org.hibernate.type.BasicTypeReference@3340ff7c
2026-02-27 21:40:18 [main] DEBUG o.hibernate.type.BasicTypeRegistry - Adding type registration binary_wrapper -> org.hibernate.type.BasicTypeReference@42e4431
2026-02-27 21:40:18 [main] DEBUG o.hibernate.type.BasicTypeRegistry - Adding type registration wrapper-binary -> org.hibernate.type.BasicTypeReference@42e4431
2026-02-27 21:40:18 [main] DEBUG o.hibernate.type.BasicTypeRegistry - Adding type registration image -> org.hibernate.type.BasicTypeReference@5e198c40
2026-02-27 21:40:18 [main] DEBUG o.hibernate.type.BasicTypeRegistry - Adding type registration blob -> org.hibernate.type.BasicTypeReference@dcdb883
2026-02-27 21:40:18 [main] DEBUG o.hibernate.type.BasicTypeRegistry - Adding type registration java.sql.Blob -> org.hibernate.type.BasicTypeReference@dcdb883
2026-02-27 21:40:18 [main] DEBUG o.hibernate.type.BasicTypeRegistry - Adding type registration materialized_blob -> org.hibernate.type.BasicTypeReference@39420d59
2026-02-27 21:40:18 [main] DEBUG o.hibernate.type.BasicTypeRegistry - Adding type registration materialized_blob_wrapper -> org.hibernate.type.BasicTypeReference@4fbbd98c
2026-02-27 21:40:18 [main] DEBUG o.hibernate.type.BasicTypeRegistry - Adding type registration short -> org.hibernate.type.BasicTypeReference@5dd227b7
2026-02-27 21:40:18 [main] DEBUG o.hibernate.type.BasicTypeRegistry - Adding type registration short -> org.hibernate.type.BasicTypeReference@5dd227b7
2026-02-27 21:40:18 [main] DEBUG o.hibernate.type.BasicTypeRegistry - Adding type registration java.lang.Short -> org.hibernate.type.BasicTypeReference@5dd227b7
2026-02-27 21:40:18 [main] DEBUG o.hibernate.type.BasicTypeRegistry - Adding type registration integer -> org.hibernate.type.BasicTypeReference@3d3b852e
2026-02-27 21:40:18 [main] DEBUG o.hibernate.type.BasicTypeRegistry - Adding type registration int -> org.hibernate.type.BasicTypeReference@3d3b852e
2026-02-27 21:40:18 [main] DEBUG o.hibernate.type.BasicTypeRegistry - Adding type registration java.lang.Integer -> org.hibernate.type.BasicTypeReference@3d3b852e
2026-02-27 21:40:18 [main] DEBUG o.hibernate.type.BasicTypeRegistry - Adding type registration long -> org.hibernate.type.BasicTypeReference@14ba7f15
2026-02-27 21:40:18 [main] DEBUG o.hibernate.type.BasicTypeRegistry - Adding type registration long -> org.hibernate.type.BasicTypeReference@14ba7f15
2026-02-27 21:40:18 [main] DEBUG o.hibernate.type.BasicTypeRegistry - Adding type registration java.lang.Long -> org.hibernate.type.BasicTypeReference@14ba7f15
2026-02-27 21:40:18 [main] DEBUG o.hibernate.type.BasicTypeRegistry - Adding type registration float -> org.hibernate.type.BasicTypeReference@55cb3b7
2026-02-27 21:40:18 [main] DEBUG o.hibernate.type.BasicTypeRegistry - Adding type registration float -> org.hibernate.type.BasicTypeReference@55cb3b7
2026-02-27 21:40:18 [main] DEBUG o.hibernate.type.BasicTypeRegistry - Adding type registration java.lang.Float -> org.hibernate.type.BasicTypeReference@55cb3b7
2026-02-27 21:40:18 [main] DEBUG o.hibernate.type.BasicTypeRegistry - Adding type registration double -> org.hibernate.type.BasicTypeReference@497fd334
2026-02-27 21:40:18 [main] DEBUG o.hibernate.type.BasicTypeRegistry - Adding type registration double -> org.hibernate.type.BasicTypeReference@497fd334
2026-02-27 21:40:18 [main] DEBUG o.hibernate.type.BasicTypeRegistry - Adding type registration java.lang.Double -> org.hibernate.type.BasicTypeReference@497fd334
2026-02-27 21:40:18 [main] DEBUG o.hibernate.type.BasicTypeRegistry - Adding type registration big_integer -> org.hibernate.type.BasicTypeReference@280c3dc0
2026-02-27 21:40:18 [main] DEBUG o.hibernate.type.BasicTypeRegistry - Adding type registration java.math.BigInteger -> org.hibernate.type.BasicTypeReference@280c3dc0
2026-02-27 21:40:18 [main] DEBUG o.hibernate.type.BasicTypeRegistry - Adding type registration big_decimal -> org.hibernate.type.BasicTypeReference@6f89ad03
2026-02-27 21:40:18 [main] DEBUG o.hibernate.type.BasicTypeRegistry - Adding type registration java.math.BigDecimal -> org.hibernate.type.BasicTypeReference@6f89ad03
2026-02-27 21:40:18 [main] DEBUG o.hibernate.type.BasicTypeRegistry - Adding type registration character -> org.hibernate.type.BasicTypeReference@f287a4e
2026-02-27 21:40:18 [main] DEBUG o.hibernate.type.BasicTypeRegistry - Adding type registration char -> org.hibernate.type.BasicTypeReference@f287a4e
2026-02-27 21:40:18 [main] DEBUG o.hibernate.type.BasicTypeRegistry - Adding type registration java.lang.Character -> org.hibernate.type.BasicTypeReference@f287a4e
2026-02-27 21:40:18 [main] DEBUG o.hibernate.type.BasicTypeRegistry - Adding type registration character_nchar -> org.hibernate.type.BasicTypeReference@3879feec
2026-02-27 21:40:18 [main] DEBUG o.hibernate.type.BasicTypeRegistry - Adding type registration string -> org.hibernate.type.BasicTypeReference@71d2261e
2026-02-27 21:40:18 [main] DEBUG o.hibernate.type.BasicTypeRegistry - Adding type registration java.lang.String -> org.hibernate.type.BasicTypeReference@71d2261e
2026-02-27 21:40:18 [main] DEBUG o.hibernate.type.BasicTypeRegistry - Adding type registration nstring -> org.hibernate.type.BasicTypeReference@53917c92
2026-02-27 21:40:18 [main] DEBUG o.hibernate.type.BasicTypeRegistry - Adding type registration characters -> org.hibernate.type.BasicTypeReference@1fa796a4
2026-02-27 21:40:18 [main] DEBUG o.hibernate.type.BasicTypeRegistry - Adding type registration char[] -> org.hibernate.type.BasicTypeReference@1fa796a4
2026-02-27 21:40:18 [main] DEBUG o.hibernate.type.BasicTypeRegistry - Adding type registration [C -> org.hibernate.type.BasicTypeReference@1fa796a4
2026-02-27 21:40:18 [main] DEBUG o.hibernate.type.BasicTypeRegistry - Adding type registration wrapper-characters -> org.hibernate.type.BasicTypeReference@68de8522
2026-02-27 21:40:18 [main] DEBUG o.hibernate.type.BasicTypeRegistry - Adding type registration text -> org.hibernate.type.BasicTypeReference@8dcacf1
2026-02-27 21:40:18 [main] DEBUG o.hibernate.type.BasicTypeRegistry - Adding type registration ntext -> org.hibernate.type.BasicTypeReference@50f13494
2026-02-27 21:40:18 [main] DEBUG o.hibernate.type.BasicTypeRegistry - Adding type registration clob -> org.hibernate.type.BasicTypeReference@73c09a98
2026-02-27 21:40:18 [main] DEBUG o.hibernate.type.BasicTypeRegistry - Adding type registration java.sql.Clob -> org.hibernate.type.BasicTypeReference@73c09a98
2026-02-27 21:40:18 [main] DEBUG o.hibernate.type.BasicTypeRegistry - Adding type registration nclob -> org.hibernate.type.BasicTypeReference@6f2bf657
2026-02-27 21:40:18 [main] DEBUG o.hibernate.type.BasicTypeRegistry - Adding type registration java.sql.NClob -> org.hibernate.type.BasicTypeReference@6f2bf657
2026-02-27 21:40:18 [main] DEBUG o.hibernate.type.BasicTypeRegistry - Adding type registration materialized_clob -> org.hibernate.type.BasicTypeReference@27d6467
2026-02-27 21:40:18 [main] DEBUG o.hibernate.type.BasicTypeRegistry - Adding type registration materialized_clob_char_array -> org.hibernate.type.BasicTypeReference@5bf1b528
2026-02-27 21:40:18 [main] DEBUG o.hibernate.type.BasicTypeRegistry - Adding type registration materialized_clob_character_array -> org.hibernate.type.BasicTypeReference@2c92f094
2026-02-27 21:40:18 [main] DEBUG o.hibernate.type.BasicTypeRegistry - Adding type registration materialized_nclob -> org.hibernate.type.BasicTypeReference@1c3b221f
2026-02-27 21:40:18 [main] DEBUG o.hibernate.type.BasicTypeRegistry - Adding type registration materialized_nclob_character_array -> org.hibernate.type.BasicTypeReference@750c23a3
2026-02-27 21:40:18 [main] DEBUG o.hibernate.type.BasicTypeRegistry - Adding type registration materialized_nclob_char_array -> org.hibernate.type.BasicTypeReference@238280df
2026-02-27 21:40:18 [main] DEBUG o.hibernate.type.BasicTypeRegistry - Adding type registration Duration -> org.hibernate.type.BasicTypeReference@182fd26b
2026-02-27 21:40:18 [main] DEBUG o.hibernate.type.BasicTypeRegistry - Adding type registration java.time.Duration -> org.hibernate.type.BasicTypeReference@182fd26b
2026-02-27 21:40:18 [main] DEBUG o.hibernate.type.BasicTypeRegistry - Adding type registration LocalDateTime -> org.hibernate.type.BasicTypeReference@5dc120ab
2026-02-27 21:40:18 [main] DEBUG o.hibernate.type.BasicTypeRegistry - Adding type registration java.time.LocalDateTime -> org.hibernate.type.BasicTypeReference@5dc120ab
2026-02-27 21:40:18 [main] DEBUG o.hibernate.type.BasicTypeRegistry - Adding type registration LocalDate -> org.hibernate.type.BasicTypeReference@49c4118b
2026-02-27 21:40:18 [main] DEBUG o.hibernate.type.BasicTypeRegistry - Adding type registration java.time.LocalDate -> org.hibernate.type.BasicTypeReference@49c4118b
2026-02-27 21:40:18 [main] DEBUG o.hibernate.type.BasicTypeRegistry - Adding type registration LocalTime -> org.hibernate.type.BasicTypeReference@7ef7f414
2026-02-27 21:40:18 [main] DEBUG o.hibernate.type.BasicTypeRegistry - Adding type registration java.time.LocalTime -> org.hibernate.type.BasicTypeReference@7ef7f414
2026-02-27 21:40:18 [main] DEBUG o.hibernate.type.BasicTypeRegistry - Adding type registration OffsetDateTime -> org.hibernate.type.BasicTypeReference@182dcd2b
2026-02-27 21:40:18 [main] DEBUG o.hibernate.type.BasicTypeRegistry - Adding type registration java.time.OffsetDateTime -> org.hibernate.type.BasicTypeReference@182dcd2b
2026-02-27 21:40:18 [main] DEBUG o.hibernate.type.BasicTypeRegistry - Adding type registration OffsetDateTimeWithTimezone -> org.hibernate.type.BasicTypeReference@4c3d72fd
2026-02-27 21:40:18 [main] DEBUG o.hibernate.type.BasicTypeRegistry - Adding type registration OffsetDateTimeWithoutTimezone -> org.hibernate.type.BasicTypeReference@259c6ab8
2026-02-27 21:40:18 [main] DEBUG o.hibernate.type.BasicTypeRegistry - Adding type registration OffsetTime -> org.hibernate.type.BasicTypeReference@640a6d4b
2026-02-27 21:40:18 [main] DEBUG o.hibernate.type.BasicTypeRegistry - Adding type registration java.time.OffsetTime -> org.hibernate.type.BasicTypeReference@640a6d4b
2026-02-27 21:40:18 [main] DEBUG o.hibernate.type.BasicTypeRegistry - Adding type registration OffsetTimeUtc -> org.hibernate.type.BasicTypeReference@1238a074
2026-02-27 21:40:18 [main] DEBUG o.hibernate.type.BasicTypeRegistry - Adding type registration OffsetTimeWithTimezone -> org.hibernate.type.BasicTypeReference@35b58254
2026-02-27 21:40:18 [main] DEBUG o.hibernate.type.BasicTypeRegistry - Adding type registration OffsetTimeWithoutTimezone -> org.hibernate.type.BasicTypeReference@73baf7f0
2026-02-27 21:40:18 [main] DEBUG o.hibernate.type.BasicTypeRegistry - Adding type registration ZonedDateTime -> org.hibernate.type.BasicTypeReference@446dacf9
2026-02-27 21:40:18 [main] DEBUG o.hibernate.type.BasicTypeRegistry - Adding type registration java.time.ZonedDateTime -> org.hibernate.type.BasicTypeReference@446dacf9
2026-02-27 21:40:18 [main] DEBUG o.hibernate.type.BasicTypeRegistry - Adding type registration ZonedDateTimeWithTimezone -> org.hibernate.type.BasicTypeReference@13018f00
2026-02-27 21:40:18 [main] DEBUG o.hibernate.type.BasicTypeRegistry - Adding type registration ZonedDateTimeWithoutTimezone -> org.hibernate.type.BasicTypeReference@abf1816
2026-02-27 21:40:18 [main] DEBUG o.hibernate.type.BasicTypeRegistry - Adding type registration date -> org.hibernate.type.BasicTypeReference@2e1e7bc6
2026-02-27 21:40:18 [main] DEBUG o.hibernate.type.BasicTypeRegistry - Adding type registration java.sql.Date -> org.hibernate.type.BasicTypeReference@2e1e7bc6
2026-02-27 21:40:18 [main] DEBUG o.hibernate.type.BasicTypeRegistry - Adding type registration time -> org.hibernate.type.BasicTypeReference@7bd1098
2026-02-27 21:40:18 [main] DEBUG o.hibernate.type.BasicTypeRegistry - Adding type registration java.sql.Time -> org.hibernate.type.BasicTypeReference@7bd1098
2026-02-27 21:40:18 [main] DEBUG o.hibernate.type.BasicTypeRegistry - Adding type registration timestamp -> org.hibernate.type.BasicTypeReference@185bf6e0
2026-02-27 21:40:18 [main] DEBUG o.hibernate.type.BasicTypeRegistry - Adding type registration java.sql.Timestamp -> org.hibernate.type.BasicTypeReference@185bf6e0
2026-02-27 21:40:18 [main] DEBUG o.hibernate.type.BasicTypeRegistry - Adding type registration java.util.Date -> org.hibernate.type.BasicTypeReference@185bf6e0
2026-02-27 21:40:18 [main] DEBUG o.hibernate.type.BasicTypeRegistry - Adding type registration calendar -> org.hibernate.type.BasicTypeReference@6a562255
2026-02-27 21:40:18 [main] DEBUG o.hibernate.type.BasicTypeRegistry - Adding type registration java.util.Calendar -> org.hibernate.type.BasicTypeReference@6a562255
2026-02-27 21:40:18 [main] DEBUG o.hibernate.type.BasicTypeRegistry - Adding type registration java.util.GregorianCalendar -> org.hibernate.type.BasicTypeReference@6a562255
2026-02-27 21:40:18 [main] DEBUG o.hibernate.type.BasicTypeRegistry - Adding type registration calendar_date -> org.hibernate.type.BasicTypeReference@374ba492
2026-02-27 21:40:18 [main] DEBUG o.hibernate.type.BasicTypeRegistry - Adding type registration calendar_time -> org.hibernate.type.BasicTypeReference@581d5b33
2026-02-27 21:40:18 [main] DEBUG o.hibernate.type.BasicTypeRegistry - Adding type registration instant -> org.hibernate.type.BasicTypeReference@1f365a26
2026-02-27 21:40:18 [main] DEBUG o.hibernate.type.BasicTypeRegistry - Adding type registration java.time.Instant -> org.hibernate.type.BasicTypeReference@1f365a26
2026-02-27 21:40:18 [main] DEBUG o.hibernate.type.BasicTypeRegistry - Adding type registration uuid -> org.hibernate.type.BasicTypeReference@44a9971f
2026-02-27 21:40:18 [main] DEBUG o.hibernate.type.BasicTypeRegistry - Adding type registration java.util.UUID -> org.hibernate.type.BasicTypeReference@44a9971f
2026-02-27 21:40:18 [main] DEBUG o.hibernate.type.BasicTypeRegistry - Adding type registration pg-uuid -> org.hibernate.type.BasicTypeReference@44a9971f
2026-02-27 21:40:18 [main] DEBUG o.hibernate.type.BasicTypeRegistry - Adding type registration uuid-binary -> org.hibernate.type.BasicTypeReference@2e2cd42c
2026-02-27 21:40:18 [main] DEBUG o.hibernate.type.BasicTypeRegistry - Adding type registration uuid-char -> org.hibernate.type.BasicTypeReference@1cdad619
2026-02-27 21:40:18 [main] DEBUG o.hibernate.type.BasicTypeRegistry - Adding type registration class -> org.hibernate.type.BasicTypeReference@319058ce
2026-02-27 21:40:18 [main] DEBUG o.hibernate.type.BasicTypeRegistry - Adding type registration java.lang.Class -> org.hibernate.type.BasicTypeReference@319058ce
2026-02-27 21:40:18 [main] DEBUG o.hibernate.type.BasicTypeRegistry - Adding type registration currency -> org.hibernate.type.BasicTypeReference@3909308c
2026-02-27 21:40:18 [main] DEBUG o.hibernate.type.BasicTypeRegistry - Adding type registration Currency -> org.hibernate.type.BasicTypeReference@3909308c
2026-02-27 21:40:18 [main] DEBUG o.hibernate.type.BasicTypeRegistry - Adding type registration java.util.Currency -> org.hibernate.type.BasicTypeReference@3909308c
2026-02-27 21:40:18 [main] DEBUG o.hibernate.type.BasicTypeRegistry - Adding type registration locale -> org.hibernate.type.BasicTypeReference@71cc0e35
2026-02-27 21:40:18 [main] DEBUG o.hibernate.type.BasicTypeRegistry - Adding type registration java.util.Locale -> org.hibernate.type.BasicTypeReference@71cc0e35
2026-02-27 21:40:18 [main] DEBUG o.hibernate.type.BasicTypeRegistry - Adding type registration serializable -> org.hibernate.type.BasicTypeReference@3b6c740b
2026-02-27 21:40:18 [main] DEBUG o.hibernate.type.BasicTypeRegistry - Adding type registration java.io.Serializable -> org.hibernate.type.BasicTypeReference@3b6c740b
2026-02-27 21:40:18 [main] DEBUG o.hibernate.type.BasicTypeRegistry - Adding type registration timezone -> org.hibernate.type.BasicTypeReference@8091d80
2026-02-27 21:40:18 [main] DEBUG o.hibernate.type.BasicTypeRegistry - Adding type registration java.util.TimeZone -> org.hibernate.type.BasicTypeReference@8091d80
2026-02-27 21:40:18 [main] DEBUG o.hibernate.type.BasicTypeRegistry - Adding type registration ZoneOffset -> org.hibernate.type.BasicTypeReference@78f4d15d
2026-02-27 21:40:18 [main] DEBUG o.hibernate.type.BasicTypeRegistry - Adding type registration java.time.ZoneOffset -> org.hibernate.type.BasicTypeReference@78f4d15d
2026-02-27 21:40:18 [main] DEBUG o.hibernate.type.BasicTypeRegistry - Adding type registration url -> org.hibernate.type.BasicTypeReference@6958d5d0
2026-02-27 21:40:18 [main] DEBUG o.hibernate.type.BasicTypeRegistry - Adding type registration java.net.URL -> org.hibernate.type.BasicTypeReference@6958d5d0
2026-02-27 21:40:18 [main] DEBUG o.hibernate.type.BasicTypeRegistry - Adding type registration vector -> org.hibernate.type.BasicTypeReference@314c28dc
2026-02-27 21:40:18 [main] DEBUG o.hibernate.type.BasicTypeRegistry - Adding type registration float_vector -> org.hibernate.type.BasicTypeReference@7169d668
2026-02-27 21:40:18 [main] DEBUG o.hibernate.type.BasicTypeRegistry - Adding type registration double_vector -> org.hibernate.type.BasicTypeReference@2f498f21
2026-02-27 21:40:18 [main] DEBUG o.hibernate.type.BasicTypeRegistry - Adding type registration byte_vector -> org.hibernate.type.BasicTypeReference@90394d
2026-02-27 21:40:18 [main] DEBUG o.hibernate.type.BasicTypeRegistry - Adding type registration row_version -> org.hibernate.type.BasicTypeReference@50caeb4b
2026-02-27 21:40:18 [main] DEBUG o.hibernate.type.BasicTypeRegistry - Adding type registration object -> org.hibernate.type.JavaObjectType@4745bcc6
2026-02-27 21:40:18 [main] DEBUG o.hibernate.type.BasicTypeRegistry - Adding type registration java.lang.Object -> org.hibernate.type.JavaObjectType@4745bcc6
2026-02-27 21:40:18 [main] DEBUG o.hibernate.type.BasicTypeRegistry - Adding type registration null -> org.hibernate.type.NullType@53551fef
2026-02-27 21:40:18 [main] DEBUG o.hibernate.type.BasicTypeRegistry - Adding type registration imm_date -> org.hibernate.type.BasicTypeReference@7d5d77a6
2026-02-27 21:40:18 [main] DEBUG o.hibernate.type.BasicTypeRegistry - Adding type registration imm_time -> org.hibernate.type.BasicTypeReference@71b7e9c8
2026-02-27 21:40:18 [main] DEBUG o.hibernate.type.BasicTypeRegistry - Adding type registration imm_timestamp -> org.hibernate.type.BasicTypeReference@55202ba6
2026-02-27 21:40:18 [main] DEBUG o.hibernate.type.BasicTypeRegistry - Adding type registration imm_calendar -> org.hibernate.type.BasicTypeReference@2ef1fc8a
2026-02-27 21:40:18 [main] DEBUG o.hibernate.type.BasicTypeRegistry - Adding type registration imm_calendar_date -> org.hibernate.type.BasicTypeReference@38874eb5
2026-02-27 21:40:18 [main] DEBUG o.hibernate.type.BasicTypeRegistry - Adding type registration imm_calendar_time -> org.hibernate.type.BasicTypeReference@76b019c4
2026-02-27 21:40:18 [main] DEBUG o.hibernate.type.BasicTypeRegistry - Adding type registration imm_binary -> org.hibernate.type.BasicTypeReference@221961af
2026-02-27 21:40:18 [main] DEBUG o.hibernate.type.BasicTypeRegistry - Adding type registration imm_serializable -> org.hibernate.type.BasicTypeReference@32ddcca
2026-02-27 21:40:18 [main] INFO  o.s.o.j.p.SpringPersistenceUnitInfo - No LoadTimeWeaver setup: ignoring JPA class transformer
2026-02-27 21:40:18 [main] INFO  com.zaxxer.hikari.HikariDataSource - HikariPool-1 - Starting...
2026-02-27 21:40:18 [main] INFO  com.zaxxer.hikari.pool.HikariPool - HikariPool-1 - Added connection org.postgresql.jdbc.PgConnection@1f86f7da
2026-02-27 21:40:18 [main] INFO  com.zaxxer.hikari.HikariDataSource - HikariPool-1 - Start completed.
2026-02-27 21:40:18 [main] INFO  o.hibernate.orm.connections.pooling - HHH10001005: Database info:
	Database JDBC URL [Connecting through datasource 'HikariDataSource (HikariPool-1)']
	Database driver: undefined/unknown
	Database version: 16.12
	Autocommit mode: undefined/unknown
	Isolation level: undefined/unknown
	Minimum pool size: undefined/unknown
	Maximum pool size: undefined/unknown
2026-02-27 21:40:18 [main] DEBUG o.h.t.d.sql.spi.DdlTypeRegistry - addDescriptor(2003, org.hibernate.type.descriptor.sql.internal.ArrayDdlTypeImpl@789f5552) replaced previous registration(org.hibernate.type.descriptor.sql.internal.ArrayDdlTypeImpl@28c00acd)
2026-02-27 21:40:18 [main] DEBUG o.h.t.d.sql.spi.DdlTypeRegistry - addDescriptor(6, org.hibernate.type.descriptor.sql.internal.CapacityDependentDdlType@590f806a) replaced previous registration(org.hibernate.type.descriptor.sql.internal.DdlTypeImpl@2267b0bb)
2026-02-27 21:40:18 [main] DEBUG o.h.t.d.jdbc.spi.JdbcTypeRegistry - addDescriptor(2004, BlobTypeDescriptor(BLOB_BINDING)) replaced previous registration(BlobTypeDescriptor(DEFAULT))
2026-02-27 21:40:18 [main] DEBUG o.h.t.d.jdbc.spi.JdbcTypeRegistry - addDescriptor(2005, ClobTypeDescriptor(CLOB_BINDING)) replaced previous registration(ClobTypeDescriptor(DEFAULT))
2026-02-27 21:40:18 [main] DEBUG o.hibernate.type.BasicTypeRegistry - Adding type registration JAVA_OBJECT -> org.hibernate.type.JavaObjectType@47ab3688
2026-02-27 21:40:18 [main] DEBUG o.hibernate.type.BasicTypeRegistry - Adding type registration java.lang.Object -> org.hibernate.type.JavaObjectType@47ab3688
2026-02-27 21:40:18 [main] DEBUG o.hibernate.type.BasicTypeRegistry - Type registration key [java.lang.Object] overrode previous entry : `org.hibernate.type.JavaObjectType@4745bcc6`
2026-02-27 21:40:18 [main] DEBUG o.hibernate.type.BasicTypeRegistry - Adding type registration org.hibernate.type.DurationType -> basicType@1(java.time.Duration,3015)
2026-02-27 21:40:18 [main] DEBUG o.hibernate.type.BasicTypeRegistry - Adding type registration Duration -> basicType@1(java.time.Duration,3015)
2026-02-27 21:40:18 [main] DEBUG o.hibernate.type.BasicTypeRegistry - Adding type registration java.time.Duration -> basicType@1(java.time.Duration,3015)
2026-02-27 21:40:18 [main] DEBUG o.hibernate.type.BasicTypeRegistry - Adding type registration org.hibernate.type.OffsetDateTimeType -> basicType@2(java.time.OffsetDateTime,3003)
2026-02-27 21:40:18 [main] DEBUG o.hibernate.type.BasicTypeRegistry - Adding type registration OffsetDateTime -> basicType@2(java.time.OffsetDateTime,3003)
2026-02-27 21:40:18 [main] DEBUG o.hibernate.type.BasicTypeRegistry - Adding type registration java.time.OffsetDateTime -> basicType@2(java.time.OffsetDateTime,3003)
2026-02-27 21:40:18 [main] DEBUG o.hibernate.type.BasicTypeRegistry - Adding type registration org.hibernate.type.ZonedDateTimeType -> basicType@3(java.time.ZonedDateTime,3003)
2026-02-27 21:40:18 [main] DEBUG o.hibernate.type.BasicTypeRegistry - Adding type registration ZonedDateTime -> basicType@3(java.time.ZonedDateTime,3003)
2026-02-27 21:40:18 [main] DEBUG o.hibernate.type.BasicTypeRegistry - Adding type registration java.time.ZonedDateTime -> basicType@3(java.time.ZonedDateTime,3003)
2026-02-27 21:40:18 [main] DEBUG o.hibernate.type.BasicTypeRegistry - Adding type registration org.hibernate.type.OffsetTimeType -> basicType@4(java.time.OffsetTime,3007)
2026-02-27 21:40:18 [main] DEBUG o.hibernate.type.BasicTypeRegistry - Adding type registration OffsetTime -> basicType@4(java.time.OffsetTime,3007)
2026-02-27 21:40:18 [main] DEBUG o.hibernate.type.BasicTypeRegistry - Adding type registration java.time.OffsetTime -> basicType@4(java.time.OffsetTime,3007)
2026-02-27 21:40:18 [main] DEBUG o.h.type.spi.TypeConfiguration$Scope - Scoping TypeConfiguration [org.hibernate.type.spi.TypeConfiguration@7674f9d4] to MetadataBuildingContext [org.hibernate.boot.internal.MetadataBuildingContextRootImpl@4b5ceb5d]
2026-02-27 21:40:18 [main] INFO  o.h.e.t.j.p.i.JtaPlatformInitiator - HHH000489: No JTA platform available (set 'hibernate.transaction.jta.platform' to enable JTA platform integration)
2026-02-27 21:40:18 [main] DEBUG o.h.type.spi.TypeConfiguration$Scope - Scoping TypeConfiguration [org.hibernate.type.spi.TypeConfiguration@7674f9d4] to SessionFactoryImplementor [org.hibernate.internal.SessionFactoryImpl@62a89e92]
2026-02-27 21:40:18 [main] TRACE o.h.type.spi.TypeConfiguration$Scope - Handling #sessionFactoryCreated from [org.hibernate.internal.SessionFactoryImpl@62a89e92] for TypeConfiguration
2026-02-27 21:40:18 [main] INFO  o.s.o.j.LocalContainerEntityManagerFactoryBean - Initialized JPA EntityManagerFactory for persistence unit 'default'
2026-02-27 21:40:19 [main] INFO  c.u.l.member.config.RedisConfig - Redis Streams 리스너 컨테이너 시작 (DB 0) — stream: subscription-events
2026-02-27 21:40:19 [main] DEBUG c.u.l.member.config.RedisConfig - Consumer Group 이미 존재 (정상) — stream: subscription-events, group: member-service-group
2026-02-27 21:40:19 [main] INFO  c.u.l.member.config.RedisConfig - Redis Streams 구독 등록 완료 — stream: subscription-events, group: member-service-group, consumer: member-service-1
2026-02-27 21:40:19 [main] WARN  o.s.b.a.o.j.JpaBaseConfiguration$JpaWebConfiguration - spring.jpa.open-in-view is enabled by default. Therefore, database queries may be performed during view rendering. Explicitly configure spring.jpa.open-in-view to disable this warning
2026-02-27 21:40:19 [main] INFO  o.s.s.c.a.a.c.InitializeUserDetailsBeanManagerConfigurer$InitializeUserDetailsManagerConfigurer - Global AuthenticationManager configured with UserDetailsService bean with name customUserDetailsService
2026-02-27 21:40:20 [main] INFO  o.s.b.a.e.web.EndpointLinksResolver - Exposing 3 endpoints beneath base path '/actuator'
2026-02-27 21:40:21 [main] INFO  o.s.cloud.commons.util.InetUtils - Cannot determine local hostname
2026-02-27 21:40:22 [main] INFO  o.s.b.w.e.tomcat.TomcatWebServer - Tomcat started on port 8081 (http) with context path '/'
2026-02-27 21:40:23 [main] INFO  o.s.cloud.commons.util.InetUtils - Cannot determine local hostname
2026-02-27 21:40:23 [main] INFO  c.u.l.member.MemberApplication - Started MemberApplication in 8.173 seconds (process running for 8.466)
2026-02-27 21:40:48 [http-nio-8081-exec-1] INFO  o.a.c.c.C.[Tomcat].[localhost].[/] - Initializing Spring DispatcherServlet 'dispatcherServlet'
2026-02-27 21:40:48 [http-nio-8081-exec-1] INFO  o.s.web.servlet.DispatcherServlet - Initializing Servlet 'dispatcherServlet'
2026-02-27 21:40:48 [http-nio-8081-exec-1] INFO  o.s.web.servlet.DispatcherServlet - Completed initialization in 1 ms
2026-02-27 21:41:12 [http-nio-8081-exec-4] DEBUG org.hibernate.SQL - 
    /* <criteria> */ select
        me1_0.id,
        me1_0.created_at,
        me1_0.email,
        me1_0.feedback_reminder,
        me1_0.kakao_id,
        me1_0.location_enabled,
        me1_0.member_id,
        me1_0.nickname,
        me1_0.onboarding_completed,
        me1_0.recommendation_alert,
        me1_0.updated_at 
    from
        lunchpick_member.member me1_0 
    where
        me1_0.kakao_id=?
2026-02-27 21:41:12 [http-nio-8081-exec-4] INFO  c.u.l.m.service.impl.AuthServiceImpl - 기존 회원 로그인 — memberId: 9e9447a9-3e25-4fcb-b374-8eb5a849bf87
2026-02-27 22:12:05 [http-nio-8081-exec-3] DEBUG org.hibernate.SQL - 
    /* <criteria> */ select
        me1_0.id,
        me1_0.created_at,
        me1_0.email,
        me1_0.feedback_reminder,
        me1_0.kakao_id,
        me1_0.location_enabled,
        me1_0.member_id,
        me1_0.nickname,
        me1_0.onboarding_completed,
        me1_0.recommendation_alert,
        me1_0.updated_at 
    from
        lunchpick_member.member me1_0 
    where
        me1_0.nickname=?
2026-02-27 22:12:19 [http-nio-8081-exec-10] DEBUG org.hibernate.SQL - 
    /* <criteria> */ select
        me1_0.id,
        me1_0.created_at,
        me1_0.email,
        me1_0.feedback_reminder,
        me1_0.kakao_id,
        me1_0.location_enabled,
        me1_0.member_id,
        me1_0.nickname,
        me1_0.onboarding_completed,
        me1_0.recommendation_alert,
        me1_0.updated_at 
    from
        lunchpick_member.member me1_0 
    where
        me1_0.kakao_id=?
2026-02-27 22:12:19 [http-nio-8081-exec-10] INFO  c.u.l.m.service.impl.AuthServiceImpl - 기존 회원 로그인 — memberId: 9e9447a9-3e25-4fcb-b374-8eb5a849bf87
2026-02-27 22:22:25 [http-nio-8081-exec-2] DEBUG org.hibernate.SQL - 
    /* <criteria> */ select
        me1_0.id,
        me1_0.created_at,
        me1_0.email,
        me1_0.feedback_reminder,
        me1_0.kakao_id,
        me1_0.location_enabled,
        me1_0.member_id,
        me1_0.nickname,
        me1_0.onboarding_completed,
        me1_0.recommendation_alert,
        me1_0.updated_at 
    from
        lunchpick_member.member me1_0 
    where
        me1_0.nickname=?
2026-02-27 22:28:30 [http-nio-8081-exec-3] DEBUG c.u.l.m.c.j.JwtAuthenticationFilter - JWT 인증 완료 — memberId: 9e9447a9-3e25-4fcb-b374-8eb5a849bf87
2026-02-27 22:28:30 [http-nio-8081-exec-3] DEBUG org.hibernate.SQL - 
    /* <criteria> */ select
        me1_0.id,
        me1_0.created_at,
        me1_0.email,
        me1_0.feedback_reminder,
        me1_0.kakao_id,
        me1_0.location_enabled,
        me1_0.member_id,
        me1_0.nickname,
        me1_0.onboarding_completed,
        me1_0.recommendation_alert,
        me1_0.updated_at 
    from
        lunchpick_member.member me1_0 
    where
        me1_0.member_id=?
2026-02-27 22:28:36 [http-nio-8081-exec-6] DEBUG c.u.l.m.c.j.JwtAuthenticationFilter - JWT 인증 완료 — memberId: 9e9447a9-3e25-4fcb-b374-8eb5a849bf87
2026-02-27 22:28:36 [http-nio-8081-exec-6] DEBUG org.hibernate.SQL - 
    /* <criteria> */ select
        me1_0.id,
        me1_0.created_at,
        me1_0.email,
        me1_0.feedback_reminder,
        me1_0.kakao_id,
        me1_0.location_enabled,
        me1_0.member_id,
        me1_0.nickname,
        me1_0.onboarding_completed,
        me1_0.recommendation_alert,
        me1_0.updated_at 
    from
        lunchpick_member.member me1_0 
    where
        me1_0.member_id=?
2026-02-27 22:28:36 [http-nio-8081-exec-6] DEBUG org.hibernate.SQL - 
    /* <criteria> */ select
        dre1_0.id,
        dre1_0.allergens,
        dre1_0.custom_allergens,
        dre1_0.diet_type,
        dre1_0.health_info_consent_given,
        dre1_0.member_id,
        dre1_0.updated_at 
    from
        lunchpick_member.dietary_restriction dre1_0 
    where
        dre1_0.member_id=?
2026-02-27 22:29:04 [http-nio-8081-exec-8] DEBUG c.u.l.m.c.j.JwtAuthenticationFilter - JWT 인증 완료 — memberId: 9e9447a9-3e25-4fcb-b374-8eb5a849bf87
2026-02-27 22:29:04 [http-nio-8081-exec-8] DEBUG org.hibernate.SQL - 
    /* <criteria> */ select
        me1_0.id,
        me1_0.created_at,
        me1_0.email,
        me1_0.feedback_reminder,
        me1_0.kakao_id,
        me1_0.location_enabled,
        me1_0.member_id,
        me1_0.nickname,
        me1_0.onboarding_completed,
        me1_0.recommendation_alert,
        me1_0.updated_at 
    from
        lunchpick_member.member me1_0 
    where
        me1_0.member_id=?
2026-02-27 22:29:04 [http-nio-8081-exec-8] DEBUG org.hibernate.SQL - 
    /* <criteria> */ select
        dre1_0.id,
        dre1_0.allergens,
        dre1_0.custom_allergens,
        dre1_0.diet_type,
        dre1_0.health_info_consent_given,
        dre1_0.member_id,
        dre1_0.updated_at 
    from
        lunchpick_member.dietary_restriction dre1_0 
    where
        dre1_0.member_id=?
2026-02-27 22:29:04 [http-nio-8081-exec-8] INFO  c.u.l.m.s.impl.MemberServiceImpl - 식이 제한 설정 완료 — memberId: 9e9447a9-3e25-4fcb-b374-8eb5a849bf87, dietType: 일반
2026-02-27 22:29:05 [http-nio-8081-exec-8] DEBUG org.hibernate.SQL - 
    /* update
        for com.unicorn.lunchpick.member.repository.entity.DietaryRestrictionEntity */update lunchpick_member.dietary_restriction 
    set
        allergens=?,
        custom_allergens=?,
        diet_type=?,
        health_info_consent_given=?,
        member_id=?,
        updated_at=? 
    where
        id=?
2026-02-27 22:29:12 [http-nio-8081-exec-9] DEBUG c.u.l.m.c.j.JwtAuthenticationFilter - JWT 인증 완료 — memberId: 9e9447a9-3e25-4fcb-b374-8eb5a849bf87
2026-02-27 22:29:12 [http-nio-8081-exec-9] DEBUG org.hibernate.SQL - 
    /* <criteria> */ select
        me1_0.id,
        me1_0.created_at,
        me1_0.email,
        me1_0.feedback_reminder,
        me1_0.kakao_id,
        me1_0.location_enabled,
        me1_0.member_id,
        me1_0.nickname,
        me1_0.onboarding_completed,
        me1_0.recommendation_alert,
        me1_0.updated_at 
    from
        lunchpick_member.member me1_0 
    where
        me1_0.member_id=?
2026-02-27 22:29:12 [http-nio-8081-exec-9] DEBUG org.hibernate.SQL - 
    /* <criteria> */ select
        dre1_0.id,
        dre1_0.allergens,
        dre1_0.custom_allergens,
        dre1_0.diet_type,
        dre1_0.health_info_consent_given,
        dre1_0.member_id,
        dre1_0.updated_at 
    from
        lunchpick_member.dietary_restriction dre1_0 
    where
        dre1_0.member_id=?
2026-02-27 22:30:15 [http-nio-8081-exec-1] DEBUG c.u.l.m.c.j.JwtAuthenticationFilter - JWT 인증 완료 — memberId: 9e9447a9-3e25-4fcb-b374-8eb5a849bf87
2026-02-27 22:30:15 [http-nio-8081-exec-1] DEBUG org.hibernate.SQL - 
    /* <criteria> */ select
        me1_0.id,
        me1_0.created_at,
        me1_0.email,
        me1_0.feedback_reminder,
        me1_0.kakao_id,
        me1_0.location_enabled,
        me1_0.member_id,
        me1_0.nickname,
        me1_0.onboarding_completed,
        me1_0.recommendation_alert,
        me1_0.updated_at 
    from
        lunchpick_member.member me1_0 
    where
        me1_0.member_id=?
2026-02-27 22:33:07 [http-nio-8081-exec-4] DEBUG c.u.l.m.c.j.JwtAuthenticationFilter - JWT 인증 완료 — memberId: 9e9447a9-3e25-4fcb-b374-8eb5a849bf87
2026-02-27 22:33:07 [http-nio-8081-exec-4] DEBUG org.hibernate.SQL - 
    /* <criteria> */ select
        me1_0.id,
        me1_0.created_at,
        me1_0.email,
        me1_0.feedback_reminder,
        me1_0.kakao_id,
        me1_0.location_enabled,
        me1_0.member_id,
        me1_0.nickname,
        me1_0.onboarding_completed,
        me1_0.recommendation_alert,
        me1_0.updated_at 
    from
        lunchpick_member.member me1_0 
    where
        me1_0.member_id=?
2026-02-27 22:33:48 [SimpleAsyncTaskExecutor-1] INFO  c.u.l.m.s.impl.MemberServiceImpl - 구독 캐시 갱신 완료 — memberId: 9e9447a9-3e25-4fcb-b374-8eb5a849bf87, plan: PREMIUM_MONTHLY
2026-02-27 22:33:48 [SimpleAsyncTaskExecutor-1] INFO  c.u.l.m.m.SubscriptionEventConsumer - 구독 이벤트 처리 완료 — memberId: 9e9447a9-3e25-4fcb-b374-8eb5a849bf87, plan: PREMIUM_MONTHLY
2026-02-27 22:33:48 [http-nio-8081-exec-5] DEBUG c.u.l.m.c.j.JwtAuthenticationFilter - JWT 인증 완료 — memberId: 9e9447a9-3e25-4fcb-b374-8eb5a849bf87
2026-02-27 22:33:48 [http-nio-8081-exec-5] DEBUG org.hibernate.SQL - 
    /* <criteria> */ select
        me1_0.id,
        me1_0.created_at,
        me1_0.email,
        me1_0.feedback_reminder,
        me1_0.kakao_id,
        me1_0.location_enabled,
        me1_0.member_id,
        me1_0.nickname,
        me1_0.onboarding_completed,
        me1_0.recommendation_alert,
        me1_0.updated_at 
    from
        lunchpick_member.member me1_0 
    where
        me1_0.member_id=?
2026-02-27 22:34:14 [http-nio-8081-exec-3] DEBUG c.u.l.m.c.j.JwtAuthenticationFilter - JWT 인증 완료 — memberId: 9e9447a9-3e25-4fcb-b374-8eb5a849bf87
2026-02-27 22:34:14 [http-nio-8081-exec-3] DEBUG org.hibernate.SQL - 
    /* <criteria> */ select
        me1_0.id,
        me1_0.created_at,
        me1_0.email,
        me1_0.feedback_reminder,
        me1_0.kakao_id,
        me1_0.location_enabled,
        me1_0.member_id,
        me1_0.nickname,
        me1_0.onboarding_completed,
        me1_0.recommendation_alert,
        me1_0.updated_at 
    from
        lunchpick_member.member me1_0 
    where
        me1_0.member_id=?
2026-02-27 22:41:19 [http-nio-8081-exec-7] DEBUG c.u.l.m.c.j.JwtAuthenticationFilter - JWT 인증 완료 — memberId: 9e9447a9-3e25-4fcb-b374-8eb5a849bf87
2026-02-27 22:41:19 [http-nio-8081-exec-7] DEBUG org.hibernate.SQL - 
    /* <criteria> */ select
        me1_0.id,
        me1_0.created_at,
        me1_0.email,
        me1_0.feedback_reminder,
        me1_0.kakao_id,
        me1_0.location_enabled,
        me1_0.member_id,
        me1_0.nickname,
        me1_0.onboarding_completed,
        me1_0.recommendation_alert,
        me1_0.updated_at 
    from
        lunchpick_member.member me1_0 
    where
        me1_0.member_id=?
2026-02-27 22:42:07 [http-nio-8081-exec-8] DEBUG c.u.l.m.c.j.JwtAuthenticationFilter - JWT 인증 완료 — memberId: 9e9447a9-3e25-4fcb-b374-8eb5a849bf87
2026-02-27 22:42:07 [http-nio-8081-exec-8] DEBUG org.hibernate.SQL - 
    /* <criteria> */ select
        me1_0.id,
        me1_0.created_at,
        me1_0.email,
        me1_0.feedback_reminder,
        me1_0.kakao_id,
        me1_0.location_enabled,
        me1_0.member_id,
        me1_0.nickname,
        me1_0.onboarding_completed,
        me1_0.recommendation_alert,
        me1_0.updated_at 
    from
        lunchpick_member.member me1_0 
    where
        me1_0.member_id=?
2026-02-27 22:45:57 [http-nio-8081-exec-3] DEBUG org.hibernate.SQL - 
    /* <criteria> */ select
        me1_0.id,
        me1_0.created_at,
        me1_0.email,
        me1_0.feedback_reminder,
        me1_0.kakao_id,
        me1_0.location_enabled,
        me1_0.member_id,
        me1_0.nickname,
        me1_0.onboarding_completed,
        me1_0.recommendation_alert,
        me1_0.updated_at 
    from
        lunchpick_member.member me1_0 
    where
        me1_0.kakao_id=?
2026-02-27 22:45:57 [http-nio-8081-exec-3] INFO  c.u.l.m.service.impl.AuthServiceImpl - 기존 회원 로그인 — memberId: 9e9447a9-3e25-4fcb-b374-8eb5a849bf87
2026-02-27 22:46:00 [http-nio-8081-exec-6] DEBUG c.u.l.m.c.j.JwtAuthenticationFilter - JWT 인증 완료 — memberId: 9e9447a9-3e25-4fcb-b374-8eb5a849bf87
2026-02-27 22:46:00 [http-nio-8081-exec-6] DEBUG org.hibernate.SQL - 
    /* <criteria> */ select
        me1_0.id,
        me1_0.created_at,
        me1_0.email,
        me1_0.feedback_reminder,
        me1_0.kakao_id,
        me1_0.location_enabled,
        me1_0.member_id,
        me1_0.nickname,
        me1_0.onboarding_completed,
        me1_0.recommendation_alert,
        me1_0.updated_at 
    from
        lunchpick_member.member me1_0 
    where
        me1_0.member_id=?
2026-02-27 22:46:00 [http-nio-8081-exec-6] DEBUG org.hibernate.SQL - 
    /* <criteria> */ select
        dre1_0.id,
        dre1_0.allergens,
        dre1_0.custom_allergens,
        dre1_0.diet_type,
        dre1_0.health_info_consent_given,
        dre1_0.member_id,
        dre1_0.updated_at 
    from
        lunchpick_member.dietary_restriction dre1_0 
    where
        dre1_0.member_id=?
2026-02-27 22:46:03 [http-nio-8081-exec-7] DEBUG org.hibernate.SQL - 
    /* <criteria> */ select
        me1_0.id,
        me1_0.created_at,
        me1_0.email,
        me1_0.feedback_reminder,
        me1_0.kakao_id,
        me1_0.location_enabled,
        me1_0.member_id,
        me1_0.nickname,
        me1_0.onboarding_completed,
        me1_0.recommendation_alert,
        me1_0.updated_at 
    from
        lunchpick_member.member me1_0 
    where
        me1_0.nickname=?
2026-02-27 22:46:03 [http-nio-8081-exec-9] DEBUG c.u.l.m.c.j.JwtAuthenticationFilter - JWT 인증 완료 — memberId: 9e9447a9-3e25-4fcb-b374-8eb5a849bf87
2026-02-27 22:46:03 [http-nio-8081-exec-9] DEBUG org.hibernate.SQL - 
    /* <criteria> */ select
        me1_0.id,
        me1_0.created_at,
        me1_0.email,
        me1_0.feedback_reminder,
        me1_0.kakao_id,
        me1_0.location_enabled,
        me1_0.member_id,
        me1_0.nickname,
        me1_0.onboarding_completed,
        me1_0.recommendation_alert,
        me1_0.updated_at 
    from
        lunchpick_member.member me1_0 
    where
        me1_0.member_id=?
2026-02-27 22:47:00 [http-nio-8081-exec-10] DEBUG c.u.l.m.c.j.JwtAuthenticationFilter - JWT 인증 완료 — memberId: 9e9447a9-3e25-4fcb-b374-8eb5a849bf87
2026-02-27 22:47:00 [http-nio-8081-exec-10] DEBUG org.hibernate.SQL - 
    /* <criteria> */ select
        me1_0.id,
        me1_0.created_at,
        me1_0.email,
        me1_0.feedback_reminder,
        me1_0.kakao_id,
        me1_0.location_enabled,
        me1_0.member_id,
        me1_0.nickname,
        me1_0.onboarding_completed,
        me1_0.recommendation_alert,
        me1_0.updated_at 
    from
        lunchpick_member.member me1_0 
    where
        me1_0.member_id=?
2026-02-27 22:47:23 [SimpleAsyncTaskExecutor-1] INFO  c.u.l.m.s.impl.MemberServiceImpl - 구독 캐시 갱신 완료 — memberId: 9e9447a9-3e25-4fcb-b374-8eb5a849bf87, plan: PREMIUM_MONTHLY
2026-02-27 22:47:23 [SimpleAsyncTaskExecutor-1] INFO  c.u.l.m.m.SubscriptionEventConsumer - 구독 이벤트 처리 완료 — memberId: 9e9447a9-3e25-4fcb-b374-8eb5a849bf87, plan: PREMIUM_MONTHLY
2026-02-27 22:47:23 [http-nio-8081-exec-1] DEBUG c.u.l.m.c.j.JwtAuthenticationFilter - JWT 인증 완료 — memberId: 9e9447a9-3e25-4fcb-b374-8eb5a849bf87
2026-02-27 22:47:23 [http-nio-8081-exec-1] DEBUG org.hibernate.SQL - 
    /* <criteria> */ select
        me1_0.id,
        me1_0.created_at,
        me1_0.email,
        me1_0.feedback_reminder,
        me1_0.kakao_id,
        me1_0.location_enabled,
        me1_0.member_id,
        me1_0.nickname,
        me1_0.onboarding_completed,
        me1_0.recommendation_alert,
        me1_0.updated_at 
    from
        lunchpick_member.member me1_0 
    where
        me1_0.member_id=?
2026-02-27 22:48:26 [http-nio-8081-exec-4] DEBUG c.u.l.m.c.j.JwtAuthenticationFilter - JWT 인증 완료 — memberId: 9e9447a9-3e25-4fcb-b374-8eb5a849bf87
2026-02-27 22:48:26 [http-nio-8081-exec-4] DEBUG org.hibernate.SQL - 
    /* <criteria> */ select
        me1_0.id,
        me1_0.created_at,
        me1_0.email,
        me1_0.feedback_reminder,
        me1_0.kakao_id,
        me1_0.location_enabled,
        me1_0.member_id,
        me1_0.nickname,
        me1_0.onboarding_completed,
        me1_0.recommendation_alert,
        me1_0.updated_at 
    from
        lunchpick_member.member me1_0 
    where
        me1_0.member_id=?
2026-02-27 22:50:47 [http-nio-8081-exec-3] DEBUG c.u.l.m.c.j.JwtAuthenticationFilter - JWT 인증 완료 — memberId: 9e9447a9-3e25-4fcb-b374-8eb5a849bf87
2026-02-27 22:50:47 [http-nio-8081-exec-3] DEBUG org.hibernate.SQL - 
    /* <criteria> */ select
        me1_0.id,
        me1_0.created_at,
        me1_0.email,
        me1_0.feedback_reminder,
        me1_0.kakao_id,
        me1_0.location_enabled,
        me1_0.member_id,
        me1_0.nickname,
        me1_0.onboarding_completed,
        me1_0.recommendation_alert,
        me1_0.updated_at 
    from
        lunchpick_member.member me1_0 
    where
        me1_0.member_id=?
2026-02-27 22:51:11 [SimpleAsyncTaskExecutor-1] INFO  c.u.l.m.s.impl.MemberServiceImpl - 구독 캐시 갱신 완료 — memberId: 9e9447a9-3e25-4fcb-b374-8eb5a849bf87, plan: PREMIUM_MONTHLY
2026-02-27 22:51:11 [SimpleAsyncTaskExecutor-1] INFO  c.u.l.m.m.SubscriptionEventConsumer - 구독 이벤트 처리 완료 — memberId: 9e9447a9-3e25-4fcb-b374-8eb5a849bf87, plan: PREMIUM_MONTHLY
2026-02-27 22:51:11 [http-nio-8081-exec-6] DEBUG c.u.l.m.c.j.JwtAuthenticationFilter - JWT 인증 완료 — memberId: 9e9447a9-3e25-4fcb-b374-8eb5a849bf87
2026-02-27 22:51:11 [http-nio-8081-exec-6] DEBUG org.hibernate.SQL - 
    /* <criteria> */ select
        me1_0.id,
        me1_0.created_at,
        me1_0.email,
        me1_0.feedback_reminder,
        me1_0.kakao_id,
        me1_0.location_enabled,
        me1_0.member_id,
        me1_0.nickname,
        me1_0.onboarding_completed,
        me1_0.recommendation_alert,
        me1_0.updated_at 
    from
        lunchpick_member.member me1_0 
    where
        me1_0.member_id=?
2026-02-27 22:53:25 [http-nio-8081-exec-8] DEBUG c.u.l.m.c.j.JwtAuthenticationFilter - JWT 인증 완료 — memberId: 9e9447a9-3e25-4fcb-b374-8eb5a849bf87
2026-02-27 22:53:25 [http-nio-8081-exec-8] DEBUG org.hibernate.SQL - 
    /* <criteria> */ select
        me1_0.id,
        me1_0.created_at,
        me1_0.email,
        me1_0.feedback_reminder,
        me1_0.kakao_id,
        me1_0.location_enabled,
        me1_0.member_id,
        me1_0.nickname,
        me1_0.onboarding_completed,
        me1_0.recommendation_alert,
        me1_0.updated_at 
    from
        lunchpick_member.member me1_0 
    where
        me1_0.member_id=?
2026-02-27 22:53:59 [http-nio-8081-exec-9] DEBUG c.u.l.m.c.j.JwtAuthenticationFilter - JWT 인증 완료 — memberId: 9e9447a9-3e25-4fcb-b374-8eb5a849bf87
2026-02-27 22:53:59 [http-nio-8081-exec-9] DEBUG org.hibernate.SQL - 
    /* <criteria> */ select
        me1_0.id,
        me1_0.created_at,
        me1_0.email,
        me1_0.feedback_reminder,
        me1_0.kakao_id,
        me1_0.location_enabled,
        me1_0.member_id,
        me1_0.nickname,
        me1_0.onboarding_completed,
        me1_0.recommendation_alert,
        me1_0.updated_at 
    from
        lunchpick_member.member me1_0 
    where
        me1_0.member_id=?
2026-02-27 22:53:59 [http-nio-8081-exec-9] DEBUG org.hibernate.SQL - 
    /* <criteria> */ select
        dre1_0.id,
        dre1_0.allergens,
        dre1_0.custom_allergens,
        dre1_0.diet_type,
        dre1_0.health_info_consent_given,
        dre1_0.member_id,
        dre1_0.updated_at 
    from
        lunchpick_member.dietary_restriction dre1_0 
    where
        dre1_0.member_id=?
2026-02-27 22:54:24 [http-nio-8081-exec-10] DEBUG c.u.l.m.c.j.JwtAuthenticationFilter - JWT 인증 완료 — memberId: 9e9447a9-3e25-4fcb-b374-8eb5a849bf87
2026-02-27 22:54:24 [http-nio-8081-exec-10] DEBUG org.hibernate.SQL - 
    /* <criteria> */ select
        me1_0.id,
        me1_0.created_at,
        me1_0.email,
        me1_0.feedback_reminder,
        me1_0.kakao_id,
        me1_0.location_enabled,
        me1_0.member_id,
        me1_0.nickname,
        me1_0.onboarding_completed,
        me1_0.recommendation_alert,
        me1_0.updated_at 
    from
        lunchpick_member.member me1_0 
    where
        me1_0.member_id=?
2026-02-27 22:54:45 [http-nio-8081-exec-1] DEBUG org.hibernate.SQL - 
    /* <criteria> */ select
        me1_0.id,
        me1_0.created_at,
        me1_0.email,
        me1_0.feedback_reminder,
        me1_0.kakao_id,
        me1_0.location_enabled,
        me1_0.member_id,
        me1_0.nickname,
        me1_0.onboarding_completed,
        me1_0.recommendation_alert,
        me1_0.updated_at 
    from
        lunchpick_member.member me1_0 
    where
        me1_0.nickname=?
2026-02-27 22:54:45 [http-nio-8081-exec-4] DEBUG c.u.l.m.c.j.JwtAuthenticationFilter - JWT 인증 완료 — memberId: 4ccc5886-a200-4ca0-8fe1-6c630d5677f5
2026-02-27 22:54:45 [http-nio-8081-exec-4] DEBUG org.hibernate.SQL - 
    /* <criteria> */ select
        me1_0.id,
        me1_0.created_at,
        me1_0.email,
        me1_0.feedback_reminder,
        me1_0.kakao_id,
        me1_0.location_enabled,
        me1_0.member_id,
        me1_0.nickname,
        me1_0.onboarding_completed,
        me1_0.recommendation_alert,
        me1_0.updated_at 
    from
        lunchpick_member.member me1_0 
    where
        me1_0.member_id=?
2026-02-27 22:56:39 [http-nio-8081-exec-6] DEBUG c.u.l.m.c.j.JwtAuthenticationFilter - JWT 인증 완료 — memberId: 9e9447a9-3e25-4fcb-b374-8eb5a849bf87
2026-02-27 22:56:39 [http-nio-8081-exec-6] DEBUG org.hibernate.SQL - 
    /* <criteria> */ select
        me1_0.id,
        me1_0.created_at,
        me1_0.email,
        me1_0.feedback_reminder,
        me1_0.kakao_id,
        me1_0.location_enabled,
        me1_0.member_id,
        me1_0.nickname,
        me1_0.onboarding_completed,
        me1_0.recommendation_alert,
        me1_0.updated_at 
    from
        lunchpick_member.member me1_0 
    where
        me1_0.member_id=?
2026-02-27 22:56:44 [http-nio-8081-exec-7] DEBUG c.u.l.m.c.j.JwtAuthenticationFilter - JWT 인증 완료 — memberId: 9e9447a9-3e25-4fcb-b374-8eb5a849bf87
2026-02-27 22:56:44 [http-nio-8081-exec-7] DEBUG org.hibernate.SQL - 
    /* <criteria> */ select
        me1_0.id,
        me1_0.created_at,
        me1_0.email,
        me1_0.feedback_reminder,
        me1_0.kakao_id,
        me1_0.location_enabled,
        me1_0.member_id,
        me1_0.nickname,
        me1_0.onboarding_completed,
        me1_0.recommendation_alert,
        me1_0.updated_at 
    from
        lunchpick_member.member me1_0 
    where
        me1_0.member_id=?
2026-02-27 22:56:52 [http-nio-8081-exec-8] DEBUG c.u.l.m.c.j.JwtAuthenticationFilter - JWT 인증 완료 — memberId: 9e9447a9-3e25-4fcb-b374-8eb5a849bf87
2026-02-27 22:56:52 [http-nio-8081-exec-8] DEBUG org.hibernate.SQL - 
    /* <criteria> */ select
        me1_0.id,
        me1_0.created_at,
        me1_0.email,
        me1_0.feedback_reminder,
        me1_0.kakao_id,
        me1_0.location_enabled,
        me1_0.member_id,
        me1_0.nickname,
        me1_0.onboarding_completed,
        me1_0.recommendation_alert,
        me1_0.updated_at 
    from
        lunchpick_member.member me1_0 
    where
        me1_0.member_id=?
2026-02-27 22:56:52 [http-nio-8081-exec-8] DEBUG org.hibernate.SQL - 
    /* <criteria> */ select
        dre1_0.id,
        dre1_0.allergens,
        dre1_0.custom_allergens,
        dre1_0.diet_type,
        dre1_0.health_info_consent_given,
        dre1_0.member_id,
        dre1_0.updated_at 
    from
        lunchpick_member.dietary_restriction dre1_0 
    where
        dre1_0.member_id=?
2026-02-27 22:57:08 [http-nio-8081-exec-9] DEBUG c.u.l.m.c.j.JwtAuthenticationFilter - JWT 인증 완료 — memberId: 9e9447a9-3e25-4fcb-b374-8eb5a849bf87
2026-02-27 22:57:08 [http-nio-8081-exec-9] DEBUG org.hibernate.SQL - 
    /* <criteria> */ select
        me1_0.id,
        me1_0.created_at,
        me1_0.email,
        me1_0.feedback_reminder,
        me1_0.kakao_id,
        me1_0.location_enabled,
        me1_0.member_id,
        me1_0.nickname,
        me1_0.onboarding_completed,
        me1_0.recommendation_alert,
        me1_0.updated_at 
    from
        lunchpick_member.member me1_0 
    where
        me1_0.member_id=?
2026-02-27 22:57:34 [SimpleAsyncTaskExecutor-1] INFO  c.u.l.m.s.impl.MemberServiceImpl - 구독 캐시 갱신 완료 — memberId: 9e9447a9-3e25-4fcb-b374-8eb5a849bf87, plan: PREMIUM_MONTHLY
2026-02-27 22:57:34 [SimpleAsyncTaskExecutor-1] INFO  c.u.l.m.m.SubscriptionEventConsumer - 구독 이벤트 처리 완료 — memberId: 9e9447a9-3e25-4fcb-b374-8eb5a849bf87, plan: PREMIUM_MONTHLY
2026-02-27 22:57:34 [http-nio-8081-exec-10] DEBUG c.u.l.m.c.j.JwtAuthenticationFilter - JWT 인증 완료 — memberId: 9e9447a9-3e25-4fcb-b374-8eb5a849bf87
2026-02-27 22:57:34 [http-nio-8081-exec-10] DEBUG org.hibernate.SQL - 
    /* <criteria> */ select
        me1_0.id,
        me1_0.created_at,
        me1_0.email,
        me1_0.feedback_reminder,
        me1_0.kakao_id,
        me1_0.location_enabled,
        me1_0.member_id,
        me1_0.nickname,
        me1_0.onboarding_completed,
        me1_0.recommendation_alert,
        me1_0.updated_at 
    from
        lunchpick_member.member me1_0 
    where
        me1_0.member_id=?
2026-02-27 23:00:03 [main] INFO  c.u.l.member.MemberApplication - Starting MemberApplication using Java 21 with PID 45720 (C:\Users\hiond\workspace\lunch-menu-recommender\member-service\build\classes\java\main started by hiond in C:\Users\hiond\workspace\lunch-menu-recommender\member-service)
2026-02-27 23:00:03 [main] DEBUG c.u.l.member.MemberApplication - Running with Spring Boot v3.4.1, Spring v6.2.1
2026-02-27 23:00:03 [main] INFO  c.u.l.member.MemberApplication - The following 1 profile is active: "dev"
2026-02-27 23:00:03 [main] INFO  o.s.d.r.c.RepositoryConfigurationDelegate - Multiple Spring Data modules found, entering strict repository configuration mode
2026-02-27 23:00:03 [main] INFO  o.s.d.r.c.RepositoryConfigurationDelegate - Bootstrapping Spring Data JPA repositories in DEFAULT mode.
2026-02-27 23:00:03 [main] INFO  o.s.d.r.c.RepositoryConfigurationDelegate - Finished Spring Data repository scanning in 65 ms. Found 4 JPA repository interfaces.
2026-02-27 23:00:04 [main] INFO  o.s.d.r.c.RepositoryConfigurationDelegate - Multiple Spring Data modules found, entering strict repository configuration mode
2026-02-27 23:00:04 [main] INFO  o.s.d.r.c.RepositoryConfigurationDelegate - Bootstrapping Spring Data Redis repositories in DEFAULT mode.
2026-02-27 23:00:04 [main] INFO  o.s.d.r.c.RepositoryConfigurationExtensionSupport - Spring Data Redis - Could not safely identify store assignment for repository candidate interface com.unicorn.lunchpick.member.repository.jpa.DietaryRestrictionRepository; If you want this repository to be a Redis repository, consider annotating your entities with one of these annotations: org.springframework.data.redis.core.RedisHash (preferred), or consider extending one of the following types with your repository: org.springframework.data.keyvalue.repository.KeyValueRepository
2026-02-27 23:00:04 [main] INFO  o.s.d.r.c.RepositoryConfigurationExtensionSupport - Spring Data Redis - Could not safely identify store assignment for repository candidate interface com.unicorn.lunchpick.member.repository.jpa.LocationConsentRepository; If you want this repository to be a Redis repository, consider annotating your entities with one of these annotations: org.springframework.data.redis.core.RedisHash (preferred), or consider extending one of the following types with your repository: org.springframework.data.keyvalue.repository.KeyValueRepository
2026-02-27 23:00:04 [main] INFO  o.s.d.r.c.RepositoryConfigurationExtensionSupport - Spring Data Redis - Could not safely identify store assignment for repository candidate interface com.unicorn.lunchpick.member.repository.jpa.MemberRepository; If you want this repository to be a Redis repository, consider annotating your entities with one of these annotations: org.springframework.data.redis.core.RedisHash (preferred), or consider extending one of the following types with your repository: org.springframework.data.keyvalue.repository.KeyValueRepository
2026-02-27 23:00:04 [main] INFO  o.s.d.r.c.RepositoryConfigurationExtensionSupport - Spring Data Redis - Could not safely identify store assignment for repository candidate interface com.unicorn.lunchpick.member.repository.jpa.TasteProfileRepository; If you want this repository to be a Redis repository, consider annotating your entities with one of these annotations: org.springframework.data.redis.core.RedisHash (preferred), or consider extending one of the following types with your repository: org.springframework.data.keyvalue.repository.KeyValueRepository
2026-02-27 23:00:04 [main] INFO  o.s.d.r.c.RepositoryConfigurationDelegate - Finished Spring Data repository scanning in 14 ms. Found 0 Redis repository interfaces.
2026-02-27 23:00:04 [main] INFO  o.s.cloud.context.scope.GenericScope - BeanFactory id=1a3b27fb-12f5-300a-b35b-fe7cd5e0b075
2026-02-27 23:00:04 [main] INFO  o.s.b.w.e.tomcat.TomcatWebServer - Tomcat initialized with port 8081 (http)
2026-02-27 23:00:04 [main] INFO  o.a.catalina.core.StandardService - Starting service [Tomcat]
2026-02-27 23:00:04 [main] INFO  o.a.catalina.core.StandardEngine - Starting Servlet engine: [Apache Tomcat/10.1.34]
2026-02-27 23:00:04 [main] INFO  o.a.c.c.C.[Tomcat].[localhost].[/] - Initializing Spring embedded WebApplicationContext
2026-02-27 23:00:04 [main] INFO  o.s.b.w.s.c.ServletWebServerApplicationContext - Root WebApplicationContext: initialization completed in 1415 ms
2026-02-27 23:00:05 [main] INFO  o.h.jpa.internal.util.LogHelper - HHH000204: Processing PersistenceUnitInfo [name: default]
2026-02-27 23:00:05 [main] INFO  org.hibernate.Version - HHH000412: Hibernate ORM core version 6.6.4.Final
2026-02-27 23:00:05 [main] INFO  o.h.c.i.RegionFactoryInitiator - HHH000026: Second-level cache disabled
2026-02-27 23:00:05 [main] DEBUG o.hibernate.type.BasicTypeRegistry - Adding type registration boolean -> org.hibernate.type.BasicTypeReference@4fbbd98c
2026-02-27 23:00:05 [main] DEBUG o.hibernate.type.BasicTypeRegistry - Adding type registration boolean -> org.hibernate.type.BasicTypeReference@4fbbd98c
2026-02-27 23:00:05 [main] DEBUG o.hibernate.type.BasicTypeRegistry - Adding type registration java.lang.Boolean -> org.hibernate.type.BasicTypeReference@4fbbd98c
2026-02-27 23:00:05 [main] DEBUG o.hibernate.type.BasicTypeRegistry - Adding type registration numeric_boolean -> org.hibernate.type.BasicTypeReference@5dd227b7
2026-02-27 23:00:05 [main] DEBUG o.hibernate.type.BasicTypeRegistry - Adding type registration org.hibernate.type.NumericBooleanConverter -> org.hibernate.type.BasicTypeReference@5dd227b7
2026-02-27 23:00:05 [main] DEBUG o.hibernate.type.BasicTypeRegistry - Adding type registration true_false -> org.hibernate.type.BasicTypeReference@3d3b852e
2026-02-27 23:00:05 [main] DEBUG o.hibernate.type.BasicTypeRegistry - Adding type registration org.hibernate.type.TrueFalseConverter -> org.hibernate.type.BasicTypeReference@3d3b852e
2026-02-27 23:00:05 [main] DEBUG o.hibernate.type.BasicTypeRegistry - Adding type registration yes_no -> org.hibernate.type.BasicTypeReference@14ba7f15
2026-02-27 23:00:05 [main] DEBUG o.hibernate.type.BasicTypeRegistry - Adding type registration org.hibernate.type.YesNoConverter -> org.hibernate.type.BasicTypeReference@14ba7f15
2026-02-27 23:00:05 [main] DEBUG o.hibernate.type.BasicTypeRegistry - Adding type registration byte -> org.hibernate.type.BasicTypeReference@55cb3b7
2026-02-27 23:00:05 [main] DEBUG o.hibernate.type.BasicTypeRegistry - Adding type registration byte -> org.hibernate.type.BasicTypeReference@55cb3b7
2026-02-27 23:00:05 [main] DEBUG o.hibernate.type.BasicTypeRegistry - Adding type registration java.lang.Byte -> org.hibernate.type.BasicTypeReference@55cb3b7
2026-02-27 23:00:05 [main] DEBUG o.hibernate.type.BasicTypeRegistry - Adding type registration binary -> org.hibernate.type.BasicTypeReference@497fd334
2026-02-27 23:00:05 [main] DEBUG o.hibernate.type.BasicTypeRegistry - Adding type registration byte[] -> org.hibernate.type.BasicTypeReference@497fd334
2026-02-27 23:00:05 [main] DEBUG o.hibernate.type.BasicTypeRegistry - Adding type registration [B -> org.hibernate.type.BasicTypeReference@497fd334
2026-02-27 23:00:05 [main] DEBUG o.hibernate.type.BasicTypeRegistry - Adding type registration binary_wrapper -> org.hibernate.type.BasicTypeReference@280c3dc0
2026-02-27 23:00:05 [main] DEBUG o.hibernate.type.BasicTypeRegistry - Adding type registration wrapper-binary -> org.hibernate.type.BasicTypeReference@280c3dc0
2026-02-27 23:00:05 [main] DEBUG o.hibernate.type.BasicTypeRegistry - Adding type registration image -> org.hibernate.type.BasicTypeReference@6f89ad03
2026-02-27 23:00:05 [main] DEBUG o.hibernate.type.BasicTypeRegistry - Adding type registration blob -> org.hibernate.type.BasicTypeReference@f287a4e
2026-02-27 23:00:05 [main] DEBUG o.hibernate.type.BasicTypeRegistry - Adding type registration java.sql.Blob -> org.hibernate.type.BasicTypeReference@f287a4e
2026-02-27 23:00:05 [main] DEBUG o.hibernate.type.BasicTypeRegistry - Adding type registration materialized_blob -> org.hibernate.type.BasicTypeReference@3879feec
2026-02-27 23:00:05 [main] DEBUG o.hibernate.type.BasicTypeRegistry - Adding type registration materialized_blob_wrapper -> org.hibernate.type.BasicTypeReference@71d2261e
2026-02-27 23:00:05 [main] DEBUG o.hibernate.type.BasicTypeRegistry - Adding type registration short -> org.hibernate.type.BasicTypeReference@53917c92
2026-02-27 23:00:05 [main] DEBUG o.hibernate.type.BasicTypeRegistry - Adding type registration short -> org.hibernate.type.BasicTypeReference@53917c92
2026-02-27 23:00:05 [main] DEBUG o.hibernate.type.BasicTypeRegistry - Adding type registration java.lang.Short -> org.hibernate.type.BasicTypeReference@53917c92
2026-02-27 23:00:05 [main] DEBUG o.hibernate.type.BasicTypeRegistry - Adding type registration integer -> org.hibernate.type.BasicTypeReference@1fa796a4
2026-02-27 23:00:05 [main] DEBUG o.hibernate.type.BasicTypeRegistry - Adding type registration int -> org.hibernate.type.BasicTypeReference@1fa796a4
2026-02-27 23:00:05 [main] DEBUG o.hibernate.type.BasicTypeRegistry - Adding type registration java.lang.Integer -> org.hibernate.type.BasicTypeReference@1fa796a4
2026-02-27 23:00:05 [main] DEBUG o.hibernate.type.BasicTypeRegistry - Adding type registration long -> org.hibernate.type.BasicTypeReference@68de8522
2026-02-27 23:00:05 [main] DEBUG o.hibernate.type.BasicTypeRegistry - Adding type registration long -> org.hibernate.type.BasicTypeReference@68de8522
2026-02-27 23:00:05 [main] DEBUG o.hibernate.type.BasicTypeRegistry - Adding type registration java.lang.Long -> org.hibernate.type.BasicTypeReference@68de8522
2026-02-27 23:00:05 [main] DEBUG o.hibernate.type.BasicTypeRegistry - Adding type registration float -> org.hibernate.type.BasicTypeReference@8dcacf1
2026-02-27 23:00:05 [main] DEBUG o.hibernate.type.BasicTypeRegistry - Adding type registration float -> org.hibernate.type.BasicTypeReference@8dcacf1
2026-02-27 23:00:05 [main] DEBUG o.hibernate.type.BasicTypeRegistry - Adding type registration java.lang.Float -> org.hibernate.type.BasicTypeReference@8dcacf1
2026-02-27 23:00:05 [main] DEBUG o.hibernate.type.BasicTypeRegistry - Adding type registration double -> org.hibernate.type.BasicTypeReference@50f13494
2026-02-27 23:00:05 [main] DEBUG o.hibernate.type.BasicTypeRegistry - Adding type registration double -> org.hibernate.type.BasicTypeReference@50f13494
2026-02-27 23:00:05 [main] DEBUG o.hibernate.type.BasicTypeRegistry - Adding type registration java.lang.Double -> org.hibernate.type.BasicTypeReference@50f13494
2026-02-27 23:00:05 [main] DEBUG o.hibernate.type.BasicTypeRegistry - Adding type registration big_integer -> org.hibernate.type.BasicTypeReference@73c09a98
2026-02-27 23:00:05 [main] DEBUG o.hibernate.type.BasicTypeRegistry - Adding type registration java.math.BigInteger -> org.hibernate.type.BasicTypeReference@73c09a98
2026-02-27 23:00:05 [main] DEBUG o.hibernate.type.BasicTypeRegistry - Adding type registration big_decimal -> org.hibernate.type.BasicTypeReference@6f2bf657
2026-02-27 23:00:05 [main] DEBUG o.hibernate.type.BasicTypeRegistry - Adding type registration java.math.BigDecimal -> org.hibernate.type.BasicTypeReference@6f2bf657
2026-02-27 23:00:05 [main] DEBUG o.hibernate.type.BasicTypeRegistry - Adding type registration character -> org.hibernate.type.BasicTypeReference@27d6467
2026-02-27 23:00:05 [main] DEBUG o.hibernate.type.BasicTypeRegistry - Adding type registration char -> org.hibernate.type.BasicTypeReference@27d6467
2026-02-27 23:00:05 [main] DEBUG o.hibernate.type.BasicTypeRegistry - Adding type registration java.lang.Character -> org.hibernate.type.BasicTypeReference@27d6467
2026-02-27 23:00:05 [main] DEBUG o.hibernate.type.BasicTypeRegistry - Adding type registration character_nchar -> org.hibernate.type.BasicTypeReference@5bf1b528
2026-02-27 23:00:05 [main] DEBUG o.hibernate.type.BasicTypeRegistry - Adding type registration string -> org.hibernate.type.BasicTypeReference@2c92f094
2026-02-27 23:00:05 [main] DEBUG o.hibernate.type.BasicTypeRegistry - Adding type registration java.lang.String -> org.hibernate.type.BasicTypeReference@2c92f094
2026-02-27 23:00:05 [main] DEBUG o.hibernate.type.BasicTypeRegistry - Adding type registration nstring -> org.hibernate.type.BasicTypeReference@1c3b221f
2026-02-27 23:00:05 [main] DEBUG o.hibernate.type.BasicTypeRegistry - Adding type registration characters -> org.hibernate.type.BasicTypeReference@750c23a3
2026-02-27 23:00:05 [main] DEBUG o.hibernate.type.BasicTypeRegistry - Adding type registration char[] -> org.hibernate.type.BasicTypeReference@750c23a3
2026-02-27 23:00:05 [main] DEBUG o.hibernate.type.BasicTypeRegistry - Adding type registration [C -> org.hibernate.type.BasicTypeReference@750c23a3
2026-02-27 23:00:05 [main] DEBUG o.hibernate.type.BasicTypeRegistry - Adding type registration wrapper-characters -> org.hibernate.type.BasicTypeReference@238280df
2026-02-27 23:00:05 [main] DEBUG o.hibernate.type.BasicTypeRegistry - Adding type registration text -> org.hibernate.type.BasicTypeReference@182fd26b
2026-02-27 23:00:05 [main] DEBUG o.hibernate.type.BasicTypeRegistry - Adding type registration ntext -> org.hibernate.type.BasicTypeReference@5dc120ab
2026-02-27 23:00:05 [main] DEBUG o.hibernate.type.BasicTypeRegistry - Adding type registration clob -> org.hibernate.type.BasicTypeReference@49c4118b
2026-02-27 23:00:05 [main] DEBUG o.hibernate.type.BasicTypeRegistry - Adding type registration java.sql.Clob -> org.hibernate.type.BasicTypeReference@49c4118b
2026-02-27 23:00:05 [main] DEBUG o.hibernate.type.BasicTypeRegistry - Adding type registration nclob -> org.hibernate.type.BasicTypeReference@7ef7f414
2026-02-27 23:00:05 [main] DEBUG o.hibernate.type.BasicTypeRegistry - Adding type registration java.sql.NClob -> org.hibernate.type.BasicTypeReference@7ef7f414
2026-02-27 23:00:05 [main] DEBUG o.hibernate.type.BasicTypeRegistry - Adding type registration materialized_clob -> org.hibernate.type.BasicTypeReference@182dcd2b
2026-02-27 23:00:05 [main] DEBUG o.hibernate.type.BasicTypeRegistry - Adding type registration materialized_clob_char_array -> org.hibernate.type.BasicTypeReference@4c3d72fd
2026-02-27 23:00:05 [main] DEBUG o.hibernate.type.BasicTypeRegistry - Adding type registration materialized_clob_character_array -> org.hibernate.type.BasicTypeReference@259c6ab8
2026-02-27 23:00:05 [main] DEBUG o.hibernate.type.BasicTypeRegistry - Adding type registration materialized_nclob -> org.hibernate.type.BasicTypeReference@640a6d4b
2026-02-27 23:00:05 [main] DEBUG o.hibernate.type.BasicTypeRegistry - Adding type registration materialized_nclob_character_array -> org.hibernate.type.BasicTypeReference@1238a074
2026-02-27 23:00:05 [main] DEBUG o.hibernate.type.BasicTypeRegistry - Adding type registration materialized_nclob_char_array -> org.hibernate.type.BasicTypeReference@35b58254
2026-02-27 23:00:05 [main] DEBUG o.hibernate.type.BasicTypeRegistry - Adding type registration Duration -> org.hibernate.type.BasicTypeReference@73baf7f0
2026-02-27 23:00:05 [main] DEBUG o.hibernate.type.BasicTypeRegistry - Adding type registration java.time.Duration -> org.hibernate.type.BasicTypeReference@73baf7f0
2026-02-27 23:00:05 [main] DEBUG o.hibernate.type.BasicTypeRegistry - Adding type registration LocalDateTime -> org.hibernate.type.BasicTypeReference@446dacf9
2026-02-27 23:00:05 [main] DEBUG o.hibernate.type.BasicTypeRegistry - Adding type registration java.time.LocalDateTime -> org.hibernate.type.BasicTypeReference@446dacf9
2026-02-27 23:00:05 [main] DEBUG o.hibernate.type.BasicTypeRegistry - Adding type registration LocalDate -> org.hibernate.type.BasicTypeReference@13018f00
2026-02-27 23:00:05 [main] DEBUG o.hibernate.type.BasicTypeRegistry - Adding type registration java.time.LocalDate -> org.hibernate.type.BasicTypeReference@13018f00
2026-02-27 23:00:05 [main] DEBUG o.hibernate.type.BasicTypeRegistry - Adding type registration LocalTime -> org.hibernate.type.BasicTypeReference@abf1816
2026-02-27 23:00:05 [main] DEBUG o.hibernate.type.BasicTypeRegistry - Adding type registration java.time.LocalTime -> org.hibernate.type.BasicTypeReference@abf1816
2026-02-27 23:00:05 [main] DEBUG o.hibernate.type.BasicTypeRegistry - Adding type registration OffsetDateTime -> org.hibernate.type.BasicTypeReference@2e1e7bc6
2026-02-27 23:00:05 [main] DEBUG o.hibernate.type.BasicTypeRegistry - Adding type registration java.time.OffsetDateTime -> org.hibernate.type.BasicTypeReference@2e1e7bc6
2026-02-27 23:00:05 [main] DEBUG o.hibernate.type.BasicTypeRegistry - Adding type registration OffsetDateTimeWithTimezone -> org.hibernate.type.BasicTypeReference@7bd1098
2026-02-27 23:00:05 [main] DEBUG o.hibernate.type.BasicTypeRegistry - Adding type registration OffsetDateTimeWithoutTimezone -> org.hibernate.type.BasicTypeReference@185bf6e0
2026-02-27 23:00:05 [main] DEBUG o.hibernate.type.BasicTypeRegistry - Adding type registration OffsetTime -> org.hibernate.type.BasicTypeReference@6a562255
2026-02-27 23:00:05 [main] DEBUG o.hibernate.type.BasicTypeRegistry - Adding type registration java.time.OffsetTime -> org.hibernate.type.BasicTypeReference@6a562255
2026-02-27 23:00:05 [main] DEBUG o.hibernate.type.BasicTypeRegistry - Adding type registration OffsetTimeUtc -> org.hibernate.type.BasicTypeReference@374ba492
2026-02-27 23:00:05 [main] DEBUG o.hibernate.type.BasicTypeRegistry - Adding type registration OffsetTimeWithTimezone -> org.hibernate.type.BasicTypeReference@581d5b33
2026-02-27 23:00:05 [main] DEBUG o.hibernate.type.BasicTypeRegistry - Adding type registration OffsetTimeWithoutTimezone -> org.hibernate.type.BasicTypeReference@1f365a26
2026-02-27 23:00:05 [main] DEBUG o.hibernate.type.BasicTypeRegistry - Adding type registration ZonedDateTime -> org.hibernate.type.BasicTypeReference@44a9971f
2026-02-27 23:00:05 [main] DEBUG o.hibernate.type.BasicTypeRegistry - Adding type registration java.time.ZonedDateTime -> org.hibernate.type.BasicTypeReference@44a9971f
2026-02-27 23:00:05 [main] DEBUG o.hibernate.type.BasicTypeRegistry - Adding type registration ZonedDateTimeWithTimezone -> org.hibernate.type.BasicTypeReference@2e2cd42c
2026-02-27 23:00:05 [main] DEBUG o.hibernate.type.BasicTypeRegistry - Adding type registration ZonedDateTimeWithoutTimezone -> org.hibernate.type.BasicTypeReference@1cdad619
2026-02-27 23:00:05 [main] DEBUG o.hibernate.type.BasicTypeRegistry - Adding type registration date -> org.hibernate.type.BasicTypeReference@319058ce
2026-02-27 23:00:05 [main] DEBUG o.hibernate.type.BasicTypeRegistry - Adding type registration java.sql.Date -> org.hibernate.type.BasicTypeReference@319058ce
2026-02-27 23:00:05 [main] DEBUG o.hibernate.type.BasicTypeRegistry - Adding type registration time -> org.hibernate.type.BasicTypeReference@3909308c
2026-02-27 23:00:05 [main] DEBUG o.hibernate.type.BasicTypeRegistry - Adding type registration java.sql.Time -> org.hibernate.type.BasicTypeReference@3909308c
2026-02-27 23:00:05 [main] DEBUG o.hibernate.type.BasicTypeRegistry - Adding type registration timestamp -> org.hibernate.type.BasicTypeReference@71cc0e35
2026-02-27 23:00:05 [main] DEBUG o.hibernate.type.BasicTypeRegistry - Adding type registration java.sql.Timestamp -> org.hibernate.type.BasicTypeReference@71cc0e35
2026-02-27 23:00:05 [main] DEBUG o.hibernate.type.BasicTypeRegistry - Adding type registration java.util.Date -> org.hibernate.type.BasicTypeReference@71cc0e35
2026-02-27 23:00:05 [main] DEBUG o.hibernate.type.BasicTypeRegistry - Adding type registration calendar -> org.hibernate.type.BasicTypeReference@3b6c740b
2026-02-27 23:00:05 [main] DEBUG o.hibernate.type.BasicTypeRegistry - Adding type registration java.util.Calendar -> org.hibernate.type.BasicTypeReference@3b6c740b
2026-02-27 23:00:05 [main] DEBUG o.hibernate.type.BasicTypeRegistry - Adding type registration java.util.GregorianCalendar -> org.hibernate.type.BasicTypeReference@3b6c740b
2026-02-27 23:00:05 [main] DEBUG o.hibernate.type.BasicTypeRegistry - Adding type registration calendar_date -> org.hibernate.type.BasicTypeReference@8091d80
2026-02-27 23:00:05 [main] DEBUG o.hibernate.type.BasicTypeRegistry - Adding type registration calendar_time -> org.hibernate.type.BasicTypeReference@78f4d15d
2026-02-27 23:00:05 [main] DEBUG o.hibernate.type.BasicTypeRegistry - Adding type registration instant -> org.hibernate.type.BasicTypeReference@6958d5d0
2026-02-27 23:00:05 [main] DEBUG o.hibernate.type.BasicTypeRegistry - Adding type registration java.time.Instant -> org.hibernate.type.BasicTypeReference@6958d5d0
2026-02-27 23:00:05 [main] DEBUG o.hibernate.type.BasicTypeRegistry - Adding type registration uuid -> org.hibernate.type.BasicTypeReference@314c28dc
2026-02-27 23:00:05 [main] DEBUG o.hibernate.type.BasicTypeRegistry - Adding type registration java.util.UUID -> org.hibernate.type.BasicTypeReference@314c28dc
2026-02-27 23:00:05 [main] DEBUG o.hibernate.type.BasicTypeRegistry - Adding type registration pg-uuid -> org.hibernate.type.BasicTypeReference@314c28dc
2026-02-27 23:00:05 [main] DEBUG o.hibernate.type.BasicTypeRegistry - Adding type registration uuid-binary -> org.hibernate.type.BasicTypeReference@7169d668
2026-02-27 23:00:05 [main] DEBUG o.hibernate.type.BasicTypeRegistry - Adding type registration uuid-char -> org.hibernate.type.BasicTypeReference@2f498f21
2026-02-27 23:00:05 [main] DEBUG o.hibernate.type.BasicTypeRegistry - Adding type registration class -> org.hibernate.type.BasicTypeReference@90394d
2026-02-27 23:00:05 [main] DEBUG o.hibernate.type.BasicTypeRegistry - Adding type registration java.lang.Class -> org.hibernate.type.BasicTypeReference@90394d
2026-02-27 23:00:05 [main] DEBUG o.hibernate.type.BasicTypeRegistry - Adding type registration currency -> org.hibernate.type.BasicTypeReference@50caeb4b
2026-02-27 23:00:05 [main] DEBUG o.hibernate.type.BasicTypeRegistry - Adding type registration Currency -> org.hibernate.type.BasicTypeReference@50caeb4b
2026-02-27 23:00:05 [main] DEBUG o.hibernate.type.BasicTypeRegistry - Adding type registration java.util.Currency -> org.hibernate.type.BasicTypeReference@50caeb4b
2026-02-27 23:00:05 [main] DEBUG o.hibernate.type.BasicTypeRegistry - Adding type registration locale -> org.hibernate.type.BasicTypeReference@6fafbdac
2026-02-27 23:00:05 [main] DEBUG o.hibernate.type.BasicTypeRegistry - Adding type registration java.util.Locale -> org.hibernate.type.BasicTypeReference@6fafbdac
2026-02-27 23:00:05 [main] DEBUG o.hibernate.type.BasicTypeRegistry - Adding type registration serializable -> org.hibernate.type.BasicTypeReference@c7c07ff
2026-02-27 23:00:05 [main] DEBUG o.hibernate.type.BasicTypeRegistry - Adding type registration java.io.Serializable -> org.hibernate.type.BasicTypeReference@c7c07ff
2026-02-27 23:00:05 [main] DEBUG o.hibernate.type.BasicTypeRegistry - Adding type registration timezone -> org.hibernate.type.BasicTypeReference@d271d6c
2026-02-27 23:00:05 [main] DEBUG o.hibernate.type.BasicTypeRegistry - Adding type registration java.util.TimeZone -> org.hibernate.type.BasicTypeReference@d271d6c
2026-02-27 23:00:05 [main] DEBUG o.hibernate.type.BasicTypeRegistry - Adding type registration ZoneOffset -> org.hibernate.type.BasicTypeReference@a302f30
2026-02-27 23:00:05 [main] DEBUG o.hibernate.type.BasicTypeRegistry - Adding type registration java.time.ZoneOffset -> org.hibernate.type.BasicTypeReference@a302f30
2026-02-27 23:00:05 [main] DEBUG o.hibernate.type.BasicTypeRegistry - Adding type registration url -> org.hibernate.type.BasicTypeReference@1860b107
2026-02-27 23:00:05 [main] DEBUG o.hibernate.type.BasicTypeRegistry - Adding type registration java.net.URL -> org.hibernate.type.BasicTypeReference@1860b107
2026-02-27 23:00:05 [main] DEBUG o.hibernate.type.BasicTypeRegistry - Adding type registration vector -> org.hibernate.type.BasicTypeReference@744f0e0b
2026-02-27 23:00:05 [main] DEBUG o.hibernate.type.BasicTypeRegistry - Adding type registration float_vector -> org.hibernate.type.BasicTypeReference@4136b193
2026-02-27 23:00:05 [main] DEBUG o.hibernate.type.BasicTypeRegistry - Adding type registration double_vector -> org.hibernate.type.BasicTypeReference@4af44f2a
2026-02-27 23:00:05 [main] DEBUG o.hibernate.type.BasicTypeRegistry - Adding type registration byte_vector -> org.hibernate.type.BasicTypeReference@570127fa
2026-02-27 23:00:05 [main] DEBUG o.hibernate.type.BasicTypeRegistry - Adding type registration row_version -> org.hibernate.type.BasicTypeReference@5b324447
2026-02-27 23:00:05 [main] DEBUG o.hibernate.type.BasicTypeRegistry - Adding type registration object -> org.hibernate.type.JavaObjectType@53dbe7b2
2026-02-27 23:00:05 [main] DEBUG o.hibernate.type.BasicTypeRegistry - Adding type registration java.lang.Object -> org.hibernate.type.JavaObjectType@53dbe7b2
2026-02-27 23:00:05 [main] DEBUG o.hibernate.type.BasicTypeRegistry - Adding type registration null -> org.hibernate.type.NullType@77d58f3a
2026-02-27 23:00:05 [main] DEBUG o.hibernate.type.BasicTypeRegistry - Adding type registration imm_date -> org.hibernate.type.BasicTypeReference@1e288c76
2026-02-27 23:00:05 [main] DEBUG o.hibernate.type.BasicTypeRegistry - Adding type registration imm_time -> org.hibernate.type.BasicTypeReference@738ed8f5
2026-02-27 23:00:05 [main] DEBUG o.hibernate.type.BasicTypeRegistry - Adding type registration imm_timestamp -> org.hibernate.type.BasicTypeReference@1cfb7450
2026-02-27 23:00:05 [main] DEBUG o.hibernate.type.BasicTypeRegistry - Adding type registration imm_calendar -> org.hibernate.type.BasicTypeReference@478c84aa
2026-02-27 23:00:05 [main] DEBUG o.hibernate.type.BasicTypeRegistry - Adding type registration imm_calendar_date -> org.hibernate.type.BasicTypeReference@1d1deb11
2026-02-27 23:00:05 [main] DEBUG o.hibernate.type.BasicTypeRegistry - Adding type registration imm_calendar_time -> org.hibernate.type.BasicTypeReference@18d1d137
2026-02-27 23:00:05 [main] DEBUG o.hibernate.type.BasicTypeRegistry - Adding type registration imm_binary -> org.hibernate.type.BasicTypeReference@5f4f6f89
2026-02-27 23:00:05 [main] DEBUG o.hibernate.type.BasicTypeRegistry - Adding type registration imm_serializable -> org.hibernate.type.BasicTypeReference@7c45191e
2026-02-27 23:00:05 [main] INFO  o.s.o.j.p.SpringPersistenceUnitInfo - No LoadTimeWeaver setup: ignoring JPA class transformer
2026-02-27 23:00:05 [main] INFO  com.zaxxer.hikari.HikariDataSource - HikariPool-1 - Starting...
2026-02-27 23:00:05 [main] INFO  com.zaxxer.hikari.pool.HikariPool - HikariPool-1 - Added connection org.postgresql.jdbc.PgConnection@8f8717b
2026-02-27 23:00:05 [main] INFO  com.zaxxer.hikari.HikariDataSource - HikariPool-1 - Start completed.
2026-02-27 23:00:05 [main] INFO  o.hibernate.orm.connections.pooling - HHH10001005: Database info:
	Database JDBC URL [Connecting through datasource 'HikariDataSource (HikariPool-1)']
	Database driver: undefined/unknown
	Database version: 16.12
	Autocommit mode: undefined/unknown
	Isolation level: undefined/unknown
	Minimum pool size: undefined/unknown
	Maximum pool size: undefined/unknown
2026-02-27 23:00:05 [main] DEBUG o.h.t.d.sql.spi.DdlTypeRegistry - addDescriptor(2003, org.hibernate.type.descriptor.sql.internal.ArrayDdlTypeImpl@7b44e98e) replaced previous registration(org.hibernate.type.descriptor.sql.internal.ArrayDdlTypeImpl@1e2bc241)
2026-02-27 23:00:05 [main] DEBUG o.h.t.d.sql.spi.DdlTypeRegistry - addDescriptor(6, org.hibernate.type.descriptor.sql.internal.CapacityDependentDdlType@543196f9) replaced previous registration(org.hibernate.type.descriptor.sql.internal.DdlTypeImpl@4d7fba20)
2026-02-27 23:00:05 [main] DEBUG o.h.t.d.jdbc.spi.JdbcTypeRegistry - addDescriptor(2004, BlobTypeDescriptor(BLOB_BINDING)) replaced previous registration(BlobTypeDescriptor(DEFAULT))
2026-02-27 23:00:05 [main] DEBUG o.h.t.d.jdbc.spi.JdbcTypeRegistry - addDescriptor(2005, ClobTypeDescriptor(CLOB_BINDING)) replaced previous registration(ClobTypeDescriptor(DEFAULT))
2026-02-27 23:00:05 [main] DEBUG o.hibernate.type.BasicTypeRegistry - Adding type registration JAVA_OBJECT -> org.hibernate.type.JavaObjectType@2305aad0
2026-02-27 23:00:05 [main] DEBUG o.hibernate.type.BasicTypeRegistry - Adding type registration java.lang.Object -> org.hibernate.type.JavaObjectType@2305aad0
2026-02-27 23:00:05 [main] DEBUG o.hibernate.type.BasicTypeRegistry - Type registration key [java.lang.Object] overrode previous entry : `org.hibernate.type.JavaObjectType@53dbe7b2`
2026-02-27 23:00:05 [main] DEBUG o.hibernate.type.BasicTypeRegistry - Adding type registration org.hibernate.type.DurationType -> basicType@1(java.time.Duration,3015)
2026-02-27 23:00:05 [main] DEBUG o.hibernate.type.BasicTypeRegistry - Adding type registration Duration -> basicType@1(java.time.Duration,3015)
2026-02-27 23:00:05 [main] DEBUG o.hibernate.type.BasicTypeRegistry - Adding type registration java.time.Duration -> basicType@1(java.time.Duration,3015)
2026-02-27 23:00:05 [main] DEBUG o.hibernate.type.BasicTypeRegistry - Adding type registration org.hibernate.type.OffsetDateTimeType -> basicType@2(java.time.OffsetDateTime,3003)
2026-02-27 23:00:05 [main] DEBUG o.hibernate.type.BasicTypeRegistry - Adding type registration OffsetDateTime -> basicType@2(java.time.OffsetDateTime,3003)
2026-02-27 23:00:05 [main] DEBUG o.hibernate.type.BasicTypeRegistry - Adding type registration java.time.OffsetDateTime -> basicType@2(java.time.OffsetDateTime,3003)
2026-02-27 23:00:05 [main] DEBUG o.hibernate.type.BasicTypeRegistry - Adding type registration org.hibernate.type.ZonedDateTimeType -> basicType@3(java.time.ZonedDateTime,3003)
2026-02-27 23:00:05 [main] DEBUG o.hibernate.type.BasicTypeRegistry - Adding type registration ZonedDateTime -> basicType@3(java.time.ZonedDateTime,3003)
2026-02-27 23:00:05 [main] DEBUG o.hibernate.type.BasicTypeRegistry - Adding type registration java.time.ZonedDateTime -> basicType@3(java.time.ZonedDateTime,3003)
2026-02-27 23:00:05 [main] DEBUG o.hibernate.type.BasicTypeRegistry - Adding type registration org.hibernate.type.OffsetTimeType -> basicType@4(java.time.OffsetTime,3007)
2026-02-27 23:00:05 [main] DEBUG o.hibernate.type.BasicTypeRegistry - Adding type registration OffsetTime -> basicType@4(java.time.OffsetTime,3007)
2026-02-27 23:00:05 [main] DEBUG o.hibernate.type.BasicTypeRegistry - Adding type registration java.time.OffsetTime -> basicType@4(java.time.OffsetTime,3007)
2026-02-27 23:00:05 [main] DEBUG o.h.type.spi.TypeConfiguration$Scope - Scoping TypeConfiguration [org.hibernate.type.spi.TypeConfiguration@5418893c] to MetadataBuildingContext [org.hibernate.boot.internal.MetadataBuildingContextRootImpl@22ba30b0]
2026-02-27 23:00:06 [main] INFO  o.h.e.t.j.p.i.JtaPlatformInitiator - HHH000489: No JTA platform available (set 'hibernate.transaction.jta.platform' to enable JTA platform integration)
2026-02-27 23:00:06 [main] DEBUG o.h.type.spi.TypeConfiguration$Scope - Scoping TypeConfiguration [org.hibernate.type.spi.TypeConfiguration@5418893c] to SessionFactoryImplementor [org.hibernate.internal.SessionFactoryImpl@289fff3c]
2026-02-27 23:00:06 [main] TRACE o.h.type.spi.TypeConfiguration$Scope - Handling #sessionFactoryCreated from [org.hibernate.internal.SessionFactoryImpl@289fff3c] for TypeConfiguration
2026-02-27 23:00:06 [main] INFO  o.s.o.j.LocalContainerEntityManagerFactoryBean - Initialized JPA EntityManagerFactory for persistence unit 'default'
2026-02-27 23:00:06 [main] INFO  c.u.l.member.config.RedisConfig - Redis Streams 리스너 컨테이너 시작 (DB 0) — stream: subscription-events
2026-02-27 23:00:07 [main] DEBUG c.u.l.member.config.RedisConfig - Consumer Group 이미 존재 (정상) — stream: subscription-events, group: member-service-group
2026-02-27 23:00:07 [main] INFO  c.u.l.member.config.RedisConfig - Redis Streams 구독 등록 완료 — stream: subscription-events, group: member-service-group, consumer: member-service-1
2026-02-27 23:00:07 [main] WARN  o.s.b.a.o.j.JpaBaseConfiguration$JpaWebConfiguration - spring.jpa.open-in-view is enabled by default. Therefore, database queries may be performed during view rendering. Explicitly configure spring.jpa.open-in-view to disable this warning
2026-02-27 23:00:07 [main] INFO  o.s.s.c.a.a.c.InitializeUserDetailsBeanManagerConfigurer$InitializeUserDetailsManagerConfigurer - Global AuthenticationManager configured with UserDetailsService bean with name customUserDetailsService
2026-02-27 23:00:07 [main] INFO  o.s.b.a.e.web.EndpointLinksResolver - Exposing 3 endpoints beneath base path '/actuator'
2026-02-27 23:00:09 [main] INFO  o.s.cloud.commons.util.InetUtils - Cannot determine local hostname
2026-02-27 23:00:09 [main] INFO  o.s.b.w.e.tomcat.TomcatWebServer - Tomcat started on port 8081 (http) with context path '/'
2026-02-27 23:00:10 [main] INFO  o.s.cloud.commons.util.InetUtils - Cannot determine local hostname
2026-02-27 23:00:10 [main] INFO  c.u.l.member.MemberApplication - Started MemberApplication in 8.399 seconds (process running for 8.697)
2026-02-27 23:00:27 [http-nio-8081-exec-1] INFO  o.a.c.c.C.[Tomcat].[localhost].[/] - Initializing Spring DispatcherServlet 'dispatcherServlet'
2026-02-27 23:00:27 [http-nio-8081-exec-1] INFO  o.s.web.servlet.DispatcherServlet - Initializing Servlet 'dispatcherServlet'
2026-02-27 23:00:27 [http-nio-8081-exec-1] INFO  o.s.web.servlet.DispatcherServlet - Completed initialization in 1 ms
2026-02-27 23:00:28 [http-nio-8081-exec-1] DEBUG c.u.l.m.c.j.JwtAuthenticationFilter - JWT 인증 완료 — memberId: 9e9447a9-3e25-4fcb-b374-8eb5a849bf87
2026-02-27 23:00:28 [http-nio-8081-exec-1] DEBUG org.hibernate.SQL - 
    /* <criteria> */ select
        me1_0.id,
        me1_0.created_at,
        me1_0.email,
        me1_0.feedback_reminder,
        me1_0.kakao_id,
        me1_0.location_enabled,
        me1_0.member_id,
        me1_0.nickname,
        me1_0.onboarding_completed,
        me1_0.recommendation_alert,
        me1_0.updated_at 
    from
        lunchpick_member.member me1_0 
    where
        me1_0.member_id=?
2026-02-27 23:02:17 [http-nio-8081-exec-3] DEBUG org.hibernate.SQL - 
    /* <criteria> */ select
        me1_0.id,
        me1_0.created_at,
        me1_0.email,
        me1_0.feedback_reminder,
        me1_0.kakao_id,
        me1_0.location_enabled,
        me1_0.member_id,
        me1_0.nickname,
        me1_0.onboarding_completed,
        me1_0.recommendation_alert,
        me1_0.updated_at 
    from
        lunchpick_member.member me1_0 
    where
        me1_0.kakao_id=?
2026-02-27 23:02:17 [http-nio-8081-exec-3] INFO  c.u.l.m.service.impl.AuthServiceImpl - 기존 회원 로그인 — memberId: 9e9447a9-3e25-4fcb-b374-8eb5a849bf87
2026-02-27 23:02:21 [http-nio-8081-exec-6] DEBUG c.u.l.m.c.j.JwtAuthenticationFilter - JWT 인증 완료 — memberId: 9e9447a9-3e25-4fcb-b374-8eb5a849bf87
2026-02-27 23:02:21 [http-nio-8081-exec-6] DEBUG org.hibernate.SQL - 
    /* <criteria> */ select
        me1_0.id,
        me1_0.created_at,
        me1_0.email,
        me1_0.feedback_reminder,
        me1_0.kakao_id,
        me1_0.location_enabled,
        me1_0.member_id,
        me1_0.nickname,
        me1_0.onboarding_completed,
        me1_0.recommendation_alert,
        me1_0.updated_at 
    from
        lunchpick_member.member me1_0 
    where
        me1_0.member_id=?
2026-02-27 23:03:49 [http-nio-8081-exec-10] DEBUG c.u.l.m.c.j.JwtAuthenticationFilter - JWT 인증 완료 — memberId: 9e9447a9-3e25-4fcb-b374-8eb5a849bf87
2026-02-27 23:03:49 [http-nio-8081-exec-10] DEBUG org.hibernate.SQL - 
    /* <criteria> */ select
        me1_0.id,
        me1_0.created_at,
        me1_0.email,
        me1_0.feedback_reminder,
        me1_0.kakao_id,
        me1_0.location_enabled,
        me1_0.member_id,
        me1_0.nickname,
        me1_0.onboarding_completed,
        me1_0.recommendation_alert,
        me1_0.updated_at 
    from
        lunchpick_member.member me1_0 
    where
        me1_0.member_id=?
2026-02-27 23:03:49 [http-nio-8081-exec-10] DEBUG org.hibernate.SQL - 
    /* <criteria> */ select
        dre1_0.id,
        dre1_0.allergens,
        dre1_0.custom_allergens,
        dre1_0.diet_type,
        dre1_0.health_info_consent_given,
        dre1_0.member_id,
        dre1_0.updated_at 
    from
        lunchpick_member.dietary_restriction dre1_0 
    where
        dre1_0.member_id=?
2026-02-27 23:03:57 [http-nio-8081-exec-5] DEBUG c.u.l.m.c.j.JwtAuthenticationFilter - JWT 인증 완료 — memberId: 9e9447a9-3e25-4fcb-b374-8eb5a849bf87
2026-02-27 23:03:57 [http-nio-8081-exec-5] DEBUG org.hibernate.SQL - 
    /* <criteria> */ select
        me1_0.id,
        me1_0.created_at,
        me1_0.email,
        me1_0.feedback_reminder,
        me1_0.kakao_id,
        me1_0.location_enabled,
        me1_0.member_id,
        me1_0.nickname,
        me1_0.onboarding_completed,
        me1_0.recommendation_alert,
        me1_0.updated_at 
    from
        lunchpick_member.member me1_0 
    where
        me1_0.member_id=?
2026-02-27 23:03:57 [http-nio-8081-exec-5] INFO  c.u.l.m.s.impl.MemberServiceImpl - 프로필 수정 완료 — memberId: 9e9447a9-3e25-4fcb-b374-8eb5a849bf87
2026-02-27 23:03:57 [http-nio-8081-exec-5] DEBUG org.hibernate.SQL - 
    /* update
        for com.unicorn.lunchpick.member.repository.entity.MemberEntity */update lunchpick_member.member 
    set
        email=?,
        feedback_reminder=?,
        kakao_id=?,
        location_enabled=?,
        member_id=?,
        nickname=?,
        onboarding_completed=?,
        recommendation_alert=?,
        updated_at=? 
    where
        id=?
2026-02-27 23:03:57 [http-nio-8081-exec-5] DEBUG org.hibernate.SQL - 
    /* <criteria> */ select
        me1_0.id,
        me1_0.created_at,
        me1_0.email,
        me1_0.feedback_reminder,
        me1_0.kakao_id,
        me1_0.location_enabled,
        me1_0.member_id,
        me1_0.nickname,
        me1_0.onboarding_completed,
        me1_0.recommendation_alert,
        me1_0.updated_at 
    from
        lunchpick_member.member me1_0 
    where
        me1_0.member_id=?
2026-02-27 23:03:57 [http-nio-8081-exec-5] DEBUG org.hibernate.SQL - 
    /* <criteria> */ select
        dre1_0.id,
        dre1_0.allergens,
        dre1_0.custom_allergens,
        dre1_0.diet_type,
        dre1_0.health_info_consent_given,
        dre1_0.member_id,
        dre1_0.updated_at 
    from
        lunchpick_member.dietary_restriction dre1_0 
    where
        dre1_0.member_id=?
2026-02-27 23:03:57 [http-nio-8081-exec-1] DEBUG c.u.l.m.c.j.JwtAuthenticationFilter - JWT 인증 완료 — memberId: 9e9447a9-3e25-4fcb-b374-8eb5a849bf87
2026-02-27 23:03:57 [http-nio-8081-exec-1] DEBUG org.hibernate.SQL - 
    /* <criteria> */ select
        me1_0.id,
        me1_0.created_at,
        me1_0.email,
        me1_0.feedback_reminder,
        me1_0.kakao_id,
        me1_0.location_enabled,
        me1_0.member_id,
        me1_0.nickname,
        me1_0.onboarding_completed,
        me1_0.recommendation_alert,
        me1_0.updated_at 
    from
        lunchpick_member.member me1_0 
    where
        me1_0.member_id=?
2026-02-27 23:03:57 [http-nio-8081-exec-1] DEBUG org.hibernate.SQL - 
    /* <criteria> */ select
        dre1_0.id,
        dre1_0.allergens,
        dre1_0.custom_allergens,
        dre1_0.diet_type,
        dre1_0.health_info_consent_given,
        dre1_0.member_id,
        dre1_0.updated_at 
    from
        lunchpick_member.dietary_restriction dre1_0 
    where
        dre1_0.member_id=?
2026-02-27 23:04:03 [http-nio-8081-exec-7] DEBUG c.u.l.m.c.j.JwtAuthenticationFilter - JWT 인증 완료 — memberId: 9e9447a9-3e25-4fcb-b374-8eb5a849bf87
2026-02-27 23:04:03 [http-nio-8081-exec-7] DEBUG org.hibernate.SQL - 
    /* <criteria> */ select
        me1_0.id,
        me1_0.created_at,
        me1_0.email,
        me1_0.feedback_reminder,
        me1_0.kakao_id,
        me1_0.location_enabled,
        me1_0.member_id,
        me1_0.nickname,
        me1_0.onboarding_completed,
        me1_0.recommendation_alert,
        me1_0.updated_at 
    from
        lunchpick_member.member me1_0 
    where
        me1_0.member_id=?
2026-02-27 23:04:03 [http-nio-8081-exec-7] DEBUG org.hibernate.SQL - 
    /* <criteria> */ select
        dre1_0.id,
        dre1_0.allergens,
        dre1_0.custom_allergens,
        dre1_0.diet_type,
        dre1_0.health_info_consent_given,
        dre1_0.member_id,
        dre1_0.updated_at 
    from
        lunchpick_member.dietary_restriction dre1_0 
    where
        dre1_0.member_id=?
2026-02-27 23:04:59 [http-nio-8081-exec-9] DEBUG c.u.l.m.c.j.JwtAuthenticationFilter - JWT 인증 완료 — memberId: 9e9447a9-3e25-4fcb-b374-8eb5a849bf87
2026-02-27 23:04:59 [http-nio-8081-exec-9] DEBUG org.hibernate.SQL - 
    /* <criteria> */ select
        me1_0.id,
        me1_0.created_at,
        me1_0.email,
        me1_0.feedback_reminder,
        me1_0.kakao_id,
        me1_0.location_enabled,
        me1_0.member_id,
        me1_0.nickname,
        me1_0.onboarding_completed,
        me1_0.recommendation_alert,
        me1_0.updated_at 
    from
        lunchpick_member.member me1_0 
    where
        me1_0.member_id=?
2026-02-27 23:04:59 [http-nio-8081-exec-9] DEBUG org.hibernate.SQL - 
    /* <criteria> */ select
        dre1_0.id,
        dre1_0.allergens,
        dre1_0.custom_allergens,
        dre1_0.diet_type,
        dre1_0.health_info_consent_given,
        dre1_0.member_id,
        dre1_0.updated_at 
    from
        lunchpick_member.dietary_restriction dre1_0 
    where
        dre1_0.member_id=?
2026-02-27 23:05:44 [http-nio-8081-exec-4] DEBUG c.u.l.m.c.j.JwtAuthenticationFilter - JWT 인증 완료 — memberId: 9e9447a9-3e25-4fcb-b374-8eb5a849bf87
2026-02-27 23:05:44 [http-nio-8081-exec-4] DEBUG org.hibernate.SQL - 
    /* <criteria> */ select
        me1_0.id,
        me1_0.created_at,
        me1_0.email,
        me1_0.feedback_reminder,
        me1_0.kakao_id,
        me1_0.location_enabled,
        me1_0.member_id,
        me1_0.nickname,
        me1_0.onboarding_completed,
        me1_0.recommendation_alert,
        me1_0.updated_at 
    from
        lunchpick_member.member me1_0 
    where
        me1_0.member_id=?
2026-02-27 23:05:44 [http-nio-8081-exec-4] INFO  c.u.l.m.s.impl.MemberServiceImpl - 프로필 수정 완료 — memberId: 9e9447a9-3e25-4fcb-b374-8eb5a849bf87
2026-02-27 23:05:44 [http-nio-8081-exec-4] DEBUG org.hibernate.SQL - 
    /* update
        for com.unicorn.lunchpick.member.repository.entity.MemberEntity */update lunchpick_member.member 
    set
        email=?,
        feedback_reminder=?,
        kakao_id=?,
        location_enabled=?,
        member_id=?,
        nickname=?,
        onboarding_completed=?,
        recommendation_alert=?,
        updated_at=? 
    where
        id=?
2026-02-27 23:05:44 [http-nio-8081-exec-4] DEBUG org.hibernate.SQL - 
    /* <criteria> */ select
        me1_0.id,
        me1_0.created_at,
        me1_0.email,
        me1_0.feedback_reminder,
        me1_0.kakao_id,
        me1_0.location_enabled,
        me1_0.member_id,
        me1_0.nickname,
        me1_0.onboarding_completed,
        me1_0.recommendation_alert,
        me1_0.updated_at 
    from
        lunchpick_member.member me1_0 
    where
        me1_0.member_id=?
2026-02-27 23:05:44 [http-nio-8081-exec-4] DEBUG org.hibernate.SQL - 
    /* <criteria> */ select
        dre1_0.id,
        dre1_0.allergens,
        dre1_0.custom_allergens,
        dre1_0.diet_type,
        dre1_0.health_info_consent_given,
        dre1_0.member_id,
        dre1_0.updated_at 
    from
        lunchpick_member.dietary_restriction dre1_0 
    where
        dre1_0.member_id=?
2026-02-27 23:05:44 [http-nio-8081-exec-3] DEBUG c.u.l.m.c.j.JwtAuthenticationFilter - JWT 인증 완료 — memberId: 9e9447a9-3e25-4fcb-b374-8eb5a849bf87
2026-02-27 23:05:44 [http-nio-8081-exec-3] DEBUG org.hibernate.SQL - 
    /* <criteria> */ select
        me1_0.id,
        me1_0.created_at,
        me1_0.email,
        me1_0.feedback_reminder,
        me1_0.kakao_id,
        me1_0.location_enabled,
        me1_0.member_id,
        me1_0.nickname,
        me1_0.onboarding_completed,
        me1_0.recommendation_alert,
        me1_0.updated_at 
    from
        lunchpick_member.member me1_0 
    where
        me1_0.member_id=?
2026-02-27 23:05:44 [http-nio-8081-exec-3] DEBUG org.hibernate.SQL - 
    /* <criteria> */ select
        dre1_0.id,
        dre1_0.allergens,
        dre1_0.custom_allergens,
        dre1_0.diet_type,
        dre1_0.health_info_consent_given,
        dre1_0.member_id,
        dre1_0.updated_at 
    from
        lunchpick_member.dietary_restriction dre1_0 
    where
        dre1_0.member_id=?
2026-02-27 23:06:09 [http-nio-8081-exec-6] DEBUG c.u.l.m.c.j.JwtAuthenticationFilter - JWT 인증 완료 — memberId: 9e9447a9-3e25-4fcb-b374-8eb5a849bf87
2026-02-27 23:06:09 [http-nio-8081-exec-6] DEBUG org.hibernate.SQL - 
    /* <criteria> */ select
        me1_0.id,
        me1_0.created_at,
        me1_0.email,
        me1_0.feedback_reminder,
        me1_0.kakao_id,
        me1_0.location_enabled,
        me1_0.member_id,
        me1_0.nickname,
        me1_0.onboarding_completed,
        me1_0.recommendation_alert,
        me1_0.updated_at 
    from
        lunchpick_member.member me1_0 
    where
        me1_0.member_id=?
2026-02-27 23:11:23 [http-nio-8081-exec-10] DEBUG c.u.l.m.c.j.JwtAuthenticationFilter - JWT 인증 완료 — memberId: 9e9447a9-3e25-4fcb-b374-8eb5a849bf87
2026-02-27 23:11:23 [http-nio-8081-exec-10] DEBUG org.hibernate.SQL - 
    /* <criteria> */ select
        me1_0.id,
        me1_0.created_at,
        me1_0.email,
        me1_0.feedback_reminder,
        me1_0.kakao_id,
        me1_0.location_enabled,
        me1_0.member_id,
        me1_0.nickname,
        me1_0.onboarding_completed,
        me1_0.recommendation_alert,
        me1_0.updated_at 
    from
        lunchpick_member.member me1_0 
    where
        me1_0.member_id=?
2026-02-27 23:11:23 [http-nio-8081-exec-10] DEBUG org.hibernate.SQL - 
    /* <criteria> */ select
        dre1_0.id,
        dre1_0.allergens,
        dre1_0.custom_allergens,
        dre1_0.diet_type,
        dre1_0.health_info_consent_given,
        dre1_0.member_id,
        dre1_0.updated_at 
    from
        lunchpick_member.dietary_restriction dre1_0 
    where
        dre1_0.member_id=?
2026-02-27 23:17:28 [http-nio-8081-exec-5] DEBUG c.u.l.m.c.j.JwtAuthenticationFilter - JWT 인증 완료 — memberId: 9e9447a9-3e25-4fcb-b374-8eb5a849bf87
2026-02-27 23:17:28 [http-nio-8081-exec-5] DEBUG org.hibernate.SQL - 
    /* <criteria> */ select
        me1_0.id,
        me1_0.created_at,
        me1_0.email,
        me1_0.feedback_reminder,
        me1_0.kakao_id,
        me1_0.location_enabled,
        me1_0.member_id,
        me1_0.nickname,
        me1_0.onboarding_completed,
        me1_0.recommendation_alert,
        me1_0.updated_at 
    from
        lunchpick_member.member me1_0 
    where
        me1_0.member_id=?
2026-02-27 23:17:28 [http-nio-8081-exec-5] DEBUG org.hibernate.SQL - 
    /* <criteria> */ select
        dre1_0.id,
        dre1_0.allergens,
        dre1_0.custom_allergens,
        dre1_0.diet_type,
        dre1_0.health_info_consent_given,
        dre1_0.member_id,
        dre1_0.updated_at 
    from
        lunchpick_member.dietary_restriction dre1_0 
    where
        dre1_0.member_id=?
2026-02-27 23:17:32 [http-nio-8081-exec-1] DEBUG c.u.l.m.c.j.JwtAuthenticationFilter - JWT 인증 완료 — memberId: 9e9447a9-3e25-4fcb-b374-8eb5a849bf87
2026-02-27 23:17:32 [http-nio-8081-exec-1] DEBUG org.hibernate.SQL - 
    /* <criteria> */ select
        me1_0.id,
        me1_0.created_at,
        me1_0.email,
        me1_0.feedback_reminder,
        me1_0.kakao_id,
        me1_0.location_enabled,
        me1_0.member_id,
        me1_0.nickname,
        me1_0.onboarding_completed,
        me1_0.recommendation_alert,
        me1_0.updated_at 
    from
        lunchpick_member.member me1_0 
    where
        me1_0.member_id=?
2026-02-27 23:17:32 [http-nio-8081-exec-1] DEBUG org.hibernate.SQL - 
    /* <criteria> */ select
        dre1_0.id,
        dre1_0.allergens,
        dre1_0.custom_allergens,
        dre1_0.diet_type,
        dre1_0.health_info_consent_given,
        dre1_0.member_id,
        dre1_0.updated_at 
    from
        lunchpick_member.dietary_restriction dre1_0 
    where
        dre1_0.member_id=?
2026-02-27 23:17:32 [http-nio-8081-exec-7] DEBUG c.u.l.m.c.j.JwtAuthenticationFilter - JWT 인증 완료 — memberId: 9e9447a9-3e25-4fcb-b374-8eb5a849bf87
2026-02-27 23:17:32 [http-nio-8081-exec-7] DEBUG org.hibernate.SQL - 
    /* <criteria> */ select
        me1_0.id,
        me1_0.created_at,
        me1_0.email,
        me1_0.feedback_reminder,
        me1_0.kakao_id,
        me1_0.location_enabled,
        me1_0.member_id,
        me1_0.nickname,
        me1_0.onboarding_completed,
        me1_0.recommendation_alert,
        me1_0.updated_at 
    from
        lunchpick_member.member me1_0 
    where
        me1_0.member_id=?
2026-02-27 23:17:32 [http-nio-8081-exec-7] DEBUG org.hibernate.SQL - 
    /* <criteria> */ select
        dre1_0.id,
        dre1_0.allergens,
        dre1_0.custom_allergens,
        dre1_0.diet_type,
        dre1_0.health_info_consent_given,
        dre1_0.member_id,
        dre1_0.updated_at 
    from
        lunchpick_member.dietary_restriction dre1_0 
    where
        dre1_0.member_id=?
2026-02-27 23:17:33 [http-nio-8081-exec-9] DEBUG c.u.l.m.c.j.JwtAuthenticationFilter - JWT 인증 완료 — memberId: 9e9447a9-3e25-4fcb-b374-8eb5a849bf87
2026-02-27 23:17:33 [http-nio-8081-exec-9] DEBUG org.hibernate.SQL - 
    /* <criteria> */ select
        me1_0.id,
        me1_0.created_at,
        me1_0.email,
        me1_0.feedback_reminder,
        me1_0.kakao_id,
        me1_0.location_enabled,
        me1_0.member_id,
        me1_0.nickname,
        me1_0.onboarding_completed,
        me1_0.recommendation_alert,
        me1_0.updated_at 
    from
        lunchpick_member.member me1_0 
    where
        me1_0.member_id=?
2026-02-27 23:17:33 [http-nio-8081-exec-9] DEBUG org.hibernate.SQL - 
    /* <criteria> */ select
        dre1_0.id,
        dre1_0.allergens,
        dre1_0.custom_allergens,
        dre1_0.diet_type,
        dre1_0.health_info_consent_given,
        dre1_0.member_id,
        dre1_0.updated_at 
    from
        lunchpick_member.dietary_restriction dre1_0 
    where
        dre1_0.member_id=?
2026-02-27 23:17:33 [http-nio-8081-exec-4] DEBUG c.u.l.m.c.j.JwtAuthenticationFilter - JWT 인증 완료 — memberId: 9e9447a9-3e25-4fcb-b374-8eb5a849bf87
2026-02-27 23:17:33 [http-nio-8081-exec-4] DEBUG org.hibernate.SQL - 
    /* <criteria> */ select
        me1_0.id,
        me1_0.created_at,
        me1_0.email,
        me1_0.feedback_reminder,
        me1_0.kakao_id,
        me1_0.location_enabled,
        me1_0.member_id,
        me1_0.nickname,
        me1_0.onboarding_completed,
        me1_0.recommendation_alert,
        me1_0.updated_at 
    from
        lunchpick_member.member me1_0 
    where
        me1_0.member_id=?
2026-02-27 23:17:33 [http-nio-8081-exec-4] DEBUG org.hibernate.SQL - 
    /* <criteria> */ select
        dre1_0.id,
        dre1_0.allergens,
        dre1_0.custom_allergens,
        dre1_0.diet_type,
        dre1_0.health_info_consent_given,
        dre1_0.member_id,
        dre1_0.updated_at 
    from
        lunchpick_member.dietary_restriction dre1_0 
    where
        dre1_0.member_id=?
2026-02-27 23:17:34 [http-nio-8081-exec-3] DEBUG c.u.l.m.c.j.JwtAuthenticationFilter - JWT 인증 완료 — memberId: 9e9447a9-3e25-4fcb-b374-8eb5a849bf87
2026-02-27 23:17:34 [http-nio-8081-exec-3] DEBUG org.hibernate.SQL - 
    /* <criteria> */ select
        me1_0.id,
        me1_0.created_at,
        me1_0.email,
        me1_0.feedback_reminder,
        me1_0.kakao_id,
        me1_0.location_enabled,
        me1_0.member_id,
        me1_0.nickname,
        me1_0.onboarding_completed,
        me1_0.recommendation_alert,
        me1_0.updated_at 
    from
        lunchpick_member.member me1_0 
    where
        me1_0.member_id=?
2026-02-27 23:22:44 [http-nio-8081-exec-10] DEBUG org.hibernate.SQL - 
    /* <criteria> */ select
        me1_0.id,
        me1_0.created_at,
        me1_0.email,
        me1_0.feedback_reminder,
        me1_0.kakao_id,
        me1_0.location_enabled,
        me1_0.member_id,
        me1_0.nickname,
        me1_0.onboarding_completed,
        me1_0.recommendation_alert,
        me1_0.updated_at 
    from
        lunchpick_member.member me1_0 
    where
        me1_0.kakao_id=?
2026-02-27 23:22:44 [http-nio-8081-exec-10] INFO  c.u.l.m.service.impl.AuthServiceImpl - 기존 회원 로그인 — memberId: 9e9447a9-3e25-4fcb-b374-8eb5a849bf87
2026-02-27 23:30:32 [http-nio-8081-exec-5] DEBUG c.u.l.m.c.j.JwtAuthenticationFilter - JWT 인증 완료 — memberId: 9e9447a9-3e25-4fcb-b374-8eb5a849bf87
2026-02-27 23:30:32 [http-nio-8081-exec-5] DEBUG org.hibernate.SQL - 
    /* <criteria> */ select
        me1_0.id,
        me1_0.created_at,
        me1_0.email,
        me1_0.feedback_reminder,
        me1_0.kakao_id,
        me1_0.location_enabled,
        me1_0.member_id,
        me1_0.nickname,
        me1_0.onboarding_completed,
        me1_0.recommendation_alert,
        me1_0.updated_at 
    from
        lunchpick_member.member me1_0 
    where
        me1_0.member_id=?
2026-02-27 23:30:58 [http-nio-8081-exec-1] DEBUG c.u.l.m.c.j.JwtAuthenticationFilter - JWT 인증 완료 — memberId: 9e9447a9-3e25-4fcb-b374-8eb5a849bf87
2026-02-27 23:30:58 [http-nio-8081-exec-1] DEBUG org.hibernate.SQL - 
    /* <criteria> */ select
        me1_0.id,
        me1_0.created_at,
        me1_0.email,
        me1_0.feedback_reminder,
        me1_0.kakao_id,
        me1_0.location_enabled,
        me1_0.member_id,
        me1_0.nickname,
        me1_0.onboarding_completed,
        me1_0.recommendation_alert,
        me1_0.updated_at 
    from
        lunchpick_member.member me1_0 
    where
        me1_0.member_id=?
2026-02-27 23:30:58 [http-nio-8081-exec-1] DEBUG org.hibernate.SQL - 
    /* <criteria> */ select
        dre1_0.id,
        dre1_0.allergens,
        dre1_0.custom_allergens,
        dre1_0.diet_type,
        dre1_0.health_info_consent_given,
        dre1_0.member_id,
        dre1_0.updated_at 
    from
        lunchpick_member.dietary_restriction dre1_0 
    where
        dre1_0.member_id=?
2026-02-27 23:32:44 [http-nio-8081-exec-3] DEBUG org.hibernate.SQL - 
    /* <criteria> */ select
        me1_0.id,
        me1_0.created_at,
        me1_0.email,
        me1_0.feedback_reminder,
        me1_0.kakao_id,
        me1_0.location_enabled,
        me1_0.member_id,
        me1_0.nickname,
        me1_0.onboarding_completed,
        me1_0.recommendation_alert,
        me1_0.updated_at 
    from
        lunchpick_member.member me1_0 
    where
        me1_0.kakao_id=?
2026-02-27 23:32:44 [http-nio-8081-exec-3] INFO  c.u.l.m.service.impl.AuthServiceImpl - 기존 회원 로그인 — memberId: 9e9447a9-3e25-4fcb-b374-8eb5a849bf87
2026-02-27 23:32:46 [http-nio-8081-exec-6] DEBUG c.u.l.m.c.j.JwtAuthenticationFilter - JWT 인증 완료 — memberId: 9e9447a9-3e25-4fcb-b374-8eb5a849bf87
2026-02-27 23:32:46 [http-nio-8081-exec-6] DEBUG org.hibernate.SQL - 
    /* <criteria> */ select
        me1_0.id,
        me1_0.created_at,
        me1_0.email,
        me1_0.feedback_reminder,
        me1_0.kakao_id,
        me1_0.location_enabled,
        me1_0.member_id,
        me1_0.nickname,
        me1_0.onboarding_completed,
        me1_0.recommendation_alert,
        me1_0.updated_at 
    from
        lunchpick_member.member me1_0 
    where
        me1_0.member_id=?
2026-02-27 23:32:46 [http-nio-8081-exec-6] DEBUG org.hibernate.SQL - 
    /* <criteria> */ select
        dre1_0.id,
        dre1_0.allergens,
        dre1_0.custom_allergens,
        dre1_0.diet_type,
        dre1_0.health_info_consent_given,
        dre1_0.member_id,
        dre1_0.updated_at 
    from
        lunchpick_member.dietary_restriction dre1_0 
    where
        dre1_0.member_id=?
2026-02-27 23:32:52 [http-nio-8081-exec-8] DEBUG c.u.l.m.c.j.JwtAuthenticationFilter - JWT 인증 완료 — memberId: 9e9447a9-3e25-4fcb-b374-8eb5a849bf87
2026-02-27 23:32:52 [http-nio-8081-exec-8] DEBUG org.hibernate.SQL - 
    /* <criteria> */ select
        me1_0.id,
        me1_0.created_at,
        me1_0.email,
        me1_0.feedback_reminder,
        me1_0.kakao_id,
        me1_0.location_enabled,
        me1_0.member_id,
        me1_0.nickname,
        me1_0.onboarding_completed,
        me1_0.recommendation_alert,
        me1_0.updated_at 
    from
        lunchpick_member.member me1_0 
    where
        me1_0.member_id=?
2026-02-27 23:32:52 [http-nio-8081-exec-8] INFO  c.u.l.m.s.impl.MemberServiceImpl - 프로필 수정 완료 — memberId: 9e9447a9-3e25-4fcb-b374-8eb5a849bf87
2026-02-27 23:32:52 [http-nio-8081-exec-8] DEBUG org.hibernate.SQL - 
    /* update
        for com.unicorn.lunchpick.member.repository.entity.MemberEntity */update lunchpick_member.member 
    set
        email=?,
        feedback_reminder=?,
        kakao_id=?,
        location_enabled=?,
        member_id=?,
        nickname=?,
        onboarding_completed=?,
        recommendation_alert=?,
        updated_at=? 
    where
        id=?
2026-02-27 23:32:52 [http-nio-8081-exec-8] DEBUG org.hibernate.SQL - 
    /* <criteria> */ select
        me1_0.id,
        me1_0.created_at,
        me1_0.email,
        me1_0.feedback_reminder,
        me1_0.kakao_id,
        me1_0.location_enabled,
        me1_0.member_id,
        me1_0.nickname,
        me1_0.onboarding_completed,
        me1_0.recommendation_alert,
        me1_0.updated_at 
    from
        lunchpick_member.member me1_0 
    where
        me1_0.member_id=?
2026-02-27 23:32:52 [http-nio-8081-exec-8] DEBUG org.hibernate.SQL - 
    /* <criteria> */ select
        dre1_0.id,
        dre1_0.allergens,
        dre1_0.custom_allergens,
        dre1_0.diet_type,
        dre1_0.health_info_consent_given,
        dre1_0.member_id,
        dre1_0.updated_at 
    from
        lunchpick_member.dietary_restriction dre1_0 
    where
        dre1_0.member_id=?
2026-02-27 23:32:52 [http-nio-8081-exec-10] DEBUG c.u.l.m.c.j.JwtAuthenticationFilter - JWT 인증 완료 — memberId: 9e9447a9-3e25-4fcb-b374-8eb5a849bf87
2026-02-27 23:32:52 [http-nio-8081-exec-10] DEBUG org.hibernate.SQL - 
    /* <criteria> */ select
        me1_0.id,
        me1_0.created_at,
        me1_0.email,
        me1_0.feedback_reminder,
        me1_0.kakao_id,
        me1_0.location_enabled,
        me1_0.member_id,
        me1_0.nickname,
        me1_0.onboarding_completed,
        me1_0.recommendation_alert,
        me1_0.updated_at 
    from
        lunchpick_member.member me1_0 
    where
        me1_0.member_id=?
2026-02-27 23:32:52 [http-nio-8081-exec-10] DEBUG org.hibernate.SQL - 
    /* <criteria> */ select
        dre1_0.id,
        dre1_0.allergens,
        dre1_0.custom_allergens,
        dre1_0.diet_type,
        dre1_0.health_info_consent_given,
        dre1_0.member_id,
        dre1_0.updated_at 
    from
        lunchpick_member.dietary_restriction dre1_0 
    where
        dre1_0.member_id=?
2026-02-27 23:35:18 [http-nio-8081-exec-5] DEBUG c.u.l.m.c.j.JwtAuthenticationFilter - JWT 인증 완료 — memberId: 9e9447a9-3e25-4fcb-b374-8eb5a849bf87
2026-02-27 23:35:18 [http-nio-8081-exec-5] DEBUG org.hibernate.SQL - 
    /* <criteria> */ select
        me1_0.id,
        me1_0.created_at,
        me1_0.email,
        me1_0.feedback_reminder,
        me1_0.kakao_id,
        me1_0.location_enabled,
        me1_0.member_id,
        me1_0.nickname,
        me1_0.onboarding_completed,
        me1_0.recommendation_alert,
        me1_0.updated_at 
    from
        lunchpick_member.member me1_0 
    where
        me1_0.member_id=?
2026-02-27 23:35:20 [http-nio-8081-exec-1] DEBUG c.u.l.m.c.j.JwtAuthenticationFilter - JWT 인증 완료 — memberId: 9e9447a9-3e25-4fcb-b374-8eb5a849bf87
2026-02-27 23:35:20 [http-nio-8081-exec-1] DEBUG org.hibernate.SQL - 
    /* <criteria> */ select
        me1_0.id,
        me1_0.created_at,
        me1_0.email,
        me1_0.feedback_reminder,
        me1_0.kakao_id,
        me1_0.location_enabled,
        me1_0.member_id,
        me1_0.nickname,
        me1_0.onboarding_completed,
        me1_0.recommendation_alert,
        me1_0.updated_at 
    from
        lunchpick_member.member me1_0 
    where
        me1_0.member_id=?
2026-02-27 23:35:20 [http-nio-8081-exec-1] DEBUG org.hibernate.SQL - 
    /* <criteria> */ select
        dre1_0.id,
        dre1_0.allergens,
        dre1_0.custom_allergens,
        dre1_0.diet_type,
        dre1_0.health_info_consent_given,
        dre1_0.member_id,
        dre1_0.updated_at 
    from
        lunchpick_member.dietary_restriction dre1_0 
    where
        dre1_0.member_id=?
2026-02-27 23:39:48 [http-nio-8081-exec-9] DEBUG c.u.l.m.c.j.JwtAuthenticationFilter - JWT 인증 완료 — memberId: 9e9447a9-3e25-4fcb-b374-8eb5a849bf87
2026-02-27 23:39:48 [http-nio-8081-exec-9] DEBUG org.hibernate.SQL - 
    /* <criteria> */ select
        me1_0.id,
        me1_0.created_at,
        me1_0.email,
        me1_0.feedback_reminder,
        me1_0.kakao_id,
        me1_0.location_enabled,
        me1_0.member_id,
        me1_0.nickname,
        me1_0.onboarding_completed,
        me1_0.recommendation_alert,
        me1_0.updated_at 
    from
        lunchpick_member.member me1_0 
    where
        me1_0.member_id=?
2026-02-27 23:39:48 [http-nio-8081-exec-9] DEBUG org.hibernate.SQL - 
    /* <criteria> */ select
        dre1_0.id,
        dre1_0.allergens,
        dre1_0.custom_allergens,
        dre1_0.diet_type,
        dre1_0.health_info_consent_given,
        dre1_0.member_id,
        dre1_0.updated_at 
    from
        lunchpick_member.dietary_restriction dre1_0 
    where
        dre1_0.member_id=?
2026-02-27 23:40:01 [http-nio-8081-exec-4] DEBUG c.u.l.m.c.j.JwtAuthenticationFilter - JWT 인증 완료 — memberId: 9e9447a9-3e25-4fcb-b374-8eb5a849bf87
2026-02-27 23:40:01 [http-nio-8081-exec-4] ERROR c.u.l.m.e.GlobalExceptionHandler - 서버 내부 오류 발생
org.springframework.http.converter.HttpMessageNotReadableException: JSON parse error: Unrecognized field "email" (class com.unicorn.lunchpick.member.dto.request.UpdateProfileRequest), not marked as ignorable
	at org.springframework.http.converter.json.AbstractJackson2HttpMessageConverter.readJavaType(AbstractJackson2HttpMessageConverter.java:409)
	at org.springframework.http.converter.json.AbstractJackson2HttpMessageConverter.read(AbstractJackson2HttpMessageConverter.java:357)
	at org.springframework.web.servlet.mvc.method.annotation.AbstractMessageConverterMethodArgumentResolver.readWithMessageConverters(AbstractMessageConverterMethodArgumentResolver.java:204)
	at org.springframework.web.servlet.mvc.method.annotation.RequestResponseBodyMethodProcessor.readWithMessageConverters(RequestResponseBodyMethodProcessor.java:176)
	at org.springframework.web.servlet.mvc.method.annotation.RequestResponseBodyMethodProcessor.resolveArgument(RequestResponseBodyMethodProcessor.java:150)
	at org.springframework.web.method.support.HandlerMethodArgumentResolverComposite.resolveArgument(HandlerMethodArgumentResolverComposite.java:122)
	at org.springframework.web.method.support.InvocableHandlerMethod.getMethodArgumentValues(InvocableHandlerMethod.java:226)
	at org.springframework.web.method.support.InvocableHandlerMethod.invokeForRequest(InvocableHandlerMethod.java:180)
	at org.springframework.web.servlet.mvc.method.annotation.ServletInvocableHandlerMethod.invokeAndHandle(ServletInvocableHandlerMethod.java:118)
	at org.springframework.web.servlet.mvc.method.annotation.RequestMappingHandlerAdapter.invokeHandlerMethod(RequestMappingHandlerAdapter.java:986)
	at org.springframework.web.servlet.mvc.method.annotation.RequestMappingHandlerAdapter.handleInternal(RequestMappingHandlerAdapter.java:891)
	at org.springframework.web.servlet.mvc.method.AbstractHandlerMethodAdapter.handle(AbstractHandlerMethodAdapter.java:87)
	at org.springframework.web.servlet.DispatcherServlet.doDispatch(DispatcherServlet.java:1088)
	at org.springframework.web.servlet.DispatcherServlet.doService(DispatcherServlet.java:978)
	at org.springframework.web.servlet.FrameworkServlet.processRequest(FrameworkServlet.java:1014)
	at org.springframework.web.servlet.FrameworkServlet.doPut(FrameworkServlet.java:925)
	at jakarta.servlet.http.HttpServlet.service(HttpServlet.java:593)
	at org.springframework.web.servlet.FrameworkServlet.service(FrameworkServlet.java:885)
	at jakarta.servlet.http.HttpServlet.service(HttpServlet.java:658)
	at org.apache.catalina.core.ApplicationFilterChain.internalDoFilter(ApplicationFilterChain.java:195)
	at org.apache.catalina.core.ApplicationFilterChain.doFilter(ApplicationFilterChain.java:140)
	at org.apache.tomcat.websocket.server.WsFilter.doFilter(WsFilter.java:51)
	at org.apache.catalina.core.ApplicationFilterChain.internalDoFilter(ApplicationFilterChain.java:164)
	at org.apache.catalina.core.ApplicationFilterChain.doFilter(ApplicationFilterChain.java:140)
	at org.springframework.web.filter.CompositeFilter$VirtualFilterChain.doFilter(CompositeFilter.java:108)
	at org.springframework.security.web.FilterChainProxy.lambda$doFilterInternal$3(FilterChainProxy.java:231)
	at org.springframework.security.web.ObservationFilterChainDecorator$FilterObservation$SimpleFilterObservation.lambda$wrap$1(ObservationFilterChainDecorator.java:479)
	at org.springframework.security.web.ObservationFilterChainDecorator$AroundFilterObservation$SimpleAroundFilterObservation.lambda$wrap$1(ObservationFilterChainDecorator.java:340)
	at org.springframework.security.web.ObservationFilterChainDecorator.lambda$wrapSecured$0(ObservationFilterChainDecorator.java:82)
	at org.springframework.security.web.ObservationFilterChainDecorator$VirtualFilterChain.doFilter(ObservationFilterChainDecorator.java:128)
	at org.springframework.security.web.access.intercept.AuthorizationFilter.doFilter(AuthorizationFilter.java:101)
	at org.springframework.security.web.ObservationFilterChainDecorator$ObservationFilter.wrapFilter(ObservationFilterChainDecorator.java:240)
	at org.springframework.security.web.ObservationFilterChainDecorator$ObservationFilter.doFilter(ObservationFilterChainDecorator.java:227)
	at org.springframework.security.web.ObservationFilterChainDecorator$VirtualFilterChain.doFilter(ObservationFilterChainDecorator.java:137)
	at org.springframework.security.web.access.ExceptionTranslationFilter.doFilter(ExceptionTranslationFilter.java:126)
	at org.springframework.security.web.access.ExceptionTranslationFilter.doFilter(ExceptionTranslationFilter.java:120)
	at org.springframework.security.web.ObservationFilterChainDecorator$ObservationFilter.wrapFilter(ObservationFilterChainDecorator.java:240)
	at org.springframework.security.web.ObservationFilterChainDecorator$ObservationFilter.doFilter(ObservationFilterChainDecorator.java:227)
	at org.springframework.security.web.ObservationFilterChainDecorator$VirtualFilterChain.doFilter(ObservationFilterChainDecorator.java:137)
	at org.springframework.security.web.session.SessionManagementFilter.doFilter(SessionManagementFilter.java:131)
	at org.springframework.security.web.session.SessionManagementFilter.doFilter(SessionManagementFilter.java:85)
	at org.springframework.security.web.ObservationFilterChainDecorator$ObservationFilter.wrapFilter(ObservationFilterChainDecorator.java:240)
	at org.springframework.security.web.ObservationFilterChainDecorator$ObservationFilter.doFilter(ObservationFilterChainDecorator.java:227)
	at org.springframework.security.web.ObservationFilterChainDecorator$VirtualFilterChain.doFilter(ObservationFilterChainDecorator.java:137)
	at org.springframework.security.web.authentication.AnonymousAuthenticationFilter.doFilter(AnonymousAuthenticationFilter.java:100)
	at org.springframework.security.web.ObservationFilterChainDecorator$ObservationFilter.wrapFilter(ObservationFilterChainDecorator.java:240)
	at org.springframework.security.web.ObservationFilterChainDecorator$ObservationFilter.doFilter(ObservationFilterChainDecorator.java:227)
	at org.springframework.security.web.ObservationFilterChainDecorator$VirtualFilterChain.doFilter(ObservationFilterChainDecorator.java:137)
	at org.springframework.security.web.servletapi.SecurityContextHolderAwareRequestFilter.doFilter(SecurityContextHolderAwareRequestFilter.java:179)
	at org.springframework.security.web.ObservationFilterChainDecorator$ObservationFilter.wrapFilter(ObservationFilterChainDecorator.java:240)
	at org.springframework.security.web.ObservationFilterChainDecorator$ObservationFilter.doFilter(ObservationFilterChainDecorator.java:227)
	at org.springframework.security.web.ObservationFilterChainDecorator$VirtualFilterChain.doFilter(ObservationFilterChainDecorator.java:137)
	at org.springframework.security.web.savedrequest.RequestCacheAwareFilter.doFilter(RequestCacheAwareFilter.java:63)
	at org.springframework.security.web.ObservationFilterChainDecorator$ObservationFilter.wrapFilter(ObservationFilterChainDecorator.java:240)
	at org.springframework.security.web.ObservationFilterChainDecorator$ObservationFilter.doFilter(ObservationFilterChainDecorator.java:227)
	at org.springframework.security.web.ObservationFilterChainDecorator$VirtualFilterChain.doFilter(ObservationFilterChainDecorator.java:137)
	at com.unicorn.lunchpick.member.config.jwt.JwtAuthenticationFilter.doFilterInternal(JwtAuthenticationFilter.java:91)
	at org.springframework.web.filter.OncePerRequestFilter.doFilter(OncePerRequestFilter.java:116)
	at org.springframework.security.web.ObservationFilterChainDecorator$ObservationFilter.wrapFilter(ObservationFilterChainDecorator.java:240)
	at org.springframework.security.web.ObservationFilterChainDecorator$ObservationFilter.doFilter(ObservationFilterChainDecorator.java:227)
	at org.springframework.security.web.ObservationFilterChainDecorator$VirtualFilterChain.doFilter(ObservationFilterChainDecorator.java:137)
	at org.springframework.security.web.authentication.logout.LogoutFilter.doFilter(LogoutFilter.java:107)
	at org.springframework.security.web.authentication.logout.LogoutFilter.doFilter(LogoutFilter.java:93)
	at org.springframework.security.web.ObservationFilterChainDecorator$ObservationFilter.wrapFilter(ObservationFilterChainDecorator.java:240)
	at org.springframework.security.web.ObservationFilterChainDecorator$ObservationFilter.doFilter(ObservationFilterChainDecorator.java:227)
	at org.springframework.security.web.ObservationFilterChainDecorator$VirtualFilterChain.doFilter(ObservationFilterChainDecorator.java:137)
	at org.springframework.web.filter.CorsFilter.doFilterInternal(CorsFilter.java:91)
	at org.springframework.web.filter.OncePerRequestFilter.doFilter(OncePerRequestFilter.java:116)
	at org.springframework.security.web.ObservationFilterChainDecorator$ObservationFilter.wrapFilter(ObservationFilterChainDecorator.java:240)
	at org.springframework.security.web.ObservationFilterChainDecorator$ObservationFilter.doFilter(ObservationFilterChainDecorator.java:227)
	at org.springframework.security.web.ObservationFilterChainDecorator$VirtualFilterChain.doFilter(ObservationFilterChainDecorator.java:137)
	at org.springframework.security.web.header.HeaderWriterFilter.doHeadersAfter(HeaderWriterFilter.java:90)
	at org.springframework.security.web.header.HeaderWriterFilter.doFilterInternal(HeaderWriterFilter.java:75)
	at org.springframework.web.filter.OncePerRequestFilter.doFilter(OncePerRequestFilter.java:116)
	at org.springframework.security.web.ObservationFilterChainDecorator$ObservationFilter.wrapFilter(ObservationFilterChainDecorator.java:240)
	at org.springframework.security.web.ObservationFilterChainDecorator$ObservationFilter.doFilter(ObservationFilterChainDecorator.java:227)
	at org.springframework.security.web.ObservationFilterChainDecorator$VirtualFilterChain.doFilter(ObservationFilterChainDecorator.java:137)
	at org.springframework.security.web.context.SecurityContextHolderFilter.doFilter(SecurityContextHolderFilter.java:82)
	at org.springframework.security.web.context.SecurityContextHolderFilter.doFilter(SecurityContextHolderFilter.java:69)
	at org.springframework.security.web.ObservationFilterChainDecorator$ObservationFilter.wrapFilter(ObservationFilterChainDecorator.java:240)
	at org.springframework.security.web.ObservationFilterChainDecorator$ObservationFilter.doFilter(ObservationFilterChainDecorator.java:227)
	at org.springframework.security.web.ObservationFilterChainDecorator$VirtualFilterChain.doFilter(ObservationFilterChainDecorator.java:137)
	at org.springframework.security.web.context.request.async.WebAsyncManagerIntegrationFilter.doFilterInternal(WebAsyncManagerIntegrationFilter.java:62)
	at org.springframework.web.filter.OncePerRequestFilter.doFilter(OncePerRequestFilter.java:116)
	at org.springframework.security.web.ObservationFilterChainDecorator$ObservationFilter.wrapFilter(ObservationFilterChainDecorator.java:240)
	at org.springframework.security.web.ObservationFilterChainDecorator$ObservationFilter.doFilter(ObservationFilterChainDecorator.java:227)
	at org.springframework.security.web.ObservationFilterChainDecorator$VirtualFilterChain.doFilter(ObservationFilterChainDecorator.java:137)
	at org.springframework.security.web.session.DisableEncodeUrlFilter.doFilterInternal(DisableEncodeUrlFilter.java:42)
	at org.springframework.web.filter.OncePerRequestFilter.doFilter(OncePerRequestFilter.java:116)
	at org.springframework.security.web.ObservationFilterChainDecorator$ObservationFilter.wrapFilter(ObservationFilterChainDecorator.java:240)
	at org.springframework.security.web.ObservationFilterChainDecorator$AroundFilterObservation$SimpleAroundFilterObservation.lambda$wrap$0(ObservationFilterChainDecorator.java:323)
	at org.springframework.security.web.ObservationFilterChainDecorator$ObservationFilter.doFilter(ObservationFilterChainDecorator.java:224)
	at org.springframework.security.web.ObservationFilterChainDecorator$VirtualFilterChain.doFilter(ObservationFilterChainDecorator.java:137)
	at org.springframework.security.web.FilterChainProxy.doFilterInternal(FilterChainProxy.java:233)
	at org.springframework.security.web.FilterChainProxy.doFilter(FilterChainProxy.java:191)
	at org.springframework.web.filter.CompositeFilter$VirtualFilterChain.doFilter(CompositeFilter.java:113)
	at org.springframework.web.servlet.handler.HandlerMappingIntrospector.lambda$createCacheFilter$3(HandlerMappingIntrospector.java:243)
	at org.springframework.web.filter.CompositeFilter$VirtualFilterChain.doFilter(CompositeFilter.java:113)
	at org.springframework.web.filter.CompositeFilter.doFilter(CompositeFilter.java:74)
	at org.springframework.security.config.annotation.web.configuration.WebMvcSecurityConfiguration$CompositeFilterChainProxy.doFilter(WebMvcSecurityConfiguration.java:238)
	at org.springframework.web.filter.DelegatingFilterProxy.invokeDelegate(DelegatingFilterProxy.java:362)
	at org.springframework.web.filter.DelegatingFilterProxy.doFilter(DelegatingFilterProxy.java:278)
	at org.apache.catalina.core.ApplicationFilterChain.internalDoFilter(ApplicationFilterChain.java:164)
	at org.apache.catalina.core.ApplicationFilterChain.doFilter(ApplicationFilterChain.java:140)
	at org.springframework.web.filter.RequestContextFilter.doFilterInternal(RequestContextFilter.java:100)
	at org.springframework.web.filter.OncePerRequestFilter.doFilter(OncePerRequestFilter.java:116)
	at org.apache.catalina.core.ApplicationFilterChain.internalDoFilter(ApplicationFilterChain.java:164)
	at org.apache.catalina.core.ApplicationFilterChain.doFilter(ApplicationFilterChain.java:140)
	at org.springframework.web.filter.FormContentFilter.doFilterInternal(FormContentFilter.java:93)
	at org.springframework.web.filter.OncePerRequestFilter.doFilter(OncePerRequestFilter.java:116)
	at org.apache.catalina.core.ApplicationFilterChain.internalDoFilter(ApplicationFilterChain.java:164)
	at org.apache.catalina.core.ApplicationFilterChain.doFilter(ApplicationFilterChain.java:140)
	at org.springframework.web.filter.ServerHttpObservationFilter.doFilterInternal(ServerHttpObservationFilter.java:114)
	at org.springframework.web.filter.OncePerRequestFilter.doFilter(OncePerRequestFilter.java:116)
	at org.apache.catalina.core.ApplicationFilterChain.internalDoFilter(ApplicationFilterChain.java:164)
	at org.apache.catalina.core.ApplicationFilterChain.doFilter(ApplicationFilterChain.java:140)
	at org.springframework.web.filter.CharacterEncodingFilter.doFilterInternal(CharacterEncodingFilter.java:201)
	at org.springframework.web.filter.OncePerRequestFilter.doFilter(OncePerRequestFilter.java:116)
	at org.apache.catalina.core.ApplicationFilterChain.internalDoFilter(ApplicationFilterChain.java:164)
	at org.apache.catalina.core.ApplicationFilterChain.doFilter(ApplicationFilterChain.java:140)
	at org.apache.catalina.core.StandardWrapperValve.invoke(StandardWrapperValve.java:167)
	at org.apache.catalina.core.StandardContextValve.invoke(StandardContextValve.java:90)
	at org.apache.catalina.authenticator.AuthenticatorBase.invoke(AuthenticatorBase.java:483)
	at org.apache.catalina.core.StandardHostValve.invoke(StandardHostValve.java:115)
	at org.apache.catalina.valves.ErrorReportValve.invoke(ErrorReportValve.java:93)
	at org.apache.catalina.core.StandardEngineValve.invoke(StandardEngineValve.java:74)
	at org.apache.catalina.connector.CoyoteAdapter.service(CoyoteAdapter.java:344)
	at org.apache.coyote.http11.Http11Processor.service(Http11Processor.java:397)
	at org.apache.coyote.AbstractProcessorLight.process(AbstractProcessorLight.java:63)
	at org.apache.coyote.AbstractProtocol$ConnectionHandler.process(AbstractProtocol.java:905)
	at org.apache.tomcat.util.net.NioEndpoint$SocketProcessor.doRun(NioEndpoint.java:1741)
	at org.apache.tomcat.util.net.SocketProcessorBase.run(SocketProcessorBase.java:52)
	at org.apache.tomcat.util.threads.ThreadPoolExecutor.runWorker(ThreadPoolExecutor.java:1190)
	at org.apache.tomcat.util.threads.ThreadPoolExecutor$Worker.run(ThreadPoolExecutor.java:659)
	at org.apache.tomcat.util.threads.TaskThread$WrappingRunnable.run(TaskThread.java:63)
	at java.base/java.lang.Thread.run(Thread.java:1583)
Caused by: com.fasterxml.jackson.databind.exc.UnrecognizedPropertyException: Unrecognized field "email" (class com.unicorn.lunchpick.member.dto.request.UpdateProfileRequest), not marked as ignorable (2 known properties: "nickname", "notificationSettings"])
 at [Source: REDACTED (`StreamReadFeature.INCLUDE_SOURCE_IN_LOCATION` disabled); line: 1, column: 30] (through reference chain: com.unicorn.lunchpick.member.dto.request.UpdateProfileRequest["email"])
	at com.fasterxml.jackson.databind.exc.UnrecognizedPropertyException.from(UnrecognizedPropertyException.java:61)
	at com.fasterxml.jackson.databind.DeserializationContext.handleUnknownProperty(DeserializationContext.java:1153)
	at com.fasterxml.jackson.databind.deser.std.StdDeserializer.handleUnknownProperty(StdDeserializer.java:2241)
	at com.fasterxml.jackson.databind.deser.BeanDeserializerBase.handleUnknownProperty(BeanDeserializerBase.java:1821)
	at com.fasterxml.jackson.databind.deser.BeanDeserializerBase.handleUnknownProperties(BeanDeserializerBase.java:1771)
	at com.fasterxml.jackson.databind.deser.BeanDeserializer._deserializeUsingPropertyBased(BeanDeserializer.java:561)
	at com.fasterxml.jackson.databind.deser.BeanDeserializerBase.deserializeFromObjectUsingNonDefault(BeanDeserializerBase.java:1497)
	at com.fasterxml.jackson.databind.deser.BeanDeserializer.deserializeFromObject(BeanDeserializer.java:348)
	at com.fasterxml.jackson.databind.deser.BeanDeserializer.deserialize(BeanDeserializer.java:185)
	at com.fasterxml.jackson.databind.deser.DefaultDeserializationContext.readRootValue(DefaultDeserializationContext.java:342)
	at com.fasterxml.jackson.databind.ObjectReader._bindAndClose(ObjectReader.java:2125)
	at com.fasterxml.jackson.databind.ObjectReader.readValue(ObjectReader.java:1501)
	at org.springframework.http.converter.json.AbstractJackson2HttpMessageConverter.readJavaType(AbstractJackson2HttpMessageConverter.java:398)
	... 135 common frames omitted
2026-02-27 23:40:03 [http-nio-8081-exec-3] DEBUG c.u.l.m.c.j.JwtAuthenticationFilter - JWT 인증 완료 — memberId: 9e9447a9-3e25-4fcb-b374-8eb5a849bf87
2026-02-27 23:40:03 [http-nio-8081-exec-3] ERROR c.u.l.m.e.GlobalExceptionHandler - 서버 내부 오류 발생
org.springframework.http.converter.HttpMessageNotReadableException: JSON parse error: Unrecognized field "email" (class com.unicorn.lunchpick.member.dto.request.UpdateProfileRequest), not marked as ignorable
	at org.springframework.http.converter.json.AbstractJackson2HttpMessageConverter.readJavaType(AbstractJackson2HttpMessageConverter.java:409)
	at org.springframework.http.converter.json.AbstractJackson2HttpMessageConverter.read(AbstractJackson2HttpMessageConverter.java:357)
	at org.springframework.web.servlet.mvc.method.annotation.AbstractMessageConverterMethodArgumentResolver.readWithMessageConverters(AbstractMessageConverterMethodArgumentResolver.java:204)
	at org.springframework.web.servlet.mvc.method.annotation.RequestResponseBodyMethodProcessor.readWithMessageConverters(RequestResponseBodyMethodProcessor.java:176)
	at org.springframework.web.servlet.mvc.method.annotation.RequestResponseBodyMethodProcessor.resolveArgument(RequestResponseBodyMethodProcessor.java:150)
	at org.springframework.web.method.support.HandlerMethodArgumentResolverComposite.resolveArgument(HandlerMethodArgumentResolverComposite.java:122)
	at org.springframework.web.method.support.InvocableHandlerMethod.getMethodArgumentValues(InvocableHandlerMethod.java:226)
	at org.springframework.web.method.support.InvocableHandlerMethod.invokeForRequest(InvocableHandlerMethod.java:180)
	at org.springframework.web.servlet.mvc.method.annotation.ServletInvocableHandlerMethod.invokeAndHandle(ServletInvocableHandlerMethod.java:118)
	at org.springframework.web.servlet.mvc.method.annotation.RequestMappingHandlerAdapter.invokeHandlerMethod(RequestMappingHandlerAdapter.java:986)
	at org.springframework.web.servlet.mvc.method.annotation.RequestMappingHandlerAdapter.handleInternal(RequestMappingHandlerAdapter.java:891)
	at org.springframework.web.servlet.mvc.method.AbstractHandlerMethodAdapter.handle(AbstractHandlerMethodAdapter.java:87)
	at org.springframework.web.servlet.DispatcherServlet.doDispatch(DispatcherServlet.java:1088)
	at org.springframework.web.servlet.DispatcherServlet.doService(DispatcherServlet.java:978)
	at org.springframework.web.servlet.FrameworkServlet.processRequest(FrameworkServlet.java:1014)
	at org.springframework.web.servlet.FrameworkServlet.doPut(FrameworkServlet.java:925)
	at jakarta.servlet.http.HttpServlet.service(HttpServlet.java:593)
	at org.springframework.web.servlet.FrameworkServlet.service(FrameworkServlet.java:885)
	at jakarta.servlet.http.HttpServlet.service(HttpServlet.java:658)
	at org.apache.catalina.core.ApplicationFilterChain.internalDoFilter(ApplicationFilterChain.java:195)
	at org.apache.catalina.core.ApplicationFilterChain.doFilter(ApplicationFilterChain.java:140)
	at org.apache.tomcat.websocket.server.WsFilter.doFilter(WsFilter.java:51)
	at org.apache.catalina.core.ApplicationFilterChain.internalDoFilter(ApplicationFilterChain.java:164)
	at org.apache.catalina.core.ApplicationFilterChain.doFilter(ApplicationFilterChain.java:140)
	at org.springframework.web.filter.CompositeFilter$VirtualFilterChain.doFilter(CompositeFilter.java:108)
	at org.springframework.security.web.FilterChainProxy.lambda$doFilterInternal$3(FilterChainProxy.java:231)
	at org.springframework.security.web.ObservationFilterChainDecorator$FilterObservation$SimpleFilterObservation.lambda$wrap$1(ObservationFilterChainDecorator.java:479)
	at org.springframework.security.web.ObservationFilterChainDecorator$AroundFilterObservation$SimpleAroundFilterObservation.lambda$wrap$1(ObservationFilterChainDecorator.java:340)
	at org.springframework.security.web.ObservationFilterChainDecorator.lambda$wrapSecured$0(ObservationFilterChainDecorator.java:82)
	at org.springframework.security.web.ObservationFilterChainDecorator$VirtualFilterChain.doFilter(ObservationFilterChainDecorator.java:128)
	at org.springframework.security.web.access.intercept.AuthorizationFilter.doFilter(AuthorizationFilter.java:101)
	at org.springframework.security.web.ObservationFilterChainDecorator$ObservationFilter.wrapFilter(ObservationFilterChainDecorator.java:240)
	at org.springframework.security.web.ObservationFilterChainDecorator$ObservationFilter.doFilter(ObservationFilterChainDecorator.java:227)
	at org.springframework.security.web.ObservationFilterChainDecorator$VirtualFilterChain.doFilter(ObservationFilterChainDecorator.java:137)
	at org.springframework.security.web.access.ExceptionTranslationFilter.doFilter(ExceptionTranslationFilter.java:126)
	at org.springframework.security.web.access.ExceptionTranslationFilter.doFilter(ExceptionTranslationFilter.java:120)
	at org.springframework.security.web.ObservationFilterChainDecorator$ObservationFilter.wrapFilter(ObservationFilterChainDecorator.java:240)
	at org.springframework.security.web.ObservationFilterChainDecorator$ObservationFilter.doFilter(ObservationFilterChainDecorator.java:227)
	at org.springframework.security.web.ObservationFilterChainDecorator$VirtualFilterChain.doFilter(ObservationFilterChainDecorator.java:137)
	at org.springframework.security.web.session.SessionManagementFilter.doFilter(SessionManagementFilter.java:131)
	at org.springframework.security.web.session.SessionManagementFilter.doFilter(SessionManagementFilter.java:85)
	at org.springframework.security.web.ObservationFilterChainDecorator$ObservationFilter.wrapFilter(ObservationFilterChainDecorator.java:240)
	at org.springframework.security.web.ObservationFilterChainDecorator$ObservationFilter.doFilter(ObservationFilterChainDecorator.java:227)
	at org.springframework.security.web.ObservationFilterChainDecorator$VirtualFilterChain.doFilter(ObservationFilterChainDecorator.java:137)
	at org.springframework.security.web.authentication.AnonymousAuthenticationFilter.doFilter(AnonymousAuthenticationFilter.java:100)
	at org.springframework.security.web.ObservationFilterChainDecorator$ObservationFilter.wrapFilter(ObservationFilterChainDecorator.java:240)
	at org.springframework.security.web.ObservationFilterChainDecorator$ObservationFilter.doFilter(ObservationFilterChainDecorator.java:227)
	at org.springframework.security.web.ObservationFilterChainDecorator$VirtualFilterChain.doFilter(ObservationFilterChainDecorator.java:137)
	at org.springframework.security.web.servletapi.SecurityContextHolderAwareRequestFilter.doFilter(SecurityContextHolderAwareRequestFilter.java:179)
	at org.springframework.security.web.ObservationFilterChainDecorator$ObservationFilter.wrapFilter(ObservationFilterChainDecorator.java:240)
	at org.springframework.security.web.ObservationFilterChainDecorator$ObservationFilter.doFilter(ObservationFilterChainDecorator.java:227)
	at org.springframework.security.web.ObservationFilterChainDecorator$VirtualFilterChain.doFilter(ObservationFilterChainDecorator.java:137)
	at org.springframework.security.web.savedrequest.RequestCacheAwareFilter.doFilter(RequestCacheAwareFilter.java:63)
	at org.springframework.security.web.ObservationFilterChainDecorator$ObservationFilter.wrapFilter(ObservationFilterChainDecorator.java:240)
	at org.springframework.security.web.ObservationFilterChainDecorator$ObservationFilter.doFilter(ObservationFilterChainDecorator.java:227)
	at org.springframework.security.web.ObservationFilterChainDecorator$VirtualFilterChain.doFilter(ObservationFilterChainDecorator.java:137)
	at com.unicorn.lunchpick.member.config.jwt.JwtAuthenticationFilter.doFilterInternal(JwtAuthenticationFilter.java:91)
	at org.springframework.web.filter.OncePerRequestFilter.doFilter(OncePerRequestFilter.java:116)
	at org.springframework.security.web.ObservationFilterChainDecorator$ObservationFilter.wrapFilter(ObservationFilterChainDecorator.java:240)
	at org.springframework.security.web.ObservationFilterChainDecorator$ObservationFilter.doFilter(ObservationFilterChainDecorator.java:227)
	at org.springframework.security.web.ObservationFilterChainDecorator$VirtualFilterChain.doFilter(ObservationFilterChainDecorator.java:137)
	at org.springframework.security.web.authentication.logout.LogoutFilter.doFilter(LogoutFilter.java:107)
	at org.springframework.security.web.authentication.logout.LogoutFilter.doFilter(LogoutFilter.java:93)
	at org.springframework.security.web.ObservationFilterChainDecorator$ObservationFilter.wrapFilter(ObservationFilterChainDecorator.java:240)
	at org.springframework.security.web.ObservationFilterChainDecorator$ObservationFilter.doFilter(ObservationFilterChainDecorator.java:227)
	at org.springframework.security.web.ObservationFilterChainDecorator$VirtualFilterChain.doFilter(ObservationFilterChainDecorator.java:137)
	at org.springframework.web.filter.CorsFilter.doFilterInternal(CorsFilter.java:91)
	at org.springframework.web.filter.OncePerRequestFilter.doFilter(OncePerRequestFilter.java:116)
	at org.springframework.security.web.ObservationFilterChainDecorator$ObservationFilter.wrapFilter(ObservationFilterChainDecorator.java:240)
	at org.springframework.security.web.ObservationFilterChainDecorator$ObservationFilter.doFilter(ObservationFilterChainDecorator.java:227)
	at org.springframework.security.web.ObservationFilterChainDecorator$VirtualFilterChain.doFilter(ObservationFilterChainDecorator.java:137)
	at org.springframework.security.web.header.HeaderWriterFilter.doHeadersAfter(HeaderWriterFilter.java:90)
	at org.springframework.security.web.header.HeaderWriterFilter.doFilterInternal(HeaderWriterFilter.java:75)
	at org.springframework.web.filter.OncePerRequestFilter.doFilter(OncePerRequestFilter.java:116)
	at org.springframework.security.web.ObservationFilterChainDecorator$ObservationFilter.wrapFilter(ObservationFilterChainDecorator.java:240)
	at org.springframework.security.web.ObservationFilterChainDecorator$ObservationFilter.doFilter(ObservationFilterChainDecorator.java:227)
	at org.springframework.security.web.ObservationFilterChainDecorator$VirtualFilterChain.doFilter(ObservationFilterChainDecorator.java:137)
	at org.springframework.security.web.context.SecurityContextHolderFilter.doFilter(SecurityContextHolderFilter.java:82)
	at org.springframework.security.web.context.SecurityContextHolderFilter.doFilter(SecurityContextHolderFilter.java:69)
	at org.springframework.security.web.ObservationFilterChainDecorator$ObservationFilter.wrapFilter(ObservationFilterChainDecorator.java:240)
	at org.springframework.security.web.ObservationFilterChainDecorator$ObservationFilter.doFilter(ObservationFilterChainDecorator.java:227)
	at org.springframework.security.web.ObservationFilterChainDecorator$VirtualFilterChain.doFilter(ObservationFilterChainDecorator.java:137)
	at org.springframework.security.web.context.request.async.WebAsyncManagerIntegrationFilter.doFilterInternal(WebAsyncManagerIntegrationFilter.java:62)
	at org.springframework.web.filter.OncePerRequestFilter.doFilter(OncePerRequestFilter.java:116)
	at org.springframework.security.web.ObservationFilterChainDecorator$ObservationFilter.wrapFilter(ObservationFilterChainDecorator.java:240)
	at org.springframework.security.web.ObservationFilterChainDecorator$ObservationFilter.doFilter(ObservationFilterChainDecorator.java:227)
	at org.springframework.security.web.ObservationFilterChainDecorator$VirtualFilterChain.doFilter(ObservationFilterChainDecorator.java:137)
	at org.springframework.security.web.session.DisableEncodeUrlFilter.doFilterInternal(DisableEncodeUrlFilter.java:42)
	at org.springframework.web.filter.OncePerRequestFilter.doFilter(OncePerRequestFilter.java:116)
	at org.springframework.security.web.ObservationFilterChainDecorator$ObservationFilter.wrapFilter(ObservationFilterChainDecorator.java:240)
	at org.springframework.security.web.ObservationFilterChainDecorator$AroundFilterObservation$SimpleAroundFilterObservation.lambda$wrap$0(ObservationFilterChainDecorator.java:323)
	at org.springframework.security.web.ObservationFilterChainDecorator$ObservationFilter.doFilter(ObservationFilterChainDecorator.java:224)
	at org.springframework.security.web.ObservationFilterChainDecorator$VirtualFilterChain.doFilter(ObservationFilterChainDecorator.java:137)
	at org.springframework.security.web.FilterChainProxy.doFilterInternal(FilterChainProxy.java:233)
	at org.springframework.security.web.FilterChainProxy.doFilter(FilterChainProxy.java:191)
	at org.springframework.web.filter.CompositeFilter$VirtualFilterChain.doFilter(CompositeFilter.java:113)
	at org.springframework.web.servlet.handler.HandlerMappingIntrospector.lambda$createCacheFilter$3(HandlerMappingIntrospector.java:243)
	at org.springframework.web.filter.CompositeFilter$VirtualFilterChain.doFilter(CompositeFilter.java:113)
	at org.springframework.web.filter.CompositeFilter.doFilter(CompositeFilter.java:74)
	at org.springframework.security.config.annotation.web.configuration.WebMvcSecurityConfiguration$CompositeFilterChainProxy.doFilter(WebMvcSecurityConfiguration.java:238)
	at org.springframework.web.filter.DelegatingFilterProxy.invokeDelegate(DelegatingFilterProxy.java:362)
	at org.springframework.web.filter.DelegatingFilterProxy.doFilter(DelegatingFilterProxy.java:278)
	at org.apache.catalina.core.ApplicationFilterChain.internalDoFilter(ApplicationFilterChain.java:164)
	at org.apache.catalina.core.ApplicationFilterChain.doFilter(ApplicationFilterChain.java:140)
	at org.springframework.web.filter.RequestContextFilter.doFilterInternal(RequestContextFilter.java:100)
	at org.springframework.web.filter.OncePerRequestFilter.doFilter(OncePerRequestFilter.java:116)
	at org.apache.catalina.core.ApplicationFilterChain.internalDoFilter(ApplicationFilterChain.java:164)
	at org.apache.catalina.core.ApplicationFilterChain.doFilter(ApplicationFilterChain.java:140)
	at org.springframework.web.filter.FormContentFilter.doFilterInternal(FormContentFilter.java:93)
	at org.springframework.web.filter.OncePerRequestFilter.doFilter(OncePerRequestFilter.java:116)
	at org.apache.catalina.core.ApplicationFilterChain.internalDoFilter(ApplicationFilterChain.java:164)
	at org.apache.catalina.core.ApplicationFilterChain.doFilter(ApplicationFilterChain.java:140)
	at org.springframework.web.filter.ServerHttpObservationFilter.doFilterInternal(ServerHttpObservationFilter.java:114)
	at org.springframework.web.filter.OncePerRequestFilter.doFilter(OncePerRequestFilter.java:116)
	at org.apache.catalina.core.ApplicationFilterChain.internalDoFilter(ApplicationFilterChain.java:164)
	at org.apache.catalina.core.ApplicationFilterChain.doFilter(ApplicationFilterChain.java:140)
	at org.springframework.web.filter.CharacterEncodingFilter.doFilterInternal(CharacterEncodingFilter.java:201)
	at org.springframework.web.filter.OncePerRequestFilter.doFilter(OncePerRequestFilter.java:116)
	at org.apache.catalina.core.ApplicationFilterChain.internalDoFilter(ApplicationFilterChain.java:164)
	at org.apache.catalina.core.ApplicationFilterChain.doFilter(ApplicationFilterChain.java:140)
	at org.apache.catalina.core.StandardWrapperValve.invoke(StandardWrapperValve.java:167)
	at org.apache.catalina.core.StandardContextValve.invoke(StandardContextValve.java:90)
	at org.apache.catalina.authenticator.AuthenticatorBase.invoke(AuthenticatorBase.java:483)
	at org.apache.catalina.core.StandardHostValve.invoke(StandardHostValve.java:115)
	at org.apache.catalina.valves.ErrorReportValve.invoke(ErrorReportValve.java:93)
	at org.apache.catalina.core.StandardEngineValve.invoke(StandardEngineValve.java:74)
	at org.apache.catalina.connector.CoyoteAdapter.service(CoyoteAdapter.java:344)
	at org.apache.coyote.http11.Http11Processor.service(Http11Processor.java:397)
	at org.apache.coyote.AbstractProcessorLight.process(AbstractProcessorLight.java:63)
	at org.apache.coyote.AbstractProtocol$ConnectionHandler.process(AbstractProtocol.java:905)
	at org.apache.tomcat.util.net.NioEndpoint$SocketProcessor.doRun(NioEndpoint.java:1741)
	at org.apache.tomcat.util.net.SocketProcessorBase.run(SocketProcessorBase.java:52)
	at org.apache.tomcat.util.threads.ThreadPoolExecutor.runWorker(ThreadPoolExecutor.java:1190)
	at org.apache.tomcat.util.threads.ThreadPoolExecutor$Worker.run(ThreadPoolExecutor.java:659)
	at org.apache.tomcat.util.threads.TaskThread$WrappingRunnable.run(TaskThread.java:63)
	at java.base/java.lang.Thread.run(Thread.java:1583)
Caused by: com.fasterxml.jackson.databind.exc.UnrecognizedPropertyException: Unrecognized field "email" (class com.unicorn.lunchpick.member.dto.request.UpdateProfileRequest), not marked as ignorable (2 known properties: "nickname", "notificationSettings"])
 at [Source: REDACTED (`StreamReadFeature.INCLUDE_SOURCE_IN_LOCATION` disabled); line: 1, column: 30] (through reference chain: com.unicorn.lunchpick.member.dto.request.UpdateProfileRequest["email"])
	at com.fasterxml.jackson.databind.exc.UnrecognizedPropertyException.from(UnrecognizedPropertyException.java:61)
	at com.fasterxml.jackson.databind.DeserializationContext.handleUnknownProperty(DeserializationContext.java:1153)
	at com.fasterxml.jackson.databind.deser.std.StdDeserializer.handleUnknownProperty(StdDeserializer.java:2241)
	at com.fasterxml.jackson.databind.deser.BeanDeserializerBase.handleUnknownProperty(BeanDeserializerBase.java:1821)
	at com.fasterxml.jackson.databind.deser.BeanDeserializerBase.handleUnknownProperties(BeanDeserializerBase.java:1771)
	at com.fasterxml.jackson.databind.deser.BeanDeserializer._deserializeUsingPropertyBased(BeanDeserializer.java:561)
	at com.fasterxml.jackson.databind.deser.BeanDeserializerBase.deserializeFromObjectUsingNonDefault(BeanDeserializerBase.java:1497)
	at com.fasterxml.jackson.databind.deser.BeanDeserializer.deserializeFromObject(BeanDeserializer.java:348)
	at com.fasterxml.jackson.databind.deser.BeanDeserializer.deserialize(BeanDeserializer.java:185)
	at com.fasterxml.jackson.databind.deser.DefaultDeserializationContext.readRootValue(DefaultDeserializationContext.java:342)
	at com.fasterxml.jackson.databind.ObjectReader._bindAndClose(ObjectReader.java:2125)
	at com.fasterxml.jackson.databind.ObjectReader.readValue(ObjectReader.java:1501)
	at org.springframework.http.converter.json.AbstractJackson2HttpMessageConverter.readJavaType(AbstractJackson2HttpMessageConverter.java:398)
	... 135 common frames omitted
2026-02-27 23:40:04 [http-nio-8081-exec-6] DEBUG c.u.l.m.c.j.JwtAuthenticationFilter - JWT 인증 완료 — memberId: 9e9447a9-3e25-4fcb-b374-8eb5a849bf87
2026-02-27 23:40:04 [http-nio-8081-exec-6] ERROR c.u.l.m.e.GlobalExceptionHandler - 서버 내부 오류 발생
org.springframework.http.converter.HttpMessageNotReadableException: JSON parse error: Unrecognized field "email" (class com.unicorn.lunchpick.member.dto.request.UpdateProfileRequest), not marked as ignorable
	at org.springframework.http.converter.json.AbstractJackson2HttpMessageConverter.readJavaType(AbstractJackson2HttpMessageConverter.java:409)
	at org.springframework.http.converter.json.AbstractJackson2HttpMessageConverter.read(AbstractJackson2HttpMessageConverter.java:357)
	at org.springframework.web.servlet.mvc.method.annotation.AbstractMessageConverterMethodArgumentResolver.readWithMessageConverters(AbstractMessageConverterMethodArgumentResolver.java:204)
	at org.springframework.web.servlet.mvc.method.annotation.RequestResponseBodyMethodProcessor.readWithMessageConverters(RequestResponseBodyMethodProcessor.java:176)
	at org.springframework.web.servlet.mvc.method.annotation.RequestResponseBodyMethodProcessor.resolveArgument(RequestResponseBodyMethodProcessor.java:150)
	at org.springframework.web.method.support.HandlerMethodArgumentResolverComposite.resolveArgument(HandlerMethodArgumentResolverComposite.java:122)
	at org.springframework.web.method.support.InvocableHandlerMethod.getMethodArgumentValues(InvocableHandlerMethod.java:226)
	at org.springframework.web.method.support.InvocableHandlerMethod.invokeForRequest(InvocableHandlerMethod.java:180)
	at org.springframework.web.servlet.mvc.method.annotation.ServletInvocableHandlerMethod.invokeAndHandle(ServletInvocableHandlerMethod.java:118)
	at org.springframework.web.servlet.mvc.method.annotation.RequestMappingHandlerAdapter.invokeHandlerMethod(RequestMappingHandlerAdapter.java:986)
	at org.springframework.web.servlet.mvc.method.annotation.RequestMappingHandlerAdapter.handleInternal(RequestMappingHandlerAdapter.java:891)
	at org.springframework.web.servlet.mvc.method.AbstractHandlerMethodAdapter.handle(AbstractHandlerMethodAdapter.java:87)
	at org.springframework.web.servlet.DispatcherServlet.doDispatch(DispatcherServlet.java:1088)
	at org.springframework.web.servlet.DispatcherServlet.doService(DispatcherServlet.java:978)
	at org.springframework.web.servlet.FrameworkServlet.processRequest(FrameworkServlet.java:1014)
	at org.springframework.web.servlet.FrameworkServlet.doPut(FrameworkServlet.java:925)
	at jakarta.servlet.http.HttpServlet.service(HttpServlet.java:593)
	at org.springframework.web.servlet.FrameworkServlet.service(FrameworkServlet.java:885)
	at jakarta.servlet.http.HttpServlet.service(HttpServlet.java:658)
	at org.apache.catalina.core.ApplicationFilterChain.internalDoFilter(ApplicationFilterChain.java:195)
	at org.apache.catalina.core.ApplicationFilterChain.doFilter(ApplicationFilterChain.java:140)
	at org.apache.tomcat.websocket.server.WsFilter.doFilter(WsFilter.java:51)
	at org.apache.catalina.core.ApplicationFilterChain.internalDoFilter(ApplicationFilterChain.java:164)
	at org.apache.catalina.core.ApplicationFilterChain.doFilter(ApplicationFilterChain.java:140)
	at org.springframework.web.filter.CompositeFilter$VirtualFilterChain.doFilter(CompositeFilter.java:108)
	at org.springframework.security.web.FilterChainProxy.lambda$doFilterInternal$3(FilterChainProxy.java:231)
	at org.springframework.security.web.ObservationFilterChainDecorator$FilterObservation$SimpleFilterObservation.lambda$wrap$1(ObservationFilterChainDecorator.java:479)
	at org.springframework.security.web.ObservationFilterChainDecorator$AroundFilterObservation$SimpleAroundFilterObservation.lambda$wrap$1(ObservationFilterChainDecorator.java:340)
	at org.springframework.security.web.ObservationFilterChainDecorator.lambda$wrapSecured$0(ObservationFilterChainDecorator.java:82)
	at org.springframework.security.web.ObservationFilterChainDecorator$VirtualFilterChain.doFilter(ObservationFilterChainDecorator.java:128)
	at org.springframework.security.web.access.intercept.AuthorizationFilter.doFilter(AuthorizationFilter.java:101)
	at org.springframework.security.web.ObservationFilterChainDecorator$ObservationFilter.wrapFilter(ObservationFilterChainDecorator.java:240)
	at org.springframework.security.web.ObservationFilterChainDecorator$ObservationFilter.doFilter(ObservationFilterChainDecorator.java:227)
	at org.springframework.security.web.ObservationFilterChainDecorator$VirtualFilterChain.doFilter(ObservationFilterChainDecorator.java:137)
	at org.springframework.security.web.access.ExceptionTranslationFilter.doFilter(ExceptionTranslationFilter.java:126)
	at org.springframework.security.web.access.ExceptionTranslationFilter.doFilter(ExceptionTranslationFilter.java:120)
	at org.springframework.security.web.ObservationFilterChainDecorator$ObservationFilter.wrapFilter(ObservationFilterChainDecorator.java:240)
	at org.springframework.security.web.ObservationFilterChainDecorator$ObservationFilter.doFilter(ObservationFilterChainDecorator.java:227)
	at org.springframework.security.web.ObservationFilterChainDecorator$VirtualFilterChain.doFilter(ObservationFilterChainDecorator.java:137)
	at org.springframework.security.web.session.SessionManagementFilter.doFilter(SessionManagementFilter.java:131)
	at org.springframework.security.web.session.SessionManagementFilter.doFilter(SessionManagementFilter.java:85)
	at org.springframework.security.web.ObservationFilterChainDecorator$ObservationFilter.wrapFilter(ObservationFilterChainDecorator.java:240)
	at org.springframework.security.web.ObservationFilterChainDecorator$ObservationFilter.doFilter(ObservationFilterChainDecorator.java:227)
	at org.springframework.security.web.ObservationFilterChainDecorator$VirtualFilterChain.doFilter(ObservationFilterChainDecorator.java:137)
	at org.springframework.security.web.authentication.AnonymousAuthenticationFilter.doFilter(AnonymousAuthenticationFilter.java:100)
	at org.springframework.security.web.ObservationFilterChainDecorator$ObservationFilter.wrapFilter(ObservationFilterChainDecorator.java:240)
	at org.springframework.security.web.ObservationFilterChainDecorator$ObservationFilter.doFilter(ObservationFilterChainDecorator.java:227)
	at org.springframework.security.web.ObservationFilterChainDecorator$VirtualFilterChain.doFilter(ObservationFilterChainDecorator.java:137)
	at org.springframework.security.web.servletapi.SecurityContextHolderAwareRequestFilter.doFilter(SecurityContextHolderAwareRequestFilter.java:179)
	at org.springframework.security.web.ObservationFilterChainDecorator$ObservationFilter.wrapFilter(ObservationFilterChainDecorator.java:240)
	at org.springframework.security.web.ObservationFilterChainDecorator$ObservationFilter.doFilter(ObservationFilterChainDecorator.java:227)
	at org.springframework.security.web.ObservationFilterChainDecorator$VirtualFilterChain.doFilter(ObservationFilterChainDecorator.java:137)
	at org.springframework.security.web.savedrequest.RequestCacheAwareFilter.doFilter(RequestCacheAwareFilter.java:63)
	at org.springframework.security.web.ObservationFilterChainDecorator$ObservationFilter.wrapFilter(ObservationFilterChainDecorator.java:240)
	at org.springframework.security.web.ObservationFilterChainDecorator$ObservationFilter.doFilter(ObservationFilterChainDecorator.java:227)
	at org.springframework.security.web.ObservationFilterChainDecorator$VirtualFilterChain.doFilter(ObservationFilterChainDecorator.java:137)
	at com.unicorn.lunchpick.member.config.jwt.JwtAuthenticationFilter.doFilterInternal(JwtAuthenticationFilter.java:91)
	at org.springframework.web.filter.OncePerRequestFilter.doFilter(OncePerRequestFilter.java:116)
	at org.springframework.security.web.ObservationFilterChainDecorator$ObservationFilter.wrapFilter(ObservationFilterChainDecorator.java:240)
	at org.springframework.security.web.ObservationFilterChainDecorator$ObservationFilter.doFilter(ObservationFilterChainDecorator.java:227)
	at org.springframework.security.web.ObservationFilterChainDecorator$VirtualFilterChain.doFilter(ObservationFilterChainDecorator.java:137)
	at org.springframework.security.web.authentication.logout.LogoutFilter.doFilter(LogoutFilter.java:107)
	at org.springframework.security.web.authentication.logout.LogoutFilter.doFilter(LogoutFilter.java:93)
	at org.springframework.security.web.ObservationFilterChainDecorator$ObservationFilter.wrapFilter(ObservationFilterChainDecorator.java:240)
	at org.springframework.security.web.ObservationFilterChainDecorator$ObservationFilter.doFilter(ObservationFilterChainDecorator.java:227)
	at org.springframework.security.web.ObservationFilterChainDecorator$VirtualFilterChain.doFilter(ObservationFilterChainDecorator.java:137)
	at org.springframework.web.filter.CorsFilter.doFilterInternal(CorsFilter.java:91)
	at org.springframework.web.filter.OncePerRequestFilter.doFilter(OncePerRequestFilter.java:116)
	at org.springframework.security.web.ObservationFilterChainDecorator$ObservationFilter.wrapFilter(ObservationFilterChainDecorator.java:240)
	at org.springframework.security.web.ObservationFilterChainDecorator$ObservationFilter.doFilter(ObservationFilterChainDecorator.java:227)
	at org.springframework.security.web.ObservationFilterChainDecorator$VirtualFilterChain.doFilter(ObservationFilterChainDecorator.java:137)
	at org.springframework.security.web.header.HeaderWriterFilter.doHeadersAfter(HeaderWriterFilter.java:90)
	at org.springframework.security.web.header.HeaderWriterFilter.doFilterInternal(HeaderWriterFilter.java:75)
	at org.springframework.web.filter.OncePerRequestFilter.doFilter(OncePerRequestFilter.java:116)
	at org.springframework.security.web.ObservationFilterChainDecorator$ObservationFilter.wrapFilter(ObservationFilterChainDecorator.java:240)
	at org.springframework.security.web.ObservationFilterChainDecorator$ObservationFilter.doFilter(ObservationFilterChainDecorator.java:227)
	at org.springframework.security.web.ObservationFilterChainDecorator$VirtualFilterChain.doFilter(ObservationFilterChainDecorator.java:137)
	at org.springframework.security.web.context.SecurityContextHolderFilter.doFilter(SecurityContextHolderFilter.java:82)
	at org.springframework.security.web.context.SecurityContextHolderFilter.doFilter(SecurityContextHolderFilter.java:69)
	at org.springframework.security.web.ObservationFilterChainDecorator$ObservationFilter.wrapFilter(ObservationFilterChainDecorator.java:240)
	at org.springframework.security.web.ObservationFilterChainDecorator$ObservationFilter.doFilter(ObservationFilterChainDecorator.java:227)
	at org.springframework.security.web.ObservationFilterChainDecorator$VirtualFilterChain.doFilter(ObservationFilterChainDecorator.java:137)
	at org.springframework.security.web.context.request.async.WebAsyncManagerIntegrationFilter.doFilterInternal(WebAsyncManagerIntegrationFilter.java:62)
	at org.springframework.web.filter.OncePerRequestFilter.doFilter(OncePerRequestFilter.java:116)
	at org.springframework.security.web.ObservationFilterChainDecorator$ObservationFilter.wrapFilter(ObservationFilterChainDecorator.java:240)
	at org.springframework.security.web.ObservationFilterChainDecorator$ObservationFilter.doFilter(ObservationFilterChainDecorator.java:227)
	at org.springframework.security.web.ObservationFilterChainDecorator$VirtualFilterChain.doFilter(ObservationFilterChainDecorator.java:137)
	at org.springframework.security.web.session.DisableEncodeUrlFilter.doFilterInternal(DisableEncodeUrlFilter.java:42)
	at org.springframework.web.filter.OncePerRequestFilter.doFilter(OncePerRequestFilter.java:116)
	at org.springframework.security.web.ObservationFilterChainDecorator$ObservationFilter.wrapFilter(ObservationFilterChainDecorator.java:240)
	at org.springframework.security.web.ObservationFilterChainDecorator$AroundFilterObservation$SimpleAroundFilterObservation.lambda$wrap$0(ObservationFilterChainDecorator.java:323)
	at org.springframework.security.web.ObservationFilterChainDecorator$ObservationFilter.doFilter(ObservationFilterChainDecorator.java:224)
	at org.springframework.security.web.ObservationFilterChainDecorator$VirtualFilterChain.doFilter(ObservationFilterChainDecorator.java:137)
	at org.springframework.security.web.FilterChainProxy.doFilterInternal(FilterChainProxy.java:233)
	at org.springframework.security.web.FilterChainProxy.doFilter(FilterChainProxy.java:191)
	at org.springframework.web.filter.CompositeFilter$VirtualFilterChain.doFilter(CompositeFilter.java:113)
	at org.springframework.web.servlet.handler.HandlerMappingIntrospector.lambda$createCacheFilter$3(HandlerMappingIntrospector.java:243)
	at org.springframework.web.filter.CompositeFilter$VirtualFilterChain.doFilter(CompositeFilter.java:113)
	at org.springframework.web.filter.CompositeFilter.doFilter(CompositeFilter.java:74)
	at org.springframework.security.config.annotation.web.configuration.WebMvcSecurityConfiguration$CompositeFilterChainProxy.doFilter(WebMvcSecurityConfiguration.java:238)
	at org.springframework.web.filter.DelegatingFilterProxy.invokeDelegate(DelegatingFilterProxy.java:362)
	at org.springframework.web.filter.DelegatingFilterProxy.doFilter(DelegatingFilterProxy.java:278)
	at org.apache.catalina.core.ApplicationFilterChain.internalDoFilter(ApplicationFilterChain.java:164)
	at org.apache.catalina.core.ApplicationFilterChain.doFilter(ApplicationFilterChain.java:140)
	at org.springframework.web.filter.RequestContextFilter.doFilterInternal(RequestContextFilter.java:100)
	at org.springframework.web.filter.OncePerRequestFilter.doFilter(OncePerRequestFilter.java:116)
	at org.apache.catalina.core.ApplicationFilterChain.internalDoFilter(ApplicationFilterChain.java:164)
	at org.apache.catalina.core.ApplicationFilterChain.doFilter(ApplicationFilterChain.java:140)
	at org.springframework.web.filter.FormContentFilter.doFilterInternal(FormContentFilter.java:93)
	at org.springframework.web.filter.OncePerRequestFilter.doFilter(OncePerRequestFilter.java:116)
	at org.apache.catalina.core.ApplicationFilterChain.internalDoFilter(ApplicationFilterChain.java:164)
	at org.apache.catalina.core.ApplicationFilterChain.doFilter(ApplicationFilterChain.java:140)
	at org.springframework.web.filter.ServerHttpObservationFilter.doFilterInternal(ServerHttpObservationFilter.java:114)
	at org.springframework.web.filter.OncePerRequestFilter.doFilter(OncePerRequestFilter.java:116)
	at org.apache.catalina.core.ApplicationFilterChain.internalDoFilter(ApplicationFilterChain.java:164)
	at org.apache.catalina.core.ApplicationFilterChain.doFilter(ApplicationFilterChain.java:140)
	at org.springframework.web.filter.CharacterEncodingFilter.doFilterInternal(CharacterEncodingFilter.java:201)
	at org.springframework.web.filter.OncePerRequestFilter.doFilter(OncePerRequestFilter.java:116)
	at org.apache.catalina.core.ApplicationFilterChain.internalDoFilter(ApplicationFilterChain.java:164)
	at org.apache.catalina.core.ApplicationFilterChain.doFilter(ApplicationFilterChain.java:140)
	at org.apache.catalina.core.StandardWrapperValve.invoke(StandardWrapperValve.java:167)
	at org.apache.catalina.core.StandardContextValve.invoke(StandardContextValve.java:90)
	at org.apache.catalina.authenticator.AuthenticatorBase.invoke(AuthenticatorBase.java:483)
	at org.apache.catalina.core.StandardHostValve.invoke(StandardHostValve.java:115)
	at org.apache.catalina.valves.ErrorReportValve.invoke(ErrorReportValve.java:93)
	at org.apache.catalina.core.StandardEngineValve.invoke(StandardEngineValve.java:74)
	at org.apache.catalina.connector.CoyoteAdapter.service(CoyoteAdapter.java:344)
	at org.apache.coyote.http11.Http11Processor.service(Http11Processor.java:397)
	at org.apache.coyote.AbstractProcessorLight.process(AbstractProcessorLight.java:63)
	at org.apache.coyote.AbstractProtocol$ConnectionHandler.process(AbstractProtocol.java:905)
	at org.apache.tomcat.util.net.NioEndpoint$SocketProcessor.doRun(NioEndpoint.java:1741)
	at org.apache.tomcat.util.net.SocketProcessorBase.run(SocketProcessorBase.java:52)
	at org.apache.tomcat.util.threads.ThreadPoolExecutor.runWorker(ThreadPoolExecutor.java:1190)
	at org.apache.tomcat.util.threads.ThreadPoolExecutor$Worker.run(ThreadPoolExecutor.java:659)
	at org.apache.tomcat.util.threads.TaskThread$WrappingRunnable.run(TaskThread.java:63)
	at java.base/java.lang.Thread.run(Thread.java:1583)
Caused by: com.fasterxml.jackson.databind.exc.UnrecognizedPropertyException: Unrecognized field "email" (class com.unicorn.lunchpick.member.dto.request.UpdateProfileRequest), not marked as ignorable (2 known properties: "nickname", "notificationSettings"])
 at [Source: REDACTED (`StreamReadFeature.INCLUDE_SOURCE_IN_LOCATION` disabled); line: 1, column: 30] (through reference chain: com.unicorn.lunchpick.member.dto.request.UpdateProfileRequest["email"])
	at com.fasterxml.jackson.databind.exc.UnrecognizedPropertyException.from(UnrecognizedPropertyException.java:61)
	at com.fasterxml.jackson.databind.DeserializationContext.handleUnknownProperty(DeserializationContext.java:1153)
	at com.fasterxml.jackson.databind.deser.std.StdDeserializer.handleUnknownProperty(StdDeserializer.java:2241)
	at com.fasterxml.jackson.databind.deser.BeanDeserializerBase.handleUnknownProperty(BeanDeserializerBase.java:1821)
	at com.fasterxml.jackson.databind.deser.BeanDeserializerBase.handleUnknownProperties(BeanDeserializerBase.java:1771)
	at com.fasterxml.jackson.databind.deser.BeanDeserializer._deserializeUsingPropertyBased(BeanDeserializer.java:561)
	at com.fasterxml.jackson.databind.deser.BeanDeserializerBase.deserializeFromObjectUsingNonDefault(BeanDeserializerBase.java:1497)
	at com.fasterxml.jackson.databind.deser.BeanDeserializer.deserializeFromObject(BeanDeserializer.java:348)
	at com.fasterxml.jackson.databind.deser.BeanDeserializer.deserialize(BeanDeserializer.java:185)
	at com.fasterxml.jackson.databind.deser.DefaultDeserializationContext.readRootValue(DefaultDeserializationContext.java:342)
	at com.fasterxml.jackson.databind.ObjectReader._bindAndClose(ObjectReader.java:2125)
	at com.fasterxml.jackson.databind.ObjectReader.readValue(ObjectReader.java:1501)
	at org.springframework.http.converter.json.AbstractJackson2HttpMessageConverter.readJavaType(AbstractJackson2HttpMessageConverter.java:398)
	... 135 common frames omitted
2026-02-27 23:40:04 [http-nio-8081-exec-8] DEBUG c.u.l.m.c.j.JwtAuthenticationFilter - JWT 인증 완료 — memberId: 9e9447a9-3e25-4fcb-b374-8eb5a849bf87
2026-02-27 23:40:04 [http-nio-8081-exec-8] ERROR c.u.l.m.e.GlobalExceptionHandler - 서버 내부 오류 발생
org.springframework.http.converter.HttpMessageNotReadableException: JSON parse error: Unrecognized field "email" (class com.unicorn.lunchpick.member.dto.request.UpdateProfileRequest), not marked as ignorable
	at org.springframework.http.converter.json.AbstractJackson2HttpMessageConverter.readJavaType(AbstractJackson2HttpMessageConverter.java:409)
	at org.springframework.http.converter.json.AbstractJackson2HttpMessageConverter.read(AbstractJackson2HttpMessageConverter.java:357)
	at org.springframework.web.servlet.mvc.method.annotation.AbstractMessageConverterMethodArgumentResolver.readWithMessageConverters(AbstractMessageConverterMethodArgumentResolver.java:204)
	at org.springframework.web.servlet.mvc.method.annotation.RequestResponseBodyMethodProcessor.readWithMessageConverters(RequestResponseBodyMethodProcessor.java:176)
	at org.springframework.web.servlet.mvc.method.annotation.RequestResponseBodyMethodProcessor.resolveArgument(RequestResponseBodyMethodProcessor.java:150)
	at org.springframework.web.method.support.HandlerMethodArgumentResolverComposite.resolveArgument(HandlerMethodArgumentResolverComposite.java:122)
	at org.springframework.web.method.support.InvocableHandlerMethod.getMethodArgumentValues(InvocableHandlerMethod.java:226)
	at org.springframework.web.method.support.InvocableHandlerMethod.invokeForRequest(InvocableHandlerMethod.java:180)
	at org.springframework.web.servlet.mvc.method.annotation.ServletInvocableHandlerMethod.invokeAndHandle(ServletInvocableHandlerMethod.java:118)
	at org.springframework.web.servlet.mvc.method.annotation.RequestMappingHandlerAdapter.invokeHandlerMethod(RequestMappingHandlerAdapter.java:986)
	at org.springframework.web.servlet.mvc.method.annotation.RequestMappingHandlerAdapter.handleInternal(RequestMappingHandlerAdapter.java:891)
	at org.springframework.web.servlet.mvc.method.AbstractHandlerMethodAdapter.handle(AbstractHandlerMethodAdapter.java:87)
	at org.springframework.web.servlet.DispatcherServlet.doDispatch(DispatcherServlet.java:1088)
	at org.springframework.web.servlet.DispatcherServlet.doService(DispatcherServlet.java:978)
	at org.springframework.web.servlet.FrameworkServlet.processRequest(FrameworkServlet.java:1014)
	at org.springframework.web.servlet.FrameworkServlet.doPut(FrameworkServlet.java:925)
	at jakarta.servlet.http.HttpServlet.service(HttpServlet.java:593)
	at org.springframework.web.servlet.FrameworkServlet.service(FrameworkServlet.java:885)
	at jakarta.servlet.http.HttpServlet.service(HttpServlet.java:658)
	at org.apache.catalina.core.ApplicationFilterChain.internalDoFilter(ApplicationFilterChain.java:195)
	at org.apache.catalina.core.ApplicationFilterChain.doFilter(ApplicationFilterChain.java:140)
	at org.apache.tomcat.websocket.server.WsFilter.doFilter(WsFilter.java:51)
	at org.apache.catalina.core.ApplicationFilterChain.internalDoFilter(ApplicationFilterChain.java:164)
	at org.apache.catalina.core.ApplicationFilterChain.doFilter(ApplicationFilterChain.java:140)
	at org.springframework.web.filter.CompositeFilter$VirtualFilterChain.doFilter(CompositeFilter.java:108)
	at org.springframework.security.web.FilterChainProxy.lambda$doFilterInternal$3(FilterChainProxy.java:231)
	at org.springframework.security.web.ObservationFilterChainDecorator$FilterObservation$SimpleFilterObservation.lambda$wrap$1(ObservationFilterChainDecorator.java:479)
	at org.springframework.security.web.ObservationFilterChainDecorator$AroundFilterObservation$SimpleAroundFilterObservation.lambda$wrap$1(ObservationFilterChainDecorator.java:340)
	at org.springframework.security.web.ObservationFilterChainDecorator.lambda$wrapSecured$0(ObservationFilterChainDecorator.java:82)
	at org.springframework.security.web.ObservationFilterChainDecorator$VirtualFilterChain.doFilter(ObservationFilterChainDecorator.java:128)
	at org.springframework.security.web.access.intercept.AuthorizationFilter.doFilter(AuthorizationFilter.java:101)
	at org.springframework.security.web.ObservationFilterChainDecorator$ObservationFilter.wrapFilter(ObservationFilterChainDecorator.java:240)
	at org.springframework.security.web.ObservationFilterChainDecorator$ObservationFilter.doFilter(ObservationFilterChainDecorator.java:227)
	at org.springframework.security.web.ObservationFilterChainDecorator$VirtualFilterChain.doFilter(ObservationFilterChainDecorator.java:137)
	at org.springframework.security.web.access.ExceptionTranslationFilter.doFilter(ExceptionTranslationFilter.java:126)
	at org.springframework.security.web.access.ExceptionTranslationFilter.doFilter(ExceptionTranslationFilter.java:120)
	at org.springframework.security.web.ObservationFilterChainDecorator$ObservationFilter.wrapFilter(ObservationFilterChainDecorator.java:240)
	at org.springframework.security.web.ObservationFilterChainDecorator$ObservationFilter.doFilter(ObservationFilterChainDecorator.java:227)
	at org.springframework.security.web.ObservationFilterChainDecorator$VirtualFilterChain.doFilter(ObservationFilterChainDecorator.java:137)
	at org.springframework.security.web.session.SessionManagementFilter.doFilter(SessionManagementFilter.java:131)
	at org.springframework.security.web.session.SessionManagementFilter.doFilter(SessionManagementFilter.java:85)
	at org.springframework.security.web.ObservationFilterChainDecorator$ObservationFilter.wrapFilter(ObservationFilterChainDecorator.java:240)
	at org.springframework.security.web.ObservationFilterChainDecorator$ObservationFilter.doFilter(ObservationFilterChainDecorator.java:227)
	at org.springframework.security.web.ObservationFilterChainDecorator$VirtualFilterChain.doFilter(ObservationFilterChainDecorator.java:137)
	at org.springframework.security.web.authentication.AnonymousAuthenticationFilter.doFilter(AnonymousAuthenticationFilter.java:100)
	at org.springframework.security.web.ObservationFilterChainDecorator$ObservationFilter.wrapFilter(ObservationFilterChainDecorator.java:240)
	at org.springframework.security.web.ObservationFilterChainDecorator$ObservationFilter.doFilter(ObservationFilterChainDecorator.java:227)
	at org.springframework.security.web.ObservationFilterChainDecorator$VirtualFilterChain.doFilter(ObservationFilterChainDecorator.java:137)
	at org.springframework.security.web.servletapi.SecurityContextHolderAwareRequestFilter.doFilter(SecurityContextHolderAwareRequestFilter.java:179)
	at org.springframework.security.web.ObservationFilterChainDecorator$ObservationFilter.wrapFilter(ObservationFilterChainDecorator.java:240)
	at org.springframework.security.web.ObservationFilterChainDecorator$ObservationFilter.doFilter(ObservationFilterChainDecorator.java:227)
	at org.springframework.security.web.ObservationFilterChainDecorator$VirtualFilterChain.doFilter(ObservationFilterChainDecorator.java:137)
	at org.springframework.security.web.savedrequest.RequestCacheAwareFilter.doFilter(RequestCacheAwareFilter.java:63)
	at org.springframework.security.web.ObservationFilterChainDecorator$ObservationFilter.wrapFilter(ObservationFilterChainDecorator.java:240)
	at org.springframework.security.web.ObservationFilterChainDecorator$ObservationFilter.doFilter(ObservationFilterChainDecorator.java:227)
	at org.springframework.security.web.ObservationFilterChainDecorator$VirtualFilterChain.doFilter(ObservationFilterChainDecorator.java:137)
	at com.unicorn.lunchpick.member.config.jwt.JwtAuthenticationFilter.doFilterInternal(JwtAuthenticationFilter.java:91)
	at org.springframework.web.filter.OncePerRequestFilter.doFilter(OncePerRequestFilter.java:116)
	at org.springframework.security.web.ObservationFilterChainDecorator$ObservationFilter.wrapFilter(ObservationFilterChainDecorator.java:240)
	at org.springframework.security.web.ObservationFilterChainDecorator$ObservationFilter.doFilter(ObservationFilterChainDecorator.java:227)
	at org.springframework.security.web.ObservationFilterChainDecorator$VirtualFilterChain.doFilter(ObservationFilterChainDecorator.java:137)
	at org.springframework.security.web.authentication.logout.LogoutFilter.doFilter(LogoutFilter.java:107)
	at org.springframework.security.web.authentication.logout.LogoutFilter.doFilter(LogoutFilter.java:93)
	at org.springframework.security.web.ObservationFilterChainDecorator$ObservationFilter.wrapFilter(ObservationFilterChainDecorator.java:240)
	at org.springframework.security.web.ObservationFilterChainDecorator$ObservationFilter.doFilter(ObservationFilterChainDecorator.java:227)
	at org.springframework.security.web.ObservationFilterChainDecorator$VirtualFilterChain.doFilter(ObservationFilterChainDecorator.java:137)
	at org.springframework.web.filter.CorsFilter.doFilterInternal(CorsFilter.java:91)
	at org.springframework.web.filter.OncePerRequestFilter.doFilter(OncePerRequestFilter.java:116)
	at org.springframework.security.web.ObservationFilterChainDecorator$ObservationFilter.wrapFilter(ObservationFilterChainDecorator.java:240)
	at org.springframework.security.web.ObservationFilterChainDecorator$ObservationFilter.doFilter(ObservationFilterChainDecorator.java:227)
	at org.springframework.security.web.ObservationFilterChainDecorator$VirtualFilterChain.doFilter(ObservationFilterChainDecorator.java:137)
	at org.springframework.security.web.header.HeaderWriterFilter.doHeadersAfter(HeaderWriterFilter.java:90)
	at org.springframework.security.web.header.HeaderWriterFilter.doFilterInternal(HeaderWriterFilter.java:75)
	at org.springframework.web.filter.OncePerRequestFilter.doFilter(OncePerRequestFilter.java:116)
	at org.springframework.security.web.ObservationFilterChainDecorator$ObservationFilter.wrapFilter(ObservationFilterChainDecorator.java:240)
	at org.springframework.security.web.ObservationFilterChainDecorator$ObservationFilter.doFilter(ObservationFilterChainDecorator.java:227)
	at org.springframework.security.web.ObservationFilterChainDecorator$VirtualFilterChain.doFilter(ObservationFilterChainDecorator.java:137)
	at org.springframework.security.web.context.SecurityContextHolderFilter.doFilter(SecurityContextHolderFilter.java:82)
	at org.springframework.security.web.context.SecurityContextHolderFilter.doFilter(SecurityContextHolderFilter.java:69)
	at org.springframework.security.web.ObservationFilterChainDecorator$ObservationFilter.wrapFilter(ObservationFilterChainDecorator.java:240)
	at org.springframework.security.web.ObservationFilterChainDecorator$ObservationFilter.doFilter(ObservationFilterChainDecorator.java:227)
	at org.springframework.security.web.ObservationFilterChainDecorator$VirtualFilterChain.doFilter(ObservationFilterChainDecorator.java:137)
	at org.springframework.security.web.context.request.async.WebAsyncManagerIntegrationFilter.doFilterInternal(WebAsyncManagerIntegrationFilter.java:62)
	at org.springframework.web.filter.OncePerRequestFilter.doFilter(OncePerRequestFilter.java:116)
	at org.springframework.security.web.ObservationFilterChainDecorator$ObservationFilter.wrapFilter(ObservationFilterChainDecorator.java:240)
	at org.springframework.security.web.ObservationFilterChainDecorator$ObservationFilter.doFilter(ObservationFilterChainDecorator.java:227)
	at org.springframework.security.web.ObservationFilterChainDecorator$VirtualFilterChain.doFilter(ObservationFilterChainDecorator.java:137)
	at org.springframework.security.web.session.DisableEncodeUrlFilter.doFilterInternal(DisableEncodeUrlFilter.java:42)
	at org.springframework.web.filter.OncePerRequestFilter.doFilter(OncePerRequestFilter.java:116)
	at org.springframework.security.web.ObservationFilterChainDecorator$ObservationFilter.wrapFilter(ObservationFilterChainDecorator.java:240)
	at org.springframework.security.web.ObservationFilterChainDecorator$AroundFilterObservation$SimpleAroundFilterObservation.lambda$wrap$0(ObservationFilterChainDecorator.java:323)
	at org.springframework.security.web.ObservationFilterChainDecorator$ObservationFilter.doFilter(ObservationFilterChainDecorator.java:224)
	at org.springframework.security.web.ObservationFilterChainDecorator$VirtualFilterChain.doFilter(ObservationFilterChainDecorator.java:137)
	at org.springframework.security.web.FilterChainProxy.doFilterInternal(FilterChainProxy.java:233)
	at org.springframework.security.web.FilterChainProxy.doFilter(FilterChainProxy.java:191)
	at org.springframework.web.filter.CompositeFilter$VirtualFilterChain.doFilter(CompositeFilter.java:113)
	at org.springframework.web.servlet.handler.HandlerMappingIntrospector.lambda$createCacheFilter$3(HandlerMappingIntrospector.java:243)
	at org.springframework.web.filter.CompositeFilter$VirtualFilterChain.doFilter(CompositeFilter.java:113)
	at org.springframework.web.filter.CompositeFilter.doFilter(CompositeFilter.java:74)
	at org.springframework.security.config.annotation.web.configuration.WebMvcSecurityConfiguration$CompositeFilterChainProxy.doFilter(WebMvcSecurityConfiguration.java:238)
	at org.springframework.web.filter.DelegatingFilterProxy.invokeDelegate(DelegatingFilterProxy.java:362)
	at org.springframework.web.filter.DelegatingFilterProxy.doFilter(DelegatingFilterProxy.java:278)
	at org.apache.catalina.core.ApplicationFilterChain.internalDoFilter(ApplicationFilterChain.java:164)
	at org.apache.catalina.core.ApplicationFilterChain.doFilter(ApplicationFilterChain.java:140)
	at org.springframework.web.filter.RequestContextFilter.doFilterInternal(RequestContextFilter.java:100)
	at org.springframework.web.filter.OncePerRequestFilter.doFilter(OncePerRequestFilter.java:116)
	at org.apache.catalina.core.ApplicationFilterChain.internalDoFilter(ApplicationFilterChain.java:164)
	at org.apache.catalina.core.ApplicationFilterChain.doFilter(ApplicationFilterChain.java:140)
	at org.springframework.web.filter.FormContentFilter.doFilterInternal(FormContentFilter.java:93)
	at org.springframework.web.filter.OncePerRequestFilter.doFilter(OncePerRequestFilter.java:116)
	at org.apache.catalina.core.ApplicationFilterChain.internalDoFilter(ApplicationFilterChain.java:164)
	at org.apache.catalina.core.ApplicationFilterChain.doFilter(ApplicationFilterChain.java:140)
	at org.springframework.web.filter.ServerHttpObservationFilter.doFilterInternal(ServerHttpObservationFilter.java:114)
	at org.springframework.web.filter.OncePerRequestFilter.doFilter(OncePerRequestFilter.java:116)
	at org.apache.catalina.core.ApplicationFilterChain.internalDoFilter(ApplicationFilterChain.java:164)
	at org.apache.catalina.core.ApplicationFilterChain.doFilter(ApplicationFilterChain.java:140)
	at org.springframework.web.filter.CharacterEncodingFilter.doFilterInternal(CharacterEncodingFilter.java:201)
	at org.springframework.web.filter.OncePerRequestFilter.doFilter(OncePerRequestFilter.java:116)
	at org.apache.catalina.core.ApplicationFilterChain.internalDoFilter(ApplicationFilterChain.java:164)
	at org.apache.catalina.core.ApplicationFilterChain.doFilter(ApplicationFilterChain.java:140)
	at org.apache.catalina.core.StandardWrapperValve.invoke(StandardWrapperValve.java:167)
	at org.apache.catalina.core.StandardContextValve.invoke(StandardContextValve.java:90)
	at org.apache.catalina.authenticator.AuthenticatorBase.invoke(AuthenticatorBase.java:483)
	at org.apache.catalina.core.StandardHostValve.invoke(StandardHostValve.java:115)
	at org.apache.catalina.valves.ErrorReportValve.invoke(ErrorReportValve.java:93)
	at org.apache.catalina.core.StandardEngineValve.invoke(StandardEngineValve.java:74)
	at org.apache.catalina.connector.CoyoteAdapter.service(CoyoteAdapter.java:344)
	at org.apache.coyote.http11.Http11Processor.service(Http11Processor.java:397)
	at org.apache.coyote.AbstractProcessorLight.process(AbstractProcessorLight.java:63)
	at org.apache.coyote.AbstractProtocol$ConnectionHandler.process(AbstractProtocol.java:905)
	at org.apache.tomcat.util.net.NioEndpoint$SocketProcessor.doRun(NioEndpoint.java:1741)
	at org.apache.tomcat.util.net.SocketProcessorBase.run(SocketProcessorBase.java:52)
	at org.apache.tomcat.util.threads.ThreadPoolExecutor.runWorker(ThreadPoolExecutor.java:1190)
	at org.apache.tomcat.util.threads.ThreadPoolExecutor$Worker.run(ThreadPoolExecutor.java:659)
	at org.apache.tomcat.util.threads.TaskThread$WrappingRunnable.run(TaskThread.java:63)
	at java.base/java.lang.Thread.run(Thread.java:1583)
Caused by: com.fasterxml.jackson.databind.exc.UnrecognizedPropertyException: Unrecognized field "email" (class com.unicorn.lunchpick.member.dto.request.UpdateProfileRequest), not marked as ignorable (2 known properties: "nickname", "notificationSettings"])
 at [Source: REDACTED (`StreamReadFeature.INCLUDE_SOURCE_IN_LOCATION` disabled); line: 1, column: 30] (through reference chain: com.unicorn.lunchpick.member.dto.request.UpdateProfileRequest["email"])
	at com.fasterxml.jackson.databind.exc.UnrecognizedPropertyException.from(UnrecognizedPropertyException.java:61)
	at com.fasterxml.jackson.databind.DeserializationContext.handleUnknownProperty(DeserializationContext.java:1153)
	at com.fasterxml.jackson.databind.deser.std.StdDeserializer.handleUnknownProperty(StdDeserializer.java:2241)
	at com.fasterxml.jackson.databind.deser.BeanDeserializerBase.handleUnknownProperty(BeanDeserializerBase.java:1821)
	at com.fasterxml.jackson.databind.deser.BeanDeserializerBase.handleUnknownProperties(BeanDeserializerBase.java:1771)
	at com.fasterxml.jackson.databind.deser.BeanDeserializer._deserializeUsingPropertyBased(BeanDeserializer.java:561)
	at com.fasterxml.jackson.databind.deser.BeanDeserializerBase.deserializeFromObjectUsingNonDefault(BeanDeserializerBase.java:1497)
	at com.fasterxml.jackson.databind.deser.BeanDeserializer.deserializeFromObject(BeanDeserializer.java:348)
	at com.fasterxml.jackson.databind.deser.BeanDeserializer.deserialize(BeanDeserializer.java:185)
	at com.fasterxml.jackson.databind.deser.DefaultDeserializationContext.readRootValue(DefaultDeserializationContext.java:342)
	at com.fasterxml.jackson.databind.ObjectReader._bindAndClose(ObjectReader.java:2125)
	at com.fasterxml.jackson.databind.ObjectReader.readValue(ObjectReader.java:1501)
	at org.springframework.http.converter.json.AbstractJackson2HttpMessageConverter.readJavaType(AbstractJackson2HttpMessageConverter.java:398)
	... 135 common frames omitted
2026-02-27 23:40:14 [http-nio-8081-exec-10] DEBUG c.u.l.m.c.j.JwtAuthenticationFilter - JWT 인증 완료 — memberId: 9e9447a9-3e25-4fcb-b374-8eb5a849bf87
2026-02-27 23:40:14 [http-nio-8081-exec-10] DEBUG org.hibernate.SQL - 
    /* <criteria> */ select
        me1_0.id,
        me1_0.created_at,
        me1_0.email,
        me1_0.feedback_reminder,
        me1_0.kakao_id,
        me1_0.location_enabled,
        me1_0.member_id,
        me1_0.nickname,
        me1_0.onboarding_completed,
        me1_0.recommendation_alert,
        me1_0.updated_at 
    from
        lunchpick_member.member me1_0 
    where
        me1_0.member_id=?
2026-02-27 23:40:24 [SimpleAsyncTaskExecutor-1] INFO  c.u.l.m.s.impl.MemberServiceImpl - 구독 캐시 갱신 완료 — memberId: 9e9447a9-3e25-4fcb-b374-8eb5a849bf87, plan: PREMIUM_MONTHLY
2026-02-27 23:40:24 [SimpleAsyncTaskExecutor-1] INFO  c.u.l.m.m.SubscriptionEventConsumer - 구독 이벤트 처리 완료 — memberId: 9e9447a9-3e25-4fcb-b374-8eb5a849bf87, plan: PREMIUM_MONTHLY
2026-02-27 23:40:24 [http-nio-8081-exec-2] DEBUG c.u.l.m.c.j.JwtAuthenticationFilter - JWT 인증 완료 — memberId: 9e9447a9-3e25-4fcb-b374-8eb5a849bf87
2026-02-27 23:40:24 [http-nio-8081-exec-2] DEBUG org.hibernate.SQL - 
    /* <criteria> */ select
        me1_0.id,
        me1_0.created_at,
        me1_0.email,
        me1_0.feedback_reminder,
        me1_0.kakao_id,
        me1_0.location_enabled,
        me1_0.member_id,
        me1_0.nickname,
        me1_0.onboarding_completed,
        me1_0.recommendation_alert,
        me1_0.updated_at 
    from
        lunchpick_member.member me1_0 
    where
        me1_0.member_id=?
2026-02-27 23:42:30 [http-nio-8081-exec-4] DEBUG org.hibernate.SQL - 
    /* <criteria> */ select
        me1_0.id,
        me1_0.created_at,
        me1_0.email,
        me1_0.feedback_reminder,
        me1_0.kakao_id,
        me1_0.location_enabled,
        me1_0.member_id,
        me1_0.nickname,
        me1_0.onboarding_completed,
        me1_0.recommendation_alert,
        me1_0.updated_at 
    from
        lunchpick_member.member me1_0 
    where
        me1_0.kakao_id=?
2026-02-27 23:42:30 [http-nio-8081-exec-4] INFO  c.u.l.m.service.impl.AuthServiceImpl - 기존 회원 로그인 — memberId: 9e9447a9-3e25-4fcb-b374-8eb5a849bf87
2026-02-27 23:42:35 [http-nio-8081-exec-6] DEBUG c.u.l.m.c.j.JwtAuthenticationFilter - JWT 인증 완료 — memberId: 9e9447a9-3e25-4fcb-b374-8eb5a849bf87
2026-02-27 23:42:35 [http-nio-8081-exec-6] DEBUG org.hibernate.SQL - 
    /* <criteria> */ select
        me1_0.id,
        me1_0.created_at,
        me1_0.email,
        me1_0.feedback_reminder,
        me1_0.kakao_id,
        me1_0.location_enabled,
        me1_0.member_id,
        me1_0.nickname,
        me1_0.onboarding_completed,
        me1_0.recommendation_alert,
        me1_0.updated_at 
    from
        lunchpick_member.member me1_0 
    where
        me1_0.member_id=?
2026-02-27 23:42:35 [http-nio-8081-exec-6] DEBUG org.hibernate.SQL - 
    /* <criteria> */ select
        dre1_0.id,
        dre1_0.allergens,
        dre1_0.custom_allergens,
        dre1_0.diet_type,
        dre1_0.health_info_consent_given,
        dre1_0.member_id,
        dre1_0.updated_at 
    from
        lunchpick_member.dietary_restriction dre1_0 
    where
        dre1_0.member_id=?
2026-02-27 23:43:14 [http-nio-8081-exec-10] DEBUG c.u.l.m.c.j.JwtAuthenticationFilter - JWT 인증 완료 — memberId: 9e9447a9-3e25-4fcb-b374-8eb5a849bf87
2026-02-27 23:43:14 [http-nio-8081-exec-10] ERROR c.u.l.m.e.GlobalExceptionHandler - 서버 내부 오류 발생
org.springframework.http.converter.HttpMessageNotReadableException: JSON parse error: Unrecognized field "email" (class com.unicorn.lunchpick.member.dto.request.UpdateProfileRequest), not marked as ignorable
	at org.springframework.http.converter.json.AbstractJackson2HttpMessageConverter.readJavaType(AbstractJackson2HttpMessageConverter.java:409)
	at org.springframework.http.converter.json.AbstractJackson2HttpMessageConverter.read(AbstractJackson2HttpMessageConverter.java:357)
	at org.springframework.web.servlet.mvc.method.annotation.AbstractMessageConverterMethodArgumentResolver.readWithMessageConverters(AbstractMessageConverterMethodArgumentResolver.java:204)
	at org.springframework.web.servlet.mvc.method.annotation.RequestResponseBodyMethodProcessor.readWithMessageConverters(RequestResponseBodyMethodProcessor.java:176)
	at org.springframework.web.servlet.mvc.method.annotation.RequestResponseBodyMethodProcessor.resolveArgument(RequestResponseBodyMethodProcessor.java:150)
	at org.springframework.web.method.support.HandlerMethodArgumentResolverComposite.resolveArgument(HandlerMethodArgumentResolverComposite.java:122)
	at org.springframework.web.method.support.InvocableHandlerMethod.getMethodArgumentValues(InvocableHandlerMethod.java:226)
	at org.springframework.web.method.support.InvocableHandlerMethod.invokeForRequest(InvocableHandlerMethod.java:180)
	at org.springframework.web.servlet.mvc.method.annotation.ServletInvocableHandlerMethod.invokeAndHandle(ServletInvocableHandlerMethod.java:118)
	at org.springframework.web.servlet.mvc.method.annotation.RequestMappingHandlerAdapter.invokeHandlerMethod(RequestMappingHandlerAdapter.java:986)
	at org.springframework.web.servlet.mvc.method.annotation.RequestMappingHandlerAdapter.handleInternal(RequestMappingHandlerAdapter.java:891)
	at org.springframework.web.servlet.mvc.method.AbstractHandlerMethodAdapter.handle(AbstractHandlerMethodAdapter.java:87)
	at org.springframework.web.servlet.DispatcherServlet.doDispatch(DispatcherServlet.java:1088)
	at org.springframework.web.servlet.DispatcherServlet.doService(DispatcherServlet.java:978)
	at org.springframework.web.servlet.FrameworkServlet.processRequest(FrameworkServlet.java:1014)
	at org.springframework.web.servlet.FrameworkServlet.doPut(FrameworkServlet.java:925)
	at jakarta.servlet.http.HttpServlet.service(HttpServlet.java:593)
	at org.springframework.web.servlet.FrameworkServlet.service(FrameworkServlet.java:885)
	at jakarta.servlet.http.HttpServlet.service(HttpServlet.java:658)
	at org.apache.catalina.core.ApplicationFilterChain.internalDoFilter(ApplicationFilterChain.java:195)
	at org.apache.catalina.core.ApplicationFilterChain.doFilter(ApplicationFilterChain.java:140)
	at org.apache.tomcat.websocket.server.WsFilter.doFilter(WsFilter.java:51)
	at org.apache.catalina.core.ApplicationFilterChain.internalDoFilter(ApplicationFilterChain.java:164)
	at org.apache.catalina.core.ApplicationFilterChain.doFilter(ApplicationFilterChain.java:140)
	at org.springframework.web.filter.CompositeFilter$VirtualFilterChain.doFilter(CompositeFilter.java:108)
	at org.springframework.security.web.FilterChainProxy.lambda$doFilterInternal$3(FilterChainProxy.java:231)
	at org.springframework.security.web.ObservationFilterChainDecorator$FilterObservation$SimpleFilterObservation.lambda$wrap$1(ObservationFilterChainDecorator.java:479)
	at org.springframework.security.web.ObservationFilterChainDecorator$AroundFilterObservation$SimpleAroundFilterObservation.lambda$wrap$1(ObservationFilterChainDecorator.java:340)
	at org.springframework.security.web.ObservationFilterChainDecorator.lambda$wrapSecured$0(ObservationFilterChainDecorator.java:82)
	at org.springframework.security.web.ObservationFilterChainDecorator$VirtualFilterChain.doFilter(ObservationFilterChainDecorator.java:128)
	at org.springframework.security.web.access.intercept.AuthorizationFilter.doFilter(AuthorizationFilter.java:101)
	at org.springframework.security.web.ObservationFilterChainDecorator$ObservationFilter.wrapFilter(ObservationFilterChainDecorator.java:240)
	at org.springframework.security.web.ObservationFilterChainDecorator$ObservationFilter.doFilter(ObservationFilterChainDecorator.java:227)
	at org.springframework.security.web.ObservationFilterChainDecorator$VirtualFilterChain.doFilter(ObservationFilterChainDecorator.java:137)
	at org.springframework.security.web.access.ExceptionTranslationFilter.doFilter(ExceptionTranslationFilter.java:126)
	at org.springframework.security.web.access.ExceptionTranslationFilter.doFilter(ExceptionTranslationFilter.java:120)
	at org.springframework.security.web.ObservationFilterChainDecorator$ObservationFilter.wrapFilter(ObservationFilterChainDecorator.java:240)
	at org.springframework.security.web.ObservationFilterChainDecorator$ObservationFilter.doFilter(ObservationFilterChainDecorator.java:227)
	at org.springframework.security.web.ObservationFilterChainDecorator$VirtualFilterChain.doFilter(ObservationFilterChainDecorator.java:137)
	at org.springframework.security.web.session.SessionManagementFilter.doFilter(SessionManagementFilter.java:131)
	at org.springframework.security.web.session.SessionManagementFilter.doFilter(SessionManagementFilter.java:85)
	at org.springframework.security.web.ObservationFilterChainDecorator$ObservationFilter.wrapFilter(ObservationFilterChainDecorator.java:240)
	at org.springframework.security.web.ObservationFilterChainDecorator$ObservationFilter.doFilter(ObservationFilterChainDecorator.java:227)
	at org.springframework.security.web.ObservationFilterChainDecorator$VirtualFilterChain.doFilter(ObservationFilterChainDecorator.java:137)
	at org.springframework.security.web.authentication.AnonymousAuthenticationFilter.doFilter(AnonymousAuthenticationFilter.java:100)
	at org.springframework.security.web.ObservationFilterChainDecorator$ObservationFilter.wrapFilter(ObservationFilterChainDecorator.java:240)
	at org.springframework.security.web.ObservationFilterChainDecorator$ObservationFilter.doFilter(ObservationFilterChainDecorator.java:227)
	at org.springframework.security.web.ObservationFilterChainDecorator$VirtualFilterChain.doFilter(ObservationFilterChainDecorator.java:137)
	at org.springframework.security.web.servletapi.SecurityContextHolderAwareRequestFilter.doFilter(SecurityContextHolderAwareRequestFilter.java:179)
	at org.springframework.security.web.ObservationFilterChainDecorator$ObservationFilter.wrapFilter(ObservationFilterChainDecorator.java:240)
	at org.springframework.security.web.ObservationFilterChainDecorator$ObservationFilter.doFilter(ObservationFilterChainDecorator.java:227)
	at org.springframework.security.web.ObservationFilterChainDecorator$VirtualFilterChain.doFilter(ObservationFilterChainDecorator.java:137)
	at org.springframework.security.web.savedrequest.RequestCacheAwareFilter.doFilter(RequestCacheAwareFilter.java:63)
	at org.springframework.security.web.ObservationFilterChainDecorator$ObservationFilter.wrapFilter(ObservationFilterChainDecorator.java:240)
	at org.springframework.security.web.ObservationFilterChainDecorator$ObservationFilter.doFilter(ObservationFilterChainDecorator.java:227)
	at org.springframework.security.web.ObservationFilterChainDecorator$VirtualFilterChain.doFilter(ObservationFilterChainDecorator.java:137)
	at com.unicorn.lunchpick.member.config.jwt.JwtAuthenticationFilter.doFilterInternal(JwtAuthenticationFilter.java:91)
	at org.springframework.web.filter.OncePerRequestFilter.doFilter(OncePerRequestFilter.java:116)
	at org.springframework.security.web.ObservationFilterChainDecorator$ObservationFilter.wrapFilter(ObservationFilterChainDecorator.java:240)
	at org.springframework.security.web.ObservationFilterChainDecorator$ObservationFilter.doFilter(ObservationFilterChainDecorator.java:227)
	at org.springframework.security.web.ObservationFilterChainDecorator$VirtualFilterChain.doFilter(ObservationFilterChainDecorator.java:137)
	at org.springframework.security.web.authentication.logout.LogoutFilter.doFilter(LogoutFilter.java:107)
	at org.springframework.security.web.authentication.logout.LogoutFilter.doFilter(LogoutFilter.java:93)
	at org.springframework.security.web.ObservationFilterChainDecorator$ObservationFilter.wrapFilter(ObservationFilterChainDecorator.java:240)
	at org.springframework.security.web.ObservationFilterChainDecorator$ObservationFilter.doFilter(ObservationFilterChainDecorator.java:227)
	at org.springframework.security.web.ObservationFilterChainDecorator$VirtualFilterChain.doFilter(ObservationFilterChainDecorator.java:137)
	at org.springframework.web.filter.CorsFilter.doFilterInternal(CorsFilter.java:91)
	at org.springframework.web.filter.OncePerRequestFilter.doFilter(OncePerRequestFilter.java:116)
	at org.springframework.security.web.ObservationFilterChainDecorator$ObservationFilter.wrapFilter(ObservationFilterChainDecorator.java:240)
	at org.springframework.security.web.ObservationFilterChainDecorator$ObservationFilter.doFilter(ObservationFilterChainDecorator.java:227)
	at org.springframework.security.web.ObservationFilterChainDecorator$VirtualFilterChain.doFilter(ObservationFilterChainDecorator.java:137)
	at org.springframework.security.web.header.HeaderWriterFilter.doHeadersAfter(HeaderWriterFilter.java:90)
	at org.springframework.security.web.header.HeaderWriterFilter.doFilterInternal(HeaderWriterFilter.java:75)
	at org.springframework.web.filter.OncePerRequestFilter.doFilter(OncePerRequestFilter.java:116)
	at org.springframework.security.web.ObservationFilterChainDecorator$ObservationFilter.wrapFilter(ObservationFilterChainDecorator.java:240)
	at org.springframework.security.web.ObservationFilterChainDecorator$ObservationFilter.doFilter(ObservationFilterChainDecorator.java:227)
	at org.springframework.security.web.ObservationFilterChainDecorator$VirtualFilterChain.doFilter(ObservationFilterChainDecorator.java:137)
	at org.springframework.security.web.context.SecurityContextHolderFilter.doFilter(SecurityContextHolderFilter.java:82)
	at org.springframework.security.web.context.SecurityContextHolderFilter.doFilter(SecurityContextHolderFilter.java:69)
	at org.springframework.security.web.ObservationFilterChainDecorator$ObservationFilter.wrapFilter(ObservationFilterChainDecorator.java:240)
	at org.springframework.security.web.ObservationFilterChainDecorator$ObservationFilter.doFilter(ObservationFilterChainDecorator.java:227)
	at org.springframework.security.web.ObservationFilterChainDecorator$VirtualFilterChain.doFilter(ObservationFilterChainDecorator.java:137)
	at org.springframework.security.web.context.request.async.WebAsyncManagerIntegrationFilter.doFilterInternal(WebAsyncManagerIntegrationFilter.java:62)
	at org.springframework.web.filter.OncePerRequestFilter.doFilter(OncePerRequestFilter.java:116)
	at org.springframework.security.web.ObservationFilterChainDecorator$ObservationFilter.wrapFilter(ObservationFilterChainDecorator.java:240)
	at org.springframework.security.web.ObservationFilterChainDecorator$ObservationFilter.doFilter(ObservationFilterChainDecorator.java:227)
	at org.springframework.security.web.ObservationFilterChainDecorator$VirtualFilterChain.doFilter(ObservationFilterChainDecorator.java:137)
	at org.springframework.security.web.session.DisableEncodeUrlFilter.doFilterInternal(DisableEncodeUrlFilter.java:42)
	at org.springframework.web.filter.OncePerRequestFilter.doFilter(OncePerRequestFilter.java:116)
	at org.springframework.security.web.ObservationFilterChainDecorator$ObservationFilter.wrapFilter(ObservationFilterChainDecorator.java:240)
	at org.springframework.security.web.ObservationFilterChainDecorator$AroundFilterObservation$SimpleAroundFilterObservation.lambda$wrap$0(ObservationFilterChainDecorator.java:323)
	at org.springframework.security.web.ObservationFilterChainDecorator$ObservationFilter.doFilter(ObservationFilterChainDecorator.java:224)
	at org.springframework.security.web.ObservationFilterChainDecorator$VirtualFilterChain.doFilter(ObservationFilterChainDecorator.java:137)
	at org.springframework.security.web.FilterChainProxy.doFilterInternal(FilterChainProxy.java:233)
	at org.springframework.security.web.FilterChainProxy.doFilter(FilterChainProxy.java:191)
	at org.springframework.web.filter.CompositeFilter$VirtualFilterChain.doFilter(CompositeFilter.java:113)
	at org.springframework.web.servlet.handler.HandlerMappingIntrospector.lambda$createCacheFilter$3(HandlerMappingIntrospector.java:243)
	at org.springframework.web.filter.CompositeFilter$VirtualFilterChain.doFilter(CompositeFilter.java:113)
	at org.springframework.web.filter.CompositeFilter.doFilter(CompositeFilter.java:74)
	at org.springframework.security.config.annotation.web.configuration.WebMvcSecurityConfiguration$CompositeFilterChainProxy.doFilter(WebMvcSecurityConfiguration.java:238)
	at org.springframework.web.filter.DelegatingFilterProxy.invokeDelegate(DelegatingFilterProxy.java:362)
	at org.springframework.web.filter.DelegatingFilterProxy.doFilter(DelegatingFilterProxy.java:278)
	at org.apache.catalina.core.ApplicationFilterChain.internalDoFilter(ApplicationFilterChain.java:164)
	at org.apache.catalina.core.ApplicationFilterChain.doFilter(ApplicationFilterChain.java:140)
	at org.springframework.web.filter.RequestContextFilter.doFilterInternal(RequestContextFilter.java:100)
	at org.springframework.web.filter.OncePerRequestFilter.doFilter(OncePerRequestFilter.java:116)
	at org.apache.catalina.core.ApplicationFilterChain.internalDoFilter(ApplicationFilterChain.java:164)
	at org.apache.catalina.core.ApplicationFilterChain.doFilter(ApplicationFilterChain.java:140)
	at org.springframework.web.filter.FormContentFilter.doFilterInternal(FormContentFilter.java:93)
	at org.springframework.web.filter.OncePerRequestFilter.doFilter(OncePerRequestFilter.java:116)
	at org.apache.catalina.core.ApplicationFilterChain.internalDoFilter(ApplicationFilterChain.java:164)
	at org.apache.catalina.core.ApplicationFilterChain.doFilter(ApplicationFilterChain.java:140)
	at org.springframework.web.filter.ServerHttpObservationFilter.doFilterInternal(ServerHttpObservationFilter.java:114)
	at org.springframework.web.filter.OncePerRequestFilter.doFilter(OncePerRequestFilter.java:116)
	at org.apache.catalina.core.ApplicationFilterChain.internalDoFilter(ApplicationFilterChain.java:164)
	at org.apache.catalina.core.ApplicationFilterChain.doFilter(ApplicationFilterChain.java:140)
	at org.springframework.web.filter.CharacterEncodingFilter.doFilterInternal(CharacterEncodingFilter.java:201)
	at org.springframework.web.filter.OncePerRequestFilter.doFilter(OncePerRequestFilter.java:116)
	at org.apache.catalina.core.ApplicationFilterChain.internalDoFilter(ApplicationFilterChain.java:164)
	at org.apache.catalina.core.ApplicationFilterChain.doFilter(ApplicationFilterChain.java:140)
	at org.apache.catalina.core.StandardWrapperValve.invoke(StandardWrapperValve.java:167)
	at org.apache.catalina.core.StandardContextValve.invoke(StandardContextValve.java:90)
	at org.apache.catalina.authenticator.AuthenticatorBase.invoke(AuthenticatorBase.java:483)
	at org.apache.catalina.core.StandardHostValve.invoke(StandardHostValve.java:115)
	at org.apache.catalina.valves.ErrorReportValve.invoke(ErrorReportValve.java:93)
	at org.apache.catalina.core.StandardEngineValve.invoke(StandardEngineValve.java:74)
	at org.apache.catalina.connector.CoyoteAdapter.service(CoyoteAdapter.java:344)
	at org.apache.coyote.http11.Http11Processor.service(Http11Processor.java:397)
	at org.apache.coyote.AbstractProcessorLight.process(AbstractProcessorLight.java:63)
	at org.apache.coyote.AbstractProtocol$ConnectionHandler.process(AbstractProtocol.java:905)
	at org.apache.tomcat.util.net.NioEndpoint$SocketProcessor.doRun(NioEndpoint.java:1741)
	at org.apache.tomcat.util.net.SocketProcessorBase.run(SocketProcessorBase.java:52)
	at org.apache.tomcat.util.threads.ThreadPoolExecutor.runWorker(ThreadPoolExecutor.java:1190)
	at org.apache.tomcat.util.threads.ThreadPoolExecutor$Worker.run(ThreadPoolExecutor.java:659)
	at org.apache.tomcat.util.threads.TaskThread$WrappingRunnable.run(TaskThread.java:63)
	at java.base/java.lang.Thread.run(Thread.java:1583)
Caused by: com.fasterxml.jackson.databind.exc.UnrecognizedPropertyException: Unrecognized field "email" (class com.unicorn.lunchpick.member.dto.request.UpdateProfileRequest), not marked as ignorable (2 known properties: "nickname", "notificationSettings"])
 at [Source: REDACTED (`StreamReadFeature.INCLUDE_SOURCE_IN_LOCATION` disabled); line: 1, column: 30] (through reference chain: com.unicorn.lunchpick.member.dto.request.UpdateProfileRequest["email"])
	at com.fasterxml.jackson.databind.exc.UnrecognizedPropertyException.from(UnrecognizedPropertyException.java:61)
	at com.fasterxml.jackson.databind.DeserializationContext.handleUnknownProperty(DeserializationContext.java:1153)
	at com.fasterxml.jackson.databind.deser.std.StdDeserializer.handleUnknownProperty(StdDeserializer.java:2241)
	at com.fasterxml.jackson.databind.deser.BeanDeserializerBase.handleUnknownProperty(BeanDeserializerBase.java:1821)
	at com.fasterxml.jackson.databind.deser.BeanDeserializerBase.handleUnknownProperties(BeanDeserializerBase.java:1771)
	at com.fasterxml.jackson.databind.deser.BeanDeserializer._deserializeUsingPropertyBased(BeanDeserializer.java:561)
	at com.fasterxml.jackson.databind.deser.BeanDeserializerBase.deserializeFromObjectUsingNonDefault(BeanDeserializerBase.java:1497)
	at com.fasterxml.jackson.databind.deser.BeanDeserializer.deserializeFromObject(BeanDeserializer.java:348)
	at com.fasterxml.jackson.databind.deser.BeanDeserializer.deserialize(BeanDeserializer.java:185)
	at com.fasterxml.jackson.databind.deser.DefaultDeserializationContext.readRootValue(DefaultDeserializationContext.java:342)
	at com.fasterxml.jackson.databind.ObjectReader._bindAndClose(ObjectReader.java:2125)
	at com.fasterxml.jackson.databind.ObjectReader.readValue(ObjectReader.java:1501)
	at org.springframework.http.converter.json.AbstractJackson2HttpMessageConverter.readJavaType(AbstractJackson2HttpMessageConverter.java:398)
	... 135 common frames omitted
2026-02-27 23:43:31 [http-nio-8081-exec-2] DEBUG org.hibernate.SQL - 
    /* <criteria> */ select
        me1_0.id,
        me1_0.created_at,
        me1_0.email,
        me1_0.feedback_reminder,
        me1_0.kakao_id,
        me1_0.location_enabled,
        me1_0.member_id,
        me1_0.nickname,
        me1_0.onboarding_completed,
        me1_0.recommendation_alert,
        me1_0.updated_at 
    from
        lunchpick_member.member me1_0 
    where
        me1_0.nickname=?
2026-02-27 23:43:31 [http-nio-8081-exec-1] DEBUG c.u.l.m.c.j.JwtAuthenticationFilter - JWT 인증 완료 — memberId: 4ccc5886-a200-4ca0-8fe1-6c630d5677f5
2026-02-27 23:43:31 [http-nio-8081-exec-1] ERROR c.u.l.m.e.GlobalExceptionHandler - 서버 내부 오류 발생
org.springframework.http.converter.HttpMessageNotReadableException: JSON parse error: Unrecognized field "email" (class com.unicorn.lunchpick.member.dto.request.UpdateProfileRequest), not marked as ignorable
	at org.springframework.http.converter.json.AbstractJackson2HttpMessageConverter.readJavaType(AbstractJackson2HttpMessageConverter.java:409)
	at org.springframework.http.converter.json.AbstractJackson2HttpMessageConverter.read(AbstractJackson2HttpMessageConverter.java:357)
	at org.springframework.web.servlet.mvc.method.annotation.AbstractMessageConverterMethodArgumentResolver.readWithMessageConverters(AbstractMessageConverterMethodArgumentResolver.java:204)
	at org.springframework.web.servlet.mvc.method.annotation.RequestResponseBodyMethodProcessor.readWithMessageConverters(RequestResponseBodyMethodProcessor.java:176)
	at org.springframework.web.servlet.mvc.method.annotation.RequestResponseBodyMethodProcessor.resolveArgument(RequestResponseBodyMethodProcessor.java:150)
	at org.springframework.web.method.support.HandlerMethodArgumentResolverComposite.resolveArgument(HandlerMethodArgumentResolverComposite.java:122)
	at org.springframework.web.method.support.InvocableHandlerMethod.getMethodArgumentValues(InvocableHandlerMethod.java:226)
	at org.springframework.web.method.support.InvocableHandlerMethod.invokeForRequest(InvocableHandlerMethod.java:180)
	at org.springframework.web.servlet.mvc.method.annotation.ServletInvocableHandlerMethod.invokeAndHandle(ServletInvocableHandlerMethod.java:118)
	at org.springframework.web.servlet.mvc.method.annotation.RequestMappingHandlerAdapter.invokeHandlerMethod(RequestMappingHandlerAdapter.java:986)
	at org.springframework.web.servlet.mvc.method.annotation.RequestMappingHandlerAdapter.handleInternal(RequestMappingHandlerAdapter.java:891)
	at org.springframework.web.servlet.mvc.method.AbstractHandlerMethodAdapter.handle(AbstractHandlerMethodAdapter.java:87)
	at org.springframework.web.servlet.DispatcherServlet.doDispatch(DispatcherServlet.java:1088)
	at org.springframework.web.servlet.DispatcherServlet.doService(DispatcherServlet.java:978)
	at org.springframework.web.servlet.FrameworkServlet.processRequest(FrameworkServlet.java:1014)
	at org.springframework.web.servlet.FrameworkServlet.doPut(FrameworkServlet.java:925)
	at jakarta.servlet.http.HttpServlet.service(HttpServlet.java:593)
	at org.springframework.web.servlet.FrameworkServlet.service(FrameworkServlet.java:885)
	at jakarta.servlet.http.HttpServlet.service(HttpServlet.java:658)
	at org.apache.catalina.core.ApplicationFilterChain.internalDoFilter(ApplicationFilterChain.java:195)
	at org.apache.catalina.core.ApplicationFilterChain.doFilter(ApplicationFilterChain.java:140)
	at org.apache.tomcat.websocket.server.WsFilter.doFilter(WsFilter.java:51)
	at org.apache.catalina.core.ApplicationFilterChain.internalDoFilter(ApplicationFilterChain.java:164)
	at org.apache.catalina.core.ApplicationFilterChain.doFilter(ApplicationFilterChain.java:140)
	at org.springframework.web.filter.CompositeFilter$VirtualFilterChain.doFilter(CompositeFilter.java:108)
	at org.springframework.security.web.FilterChainProxy.lambda$doFilterInternal$3(FilterChainProxy.java:231)
	at org.springframework.security.web.ObservationFilterChainDecorator$FilterObservation$SimpleFilterObservation.lambda$wrap$1(ObservationFilterChainDecorator.java:479)
	at org.springframework.security.web.ObservationFilterChainDecorator$AroundFilterObservation$SimpleAroundFilterObservation.lambda$wrap$1(ObservationFilterChainDecorator.java:340)
	at org.springframework.security.web.ObservationFilterChainDecorator.lambda$wrapSecured$0(ObservationFilterChainDecorator.java:82)
	at org.springframework.security.web.ObservationFilterChainDecorator$VirtualFilterChain.doFilter(ObservationFilterChainDecorator.java:128)
	at org.springframework.security.web.access.intercept.AuthorizationFilter.doFilter(AuthorizationFilter.java:101)
	at org.springframework.security.web.ObservationFilterChainDecorator$ObservationFilter.wrapFilter(ObservationFilterChainDecorator.java:240)
	at org.springframework.security.web.ObservationFilterChainDecorator$ObservationFilter.doFilter(ObservationFilterChainDecorator.java:227)
	at org.springframework.security.web.ObservationFilterChainDecorator$VirtualFilterChain.doFilter(ObservationFilterChainDecorator.java:137)
	at org.springframework.security.web.access.ExceptionTranslationFilter.doFilter(ExceptionTranslationFilter.java:126)
	at org.springframework.security.web.access.ExceptionTranslationFilter.doFilter(ExceptionTranslationFilter.java:120)
	at org.springframework.security.web.ObservationFilterChainDecorator$ObservationFilter.wrapFilter(ObservationFilterChainDecorator.java:240)
	at org.springframework.security.web.ObservationFilterChainDecorator$ObservationFilter.doFilter(ObservationFilterChainDecorator.java:227)
	at org.springframework.security.web.ObservationFilterChainDecorator$VirtualFilterChain.doFilter(ObservationFilterChainDecorator.java:137)
	at org.springframework.security.web.session.SessionManagementFilter.doFilter(SessionManagementFilter.java:131)
	at org.springframework.security.web.session.SessionManagementFilter.doFilter(SessionManagementFilter.java:85)
	at org.springframework.security.web.ObservationFilterChainDecorator$ObservationFilter.wrapFilter(ObservationFilterChainDecorator.java:240)
	at org.springframework.security.web.ObservationFilterChainDecorator$ObservationFilter.doFilter(ObservationFilterChainDecorator.java:227)
	at org.springframework.security.web.ObservationFilterChainDecorator$VirtualFilterChain.doFilter(ObservationFilterChainDecorator.java:137)
	at org.springframework.security.web.authentication.AnonymousAuthenticationFilter.doFilter(AnonymousAuthenticationFilter.java:100)
	at org.springframework.security.web.ObservationFilterChainDecorator$ObservationFilter.wrapFilter(ObservationFilterChainDecorator.java:240)
	at org.springframework.security.web.ObservationFilterChainDecorator$ObservationFilter.doFilter(ObservationFilterChainDecorator.java:227)
	at org.springframework.security.web.ObservationFilterChainDecorator$VirtualFilterChain.doFilter(ObservationFilterChainDecorator.java:137)
	at org.springframework.security.web.servletapi.SecurityContextHolderAwareRequestFilter.doFilter(SecurityContextHolderAwareRequestFilter.java:179)
	at org.springframework.security.web.ObservationFilterChainDecorator$ObservationFilter.wrapFilter(ObservationFilterChainDecorator.java:240)
	at org.springframework.security.web.ObservationFilterChainDecorator$ObservationFilter.doFilter(ObservationFilterChainDecorator.java:227)
	at org.springframework.security.web.ObservationFilterChainDecorator$VirtualFilterChain.doFilter(ObservationFilterChainDecorator.java:137)
	at org.springframework.security.web.savedrequest.RequestCacheAwareFilter.doFilter(RequestCacheAwareFilter.java:63)
	at org.springframework.security.web.ObservationFilterChainDecorator$ObservationFilter.wrapFilter(ObservationFilterChainDecorator.java:240)
	at org.springframework.security.web.ObservationFilterChainDecorator$ObservationFilter.doFilter(ObservationFilterChainDecorator.java:227)
	at org.springframework.security.web.ObservationFilterChainDecorator$VirtualFilterChain.doFilter(ObservationFilterChainDecorator.java:137)
	at com.unicorn.lunchpick.member.config.jwt.JwtAuthenticationFilter.doFilterInternal(JwtAuthenticationFilter.java:91)
	at org.springframework.web.filter.OncePerRequestFilter.doFilter(OncePerRequestFilter.java:116)
	at org.springframework.security.web.ObservationFilterChainDecorator$ObservationFilter.wrapFilter(ObservationFilterChainDecorator.java:240)
	at org.springframework.security.web.ObservationFilterChainDecorator$ObservationFilter.doFilter(ObservationFilterChainDecorator.java:227)
	at org.springframework.security.web.ObservationFilterChainDecorator$VirtualFilterChain.doFilter(ObservationFilterChainDecorator.java:137)
	at org.springframework.security.web.authentication.logout.LogoutFilter.doFilter(LogoutFilter.java:107)
	at org.springframework.security.web.authentication.logout.LogoutFilter.doFilter(LogoutFilter.java:93)
	at org.springframework.security.web.ObservationFilterChainDecorator$ObservationFilter.wrapFilter(ObservationFilterChainDecorator.java:240)
	at org.springframework.security.web.ObservationFilterChainDecorator$ObservationFilter.doFilter(ObservationFilterChainDecorator.java:227)
	at org.springframework.security.web.ObservationFilterChainDecorator$VirtualFilterChain.doFilter(ObservationFilterChainDecorator.java:137)
	at org.springframework.web.filter.CorsFilter.doFilterInternal(CorsFilter.java:91)
	at org.springframework.web.filter.OncePerRequestFilter.doFilter(OncePerRequestFilter.java:116)
	at org.springframework.security.web.ObservationFilterChainDecorator$ObservationFilter.wrapFilter(ObservationFilterChainDecorator.java:240)
	at org.springframework.security.web.ObservationFilterChainDecorator$ObservationFilter.doFilter(ObservationFilterChainDecorator.java:227)
	at org.springframework.security.web.ObservationFilterChainDecorator$VirtualFilterChain.doFilter(ObservationFilterChainDecorator.java:137)
	at org.springframework.security.web.header.HeaderWriterFilter.doHeadersAfter(HeaderWriterFilter.java:90)
	at org.springframework.security.web.header.HeaderWriterFilter.doFilterInternal(HeaderWriterFilter.java:75)
	at org.springframework.web.filter.OncePerRequestFilter.doFilter(OncePerRequestFilter.java:116)
	at org.springframework.security.web.ObservationFilterChainDecorator$ObservationFilter.wrapFilter(ObservationFilterChainDecorator.java:240)
	at org.springframework.security.web.ObservationFilterChainDecorator$ObservationFilter.doFilter(ObservationFilterChainDecorator.java:227)
	at org.springframework.security.web.ObservationFilterChainDecorator$VirtualFilterChain.doFilter(ObservationFilterChainDecorator.java:137)
	at org.springframework.security.web.context.SecurityContextHolderFilter.doFilter(SecurityContextHolderFilter.java:82)
	at org.springframework.security.web.context.SecurityContextHolderFilter.doFilter(SecurityContextHolderFilter.java:69)
	at org.springframework.security.web.ObservationFilterChainDecorator$ObservationFilter.wrapFilter(ObservationFilterChainDecorator.java:240)
	at org.springframework.security.web.ObservationFilterChainDecorator$ObservationFilter.doFilter(ObservationFilterChainDecorator.java:227)
	at org.springframework.security.web.ObservationFilterChainDecorator$VirtualFilterChain.doFilter(ObservationFilterChainDecorator.java:137)
	at org.springframework.security.web.context.request.async.WebAsyncManagerIntegrationFilter.doFilterInternal(WebAsyncManagerIntegrationFilter.java:62)
	at org.springframework.web.filter.OncePerRequestFilter.doFilter(OncePerRequestFilter.java:116)
	at org.springframework.security.web.ObservationFilterChainDecorator$ObservationFilter.wrapFilter(ObservationFilterChainDecorator.java:240)
	at org.springframework.security.web.ObservationFilterChainDecorator$ObservationFilter.doFilter(ObservationFilterChainDecorator.java:227)
	at org.springframework.security.web.ObservationFilterChainDecorator$VirtualFilterChain.doFilter(ObservationFilterChainDecorator.java:137)
	at org.springframework.security.web.session.DisableEncodeUrlFilter.doFilterInternal(DisableEncodeUrlFilter.java:42)
	at org.springframework.web.filter.OncePerRequestFilter.doFilter(OncePerRequestFilter.java:116)
	at org.springframework.security.web.ObservationFilterChainDecorator$ObservationFilter.wrapFilter(ObservationFilterChainDecorator.java:240)
	at org.springframework.security.web.ObservationFilterChainDecorator$AroundFilterObservation$SimpleAroundFilterObservation.lambda$wrap$0(ObservationFilterChainDecorator.java:323)
	at org.springframework.security.web.ObservationFilterChainDecorator$ObservationFilter.doFilter(ObservationFilterChainDecorator.java:224)
	at org.springframework.security.web.ObservationFilterChainDecorator$VirtualFilterChain.doFilter(ObservationFilterChainDecorator.java:137)
	at org.springframework.security.web.FilterChainProxy.doFilterInternal(FilterChainProxy.java:233)
	at org.springframework.security.web.FilterChainProxy.doFilter(FilterChainProxy.java:191)
	at org.springframework.web.filter.CompositeFilter$VirtualFilterChain.doFilter(CompositeFilter.java:113)
	at org.springframework.web.servlet.handler.HandlerMappingIntrospector.lambda$createCacheFilter$3(HandlerMappingIntrospector.java:243)
	at org.springframework.web.filter.CompositeFilter$VirtualFilterChain.doFilter(CompositeFilter.java:113)
	at org.springframework.web.filter.CompositeFilter.doFilter(CompositeFilter.java:74)
	at org.springframework.security.config.annotation.web.configuration.WebMvcSecurityConfiguration$CompositeFilterChainProxy.doFilter(WebMvcSecurityConfiguration.java:238)
	at org.springframework.web.filter.DelegatingFilterProxy.invokeDelegate(DelegatingFilterProxy.java:362)
	at org.springframework.web.filter.DelegatingFilterProxy.doFilter(DelegatingFilterProxy.java:278)
	at org.apache.catalina.core.ApplicationFilterChain.internalDoFilter(ApplicationFilterChain.java:164)
	at org.apache.catalina.core.ApplicationFilterChain.doFilter(ApplicationFilterChain.java:140)
	at org.springframework.web.filter.RequestContextFilter.doFilterInternal(RequestContextFilter.java:100)
	at org.springframework.web.filter.OncePerRequestFilter.doFilter(OncePerRequestFilter.java:116)
	at org.apache.catalina.core.ApplicationFilterChain.internalDoFilter(ApplicationFilterChain.java:164)
	at org.apache.catalina.core.ApplicationFilterChain.doFilter(ApplicationFilterChain.java:140)
	at org.springframework.web.filter.FormContentFilter.doFilterInternal(FormContentFilter.java:93)
	at org.springframework.web.filter.OncePerRequestFilter.doFilter(OncePerRequestFilter.java:116)
	at org.apache.catalina.core.ApplicationFilterChain.internalDoFilter(ApplicationFilterChain.java:164)
	at org.apache.catalina.core.ApplicationFilterChain.doFilter(ApplicationFilterChain.java:140)
	at org.springframework.web.filter.ServerHttpObservationFilter.doFilterInternal(ServerHttpObservationFilter.java:114)
	at org.springframework.web.filter.OncePerRequestFilter.doFilter(OncePerRequestFilter.java:116)
	at org.apache.catalina.core.ApplicationFilterChain.internalDoFilter(ApplicationFilterChain.java:164)
	at org.apache.catalina.core.ApplicationFilterChain.doFilter(ApplicationFilterChain.java:140)
	at org.springframework.web.filter.CharacterEncodingFilter.doFilterInternal(CharacterEncodingFilter.java:201)
	at org.springframework.web.filter.OncePerRequestFilter.doFilter(OncePerRequestFilter.java:116)
	at org.apache.catalina.core.ApplicationFilterChain.internalDoFilter(ApplicationFilterChain.java:164)
	at org.apache.catalina.core.ApplicationFilterChain.doFilter(ApplicationFilterChain.java:140)
	at org.apache.catalina.core.StandardWrapperValve.invoke(StandardWrapperValve.java:167)
	at org.apache.catalina.core.StandardContextValve.invoke(StandardContextValve.java:90)
	at org.apache.catalina.authenticator.AuthenticatorBase.invoke(AuthenticatorBase.java:483)
	at org.apache.catalina.core.StandardHostValve.invoke(StandardHostValve.java:115)
	at org.apache.catalina.valves.ErrorReportValve.invoke(ErrorReportValve.java:93)
	at org.apache.catalina.core.StandardEngineValve.invoke(StandardEngineValve.java:74)
	at org.apache.catalina.connector.CoyoteAdapter.service(CoyoteAdapter.java:344)
	at org.apache.coyote.http11.Http11Processor.service(Http11Processor.java:397)
	at org.apache.coyote.AbstractProcessorLight.process(AbstractProcessorLight.java:63)
	at org.apache.coyote.AbstractProtocol$ConnectionHandler.process(AbstractProtocol.java:905)
	at org.apache.tomcat.util.net.NioEndpoint$SocketProcessor.doRun(NioEndpoint.java:1741)
	at org.apache.tomcat.util.net.SocketProcessorBase.run(SocketProcessorBase.java:52)
	at org.apache.tomcat.util.threads.ThreadPoolExecutor.runWorker(ThreadPoolExecutor.java:1190)
	at org.apache.tomcat.util.threads.ThreadPoolExecutor$Worker.run(ThreadPoolExecutor.java:659)
	at org.apache.tomcat.util.threads.TaskThread$WrappingRunnable.run(TaskThread.java:63)
	at java.base/java.lang.Thread.run(Thread.java:1583)
Caused by: com.fasterxml.jackson.databind.exc.UnrecognizedPropertyException: Unrecognized field "email" (class com.unicorn.lunchpick.member.dto.request.UpdateProfileRequest), not marked as ignorable (2 known properties: "nickname", "notificationSettings"])
 at [Source: REDACTED (`StreamReadFeature.INCLUDE_SOURCE_IN_LOCATION` disabled); line: 1, column: 30] (through reference chain: com.unicorn.lunchpick.member.dto.request.UpdateProfileRequest["email"])
	at com.fasterxml.jackson.databind.exc.UnrecognizedPropertyException.from(UnrecognizedPropertyException.java:61)
	at com.fasterxml.jackson.databind.DeserializationContext.handleUnknownProperty(DeserializationContext.java:1153)
	at com.fasterxml.jackson.databind.deser.std.StdDeserializer.handleUnknownProperty(StdDeserializer.java:2241)
	at com.fasterxml.jackson.databind.deser.BeanDeserializerBase.handleUnknownProperty(BeanDeserializerBase.java:1821)
	at com.fasterxml.jackson.databind.deser.BeanDeserializerBase.handleUnknownProperties(BeanDeserializerBase.java:1771)
	at com.fasterxml.jackson.databind.deser.BeanDeserializer._deserializeUsingPropertyBased(BeanDeserializer.java:561)
	at com.fasterxml.jackson.databind.deser.BeanDeserializerBase.deserializeFromObjectUsingNonDefault(BeanDeserializerBase.java:1497)
	at com.fasterxml.jackson.databind.deser.BeanDeserializer.deserializeFromObject(BeanDeserializer.java:348)
	at com.fasterxml.jackson.databind.deser.BeanDeserializer.deserialize(BeanDeserializer.java:185)
	at com.fasterxml.jackson.databind.deser.DefaultDeserializationContext.readRootValue(DefaultDeserializationContext.java:342)
	at com.fasterxml.jackson.databind.ObjectReader._bindAndClose(ObjectReader.java:2125)
	at com.fasterxml.jackson.databind.ObjectReader.readValue(ObjectReader.java:1501)
	at org.springframework.http.converter.json.AbstractJackson2HttpMessageConverter.readJavaType(AbstractJackson2HttpMessageConverter.java:398)
	... 135 common frames omitted
2026-02-27 23:45:08 [main] INFO  c.u.l.member.MemberApplication - Starting MemberApplication using Java 21 with PID 37196 (C:\Users\hiond\workspace\lunch-menu-recommender\member-service\build\classes\java\main started by hiond in C:\Users\hiond\workspace\lunch-menu-recommender\member-service)
2026-02-27 23:45:08 [main] DEBUG c.u.l.member.MemberApplication - Running with Spring Boot v3.4.1, Spring v6.2.1
2026-02-27 23:45:08 [main] INFO  c.u.l.member.MemberApplication - The following 1 profile is active: "dev"
2026-02-27 23:45:09 [main] INFO  o.s.d.r.c.RepositoryConfigurationDelegate - Multiple Spring Data modules found, entering strict repository configuration mode
2026-02-27 23:45:09 [main] INFO  o.s.d.r.c.RepositoryConfigurationDelegate - Bootstrapping Spring Data JPA repositories in DEFAULT mode.
2026-02-27 23:45:09 [main] INFO  o.s.d.r.c.RepositoryConfigurationDelegate - Finished Spring Data repository scanning in 69 ms. Found 4 JPA repository interfaces.
2026-02-27 23:45:09 [main] INFO  o.s.d.r.c.RepositoryConfigurationDelegate - Multiple Spring Data modules found, entering strict repository configuration mode
2026-02-27 23:45:09 [main] INFO  o.s.d.r.c.RepositoryConfigurationDelegate - Bootstrapping Spring Data Redis repositories in DEFAULT mode.
2026-02-27 23:45:09 [main] INFO  o.s.d.r.c.RepositoryConfigurationExtensionSupport - Spring Data Redis - Could not safely identify store assignment for repository candidate interface com.unicorn.lunchpick.member.repository.jpa.DietaryRestrictionRepository; If you want this repository to be a Redis repository, consider annotating your entities with one of these annotations: org.springframework.data.redis.core.RedisHash (preferred), or consider extending one of the following types with your repository: org.springframework.data.keyvalue.repository.KeyValueRepository
2026-02-27 23:45:09 [main] INFO  o.s.d.r.c.RepositoryConfigurationExtensionSupport - Spring Data Redis - Could not safely identify store assignment for repository candidate interface com.unicorn.lunchpick.member.repository.jpa.LocationConsentRepository; If you want this repository to be a Redis repository, consider annotating your entities with one of these annotations: org.springframework.data.redis.core.RedisHash (preferred), or consider extending one of the following types with your repository: org.springframework.data.keyvalue.repository.KeyValueRepository
2026-02-27 23:45:09 [main] INFO  o.s.d.r.c.RepositoryConfigurationExtensionSupport - Spring Data Redis - Could not safely identify store assignment for repository candidate interface com.unicorn.lunchpick.member.repository.jpa.MemberRepository; If you want this repository to be a Redis repository, consider annotating your entities with one of these annotations: org.springframework.data.redis.core.RedisHash (preferred), or consider extending one of the following types with your repository: org.springframework.data.keyvalue.repository.KeyValueRepository
2026-02-27 23:45:09 [main] INFO  o.s.d.r.c.RepositoryConfigurationExtensionSupport - Spring Data Redis - Could not safely identify store assignment for repository candidate interface com.unicorn.lunchpick.member.repository.jpa.TasteProfileRepository; If you want this repository to be a Redis repository, consider annotating your entities with one of these annotations: org.springframework.data.redis.core.RedisHash (preferred), or consider extending one of the following types with your repository: org.springframework.data.keyvalue.repository.KeyValueRepository
2026-02-27 23:45:09 [main] INFO  o.s.d.r.c.RepositoryConfigurationDelegate - Finished Spring Data repository scanning in 15 ms. Found 0 Redis repository interfaces.
2026-02-27 23:45:09 [main] INFO  o.s.cloud.context.scope.GenericScope - BeanFactory id=1a3b27fb-12f5-300a-b35b-fe7cd5e0b075
2026-02-27 23:45:10 [main] INFO  o.s.b.w.e.tomcat.TomcatWebServer - Tomcat initialized with port 8081 (http)
2026-02-27 23:45:10 [main] INFO  o.a.catalina.core.StandardService - Starting service [Tomcat]
2026-02-27 23:45:10 [main] INFO  o.a.catalina.core.StandardEngine - Starting Servlet engine: [Apache Tomcat/10.1.34]
2026-02-27 23:45:10 [main] INFO  o.a.c.c.C.[Tomcat].[localhost].[/] - Initializing Spring embedded WebApplicationContext
2026-02-27 23:45:10 [main] INFO  o.s.b.w.s.c.ServletWebServerApplicationContext - Root WebApplicationContext: initialization completed in 1636 ms
2026-02-27 23:45:10 [main] INFO  o.h.jpa.internal.util.LogHelper - HHH000204: Processing PersistenceUnitInfo [name: default]
2026-02-27 23:45:10 [main] INFO  org.hibernate.Version - HHH000412: Hibernate ORM core version 6.6.4.Final
2026-02-27 23:45:10 [main] INFO  o.h.c.i.RegionFactoryInitiator - HHH000026: Second-level cache disabled
2026-02-27 23:45:10 [main] DEBUG o.hibernate.type.BasicTypeRegistry - Adding type registration boolean -> org.hibernate.type.BasicTypeReference@3340ff7c
2026-02-27 23:45:10 [main] DEBUG o.hibernate.type.BasicTypeRegistry - Adding type registration boolean -> org.hibernate.type.BasicTypeReference@3340ff7c
2026-02-27 23:45:10 [main] DEBUG o.hibernate.type.BasicTypeRegistry - Adding type registration java.lang.Boolean -> org.hibernate.type.BasicTypeReference@3340ff7c
2026-02-27 23:45:10 [main] DEBUG o.hibernate.type.BasicTypeRegistry - Adding type registration numeric_boolean -> org.hibernate.type.BasicTypeReference@42e4431
2026-02-27 23:45:10 [main] DEBUG o.hibernate.type.BasicTypeRegistry - Adding type registration org.hibernate.type.NumericBooleanConverter -> org.hibernate.type.BasicTypeReference@42e4431
2026-02-27 23:45:10 [main] DEBUG o.hibernate.type.BasicTypeRegistry - Adding type registration true_false -> org.hibernate.type.BasicTypeReference@5e198c40
2026-02-27 23:45:10 [main] DEBUG o.hibernate.type.BasicTypeRegistry - Adding type registration org.hibernate.type.TrueFalseConverter -> org.hibernate.type.BasicTypeReference@5e198c40
2026-02-27 23:45:10 [main] DEBUG o.hibernate.type.BasicTypeRegistry - Adding type registration yes_no -> org.hibernate.type.BasicTypeReference@dcdb883
2026-02-27 23:45:10 [main] DEBUG o.hibernate.type.BasicTypeRegistry - Adding type registration org.hibernate.type.YesNoConverter -> org.hibernate.type.BasicTypeReference@dcdb883
2026-02-27 23:45:10 [main] DEBUG o.hibernate.type.BasicTypeRegistry - Adding type registration byte -> org.hibernate.type.BasicTypeReference@39420d59
2026-02-27 23:45:10 [main] DEBUG o.hibernate.type.BasicTypeRegistry - Adding type registration byte -> org.hibernate.type.BasicTypeReference@39420d59
2026-02-27 23:45:10 [main] DEBUG o.hibernate.type.BasicTypeRegistry - Adding type registration java.lang.Byte -> org.hibernate.type.BasicTypeReference@39420d59
2026-02-27 23:45:10 [main] DEBUG o.hibernate.type.BasicTypeRegistry - Adding type registration binary -> org.hibernate.type.BasicTypeReference@4fbbd98c
2026-02-27 23:45:10 [main] DEBUG o.hibernate.type.BasicTypeRegistry - Adding type registration byte[] -> org.hibernate.type.BasicTypeReference@4fbbd98c
2026-02-27 23:45:10 [main] DEBUG o.hibernate.type.BasicTypeRegistry - Adding type registration [B -> org.hibernate.type.BasicTypeReference@4fbbd98c
2026-02-27 23:45:10 [main] DEBUG o.hibernate.type.BasicTypeRegistry - Adding type registration binary_wrapper -> org.hibernate.type.BasicTypeReference@5dd227b7
2026-02-27 23:45:10 [main] DEBUG o.hibernate.type.BasicTypeRegistry - Adding type registration wrapper-binary -> org.hibernate.type.BasicTypeReference@5dd227b7
2026-02-27 23:45:10 [main] DEBUG o.hibernate.type.BasicTypeRegistry - Adding type registration image -> org.hibernate.type.BasicTypeReference@3d3b852e
2026-02-27 23:45:10 [main] DEBUG o.hibernate.type.BasicTypeRegistry - Adding type registration blob -> org.hibernate.type.BasicTypeReference@14ba7f15
2026-02-27 23:45:10 [main] DEBUG o.hibernate.type.BasicTypeRegistry - Adding type registration java.sql.Blob -> org.hibernate.type.BasicTypeReference@14ba7f15
2026-02-27 23:45:10 [main] DEBUG o.hibernate.type.BasicTypeRegistry - Adding type registration materialized_blob -> org.hibernate.type.BasicTypeReference@55cb3b7
2026-02-27 23:45:10 [main] DEBUG o.hibernate.type.BasicTypeRegistry - Adding type registration materialized_blob_wrapper -> org.hibernate.type.BasicTypeReference@497fd334
2026-02-27 23:45:10 [main] DEBUG o.hibernate.type.BasicTypeRegistry - Adding type registration short -> org.hibernate.type.BasicTypeReference@280c3dc0
2026-02-27 23:45:10 [main] DEBUG o.hibernate.type.BasicTypeRegistry - Adding type registration short -> org.hibernate.type.BasicTypeReference@280c3dc0
2026-02-27 23:45:10 [main] DEBUG o.hibernate.type.BasicTypeRegistry - Adding type registration java.lang.Short -> org.hibernate.type.BasicTypeReference@280c3dc0
2026-02-27 23:45:10 [main] DEBUG o.hibernate.type.BasicTypeRegistry - Adding type registration integer -> org.hibernate.type.BasicTypeReference@6f89ad03
2026-02-27 23:45:10 [main] DEBUG o.hibernate.type.BasicTypeRegistry - Adding type registration int -> org.hibernate.type.BasicTypeReference@6f89ad03
2026-02-27 23:45:10 [main] DEBUG o.hibernate.type.BasicTypeRegistry - Adding type registration java.lang.Integer -> org.hibernate.type.BasicTypeReference@6f89ad03
2026-02-27 23:45:10 [main] DEBUG o.hibernate.type.BasicTypeRegistry - Adding type registration long -> org.hibernate.type.BasicTypeReference@f287a4e
2026-02-27 23:45:10 [main] DEBUG o.hibernate.type.BasicTypeRegistry - Adding type registration long -> org.hibernate.type.BasicTypeReference@f287a4e
2026-02-27 23:45:10 [main] DEBUG o.hibernate.type.BasicTypeRegistry - Adding type registration java.lang.Long -> org.hibernate.type.BasicTypeReference@f287a4e
2026-02-27 23:45:10 [main] DEBUG o.hibernate.type.BasicTypeRegistry - Adding type registration float -> org.hibernate.type.BasicTypeReference@3879feec
2026-02-27 23:45:10 [main] DEBUG o.hibernate.type.BasicTypeRegistry - Adding type registration float -> org.hibernate.type.BasicTypeReference@3879feec
2026-02-27 23:45:10 [main] DEBUG o.hibernate.type.BasicTypeRegistry - Adding type registration java.lang.Float -> org.hibernate.type.BasicTypeReference@3879feec
2026-02-27 23:45:10 [main] DEBUG o.hibernate.type.BasicTypeRegistry - Adding type registration double -> org.hibernate.type.BasicTypeReference@71d2261e
2026-02-27 23:45:10 [main] DEBUG o.hibernate.type.BasicTypeRegistry - Adding type registration double -> org.hibernate.type.BasicTypeReference@71d2261e
2026-02-27 23:45:10 [main] DEBUG o.hibernate.type.BasicTypeRegistry - Adding type registration java.lang.Double -> org.hibernate.type.BasicTypeReference@71d2261e
2026-02-27 23:45:10 [main] DEBUG o.hibernate.type.BasicTypeRegistry - Adding type registration big_integer -> org.hibernate.type.BasicTypeReference@53917c92
2026-02-27 23:45:10 [main] DEBUG o.hibernate.type.BasicTypeRegistry - Adding type registration java.math.BigInteger -> org.hibernate.type.BasicTypeReference@53917c92
2026-02-27 23:45:10 [main] DEBUG o.hibernate.type.BasicTypeRegistry - Adding type registration big_decimal -> org.hibernate.type.BasicTypeReference@1fa796a4
2026-02-27 23:45:10 [main] DEBUG o.hibernate.type.BasicTypeRegistry - Adding type registration java.math.BigDecimal -> org.hibernate.type.BasicTypeReference@1fa796a4
2026-02-27 23:45:10 [main] DEBUG o.hibernate.type.BasicTypeRegistry - Adding type registration character -> org.hibernate.type.BasicTypeReference@68de8522
2026-02-27 23:45:10 [main] DEBUG o.hibernate.type.BasicTypeRegistry - Adding type registration char -> org.hibernate.type.BasicTypeReference@68de8522
2026-02-27 23:45:10 [main] DEBUG o.hibernate.type.BasicTypeRegistry - Adding type registration java.lang.Character -> org.hibernate.type.BasicTypeReference@68de8522
2026-02-27 23:45:10 [main] DEBUG o.hibernate.type.BasicTypeRegistry - Adding type registration character_nchar -> org.hibernate.type.BasicTypeReference@8dcacf1
2026-02-27 23:45:10 [main] DEBUG o.hibernate.type.BasicTypeRegistry - Adding type registration string -> org.hibernate.type.BasicTypeReference@50f13494
2026-02-27 23:45:10 [main] DEBUG o.hibernate.type.BasicTypeRegistry - Adding type registration java.lang.String -> org.hibernate.type.BasicTypeReference@50f13494
2026-02-27 23:45:10 [main] DEBUG o.hibernate.type.BasicTypeRegistry - Adding type registration nstring -> org.hibernate.type.BasicTypeReference@73c09a98
2026-02-27 23:45:10 [main] DEBUG o.hibernate.type.BasicTypeRegistry - Adding type registration characters -> org.hibernate.type.BasicTypeReference@6f2bf657
2026-02-27 23:45:10 [main] DEBUG o.hibernate.type.BasicTypeRegistry - Adding type registration char[] -> org.hibernate.type.BasicTypeReference@6f2bf657
2026-02-27 23:45:10 [main] DEBUG o.hibernate.type.BasicTypeRegistry - Adding type registration [C -> org.hibernate.type.BasicTypeReference@6f2bf657
2026-02-27 23:45:10 [main] DEBUG o.hibernate.type.BasicTypeRegistry - Adding type registration wrapper-characters -> org.hibernate.type.BasicTypeReference@27d6467
2026-02-27 23:45:10 [main] DEBUG o.hibernate.type.BasicTypeRegistry - Adding type registration text -> org.hibernate.type.BasicTypeReference@5bf1b528
2026-02-27 23:45:10 [main] DEBUG o.hibernate.type.BasicTypeRegistry - Adding type registration ntext -> org.hibernate.type.BasicTypeReference@2c92f094
2026-02-27 23:45:10 [main] DEBUG o.hibernate.type.BasicTypeRegistry - Adding type registration clob -> org.hibernate.type.BasicTypeReference@1c3b221f
2026-02-27 23:45:10 [main] DEBUG o.hibernate.type.BasicTypeRegistry - Adding type registration java.sql.Clob -> org.hibernate.type.BasicTypeReference@1c3b221f
2026-02-27 23:45:10 [main] DEBUG o.hibernate.type.BasicTypeRegistry - Adding type registration nclob -> org.hibernate.type.BasicTypeReference@750c23a3
2026-02-27 23:45:10 [main] DEBUG o.hibernate.type.BasicTypeRegistry - Adding type registration java.sql.NClob -> org.hibernate.type.BasicTypeReference@750c23a3
2026-02-27 23:45:10 [main] DEBUG o.hibernate.type.BasicTypeRegistry - Adding type registration materialized_clob -> org.hibernate.type.BasicTypeReference@238280df
2026-02-27 23:45:10 [main] DEBUG o.hibernate.type.BasicTypeRegistry - Adding type registration materialized_clob_char_array -> org.hibernate.type.BasicTypeReference@182fd26b
2026-02-27 23:45:10 [main] DEBUG o.hibernate.type.BasicTypeRegistry - Adding type registration materialized_clob_character_array -> org.hibernate.type.BasicTypeReference@5dc120ab
2026-02-27 23:45:10 [main] DEBUG o.hibernate.type.BasicTypeRegistry - Adding type registration materialized_nclob -> org.hibernate.type.BasicTypeReference@49c4118b
2026-02-27 23:45:10 [main] DEBUG o.hibernate.type.BasicTypeRegistry - Adding type registration materialized_nclob_character_array -> org.hibernate.type.BasicTypeReference@7ef7f414
2026-02-27 23:45:10 [main] DEBUG o.hibernate.type.BasicTypeRegistry - Adding type registration materialized_nclob_char_array -> org.hibernate.type.BasicTypeReference@182dcd2b
2026-02-27 23:45:10 [main] DEBUG o.hibernate.type.BasicTypeRegistry - Adding type registration Duration -> org.hibernate.type.BasicTypeReference@4c3d72fd
2026-02-27 23:45:10 [main] DEBUG o.hibernate.type.BasicTypeRegistry - Adding type registration java.time.Duration -> org.hibernate.type.BasicTypeReference@4c3d72fd
2026-02-27 23:45:10 [main] DEBUG o.hibernate.type.BasicTypeRegistry - Adding type registration LocalDateTime -> org.hibernate.type.BasicTypeReference@259c6ab8
2026-02-27 23:45:10 [main] DEBUG o.hibernate.type.BasicTypeRegistry - Adding type registration java.time.LocalDateTime -> org.hibernate.type.BasicTypeReference@259c6ab8
2026-02-27 23:45:10 [main] DEBUG o.hibernate.type.BasicTypeRegistry - Adding type registration LocalDate -> org.hibernate.type.BasicTypeReference@640a6d4b
2026-02-27 23:45:10 [main] DEBUG o.hibernate.type.BasicTypeRegistry - Adding type registration java.time.LocalDate -> org.hibernate.type.BasicTypeReference@640a6d4b
2026-02-27 23:45:10 [main] DEBUG o.hibernate.type.BasicTypeRegistry - Adding type registration LocalTime -> org.hibernate.type.BasicTypeReference@1238a074
2026-02-27 23:45:10 [main] DEBUG o.hibernate.type.BasicTypeRegistry - Adding type registration java.time.LocalTime -> org.hibernate.type.BasicTypeReference@1238a074
2026-02-27 23:45:10 [main] DEBUG o.hibernate.type.BasicTypeRegistry - Adding type registration OffsetDateTime -> org.hibernate.type.BasicTypeReference@35b58254
2026-02-27 23:45:10 [main] DEBUG o.hibernate.type.BasicTypeRegistry - Adding type registration java.time.OffsetDateTime -> org.hibernate.type.BasicTypeReference@35b58254
2026-02-27 23:45:10 [main] DEBUG o.hibernate.type.BasicTypeRegistry - Adding type registration OffsetDateTimeWithTimezone -> org.hibernate.type.BasicTypeReference@73baf7f0
2026-02-27 23:45:10 [main] DEBUG o.hibernate.type.BasicTypeRegistry - Adding type registration OffsetDateTimeWithoutTimezone -> org.hibernate.type.BasicTypeReference@446dacf9
2026-02-27 23:45:10 [main] DEBUG o.hibernate.type.BasicTypeRegistry - Adding type registration OffsetTime -> org.hibernate.type.BasicTypeReference@13018f00
2026-02-27 23:45:10 [main] DEBUG o.hibernate.type.BasicTypeRegistry - Adding type registration java.time.OffsetTime -> org.hibernate.type.BasicTypeReference@13018f00
2026-02-27 23:45:10 [main] DEBUG o.hibernate.type.BasicTypeRegistry - Adding type registration OffsetTimeUtc -> org.hibernate.type.BasicTypeReference@abf1816
2026-02-27 23:45:10 [main] DEBUG o.hibernate.type.BasicTypeRegistry - Adding type registration OffsetTimeWithTimezone -> org.hibernate.type.BasicTypeReference@2e1e7bc6
2026-02-27 23:45:10 [main] DEBUG o.hibernate.type.BasicTypeRegistry - Adding type registration OffsetTimeWithoutTimezone -> org.hibernate.type.BasicTypeReference@7bd1098
2026-02-27 23:45:10 [main] DEBUG o.hibernate.type.BasicTypeRegistry - Adding type registration ZonedDateTime -> org.hibernate.type.BasicTypeReference@185bf6e0
2026-02-27 23:45:10 [main] DEBUG o.hibernate.type.BasicTypeRegistry - Adding type registration java.time.ZonedDateTime -> org.hibernate.type.BasicTypeReference@185bf6e0
2026-02-27 23:45:10 [main] DEBUG o.hibernate.type.BasicTypeRegistry - Adding type registration ZonedDateTimeWithTimezone -> org.hibernate.type.BasicTypeReference@6a562255
2026-02-27 23:45:10 [main] DEBUG o.hibernate.type.BasicTypeRegistry - Adding type registration ZonedDateTimeWithoutTimezone -> org.hibernate.type.BasicTypeReference@374ba492
2026-02-27 23:45:10 [main] DEBUG o.hibernate.type.BasicTypeRegistry - Adding type registration date -> org.hibernate.type.BasicTypeReference@581d5b33
2026-02-27 23:45:10 [main] DEBUG o.hibernate.type.BasicTypeRegistry - Adding type registration java.sql.Date -> org.hibernate.type.BasicTypeReference@581d5b33
2026-02-27 23:45:10 [main] DEBUG o.hibernate.type.BasicTypeRegistry - Adding type registration time -> org.hibernate.type.BasicTypeReference@1f365a26
2026-02-27 23:45:10 [main] DEBUG o.hibernate.type.BasicTypeRegistry - Adding type registration java.sql.Time -> org.hibernate.type.BasicTypeReference@1f365a26
2026-02-27 23:45:10 [main] DEBUG o.hibernate.type.BasicTypeRegistry - Adding type registration timestamp -> org.hibernate.type.BasicTypeReference@44a9971f
2026-02-27 23:45:10 [main] DEBUG o.hibernate.type.BasicTypeRegistry - Adding type registration java.sql.Timestamp -> org.hibernate.type.BasicTypeReference@44a9971f
2026-02-27 23:45:10 [main] DEBUG o.hibernate.type.BasicTypeRegistry - Adding type registration java.util.Date -> org.hibernate.type.BasicTypeReference@44a9971f
2026-02-27 23:45:10 [main] DEBUG o.hibernate.type.BasicTypeRegistry - Adding type registration calendar -> org.hibernate.type.BasicTypeReference@2e2cd42c
2026-02-27 23:45:10 [main] DEBUG o.hibernate.type.BasicTypeRegistry - Adding type registration java.util.Calendar -> org.hibernate.type.BasicTypeReference@2e2cd42c
2026-02-27 23:45:10 [main] DEBUG o.hibernate.type.BasicTypeRegistry - Adding type registration java.util.GregorianCalendar -> org.hibernate.type.BasicTypeReference@2e2cd42c
2026-02-27 23:45:10 [main] DEBUG o.hibernate.type.BasicTypeRegistry - Adding type registration calendar_date -> org.hibernate.type.BasicTypeReference@1cdad619
2026-02-27 23:45:10 [main] DEBUG o.hibernate.type.BasicTypeRegistry - Adding type registration calendar_time -> org.hibernate.type.BasicTypeReference@319058ce
2026-02-27 23:45:10 [main] DEBUG o.hibernate.type.BasicTypeRegistry - Adding type registration instant -> org.hibernate.type.BasicTypeReference@3909308c
2026-02-27 23:45:10 [main] DEBUG o.hibernate.type.BasicTypeRegistry - Adding type registration java.time.Instant -> org.hibernate.type.BasicTypeReference@3909308c
2026-02-27 23:45:10 [main] DEBUG o.hibernate.type.BasicTypeRegistry - Adding type registration uuid -> org.hibernate.type.BasicTypeReference@71cc0e35
2026-02-27 23:45:10 [main] DEBUG o.hibernate.type.BasicTypeRegistry - Adding type registration java.util.UUID -> org.hibernate.type.BasicTypeReference@71cc0e35
2026-02-27 23:45:10 [main] DEBUG o.hibernate.type.BasicTypeRegistry - Adding type registration pg-uuid -> org.hibernate.type.BasicTypeReference@71cc0e35
2026-02-27 23:45:10 [main] DEBUG o.hibernate.type.BasicTypeRegistry - Adding type registration uuid-binary -> org.hibernate.type.BasicTypeReference@3b6c740b
2026-02-27 23:45:10 [main] DEBUG o.hibernate.type.BasicTypeRegistry - Adding type registration uuid-char -> org.hibernate.type.BasicTypeReference@8091d80
2026-02-27 23:45:10 [main] DEBUG o.hibernate.type.BasicTypeRegistry - Adding type registration class -> org.hibernate.type.BasicTypeReference@78f4d15d
2026-02-27 23:45:10 [main] DEBUG o.hibernate.type.BasicTypeRegistry - Adding type registration java.lang.Class -> org.hibernate.type.BasicTypeReference@78f4d15d
2026-02-27 23:45:10 [main] DEBUG o.hibernate.type.BasicTypeRegistry - Adding type registration currency -> org.hibernate.type.BasicTypeReference@6958d5d0
2026-02-27 23:45:10 [main] DEBUG o.hibernate.type.BasicTypeRegistry - Adding type registration Currency -> org.hibernate.type.BasicTypeReference@6958d5d0
2026-02-27 23:45:10 [main] DEBUG o.hibernate.type.BasicTypeRegistry - Adding type registration java.util.Currency -> org.hibernate.type.BasicTypeReference@6958d5d0
2026-02-27 23:45:10 [main] DEBUG o.hibernate.type.BasicTypeRegistry - Adding type registration locale -> org.hibernate.type.BasicTypeReference@314c28dc
2026-02-27 23:45:10 [main] DEBUG o.hibernate.type.BasicTypeRegistry - Adding type registration java.util.Locale -> org.hibernate.type.BasicTypeReference@314c28dc
2026-02-27 23:45:10 [main] DEBUG o.hibernate.type.BasicTypeRegistry - Adding type registration serializable -> org.hibernate.type.BasicTypeReference@7169d668
2026-02-27 23:45:10 [main] DEBUG o.hibernate.type.BasicTypeRegistry - Adding type registration java.io.Serializable -> org.hibernate.type.BasicTypeReference@7169d668
2026-02-27 23:45:10 [main] DEBUG o.hibernate.type.BasicTypeRegistry - Adding type registration timezone -> org.hibernate.type.BasicTypeReference@2f498f21
2026-02-27 23:45:10 [main] DEBUG o.hibernate.type.BasicTypeRegistry - Adding type registration java.util.TimeZone -> org.hibernate.type.BasicTypeReference@2f498f21
2026-02-27 23:45:10 [main] DEBUG o.hibernate.type.BasicTypeRegistry - Adding type registration ZoneOffset -> org.hibernate.type.BasicTypeReference@90394d
2026-02-27 23:45:10 [main] DEBUG o.hibernate.type.BasicTypeRegistry - Adding type registration java.time.ZoneOffset -> org.hibernate.type.BasicTypeReference@90394d
2026-02-27 23:45:10 [main] DEBUG o.hibernate.type.BasicTypeRegistry - Adding type registration url -> org.hibernate.type.BasicTypeReference@50caeb4b
2026-02-27 23:45:10 [main] DEBUG o.hibernate.type.BasicTypeRegistry - Adding type registration java.net.URL -> org.hibernate.type.BasicTypeReference@50caeb4b
2026-02-27 23:45:10 [main] DEBUG o.hibernate.type.BasicTypeRegistry - Adding type registration vector -> org.hibernate.type.BasicTypeReference@6fafbdac
2026-02-27 23:45:10 [main] DEBUG o.hibernate.type.BasicTypeRegistry - Adding type registration float_vector -> org.hibernate.type.BasicTypeReference@c7c07ff
2026-02-27 23:45:10 [main] DEBUG o.hibernate.type.BasicTypeRegistry - Adding type registration double_vector -> org.hibernate.type.BasicTypeReference@d271d6c
2026-02-27 23:45:10 [main] DEBUG o.hibernate.type.BasicTypeRegistry - Adding type registration byte_vector -> org.hibernate.type.BasicTypeReference@a302f30
2026-02-27 23:45:10 [main] DEBUG o.hibernate.type.BasicTypeRegistry - Adding type registration row_version -> org.hibernate.type.BasicTypeReference@1860b107
2026-02-27 23:45:10 [main] DEBUG o.hibernate.type.BasicTypeRegistry - Adding type registration object -> org.hibernate.type.JavaObjectType@50008974
2026-02-27 23:45:10 [main] DEBUG o.hibernate.type.BasicTypeRegistry - Adding type registration java.lang.Object -> org.hibernate.type.JavaObjectType@50008974
2026-02-27 23:45:10 [main] DEBUG o.hibernate.type.BasicTypeRegistry - Adding type registration null -> org.hibernate.type.NullType@38874eb5
2026-02-27 23:45:10 [main] DEBUG o.hibernate.type.BasicTypeRegistry - Adding type registration imm_date -> org.hibernate.type.BasicTypeReference@76b019c4
2026-02-27 23:45:10 [main] DEBUG o.hibernate.type.BasicTypeRegistry - Adding type registration imm_time -> org.hibernate.type.BasicTypeReference@221961af
2026-02-27 23:45:10 [main] DEBUG o.hibernate.type.BasicTypeRegistry - Adding type registration imm_timestamp -> org.hibernate.type.BasicTypeReference@32ddcca
2026-02-27 23:45:10 [main] DEBUG o.hibernate.type.BasicTypeRegistry - Adding type registration imm_calendar -> org.hibernate.type.BasicTypeReference@1ddc8fc
2026-02-27 23:45:10 [main] DEBUG o.hibernate.type.BasicTypeRegistry - Adding type registration imm_calendar_date -> org.hibernate.type.BasicTypeReference@77d58f3a
2026-02-27 23:45:10 [main] DEBUG o.hibernate.type.BasicTypeRegistry - Adding type registration imm_calendar_time -> org.hibernate.type.BasicTypeReference@1e288c76
2026-02-27 23:45:10 [main] DEBUG o.hibernate.type.BasicTypeRegistry - Adding type registration imm_binary -> org.hibernate.type.BasicTypeReference@738ed8f5
2026-02-27 23:45:10 [main] DEBUG o.hibernate.type.BasicTypeRegistry - Adding type registration imm_serializable -> org.hibernate.type.BasicTypeReference@1cfb7450
2026-02-27 23:45:10 [main] INFO  o.s.o.j.p.SpringPersistenceUnitInfo - No LoadTimeWeaver setup: ignoring JPA class transformer
2026-02-27 23:45:10 [main] INFO  com.zaxxer.hikari.HikariDataSource - HikariPool-1 - Starting...
2026-02-27 23:45:10 [main] INFO  com.zaxxer.hikari.pool.HikariPool - HikariPool-1 - Added connection org.postgresql.jdbc.PgConnection@51a5a8ba
2026-02-27 23:45:10 [main] INFO  com.zaxxer.hikari.HikariDataSource - HikariPool-1 - Start completed.
2026-02-27 23:45:10 [main] INFO  o.hibernate.orm.connections.pooling - HHH10001005: Database info:
	Database JDBC URL [Connecting through datasource 'HikariDataSource (HikariPool-1)']
	Database driver: undefined/unknown
	Database version: 16.12
	Autocommit mode: undefined/unknown
	Isolation level: undefined/unknown
	Minimum pool size: undefined/unknown
	Maximum pool size: undefined/unknown
2026-02-27 23:45:10 [main] DEBUG o.h.t.d.sql.spi.DdlTypeRegistry - addDescriptor(2003, org.hibernate.type.descriptor.sql.internal.ArrayDdlTypeImpl@8eeb4c5) replaced previous registration(org.hibernate.type.descriptor.sql.internal.ArrayDdlTypeImpl@2dc77962)
2026-02-27 23:45:10 [main] DEBUG o.h.t.d.sql.spi.DdlTypeRegistry - addDescriptor(6, org.hibernate.type.descriptor.sql.internal.CapacityDependentDdlType@32bae609) replaced previous registration(org.hibernate.type.descriptor.sql.internal.DdlTypeImpl@106b476a)
2026-02-27 23:45:10 [main] DEBUG o.h.t.d.jdbc.spi.JdbcTypeRegistry - addDescriptor(2004, BlobTypeDescriptor(BLOB_BINDING)) replaced previous registration(BlobTypeDescriptor(DEFAULT))
2026-02-27 23:45:10 [main] DEBUG o.h.t.d.jdbc.spi.JdbcTypeRegistry - addDescriptor(2005, ClobTypeDescriptor(CLOB_BINDING)) replaced previous registration(ClobTypeDescriptor(DEFAULT))
2026-02-27 23:45:11 [main] DEBUG o.hibernate.type.BasicTypeRegistry - Adding type registration JAVA_OBJECT -> org.hibernate.type.JavaObjectType@6ce8bf64
2026-02-27 23:45:11 [main] DEBUG o.hibernate.type.BasicTypeRegistry - Adding type registration java.lang.Object -> org.hibernate.type.JavaObjectType@6ce8bf64
2026-02-27 23:45:11 [main] DEBUG o.hibernate.type.BasicTypeRegistry - Type registration key [java.lang.Object] overrode previous entry : `org.hibernate.type.JavaObjectType@50008974`
2026-02-27 23:45:11 [main] DEBUG o.hibernate.type.BasicTypeRegistry - Adding type registration org.hibernate.type.DurationType -> basicType@1(java.time.Duration,3015)
2026-02-27 23:45:11 [main] DEBUG o.hibernate.type.BasicTypeRegistry - Adding type registration Duration -> basicType@1(java.time.Duration,3015)
2026-02-27 23:45:11 [main] DEBUG o.hibernate.type.BasicTypeRegistry - Adding type registration java.time.Duration -> basicType@1(java.time.Duration,3015)
2026-02-27 23:45:11 [main] DEBUG o.hibernate.type.BasicTypeRegistry - Adding type registration org.hibernate.type.OffsetDateTimeType -> basicType@2(java.time.OffsetDateTime,3003)
2026-02-27 23:45:11 [main] DEBUG o.hibernate.type.BasicTypeRegistry - Adding type registration OffsetDateTime -> basicType@2(java.time.OffsetDateTime,3003)
2026-02-27 23:45:11 [main] DEBUG o.hibernate.type.BasicTypeRegistry - Adding type registration java.time.OffsetDateTime -> basicType@2(java.time.OffsetDateTime,3003)
2026-02-27 23:45:11 [main] DEBUG o.hibernate.type.BasicTypeRegistry - Adding type registration org.hibernate.type.ZonedDateTimeType -> basicType@3(java.time.ZonedDateTime,3003)
2026-02-27 23:45:11 [main] DEBUG o.hibernate.type.BasicTypeRegistry - Adding type registration ZonedDateTime -> basicType@3(java.time.ZonedDateTime,3003)
2026-02-27 23:45:11 [main] DEBUG o.hibernate.type.BasicTypeRegistry - Adding type registration java.time.ZonedDateTime -> basicType@3(java.time.ZonedDateTime,3003)
2026-02-27 23:45:11 [main] DEBUG o.hibernate.type.BasicTypeRegistry - Adding type registration org.hibernate.type.OffsetTimeType -> basicType@4(java.time.OffsetTime,3007)
2026-02-27 23:45:11 [main] DEBUG o.hibernate.type.BasicTypeRegistry - Adding type registration OffsetTime -> basicType@4(java.time.OffsetTime,3007)
2026-02-27 23:45:11 [main] DEBUG o.hibernate.type.BasicTypeRegistry - Adding type registration java.time.OffsetTime -> basicType@4(java.time.OffsetTime,3007)
2026-02-27 23:45:11 [main] DEBUG o.h.type.spi.TypeConfiguration$Scope - Scoping TypeConfiguration [org.hibernate.type.spi.TypeConfiguration@1690929] to MetadataBuildingContext [org.hibernate.boot.internal.MetadataBuildingContextRootImpl@34d26a68]
2026-02-27 23:45:11 [main] INFO  o.h.e.t.j.p.i.JtaPlatformInitiator - HHH000489: No JTA platform available (set 'hibernate.transaction.jta.platform' to enable JTA platform integration)
2026-02-27 23:45:11 [main] DEBUG o.h.type.spi.TypeConfiguration$Scope - Scoping TypeConfiguration [org.hibernate.type.spi.TypeConfiguration@1690929] to SessionFactoryImplementor [org.hibernate.internal.SessionFactoryImpl@2f341732]
2026-02-27 23:45:11 [main] TRACE o.h.type.spi.TypeConfiguration$Scope - Handling #sessionFactoryCreated from [org.hibernate.internal.SessionFactoryImpl@2f341732] for TypeConfiguration
2026-02-27 23:45:11 [main] INFO  o.s.o.j.LocalContainerEntityManagerFactoryBean - Initialized JPA EntityManagerFactory for persistence unit 'default'
2026-02-27 23:45:12 [main] INFO  c.u.l.member.config.RedisConfig - Redis Streams 리스너 컨테이너 시작 (DB 0) — stream: subscription-events
2026-02-27 23:45:12 [main] DEBUG c.u.l.member.config.RedisConfig - Consumer Group 이미 존재 (정상) — stream: subscription-events, group: member-service-group
2026-02-27 23:45:12 [main] INFO  c.u.l.member.config.RedisConfig - Redis Streams 구독 등록 완료 — stream: subscription-events, group: member-service-group, consumer: member-service-1
2026-02-27 23:45:12 [main] WARN  o.s.b.a.o.j.JpaBaseConfiguration$JpaWebConfiguration - spring.jpa.open-in-view is enabled by default. Therefore, database queries may be performed during view rendering. Explicitly configure spring.jpa.open-in-view to disable this warning
2026-02-27 23:45:12 [main] INFO  o.s.s.c.a.a.c.InitializeUserDetailsBeanManagerConfigurer$InitializeUserDetailsManagerConfigurer - Global AuthenticationManager configured with UserDetailsService bean with name customUserDetailsService
2026-02-27 23:45:12 [main] INFO  o.s.b.a.e.web.EndpointLinksResolver - Exposing 3 endpoints beneath base path '/actuator'
2026-02-27 23:45:14 [main] INFO  o.s.cloud.commons.util.InetUtils - Cannot determine local hostname
2026-02-27 23:45:14 [main] INFO  o.s.b.w.e.tomcat.TomcatWebServer - Tomcat started on port 8081 (http) with context path '/'
2026-02-27 23:45:15 [main] INFO  o.s.cloud.commons.util.InetUtils - Cannot determine local hostname
2026-02-27 23:45:15 [main] INFO  c.u.l.member.MemberApplication - Started MemberApplication in 8.659 seconds (process running for 9.025)
2026-02-27 23:45:16 [http-nio-8081-exec-3] INFO  o.a.c.c.C.[Tomcat].[localhost].[/] - Initializing Spring DispatcherServlet 'dispatcherServlet'
2026-02-27 23:45:16 [http-nio-8081-exec-3] INFO  o.s.web.servlet.DispatcherServlet - Initializing Servlet 'dispatcherServlet'
2026-02-27 23:45:16 [http-nio-8081-exec-3] INFO  o.s.web.servlet.DispatcherServlet - Completed initialization in 1 ms
2026-02-27 23:45:29 [http-nio-8081-exec-1] DEBUG org.hibernate.SQL - 
    /* <criteria> */ select
        me1_0.id,
        me1_0.created_at,
        me1_0.email,
        me1_0.feedback_reminder,
        me1_0.kakao_id,
        me1_0.location_enabled,
        me1_0.member_id,
        me1_0.nickname,
        me1_0.onboarding_completed,
        me1_0.recommendation_alert,
        me1_0.updated_at 
    from
        lunchpick_member.member me1_0 
    where
        me1_0.nickname=?
2026-02-27 23:45:29 [http-nio-8081-exec-4] DEBUG c.u.l.m.c.j.JwtAuthenticationFilter - JWT 인증 완료 — memberId: 4ccc5886-a200-4ca0-8fe1-6c630d5677f5
2026-02-27 23:45:29 [http-nio-8081-exec-4] DEBUG org.hibernate.SQL - 
    /* <criteria> */ select
        me1_0.id,
        me1_0.created_at,
        me1_0.email,
        me1_0.feedback_reminder,
        me1_0.kakao_id,
        me1_0.location_enabled,
        me1_0.member_id,
        me1_0.nickname,
        me1_0.onboarding_completed,
        me1_0.recommendation_alert,
        me1_0.updated_at 
    from
        lunchpick_member.member me1_0 
    where
        me1_0.member_id=?
2026-02-27 23:45:29 [http-nio-8081-exec-4] INFO  c.u.l.m.s.impl.MemberServiceImpl - 프로필 수정 완료 — memberId: 4ccc5886-a200-4ca0-8fe1-6c630d5677f5
2026-02-27 23:45:29 [http-nio-8081-exec-4] DEBUG org.hibernate.SQL - 
    /* update
        for com.unicorn.lunchpick.member.repository.entity.MemberEntity */update lunchpick_member.member 
    set
        email=?,
        feedback_reminder=?,
        kakao_id=?,
        location_enabled=?,
        member_id=?,
        nickname=?,
        onboarding_completed=?,
        recommendation_alert=?,
        updated_at=? 
    where
        id=?
2026-02-27 23:45:29 [http-nio-8081-exec-4] DEBUG org.hibernate.SQL - 
    /* <criteria> */ select
        me1_0.id,
        me1_0.created_at,
        me1_0.email,
        me1_0.feedback_reminder,
        me1_0.kakao_id,
        me1_0.location_enabled,
        me1_0.member_id,
        me1_0.nickname,
        me1_0.onboarding_completed,
        me1_0.recommendation_alert,
        me1_0.updated_at 
    from
        lunchpick_member.member me1_0 
    where
        me1_0.member_id=?
2026-02-27 23:45:29 [http-nio-8081-exec-4] DEBUG org.hibernate.SQL - 
    /* <criteria> */ select
        dre1_0.id,
        dre1_0.allergens,
        dre1_0.custom_allergens,
        dre1_0.diet_type,
        dre1_0.health_info_consent_given,
        dre1_0.member_id,
        dre1_0.updated_at 
    from
        lunchpick_member.dietary_restriction dre1_0 
    where
        dre1_0.member_id=?
2026-02-27 23:45:39 [http-nio-8081-exec-6] DEBUG c.u.l.m.c.j.JwtAuthenticationFilter - JWT 인증 완료 — memberId: 9e9447a9-3e25-4fcb-b374-8eb5a849bf87
2026-02-27 23:45:39 [http-nio-8081-exec-6] DEBUG org.hibernate.SQL - 
    /* <criteria> */ select
        me1_0.id,
        me1_0.created_at,
        me1_0.email,
        me1_0.feedback_reminder,
        me1_0.kakao_id,
        me1_0.location_enabled,
        me1_0.member_id,
        me1_0.nickname,
        me1_0.onboarding_completed,
        me1_0.recommendation_alert,
        me1_0.updated_at 
    from
        lunchpick_member.member me1_0 
    where
        me1_0.member_id=?
2026-02-27 23:45:39 [http-nio-8081-exec-6] INFO  c.u.l.m.s.impl.MemberServiceImpl - 프로필 수정 완료 — memberId: 9e9447a9-3e25-4fcb-b374-8eb5a849bf87
2026-02-27 23:45:39 [http-nio-8081-exec-6] DEBUG org.hibernate.SQL - 
    /* update
        for com.unicorn.lunchpick.member.repository.entity.MemberEntity */update lunchpick_member.member 
    set
        email=?,
        feedback_reminder=?,
        kakao_id=?,
        location_enabled=?,
        member_id=?,
        nickname=?,
        onboarding_completed=?,
        recommendation_alert=?,
        updated_at=? 
    where
        id=?
2026-02-27 23:45:39 [http-nio-8081-exec-6] DEBUG org.hibernate.SQL - 
    /* <criteria> */ select
        me1_0.id,
        me1_0.created_at,
        me1_0.email,
        me1_0.feedback_reminder,
        me1_0.kakao_id,
        me1_0.location_enabled,
        me1_0.member_id,
        me1_0.nickname,
        me1_0.onboarding_completed,
        me1_0.recommendation_alert,
        me1_0.updated_at 
    from
        lunchpick_member.member me1_0 
    where
        me1_0.member_id=?
2026-02-27 23:45:39 [http-nio-8081-exec-6] DEBUG org.hibernate.SQL - 
    /* <criteria> */ select
        dre1_0.id,
        dre1_0.allergens,
        dre1_0.custom_allergens,
        dre1_0.diet_type,
        dre1_0.health_info_consent_given,
        dre1_0.member_id,
        dre1_0.updated_at 
    from
        lunchpick_member.dietary_restriction dre1_0 
    where
        dre1_0.member_id=?
2026-02-27 23:45:39 [http-nio-8081-exec-7] DEBUG c.u.l.m.c.j.JwtAuthenticationFilter - JWT 인증 완료 — memberId: 9e9447a9-3e25-4fcb-b374-8eb5a849bf87
2026-02-27 23:45:39 [http-nio-8081-exec-7] DEBUG org.hibernate.SQL - 
    /* <criteria> */ select
        me1_0.id,
        me1_0.created_at,
        me1_0.email,
        me1_0.feedback_reminder,
        me1_0.kakao_id,
        me1_0.location_enabled,
        me1_0.member_id,
        me1_0.nickname,
        me1_0.onboarding_completed,
        me1_0.recommendation_alert,
        me1_0.updated_at 
    from
        lunchpick_member.member me1_0 
    where
        me1_0.member_id=?
2026-02-27 23:45:39 [http-nio-8081-exec-7] DEBUG org.hibernate.SQL - 
    /* <criteria> */ select
        dre1_0.id,
        dre1_0.allergens,
        dre1_0.custom_allergens,
        dre1_0.diet_type,
        dre1_0.health_info_consent_given,
        dre1_0.member_id,
        dre1_0.updated_at 
    from
        lunchpick_member.dietary_restriction dre1_0 
    where
        dre1_0.member_id=?
2026-02-27 23:45:56 [http-nio-8081-exec-9] DEBUG c.u.l.m.c.j.JwtAuthenticationFilter - JWT 인증 완료 — memberId: 9e9447a9-3e25-4fcb-b374-8eb5a849bf87
2026-02-27 23:45:56 [http-nio-8081-exec-9] DEBUG org.hibernate.SQL - 
    /* <criteria> */ select
        me1_0.id,
        me1_0.created_at,
        me1_0.email,
        me1_0.feedback_reminder,
        me1_0.kakao_id,
        me1_0.location_enabled,
        me1_0.member_id,
        me1_0.nickname,
        me1_0.onboarding_completed,
        me1_0.recommendation_alert,
        me1_0.updated_at 
    from
        lunchpick_member.member me1_0 
    where
        me1_0.member_id=?
2026-02-27 23:51:47 [http-nio-8081-exec-3] DEBUG org.hibernate.SQL - 
    /* <criteria> */ select
        me1_0.id,
        me1_0.created_at,
        me1_0.email,
        me1_0.feedback_reminder,
        me1_0.kakao_id,
        me1_0.location_enabled,
        me1_0.member_id,
        me1_0.nickname,
        me1_0.onboarding_completed,
        me1_0.recommendation_alert,
        me1_0.updated_at 
    from
        lunchpick_member.member me1_0 
    where
        me1_0.nickname=?
2026-02-27 23:51:54 [http-nio-8081-exec-2] DEBUG c.u.l.m.c.j.JwtAuthenticationFilter - JWT 인증 완료 — memberId: 9e9447a9-3e25-4fcb-b374-8eb5a849bf87
2026-02-27 23:51:54 [http-nio-8081-exec-2] DEBUG org.hibernate.SQL - 
    /* <criteria> */ select
        me1_0.id,
        me1_0.created_at,
        me1_0.email,
        me1_0.feedback_reminder,
        me1_0.kakao_id,
        me1_0.location_enabled,
        me1_0.member_id,
        me1_0.nickname,
        me1_0.onboarding_completed,
        me1_0.recommendation_alert,
        me1_0.updated_at 
    from
        lunchpick_member.member me1_0 
    where
        me1_0.member_id=?
2026-02-27 23:52:15 [SimpleAsyncTaskExecutor-1] INFO  c.u.l.m.s.impl.MemberServiceImpl - 구독 캐시 갱신 완료 — memberId: 9e9447a9-3e25-4fcb-b374-8eb5a849bf87, plan: PREMIUM_MONTHLY
2026-02-27 23:52:15 [SimpleAsyncTaskExecutor-1] INFO  c.u.l.m.m.SubscriptionEventConsumer - 구독 이벤트 처리 완료 — memberId: 9e9447a9-3e25-4fcb-b374-8eb5a849bf87, plan: PREMIUM_MONTHLY
2026-02-27 23:52:15 [http-nio-8081-exec-4] DEBUG c.u.l.m.c.j.JwtAuthenticationFilter - JWT 인증 완료 — memberId: 9e9447a9-3e25-4fcb-b374-8eb5a849bf87
2026-02-27 23:52:15 [http-nio-8081-exec-4] DEBUG org.hibernate.SQL - 
    /* <criteria> */ select
        me1_0.id,
        me1_0.created_at,
        me1_0.email,
        me1_0.feedback_reminder,
        me1_0.kakao_id,
        me1_0.location_enabled,
        me1_0.member_id,
        me1_0.nickname,
        me1_0.onboarding_completed,
        me1_0.recommendation_alert,
        me1_0.updated_at 
    from
        lunchpick_member.member me1_0 
    where
        me1_0.member_id=?
2026-02-27 23:52:45 [http-nio-8081-exec-5] DEBUG c.u.l.m.c.j.JwtAuthenticationFilter - JWT 인증 완료 — memberId: 9e9447a9-3e25-4fcb-b374-8eb5a849bf87
2026-02-27 23:52:45 [http-nio-8081-exec-5] DEBUG org.hibernate.SQL - 
    /* <criteria> */ select
        me1_0.id,
        me1_0.created_at,
        me1_0.email,
        me1_0.feedback_reminder,
        me1_0.kakao_id,
        me1_0.location_enabled,
        me1_0.member_id,
        me1_0.nickname,
        me1_0.onboarding_completed,
        me1_0.recommendation_alert,
        me1_0.updated_at 
    from
        lunchpick_member.member me1_0 
    where
        me1_0.member_id=?
2026-02-27 23:53:21 [http-nio-8081-exec-6] DEBUG c.u.l.m.c.j.JwtAuthenticationFilter - JWT 인증 완료 — memberId: 9e9447a9-3e25-4fcb-b374-8eb5a849bf87
2026-02-27 23:53:21 [http-nio-8081-exec-6] DEBUG org.hibernate.SQL - 
    /* <criteria> */ select
        me1_0.id,
        me1_0.created_at,
        me1_0.email,
        me1_0.feedback_reminder,
        me1_0.kakao_id,
        me1_0.location_enabled,
        me1_0.member_id,
        me1_0.nickname,
        me1_0.onboarding_completed,
        me1_0.recommendation_alert,
        me1_0.updated_at 
    from
        lunchpick_member.member me1_0 
    where
        me1_0.member_id=?
2026-02-27 23:53:22 [http-nio-8081-exec-7] DEBUG c.u.l.m.c.j.JwtAuthenticationFilter - JWT 인증 완료 — memberId: 9e9447a9-3e25-4fcb-b374-8eb5a849bf87
2026-02-27 23:53:22 [http-nio-8081-exec-7] DEBUG org.hibernate.SQL - 
    /* <criteria> */ select
        me1_0.id,
        me1_0.created_at,
        me1_0.email,
        me1_0.feedback_reminder,
        me1_0.kakao_id,
        me1_0.location_enabled,
        me1_0.member_id,
        me1_0.nickname,
        me1_0.onboarding_completed,
        me1_0.recommendation_alert,
        me1_0.updated_at 
    from
        lunchpick_member.member me1_0 
    where
        me1_0.member_id=?
2026-02-27 23:53:23 [http-nio-8081-exec-8] DEBUG c.u.l.m.c.j.JwtAuthenticationFilter - JWT 인증 완료 — memberId: 9e9447a9-3e25-4fcb-b374-8eb5a849bf87
2026-02-27 23:53:23 [http-nio-8081-exec-8] DEBUG org.hibernate.SQL - 
    /* <criteria> */ select
        me1_0.id,
        me1_0.created_at,
        me1_0.email,
        me1_0.feedback_reminder,
        me1_0.kakao_id,
        me1_0.location_enabled,
        me1_0.member_id,
        me1_0.nickname,
        me1_0.onboarding_completed,
        me1_0.recommendation_alert,
        me1_0.updated_at 
    from
        lunchpick_member.member me1_0 
    where
        me1_0.member_id=?
2026-02-27 23:53:23 [http-nio-8081-exec-9] DEBUG c.u.l.m.c.j.JwtAuthenticationFilter - JWT 인증 완료 — memberId: 9e9447a9-3e25-4fcb-b374-8eb5a849bf87
2026-02-27 23:53:23 [http-nio-8081-exec-9] DEBUG org.hibernate.SQL - 
    /* <criteria> */ select
        me1_0.id,
        me1_0.created_at,
        me1_0.email,
        me1_0.feedback_reminder,
        me1_0.kakao_id,
        me1_0.location_enabled,
        me1_0.member_id,
        me1_0.nickname,
        me1_0.onboarding_completed,
        me1_0.recommendation_alert,
        me1_0.updated_at 
    from
        lunchpick_member.member me1_0 
    where
        me1_0.member_id=?
2026-02-27 23:53:23 [http-nio-8081-exec-10] DEBUG c.u.l.m.c.j.JwtAuthenticationFilter - JWT 인증 완료 — memberId: 9e9447a9-3e25-4fcb-b374-8eb5a849bf87
2026-02-27 23:53:23 [http-nio-8081-exec-10] DEBUG org.hibernate.SQL - 
    /* <criteria> */ select
        me1_0.id,
        me1_0.created_at,
        me1_0.email,
        me1_0.feedback_reminder,
        me1_0.kakao_id,
        me1_0.location_enabled,
        me1_0.member_id,
        me1_0.nickname,
        me1_0.onboarding_completed,
        me1_0.recommendation_alert,
        me1_0.updated_at 
    from
        lunchpick_member.member me1_0 
    where
        me1_0.member_id=?
2026-02-27 23:53:24 [http-nio-8081-exec-3] DEBUG c.u.l.m.c.j.JwtAuthenticationFilter - JWT 인증 완료 — memberId: 9e9447a9-3e25-4fcb-b374-8eb5a849bf87
2026-02-27 23:53:24 [http-nio-8081-exec-3] DEBUG org.hibernate.SQL - 
    /* <criteria> */ select
        me1_0.id,
        me1_0.created_at,
        me1_0.email,
        me1_0.feedback_reminder,
        me1_0.kakao_id,
        me1_0.location_enabled,
        me1_0.member_id,
        me1_0.nickname,
        me1_0.onboarding_completed,
        me1_0.recommendation_alert,
        me1_0.updated_at 
    from
        lunchpick_member.member me1_0 
    where
        me1_0.member_id=?
2026-02-27 23:54:19 [http-nio-8081-exec-1] DEBUG c.u.l.m.c.j.JwtAuthenticationFilter - JWT 인증 완료 — memberId: 9e9447a9-3e25-4fcb-b374-8eb5a849bf87
2026-02-27 23:54:19 [http-nio-8081-exec-1] DEBUG org.hibernate.SQL - 
    /* <criteria> */ select
        me1_0.id,
        me1_0.created_at,
        me1_0.email,
        me1_0.feedback_reminder,
        me1_0.kakao_id,
        me1_0.location_enabled,
        me1_0.member_id,
        me1_0.nickname,
        me1_0.onboarding_completed,
        me1_0.recommendation_alert,
        me1_0.updated_at 
    from
        lunchpick_member.member me1_0 
    where
        me1_0.member_id=?
2026-02-27 23:56:53 [http-nio-8081-exec-5] DEBUG c.u.l.m.c.j.JwtAuthenticationFilter - JWT 인증 완료 — memberId: 9e9447a9-3e25-4fcb-b374-8eb5a849bf87
2026-02-27 23:56:53 [http-nio-8081-exec-5] DEBUG org.hibernate.SQL - 
    /* <criteria> */ select
        me1_0.id,
        me1_0.created_at,
        me1_0.email,
        me1_0.feedback_reminder,
        me1_0.kakao_id,
        me1_0.location_enabled,
        me1_0.member_id,
        me1_0.nickname,
        me1_0.onboarding_completed,
        me1_0.recommendation_alert,
        me1_0.updated_at 
    from
        lunchpick_member.member me1_0 
    where
        me1_0.member_id=?
2026-02-27 23:57:07 [http-nio-8081-exec-7] DEBUG c.u.l.m.c.j.JwtAuthenticationFilter - JWT 인증 완료 — memberId: 9e9447a9-3e25-4fcb-b374-8eb5a849bf87
2026-02-27 23:57:07 [http-nio-8081-exec-7] DEBUG org.hibernate.SQL - 
    /* <criteria> */ select
        me1_0.id,
        me1_0.created_at,
        me1_0.email,
        me1_0.feedback_reminder,
        me1_0.kakao_id,
        me1_0.location_enabled,
        me1_0.member_id,
        me1_0.nickname,
        me1_0.onboarding_completed,
        me1_0.recommendation_alert,
        me1_0.updated_at 
    from
        lunchpick_member.member me1_0 
    where
        me1_0.member_id=?
2026-02-27 23:57:07 [http-nio-8081-exec-7] DEBUG org.hibernate.SQL - 
    /* <criteria> */ select
        dre1_0.id,
        dre1_0.allergens,
        dre1_0.custom_allergens,
        dre1_0.diet_type,
        dre1_0.health_info_consent_given,
        dre1_0.member_id,
        dre1_0.updated_at 
    from
        lunchpick_member.dietary_restriction dre1_0 
    where
        dre1_0.member_id=?
2026-02-27 23:57:11 [http-nio-8081-exec-9] DEBUG org.hibernate.SQL - 
    /* <criteria> */ select
        me1_0.id,
        me1_0.created_at,
        me1_0.email,
        me1_0.feedback_reminder,
        me1_0.kakao_id,
        me1_0.location_enabled,
        me1_0.member_id,
        me1_0.nickname,
        me1_0.onboarding_completed,
        me1_0.recommendation_alert,
        me1_0.updated_at 
    from
        lunchpick_member.member me1_0 
    where
        me1_0.kakao_id=?
2026-02-27 23:57:11 [http-nio-8081-exec-9] INFO  c.u.l.m.service.impl.AuthServiceImpl - 기존 회원 로그인 — memberId: 9e9447a9-3e25-4fcb-b374-8eb5a849bf87
2026-02-27 23:57:13 [http-nio-8081-exec-10] DEBUG c.u.l.m.c.j.JwtAuthenticationFilter - JWT 인증 완료 — memberId: 9e9447a9-3e25-4fcb-b374-8eb5a849bf87
2026-02-27 23:57:13 [http-nio-8081-exec-10] DEBUG org.hibernate.SQL - 
    /* <criteria> */ select
        me1_0.id,
        me1_0.created_at,
        me1_0.email,
        me1_0.feedback_reminder,
        me1_0.kakao_id,
        me1_0.location_enabled,
        me1_0.member_id,
        me1_0.nickname,
        me1_0.onboarding_completed,
        me1_0.recommendation_alert,
        me1_0.updated_at 
    from
        lunchpick_member.member me1_0 
    where
        me1_0.member_id=?
2026-02-27 23:57:13 [http-nio-8081-exec-10] DEBUG org.hibernate.SQL - 
    /* <criteria> */ select
        dre1_0.id,
        dre1_0.allergens,
        dre1_0.custom_allergens,
        dre1_0.diet_type,
        dre1_0.health_info_consent_given,
        dre1_0.member_id,
        dre1_0.updated_at 
    from
        lunchpick_member.dietary_restriction dre1_0 
    where
        dre1_0.member_id=?
2026-02-27 23:57:22 [http-nio-8081-exec-3] DEBUG c.u.l.m.c.j.JwtAuthenticationFilter - JWT 인증 완료 — memberId: 9e9447a9-3e25-4fcb-b374-8eb5a849bf87
2026-02-27 23:57:22 [http-nio-8081-exec-3] DEBUG org.hibernate.SQL - 
    /* <criteria> */ select
        me1_0.id,
        me1_0.created_at,
        me1_0.email,
        me1_0.feedback_reminder,
        me1_0.kakao_id,
        me1_0.location_enabled,
        me1_0.member_id,
        me1_0.nickname,
        me1_0.onboarding_completed,
        me1_0.recommendation_alert,
        me1_0.updated_at 
    from
        lunchpick_member.member me1_0 
    where
        me1_0.member_id=?
2026-02-27 23:57:22 [http-nio-8081-exec-3] DEBUG org.hibernate.SQL - 
    /* <criteria> */ select
        dre1_0.id,
        dre1_0.allergens,
        dre1_0.custom_allergens,
        dre1_0.diet_type,
        dre1_0.health_info_consent_given,
        dre1_0.member_id,
        dre1_0.updated_at 
    from
        lunchpick_member.dietary_restriction dre1_0 
    where
        dre1_0.member_id=?
2026-02-27 23:57:25 [http-nio-8081-exec-1] DEBUG c.u.l.m.c.j.JwtAuthenticationFilter - JWT 인증 완료 — memberId: 9e9447a9-3e25-4fcb-b374-8eb5a849bf87
2026-02-27 23:57:25 [http-nio-8081-exec-1] DEBUG org.hibernate.SQL - 
    /* <criteria> */ select
        me1_0.id,
        me1_0.created_at,
        me1_0.email,
        me1_0.feedback_reminder,
        me1_0.kakao_id,
        me1_0.location_enabled,
        me1_0.member_id,
        me1_0.nickname,
        me1_0.onboarding_completed,
        me1_0.recommendation_alert,
        me1_0.updated_at 
    from
        lunchpick_member.member me1_0 
    where
        me1_0.member_id=?
